iteration,latency_ns
0,5829503
1,2347043
2,2037970
3,982421
4,925172
5,908212
6,1870926
7,1024991
8,1659156
9,1644790
10,901871
11,898145
12,890115
13,890537
14,1601270
15,889368
16,1007188
17,1672044
18,1416609
19,888253
20,882392
21,878930
22,876324
23,1444441
24,883498
25,1042483
26,947605
27,1651031
28,907216
29,872548
30,879487
31,1554641
32,998799
33,1425395
34,1640387
35,887282
36,883556
37,912796
38,1462904
39,1585537
40,1631357
41,883985
42,964086
43,877666
44,1392751
45,891789
46,874572
47,1366832
48,1048221
49,16277095
50,1087594
51,953982
52,1910988
53,1026449
54,1470344
55,1076202
56,1029724
57,903238
58,1550067
59,929294
60,1421521
61,958985
62,1391441
63,898843
64,892131
65,1000030
66,924919
67,5768818
68,1234534
69,2131019
70,1061266
71,1539721
72,916522
73,893188
74,884490
75,893428
76,1534764
77,908827
78,967043
79,1677252
80,879747
81,896414
82,886150
83,890570
84,1434131
85,877286
86,1647037
87,1555735
88,4411168
89,991421
90,1700626
91,892197
92,881507
93,2042662
94,1729784
95,889339
96,886323
97,1492182
98,885077
99,881516
100,1468655
101,2743614
102,924164
103,899582
104,892775
105,1584339
106,879702
107,1494412
108,1309041
109,1588635
110,884386
111,864559
112,1275720
113,3699282
114,1058229
115,1021810
116,881362
117,1635732
118,889463
119,871442
120,1493607
121,1467432
122,966741
123,877951
124,13861567
125,1468679
126,1892706
127,1943582
128,944680
129,894816
130,975932
131,1634612
132,901677
133,894622
134,2056012
135,874225
136,872345
137,871363
138,1679862
139,928410
140,1949436
141,1685558
142,899145
143,880004
144,865381
145,867195
146,1318884
147,1000650
148,873672
149,1585698
150,1557408
151,903065
152,886683
153,895754
154,1642977
155,908162
156,2385470
157,1038865
158,898071
159,877331
160,878587
161,1500237
162,900252
163,891140
164,1667396
165,1614583
166,892322
167,880000
168,884981
169,883713
170,1632382
171,1493495
172,1195728
173,968162
174,956869
175,953003
176,1478118
177,946461
178,1549478
179,1016775
180,1633406
181,1056833
182,938934
183,938704
184,1540444
185,945039
186,1624888
187,1523867
188,1379633
189,1045201
190,933090
191,1427642
192,943461
193,1479444
194,1363106
195,1021657
196,953193
197,945750
198,1608321
199,1675732
200,1024367
201,927856
202,1525239
203,1030207
204,1698243
205,1932591
206,1068184
207,949636
208,1546334
209,1032756
210,17237422
211,2928903
212,1105880
213,1013806
214,1663249
215,977307
216,1908344
217,987093
218,1800086
219,960409
220,959963
221,1558858
222,1638590
223,1063442
224,1575024
225,6683646
226,1242337
227,1128717
228,1774940
229,1062253
230,1718496
231,1001005
232,1059538
233,1065986
234,1713253
235,1973426
236,1230692
237,1911567
238,1069758
239,1054908
240,1805997
241,1035697
242,1896750
243,1807257
244,1131889
245,1820913
246,1480166
247,1170147
248,2337051
249,1229937
250,1260470
251,1171200
252,1164492
253,1357939
254,3902572
255,3063667
256,1285381
257,1188363
258,1174369
259,2388105
260,2576281
261,1519977
262,1296377
263,1055048
264,1922363
265,1075074
266,2016065
267,1018816
268,1241808
269,2161618
270,1371445
271,2022273
272,1387018
273,1743225
274,17549126
275,1372854
276,1701287
277,2333148
278,1071864
279,980984
280,965006
281,1605458
282,1099362
283,1888534
284,1717046
285,977307
286,976601
287,964453
288,1542649
289,957415
290,1740801
291,1686587
292,960831
293,965404
294,963991
295,1496528
296,1734154
297,970665
298,1610911
299,1008304
300,951785
301,955176
302,1502417
303,1764659
304,958604
305,1664975
306,1374800
307,950248
308,948497
309,1694484
310,960954
311,923912
312,1655773
313,1557321
314,1083459
315,955998
316,2076591
317,1822537
318,2132159
319,889513
320,871793
321,1595429
322,1668140
323,889235
324,879260
325,1432912
326,1431806
327,939637
328,871391
329,1570175
330,877757
331,877405
332,865080
333,1422702
334,1294250
335,923718
336,883052
337,1529266
338,886340
339,962070
340,878063
341,1373986
342,1536990
343,948674
344,1864845
345,897918
346,869813
347,870784
348,1726934
349,889917
350,1588205
351,1492871
352,953615
353,871123
354,864085
355,1575446
356,1646784
357,15966977
358,1062212
359,2056007
360,1015837
361,902334
362,1614695
363,894218
364,1398993
365,965255
366,1697673
367,890764
368,973309
369,1579440
370,885803
371,886175
372,2170648
373,1036928
374,898831
375,882900
376,1752053
377,1402698
378,945172
379,879211
380,1578287
381,880748
382,871702
383,875266
384,1375676
385,1516838
386,943528
387,869719
388,1779074
389,870954
390,869620
391,889228
392,872734
393,3048949
394,941454
395,1545243
396,1635368
397,945796
398,945792
399,2722338
400,1053405
401,1640453
402,3956719
403,1633992
404,927447
405,915605
406,1453098
407,1319611
408,965292
409,1433760
410,989860
411,914052
412,901326
413,1484975
414,1593955
415,869041
416,1462698
417,883399
418,883874
419,978184
420,1468464
421,1415225
422,1429005
423,960835
424,1527151
425,890864
426,882164
427,893143
428,1648409
429,2137343
430,965887
431,890512
432,13246956
433,1860281
434,1089266
435,1721676
436,1635037
437,896175
438,893589
439,898959
440,1520163
441,1411322
442,1087606
443,895361
444,1460381
445,874209
446,886736
447,884126
448,1450414
449,1582980
450,880904
451,960260
452,1519357
453,866323
454,883461
455,878690
456,1467151
457,1522174
458,1546706
459,890376
460,1010315
461,881012
462,882978
463,877872
464,2441521
465,2305250
466,892292
467,897736
468,1023772
469,3935401
470,912961
471,1802243
472,893841
473,1351561
474,1010555
475,865439
476,878398
477,865146
478,1467382
479,976502
480,1645058
481,1528036
482,1643472
483,942466
484,1918287
485,882457
486,849884
487,860978
488,1736418
489,1112583
490,2167880
491,1241675
492,2208041
493,1076144
494,1508601
495,8255221
496,1310697
497,1959902
498,2149292
499,1009745
500,976485
501,960711
502,953924
503,1728983
504,20298255
505,2414409
506,1144844
507,2437197
508,1299070
509,2016317
510,1962728
511,1248227
512,1800463
513,1743234
514,1363349
515,956271
516,1781417
517,1843833
518,1031075
519,1737141
520,1064549
521,966035
522,1642439
523,916981
524,931681
525,1579956
526,1587453
527,957878
528,1034755
529,1786819
530,940491
531,1576082
532,1627598
533,1017564
534,946944
535,1543545
536,1922363
537,942338
538,1564707
539,994119
540,941718
541,941665
542,1452024
543,1479645
544,1052157
545,893354
546,1554586
547,878220
548,866440
549,876274
550,1438299
551,1358112
552,946465
553,948084
554,875390
555,1584228
556,875691
557,869751
558,1599911
559,1527503
560,864494
561,944032
562,1797125
563,869793
564,869702
565,876675
566,1384440
567,1544174
568,960092
569,1524483
570,958290
571,892264
572,1453938
573,867984
574,1488676
575,1386795
576,953066
577,1501141
578,892028
579,988249
580,881189
581,1713749
582,1479410
583,941264
584,1460414
585,15426273
586,1393540
587,1776240
588,1032500
589,930620
590,1553983
591,976721
592,1095883
593,1667351
594,1585843
595,881297
596,2281214
597,2546640
598,2112997
599,995506
600,971231
601,964370
602,957088
603,1457969
604,1576916
605,1826320
606,988047
607,901165
608,900488
609,891945
610,1413363
611,881978
612,2456049
613,970120
614,887414
615,1009997
616,1374432
617,873135
618,1341871
619,982594
620,1461864
621,863957
622,865824
623,865163
624,958530
625,1309425
626,1276844
627,6286579
628,1832590
629,938208
630,889686
631,1513459
632,1353379
633,1626492
634,1489027
635,882346
636,958481
637,879025
638,1276232
639,862552
640,1542042
641,1529869
642,877666
643,874778
644,870801
645,1486284
646,881817
647,1298116
648,1472649
649,966704
650,886836
651,887171
652,812259
653,1389207
654,813415
655,1420207
656,881433
657,1307195
658,809966
659,807517
660,820032
661,1326935
662,809334
663,1427803
664,797665
665,11948952
666,1170576
667,882615
668,846228
669,1643030
670,1344688
671,877059
672,824237
673,1567139
674,825162
675,801011
676,807297
677,1337046
678,810705
679,1785973
680,886997
681,813952
682,807410
683,803890
684,900041
685,1307393
686,810486
687,812741
688,1767732
689,909112
690,880037
691,870685
692,867922
693,854651
694,1445280
695,883387
696,1300891
697,926894
698,877381
699,859962
700,871607
701,865584
702,1411433
703,858636
704,2189776
705,959810
706,881268
707,871713
708,1448613
709,948505
710,1588982
711,935692
712,1553041
713,1049192
714,948872
715,946808
716,1572893
717,1633649
718,1364122
719,929769
720,1563178
721,886476
722,875225
723,878748
724,1487807
725,1295592
726,950677
727,1370669
728,876687
729,1065557
730,870636
731,1407448
732,881325
733,1503649
734,903573
735,1393379
736,822506
737,812589
738,815270
739,1436763
740,830490
741,1262824
742,803638
743,1335349
744,801808
745,797264
746,806005
747,818330
748,1347092
749,967894
750,1266191
751,814832
752,4938888
753,10009351
754,984664
755,1641221
756,894370
757,1213745
758,833035
759,1487188
760,784468
761,774919
762,1341710
763,780858
764,1218243
765,709937
766,1309517
767,716582
768,706339
769,707066
770,700481
771,1337046
772,1355254
773,1786018
774,1315138
775,724236
776,816633
777,718379
778,723278
779,1302469
780,722824
781,707177
782,1232102
783,862738
784,1784725
785,799594
786,867116
787,773386
788,760119
789,1355337
790,784856
791,6831433
792,991343
793,815509
794,776186
795,775290
796,770895
797,1370818
798,778648
799,867042
800,1472892
801,831953
802,916629
803,812742
804,809681
805,1496226
806,1573868
807,1608321
808,807178
809,819272
810,812569
811,914668
812,1550663
813,807925
814,805208
815,1520283
816,790878
817,838199
818,868066
819,873354
820,1425614
821,971496
822,1440774
823,1649730
824,893020
825,878658
826,869375
827,1478270
828,876357
829,1502513
830,1679528
831,939290
832,869294
833,864460
834,867955
835,1428927
836,858546
837,868661
838,1571828
839,1599717
840,862205
841,863234
842,851656
843,853770
844,1411132
845,965275
846,16069187
847,1549630
848,1077135
849,1918700
850,1020112
851,1692977
852,1667413
853,1477927
854,907794
855,879847
856,875758
857,1599105
858,895688
859,1802577
860,989976
861,886716
862,879562
863,1465523
864,892023
865,871837
866,1471240
867,1751428
868,920723
869,951215
870,867471
871,873560
872,1550695
873,904734
874,880776
875,1535082
876,854275
877,864147
878,861714
879,946196
880,1394647
881,873036
882,1441459
883,1429390
884,863342
885,887951
886,884680
887,876901
888,1749318
889,891400
890,1432958
891,916613
892,1318145
893,876340
894,869620
895,871351
896,864151
897,1588441
898,1497539
899,947514
900,867542
901,1589213
902,886162
903,869248
904,841437
905,1604290
906,898087
907,882515
908,808454
909,1657549
910,813531
911,811407
912,1454644
913,949984
914,864510
915,863085
916,2183551
917,957609
918,867497
919,1607900
920,927352
921,863771
922,864576
923,1448336
924,1491174
925,1975239
926,916410
927,895151
928,874705
929,880620
930,1560713
931,868839
932,862267
933,1671680
934,883813
935,873622
936,885671
937,875047
938,1378067
939,888198
940,17063401
941,1766795
942,953094
943,5633855
944,2770983
945,950149
946,1718681
947,964136
948,953557
949,943494
950,2462203
951,1059716
952,1644219
953,931397
954,950761
955,938244
956,1540567
957,970781
958,946902
959,1730957
960,939066
961,953664
962,947869
963,1560543
964,958559
965,1484124
966,1120539
967,1687992
968,954606
969,932871
970,1562774
971,949109
972,948245
973,1640788
974,927766
975,940004
976,1040224
977,1638354
978,1617632
979,941046
980,1675649
981,862569
982,873461
983,862111
984,1071101
985,1401467
986,863804
987,1431628
988,966853
989,877748
990,868095
991,867153
992,863151
993,1592174
994,893354
995,1723291
996,1541472
997,881887
998,881107
999,874068
1000,1544277
1001,868926
1002,939881
1003,1575334
1004,847848
1005,869719
1006,868662
1007,864258
1008,1447845
1009,807657
1010,815360
1011,1606218
1012,819867
1013,819049
1014,825915
1015,817608
1016,1355758
1017,824816
1018,1314738
1019,869021
1020,857009
1021,1004738
1022,813051
1023,874242
1024,1785795
1025,13750666
1026,1835643
1027,930413
1028,787628
1029,770263
1030,767896
1031,768401
1032,1442508
1033,775406
1034,1453602
1035,912693
1036,826530
1037,818616
1038,919385
1039,830805
1040,1393722
1041,933647
1042,991661
1043,2215567
1044,2172123
1045,912272
1046,1134178
1047,1872058
1048,865254
1049,890223
1050,2128718
1051,946667
1052,913862
1053,1822991
1054,1087060
1055,3281901
1056,944536
1057,897439
1058,883246
1059,1985825
1060,2194877
1061,920227
1062,2010588
1063,883386
1064,876559
1065,2171878
1066,2026714
1067,1127734
1068,933057
1069,1801453
1070,861557
1071,868979
1072,2457399
1073,976069
1074,958497
1075,1914057
1076,1949291
1077,1177500
1078,1966069
1079,1068258
1080,1927948
1081,1162415
1082,1085974
1083,957969
1084,1936164
1085,1008696
1086,2194423
1087,1158358
1088,1022657
1089,1312144
1090,1344188
1091,7970130
1092,2003633
1093,40884484
1094,1240007
1095,2081618
1096,1691337
1097,1030373
1098,998684
1099,1921843
1100,991901
1101,981889
1102,1559093
1103,1932062
1104,998233
1105,1692556
1106,1933573
1107,1075070
1108,1510270
1109,1067292
1110,968113
1111,1424263
1112,909641
1113,977952
1114,1739598
1115,1515168
1116,2333243
1117,984396
1118,887658
1119,885746
1120,1771098
1121,1697488
1122,1004425
1123,894159
1124,893919
1125,1408748
1126,904944
1127,1622348
1128,1027246
1129,952686
1130,1099556
1131,1770627
1132,987176
1133,970806
1134,1838992
1135,2427262
1136,1170936
1137,1131357
1138,1920303
1139,1030674
1140,990480
1141,2296902
1142,981521
1143,978274
1144,983181
1145,2465107
1146,998518
1147,1899340
1148,1007241
1149,972797
1150,972240
1151,1170767
1152,4693041
1153,1967064
1154,1047325
1155,1579729
1156,902652
1157,1229652
1158,2006173
1159,2101234
1160,1007216
1161,1532583
1162,1018167
1163,889880
1164,1485437
1165,15792279
1166,2446532
1167,1129878
1168,1164711
1169,986003
1170,1762395
1171,983082
1172,1705889
1173,1493698
1174,888595
1175,869471
1176,954940
1177,883143
1178,1444173
1179,877211
1180,1583158
1181,990773
1182,875187
1183,867447
1184,872549
1185,1475461
1186,1665294
1187,960013
1188,861239
1189,1454537
1190,1098312
1191,885547
1192,870260
1193,1630205
1194,1523405
1195,893313
1196,1418894
1197,976469
1198,7493013
1199,1061963
1200,942607
1201,1734340
1202,1604178
1203,916187
1204,921888
1205,906997
1206,1681800
1207,924709
1208,1814019
1209,1672700
1210,920591
1211,889529
1212,881978
1213,888851
1214,1635822
1215,1534227
1216,4616895
1217,1183695
1218,1499960
1219,846394
1220,927579
1221,1388637
1222,956481
1223,1443033
1224,825236
1225,818988
1226,820106
1227,816827
1228,813977
1229,1349413
1230,2857754
1231,837669
1232,849148
1233,853217
1234,875399
1235,1501864
1236,890190
1237,1384048
1238,1037350
1239,1360136
1240,12785705
1241,2293528
1242,917485
1243,1470356
1244,922503
1245,907187
1246,1669243
1247,835117
1248,814224
1249,811238
1250,1307757
1251,1482363
1252,984929
1253,886451
1254,1611976
1255,1462933
1256,999030
1257,2153447
1258,1569271
1259,1079717
1260,970207
1261,1729557
1262,1128180
1263,973582
1264,1703270
1265,1806010
1266,1018473
1267,950207
1268,1561786
1269,2255254
1270,961607
1271,954403
1272,1067412
1273,1796158
1274,1003702
1275,1510287
1276,1129647
1277,899463
1278,871140
1279,1695711
1280,1650024
1281,1641275
1282,990356
1283,955139
1284,939881
1285,1796394
1286,939368
1287,1686245
1288,1487246
1289,1018882
1290,940273
1291,934180
1292,1489807
1293,1054942
1294,1454408
1295,1005275
1296,1020228
1297,950979
1298,935299
1299,1531964
1300,1649978
1301,1136909
1302,945304
1303,1642225
1304,944048
1305,946097
1306,1495606
1307,877555
1308,1465560
1309,867815
1310,1380542
1311,939843
1312,873560
1313,870062
1314,873515
1315,974383
1316,1242085
1317,871020
1318,1369768
1319,1442660
1320,963957
1321,871635
1322,1570977
1323,863614
1324,866736
1325,870004
1326,13151982
1327,2047920
1328,1544627
1329,873412
1330,846554
1331,837289
1332,819706
1333,1321689
1334,1579460
1335,895786
1336,1393193
1337,806843
1338,802919
1339,811985
1340,1458869
1341,1256347
1342,903647
1343,1210816
1344,1368745
1345,796475
1346,797356
1347,796493
1348,1383867
1349,804671
1350,821436
1351,1374196
1352,888736
1353,1156322
1354,818686
1355,874667
1356,814882
1357,1413190
1358,875803
1359,1319326
1360,1404379
1361,782725
1362,762304
1363,751692
1364,760672
1365,1350050
1366,753146
1367,14913114
1368,1349356
1369,994660
1370,908199
1371,3231830
1372,1763284
1373,927431
1374,898848
1375,880945
1376,881288
1377,1581621
1378,1582476
1379,2185625
1380,901008
1381,886778
1382,881296
1383,1497424
1384,880644
1385,1450104
1386,958134
1387,1899715
1388,870863
1389,870181
1390,874221
1391,870318
1392,1348070
1393,1625385
1394,871850
1395,1848324
1396,929199
1397,881776
1398,877748
1399,1688735
1400,1316675
1401,977477
1402,1500654
1403,15321498
1404,1359133
1405,2229512
1406,1013830
1407,1610258
1408,1957601
1409,1054727
1410,955812
1411,1585574
1412,1748843
1413,902198
1414,1493893
1415,1058969
1416,892896
1417,884478
1418,1458419
1419,1261730
1420,1455180
1421,1005247
1422,1280871
1423,887282
1424,2140123
1425,1364118
1426,1754486
1427,1329219
1428,1264006
1429,981538
1430,8102044
1431,1086003
1432,1637776
1433,865282
1434,1201997
1435,916972
1436,826848
1437,1591068
1438,1297001
1439,1444524
1440,1447688
1441,855984
1442,837307
1443,954532
1444,818913
1445,1329301
1446,1174075
1447,816241
1448,1466833
1449,818959
1450,810276
1451,811969
1452,808049
1453,859442
1454,1371665
1455,1305063
1456,958311
1457,1284213
1458,814720
1459,800284
1460,805038
1461,1350103
1462,821342
1463,1583401
1464,1455734
1465,838574
1466,828983
1467,813175
1468,819632
1469,820494
1470,1429856
1471,1192543
1472,807442
1473,1683151
1474,828908
1475,824621
1476,825295
1477,1438151
1478,754212
1479,766636
1480,1396741
1481,1395444
1482,899835
1483,779475
1484,758743
1485,767219
1486,1376762
1487,783452
1488,21397191
1489,4947166
1490,4411300
1491,2811323
1492,19718481
1493,1335200
1494,986118
1495,923895
1496,1932661
1497,928282
1498,2469899
1499,1038060
1500,921487
1501,977650
1502,973851
1503,1832078
1504,979690
1505,1759268
1506,966427
1507,977357
1508,905068
1509,1496734
1510,888674
1511,877683
1512,1029051
1513,1510985
1514,948439
1515,879797
1516,865275
1517,869000
1518,1485771
1519,1396894
1520,929769
1521,912780
1522,1659482
1523,887683
1524,867909
1525,868806
1526,1519618
1527,1796001
1528,1289508
1529,961087
1530,1462764
1531,950314
1532,2027156
1533,2294899
1534,957332
1535,872681
1536,1553318
1537,1057726
1538,926770
1539,1490311
1540,1461724
1541,912669
1542,859789
1543,2120003
1544,944771
1545,952115
1546,1519845
1547,1405023
1548,15533400
1549,1741325
1550,1195162
1551,941086
1552,918695
1553,1842557
1554,910520
1555,899793
1556,1490295
1557,1482550
1558,1085008
1559,957741
1560,1882214
1561,1011976
1562,1046325
1563,875617
1564,1529918
1565,1514760
1566,1005399
1567,2505306
1568,1416981
1569,3474249
1570,2114121
1571,3130226
1572,2550799
1573,3109763
1574,2136273
1575,1858406
1576,925238
1577,1488093
1578,967324
1579,882420
1580,1574339
1581,886382
1582,1612261
1583,996944
1584,902032
1585,892718
1586,1684452
1587,1408464
1588,957944
1589,1324899
1590,1525028
1591,993500
1592,887005
1593,872850
1594,876340
1595,1646962
1596,890000
1597,939149
1598,1614843
1599,953999
1600,1595595
1601,1239033
1602,1875771
1603,1434189
1604,1582365
1605,897723
1606,878260
1607,874585
1608,1420938
1609,1427828
1610,960645
1611,1531385
1612,1587367
1613,1092740
1614,939426
1615,937501
1616,1907229
1617,1771090
1618,958295
1619,1633732
1620,1555653
1621,1005981
1622,938480
1623,1594905
1624,17223225
1625,2322280
1626,1080617
1627,1804473
1628,912503
1629,905622
1630,900504
1631,1617334
1632,909364
1633,898166
1634,1768884
1635,1800772
1636,902260
1637,894564
1638,881268
1639,1463929
1640,1006998
1641,1513979
1642,1436217
1643,1310276
1644,915778
1645,1486147
1646,907344
1647,1582773
1648,1477828
1649,893647
1650,1448935
1651,900846
1652,836980
1653,823341
1654,1579490
1655,1388951
1656,878351
1657,1428927
1658,851594
1659,826083
1660,820925
1661,1793139
1662,856113
1663,1445085
1664,878422
1665,1301144
1666,999670
1667,847009
1668,831168
1669,1549923
1670,1601369
1671,896138
1672,803687
1673,1318463
1674,909413
1675,808210
1676,807918
1677,1396633
1678,888802
1679,1404990
1680,823097
1681,1326592
1682,1396626
1683,894522
1684,818756
1685,1441009
1686,842911
1687,776368
1688,833837
1689,1934061
1690,1741176
1691,3430200
1692,2947974
1693,2896833
1694,1502128
1695,2405961
1696,2592019
1697,907018
1698,1966078
1699,848786
1700,838285
1701,837084
1702,837393
1703,943136
1704,850764
1705,14486922
1706,1426754
1707,1505450
1708,1497659
1709,904622
1710,1226529
1711,1566413
1712,894638
1713,1716401
1714,1404341
1715,815955
1716,832610
1717,826984
1718,1431921
1719,889310
1720,905919
1721,2264953
1722,968059
1723,887695
1724,873200
1725,877397
1726,1447485
1727,900628
1728,1463896
1729,1026056
1730,1559118
1731,890983
1732,883656
1733,877522
1734,1383763
1735,1321759
1736,3577897
1737,1417439
1738,1002690
1739,884857
1740,863068
1741,1416167
1742,892813
1743,1578271
1744,880350
1745,1375927
1746,930632
1747,2054401
1748,912982
1749,895436
1750,1529898
1751,1629511
1752,977811
1753,1610147
1754,898786
1755,884787
1756,6292861
1757,2591280
1758,1014677
1759,1527577
1760,1613774
1761,896543
1762,892627
1763,884886
1764,1505185
1765,987452
1766,5145982
1767,1880649
1768,919785
1769,883498
1770,1490621
1771,904944
1772,1430170
1773,1314217
1774,957055
1775,1451356
1776,902718
1777,880132
1778,888393
1779,14158116
1780,2333789
1781,1072702
1782,928645
1783,891797
1784,900074
1785,1065264
1786,1734055
1787,1639077
1788,959794
1789,5535214
1790,6447581
1791,1457361
1792,2485784
1793,1623555
1794,2686299
1795,2201144
1796,1373560
1797,1379955
1798,2589388
1799,3399333
1800,2100296
1801,3156521
1802,3782129
1803,2221140
1804,1365399
1805,1350966
1806,2270793
1807,1505413
1808,2517247
1809,6810566
1810,1315299
1811,1987874
1812,1713018
1813,1534351
1814,1018386
1815,1090038
1816,914391
1817,1467514
1818,918029
1819,1556342
1820,972413
1821,1408765
1822,888550
1823,884035
1824,1061988
1825,1786840
1826,1048283
1827,1212518
1828,2502059
1829,1039059
1830,1520662
1831,911602
1832,912888
1833,267617677
1834,1973091
1835,1906060
1836,992367
1837,1045932
1838,1678690
1839,907422
1840,1610716
1841,1411132
1842,984892
1843,889169
1844,1709355
1845,1622564
1846,959204
1847,874022
1848,1855795
1849,969071
1850,900958
1851,7747798
1852,1432000
1853,963784
1854,932338
1855,1626995
1856,1391735
1857,920590
1858,1014561
1859,1583641
1860,885518
1861,875250
1862,952714
1863,1617933
1864,895671
1865,1578985
1866,964259
1867,888348
1868,896807
1869,1956387
1870,980955
1871,1515227
1872,1411562
1873,970946
1874,894688
1875,897712
1876,896886
1877,1439104
1878,1545834
1879,1375683
1880,1014359
1881,958398
1882,1033021
1883,1559122
1884,1506193
1885,1028043
1886,1576152
1887,923267
1888,877699
1889,881458
1890,1462339
1891,884742
1892,1482851
1893,1717892
1894,894184
1895,877542
1896,879719
1897,872523
1898,872945
1899,5414981
1900,1610015
1901,12212486
1902,2053447
1903,982326
1904,851490
1905,1306129
1906,837815
1907,1852532
1908,926349
1909,840247
1910,842924
1911,826149
1912,1378468
1913,887005
1914,1252027
1915,1792775
1916,901251
1917,828343
1918,826612
1919,826282
1920,1333345
1921,828240
1922,809660
1923,1869368
1924,911276
1925,832560
1926,822775
1927,821569
1928,1303312
1929,761300
1930,750622
1931,1331107
1932,1301111
1933,843089
1934,763688
1935,760111
1936,759891
1937,1243200
1938,750842
1939,1264035
1940,749969
1941,1091910
1942,1312995
1943,842114
1944,763423
1945,765430
1946,1411603
1947,784510
1948,1372945
1949,780656
1950,1267553
1951,764270
1952,761316
1953,783374
1954,879351
1955,1271218
1956,832568
1957,755021
1958,1452194
1959,1107140
1960,792002
1961,761514
1962,1282928
1963,818793
1964,1602393
1965,1431075
1966,922755
1967,1572022
1968,848355
1969,829069
1970,872011
1971,1499010
1972,1517771
1973,1063443
1974,1525859
1975,889099
1976,871181
1977,875981
1978,879008
1979,1542864
1980,1697875
1981,1757620
1982,886476
1983,879897
1984,877935
1985,1463756
1986,902180
1987,1705587
1988,1320215
1989,1132671
1990,972726
1991,944812
1992,1800987
1993,1705054
1994,1440852
1995,1307154
1996,890157
1997,960653
1998,14088856
1999,1694795
2000,951847
2001,906410
2002,6050976
2003,3786532
2004,1970745
2005,4482717
2006,3174775
2007,1824519
2008,3429713
2009,3757184
2010,3391807
2011,2011410
2012,2998284
2013,5128923
2014,5734777
2015,3183243
2016,1012004
2017,950615
2018,1857576
2019,964151
2020,1698024
2021,2040039
2022,2329071
2023,1071629
2024,1026680
2025,1576578
2026,921764
2027,1561473
2028,1757736
2029,924019
2030,890078
2031,897501
2032,1635434
2033,2311954
2034,1956416
2035,949752
2036,892466
2037,905564
2038,889620
2039,1532976
2040,2846432
2041,1755056
2042,982880
2043,934792
2044,932991
2045,975304
2046,1601444
2047,2422872
2048,1064173
2049,1017027
2050,28176847
2051,2464104
2052,2482997
2053,2171713
2054,1597640
2055,1404520
2056,954755
2057,909252
2058,1644129
2059,1038304
2060,1506527
2061,1645822
2062,951455
2063,981979
2064,924651
2065,929009
2066,1882962
2067,1741395
2068,900376
2069,958075
2070,974457
2071,1828050
2072,1008444
2073,1918783
2074,1070572
2075,1775902
2076,977039
2077,1511670
2078,1795741
2079,1167801
2080,2191606
2081,1129540
2082,978749
2083,1624798
2084,1589556
2085,932875
2086,1692977
2087,1709664
2088,1683509
2089,1452521
2090,1012244
2091,961067
2092,962726
2093,1717063
2094,1874573
2095,966300
2096,1558295
2097,1014359
2098,954193
2099,940257
2100,1807687
2101,1120068
2102,981248
2103,1575764
2104,1864615
2105,927435
2106,877682
2107,951091
2108,1600869
2109,889715
2110,1636425
2111,936213
2112,886167
2113,6350958
2114,1896473
2115,1078494
2116,1407183
2117,13840575
2118,1603092
2119,1847398
2120,1837791
2121,956316
2122,1430797
2123,907022
2124,818929
2125,813113
2126,1497708
2127,832151
2128,817735
2129,1594079
2130,920281
2131,801701
2132,1809045
2133,831399
2134,810433
2135,817566
2136,1660828
2137,830413
2138,1493678
2139,881474
2140,829916
2141,822837
2142,1552406
2143,1524884
2144,873254
2145,930231
2146,2270921
2147,2417573
2148,2808563
2149,3241665
2150,2616103
2151,2362698
2152,1260218
2153,933904
2154,880904
2155,1970976
2156,969505
2157,873126
2158,1549386
2159,2090614
2160,840425
2161,835130
2162,827562
2163,1717116
2164,1479385
2165,869178
2166,815955
2167,811523
2168,806893
2169,821507
2170,1575438
2171,885345
2172,1831818
2173,1591824
2174,868822
2175,869281
2176,863452
2177,2116318
2178,902635
2179,3991557
2180,909471
2181,1661453
2182,878285
2183,884663
2184,881615
2185,1524037
2186,1831867
2187,990211
2188,1443334
2189,978535
2190,1399228
2191,867286
2192,1453838
2193,1020769
2194,1586091
2195,1040270
2196,1554034
2197,941648
2198,15732171
2199,1028349
2200,18717241
2201,5290796
2202,1897295
2203,1439043
2204,2567681
2205,2831538
2206,1612360
2207,3016227
2208,1517139
2209,2730533
2210,1777550
2211,2759381
2212,1548011
2213,2773656
2214,1554682
2215,7214770
2216,10034498
2217,2735787
2218,1653848
2219,1519708
2220,4028579
2221,2960836
2222,3163981
2223,4999136
2224,4349514
2225,1966647
2226,31007373
2227,1844998
2228,2358588
2229,2944099
2230,3981321
2231,1959101
2232,3183135
2233,4160297
2234,5905175
2235,11466791
2236,2374999
2237,2067181
2238,1058997
2239,1021483
2240,1801259
2241,977225
2242,1137189
2243,1507672
2244,1902814
2245,986419
2246,1471761
2247,1069333
2248,1564992
2249,1047358
2250,1903177
2251,964561
2252,955642
2253,1627082
2254,1034310
2255,948712
2256,956869
2257,1124900
2258,1619746
2259,953148
2260,1671085
2261,1023591
2262,953028
2263,1548110
2264,1047106
2265,1603620
2266,966316
2267,1589350
2268,1011422
2269,951962
2270,952272
2271,1484876
2272,1270127
2273,975680
2274,1427527
2275,875754
2276,881756
2277,882433
2278,876374
2279,1402384
2280,876146
2281,868327
2282,1033607
2283,1503037
2284,981636
2285,887699
2286,13644234
2287,2076826
2288,1694089
2289,1026156
2290,1019047
2291,916882
2292,1341689
2293,914857
2294,914498
2295,1052876
2296,1425824
2297,916093
2298,891375
2299,995110
2300,1030914
2301,1651502
2302,1423185
2303,1388736
2304,1130708
2305,913433
2306,915902
2307,7359427
2308,1395544
2309,1091319
2310,1960505
2311,937101
2312,913627
2313,1563112
2314,2529821
2315,1689082
2316,1580564
2317,963598
2318,917794
2319,2266287
2320,2040448
2321,1103162
2322,978633
2323,974127
2324,2175919
2325,1004607
2326,2203106
2327,1145170
2328,1886283
2329,973388
2330,965849
2331,3053663
2332,2223572
2333,1045578
2334,973214
2335,954990
2336,1941777
2337,2387865
2338,2024500
2339,980563
2340,961314
2341,962458
2342,2064831
2343,2620428
2344,2395705
2345,1045503
2346,1054285
2347,2139916
2348,1274683
2349,1963913
2350,949703
2351,960174
2352,1682246
2353,994490
2354,20077307
2355,1353358
2356,1050100
2357,2222399
2358,1166744
2359,1957015
2360,990298
2361,2084901
2362,925928
2363,893271
2364,1803300
2365,1021355
2366,2747641
2367,989270
2368,899335
2369,887761
2370,1799917
2371,922391
2372,2030671
2373,889450
2374,1844594
2375,887757
2376,884489
2377,883841
2378,1734501
2379,1881000
2380,1072158
2381,1751052
2382,917435
2383,894915
2384,1735228
2385,896191
2386,1957899
2387,1937560
2388,945576
2389,895395
2390,889294
2391,2061390
2392,973045
2393,1645293
2394,1175249
2395,1075507
2396,890537
2397,879830
2398,1355068
2399,885324
2400,1632220
2401,995751
2402,1976817
2403,1137231
2404,891425
2405,879954
2406,1950773
2407,1803800
2408,1809942
2409,893763
2410,877749
2411,984854
2412,1215124
2413,1658127
2414,1612105
2415,987444
2416,882626
2417,873415
2418,864402
2419,1447857
2420,1016598
2421,878521
2422,1594625
2423,1370496
2424,940599
2425,860719
2426,861528
2427,1280429
2428,884226
2429,1128937
2430,1650593
2431,1468576
2432,880049
2433,869805
2434,864985
2435,1545537
2436,17325816
2437,1497391
2438,1053326
2439,2138611
2440,990046
2441,1750801
2442,1100308
2443,1861888
2444,1675021
2445,1074727
2446,959856
2447,942871
2448,2450881
2449,1634278
2450,1613286
2451,1031802
2452,944503
2453,964316
2454,7106066
2455,1968126
2456,1057444
2457,921363
2458,1653324
2459,1076177
2460,892858
2461,1456180
2462,994866
2463,1423045
2464,876737
2465,1419691
2466,970612
2467,871949
2468,1606338
2469,1444970
2470,931883
2471,872436
2472,1443904
2473,972743
2474,889335
2475,1377997
2476,1027415
2477,1280144
2478,878806
2479,861362
2480,1384490
2481,1393094
2482,801969
2483,1453702
2484,904721
2485,1352317
2486,809132
2487,796715
2488,1280656
2489,1381631
2490,1309660
2491,1295464
2492,796178
2493,801069
2494,801449
2495,1906333
2496,869404
2497,1444292
2498,872420
2499,1555462
2500,829640
2501,819747
2502,817194
2503,1526941
2504,1582444
2505,843275
2506,814382
2507,1521637
2508,823886
2509,809545
2510,1249276
2511,1406931
2512,825687
2513,901144
2514,1321065
2515,881338
2516,801928
2517,811577
2518,804865
2519,15581633
2520,1121030
2521,1833689
2522,1018213
2523,899289
2524,888649
2525,1749033
2526,1780504
2527,966378
2528,1567866
2529,941689
2530,1448852
2531,940220
2532,926481
2533,1388910
2534,951623
2535,1504045
2536,861466
2537,868409
2538,863151
2539,868740
2540,1897329
2541,956795
2542,875964
2543,1694352
2544,941459
2545,875109
2546,2338208
2547,1684468
2548,874283
2549,872391
2550,871429
2551,1509671
2552,924820
2553,1486548
2554,1263187
2555,887794
2556,877302
2557,1299872
2558,1479613
2559,943127
2560,871020
2561,1766179
2562,888315
2563,869091
2564,1375076
2565,1441459
2566,869294
2567,876852
2568,1809467
2569,962686
2570,963413
2571,1513604
2572,1584191
2573,965428
2574,864535
2575,1877192
2576,967212
2577,882069
2578,1495594
2579,893383
2580,1587974
2581,864337
2582,1388922
2583,6370859
2584,997605
2585,889698
2586,871011
2587,2150730
2588,1008274
2589,1449369
2590,1548808
2591,882135
2592,866026
2593,864465
2594,1486432
2595,1528209
2596,982392
2597,12572183
2598,1286670
2599,904965
2600,1670643
2601,1393078
2602,901132
2603,813977
2604,1218066
2605,898365
2606,813304
2607,1291754
2608,1009926
2609,1438836
2610,806298
2611,818215
2612,1625198
2613,891210
2614,799565
2615,753389
2616,1263212
2617,1376056
2618,823204
2619,767913
2620,767946
2621,1200581
2622,768507
2623,842395
2624,1356671
2625,770532
2626,758607
2627,756864
2628,803245
2629,751878
2630,1144525
2631,763213
2632,1210036
2633,901206
2634,1175492
2635,768591
2636,771916
2637,762746
2638,768710
2639,1451984
2640,1216475
2641,774819
2642,1529382
2643,779669
2644,768309
2645,768607
2646,778838
2647,1386564
2648,813154
2649,1447102
2650,965420
2651,1263345
2652,815802
2653,818900
2654,814237
2655,1728067
2656,825546
2657,805451
2658,2008383
2659,885043
2660,872135
2661,868538
2662,1440657
2663,883548
2664,870653
2665,1588701
2666,1155096
2667,1614207
2668,885345
2669,879673
2670,883874
2671,868190
2672,1385204
2673,869075
2674,976250
2675,1507866
2676,943383
2677,876055
2678,912239
2679,867021
2680,1671390
2681,2064711
2682,935072
2683,867815
2684,870367
2685,948815
2686,1364275
2687,868521
2688,1380558
2689,1430860
2690,924366
2691,828281
2692,806930
2693,804563
2694,1145227
2695,992050
2696,804638
2697,1342057
2698,1937304
2699,961611
2700,911041
2701,901181
2702,1626273
2703,1394738
2704,952648
2705,1439985
2706,888071
2707,890855
2708,879529
2709,1437402
2710,900913
2711,1554987
2712,962574
2713,1392260
2714,883354
2715,879195
2716,884159
2717,1385609
2718,873593
2719,1540468
2720,1023041
2721,1525541
2722,894018
2723,872184
2724,867575
2725,1470484
2726,1547035
2727,818272
2728,1796604
2729,890495
2730,814799
2731,813188
2732,812113
2733,1350050
2734,1377749
2735,849165
2736,790408
2737,750217
2738,895337
2739,774641
2740,1252399
2741,1256637
2742,747156
2743,760548
2744,1131191
2745,805402
2746,1126846
2747,5116313
2748,1858212
2749,873147
2750,804802
2751,832383
2752,849359
2753,1448035
2754,1540274
2755,1088436
2756,842242
2757,833007
2758,830908
2759,818376
2760,1365055
2761,774720
2762,1621708
2763,1404833
2764,768862
2765,779565
2766,776632
2767,773964
2768,786500
2769,1375018
2770,772746
2771,772444
2772,1373317
2773,765298
2774,871206
2775,769180
2776,772932
2777,1385300
2778,779350
2779,769540
2780,1975322
2781,925365
2782,831697
2783,823775
2784,923995
2785,828335
2786,1278281
2787,10748321
2788,1281569
2789,2186637
2790,964003
2791,3155832
2792,1544202
2793,834927
2794,820722
2795,1426956
2796,1318537
2797,947353
2798,765563
2799,753712
2800,757417
2801,755079
2802,1337592
2803,1425482
2804,865171
2805,1319946
2806,1990332
2807,781589
2808,1369934
2809,774030
2810,952950
2811,1499906
2812,851655
2813,1303006
2814,780817
2815,770626
2816,754674
2817,1342400
2818,799268
2819,1306133
2820,1650296
2821,804807
2822,768693
2823,761584
2824,761663
2825,763225
2826,1032748
2827,1921876
2828,962289
2829,1663427
2830,1405750
2831,1149089
2832,826753
2833,1918940
2834,970579
2835,2033542
2836,962181
2837,1680862
2838,820251
2839,1773200
2840,816509
2841,799611
2842,800106
2843,800701
2844,865332
2845,1441145
2846,1704195
2847,860355
2848,866774
2849,866170
2850,871417
2851,8568942
2852,1858270
2853,972255
2854,1641118
2855,902272
2856,900145
2857,996767
2858,913197
2859,1751565
2860,910892
2861,1542472
2862,993640
2863,903953
2864,896320
2865,1473276
2866,16860182
2867,2057189
2868,1607908
2869,1073157
2870,843390
2871,828087
2872,1389740
2873,898281
2874,1485338
2875,822627
2876,1445560
2877,843386
2878,902181
2879,810721
2880,797987
2881,1424639
2882,1363912
2883,1823445
2884,820363
2885,803613
2886,799636
2887,798074
2888,1476569
2889,816083
2890,1443206
2891,908500
2892,813572
2893,810362
2894,745145
2895,751073
2896,1276125
2897,768677
2898,4296648
2899,925188
2900,2352293
2901,786497
2902,788715
2903,763675
2904,1519712
2905,1362069
2906,849491
2907,1362618
2908,764934
2909,770858
2910,758450
2911,761746
2912,775843
2913,1245088
2914,764861
2915,1367567
2916,1272172
2917,753336
2918,746752
2919,742675
2920,746165
2921,1277199
2922,761584
2923,1364870
2924,750312
2925,1233361
2926,762622
2927,752221
2928,772394
2929,757784
2930,755703
2931,1346192
2932,1262416
2933,819478
2934,1208661
2935,828049
2936,813407
2937,764633
2938,761444
2939,1358451
2940,1362735
2941,831502
2942,757652
2943,1237087
2944,853573
2945,761040
2946,754311
2947,1351132
2948,1350908
2949,832234
2950,772031
2951,1219375
2952,812684
2953,1300549
2954,834646
2955,1122720
2956,751605
2957,829582
2958,754823
2959,758541
2960,747760
2961,749585
2962,13204275
2963,2060712
2964,773836
2965,863122
2966,1075884
2967,2071171
2968,751085
2969,1707958
2970,2067251
2971,744889
2972,724194
2973,718970
2974,783840
2975,716851
2976,1521360
2977,1294304
2978,816009
2979,1387993
2980,745108
2981,766203
2982,767570
2983,758569
2984,758673
2985,1350942
2986,774088
2987,764534
2988,1308091
2989,744083
2990,763518
2991,758165
2992,752853
2993,1309611
2994,762890
2995,767578
2996,1702601
2997,1671589
2998,755261
2999,2349191
3000,4115581
3001,2600399
3002,1292911
3003,1189086
3004,2594758
3005,2535359
3006,2153398
3007,1272535
3008,1250635
3009,1243853
3010,2561386
3011,2550540
3012,1348133
3013,1337299
3014,2567149
3015,1339326
3016,4304005
3017,3203924
3018,2075252
3019,911780
3020,1314419
3021,918686
3022,1127688
3023,1499993
3024,837418
3025,897059
3026,836319
3027,1909332
3028,892710
3029,867959
3030,2595174
3031,1517543
3032,2224234
3033,885658
3034,887153
3035,1497796
3036,17771256
3037,21773060
3038,7787741
3039,2210854
3040,3059247
3041,1423698
3042,1065404
3043,2845854
3044,1098085
3045,1013702
3046,1992335
3047,2196802
3048,1829727
3049,1161766
3050,1825928
3051,1065061
3052,1034958
3053,1034471
3054,1040323
3055,1814932
3056,1960394
3057,2164952
3058,1128213
3059,1091178
3060,1021607
3061,2701561
3062,1183989
3063,1891839
3064,966783
3065,948741
3066,954317
3067,1552212
3068,1041079
3069,2093390
3070,1434792
3071,992863
3072,932859
3073,934664
3074,1871260
3075,1642911
3076,1122415
3077,1937382
3078,995177
3079,987303
3080,2080689
3081,972640
3082,1407440
3083,883230
3084,1640833
3085,1004549
3086,1050112
3087,1623112
3088,853552
3089,872739
3090,1359463
3091,880541
3092,15641682
3093,2060366
3094,1690247
3095,957708
3096,1590373
3097,1093579
3098,904420
3099,1639933
3100,886154
3101,1624025
3102,1039360
3103,910248
3104,900888
3105,926212
3106,2760392
3107,959017
3108,1856633
3109,896051
3110,900673
3111,1421872
3112,1120956
3113,1526408
3114,830103
3115,1791165
3116,1263581
3117,814754
3118,804729
3119,1405527
3120,1608445
3121,947820
3122,1523108
3123,856926
3124,876212
3125,879235
3126,1488221
3127,880780
3128,1747562
3129,1486593
3130,936638
3131,875754
3132,910867
3133,863374
3134,1432904
3135,906250
3136,1472901
3137,1580989
3138,882557
3139,920244
3140,1012041
3141,1322412
3142,877497
3143,862870
3144,1447093
3145,1406225
3146,812275
3147,803824
3148,809119
3149,882920
3150,1383403
3151,829144
3152,1421206
3153,881834
3154,1303019
3155,806678
3156,804394
3157,800107
3158,1435523
3159,964201
3160,1337150
3161,806579
3162,867827
3163,1557685
3164,920471
3165,818479
3166,1385346
3167,1507180
3168,868958
3169,799375
3170,1271957
3171,874151
3172,812994
3173,1246901
3174,1191382
3175,734195
3176,763117
3177,15239680
3178,1147333
3179,2145687
3180,841688
3181,789259
3182,1574446
3183,825931
3184,778611
3185,1420360
3186,1313134
3187,853412
3188,758863
3189,1170139
3190,1336183
3191,754059
3192,759379
3193,3421774
3194,961987
3195,820148
3196,1610270
3197,771998
3198,770127
3199,1318207
3200,825179
3201,775901
3202,1328562
3203,787462
3204,1331495
3205,766690
3206,752712
3207,1306068
3208,1314171
3209,827711
3210,757277
3211,1472859
3212,848236
3213,1306162
3214,759246
3215,1185930
3216,1346013
3217,758239
3218,776413
3219,1254378
3220,1794630
3221,833031
3222,766484
3223,752935
3224,1281085
3225,744959
3226,769945
3227,1086482
3228,1261837
3229,748582
3230,802593
3231,1242263
3232,817030
3233,765348
3234,762527
3235,758139
3236,760866
3237,719292
3238,1124202
3239,699263
3240,698495
3241,1253019
3242,755848
3243,704657
3244,741803
3245,708404
3246,711105
3247,1259119
3248,718578
3249,2312297
3250,859368
3251,734703
3252,794510
3253,741064
3254,725484
3255,1323225
3256,711146
3257,708024
3258,1770215
3259,807959
3260,723440
3261,702361
3262,711828
3263,720845
3264,774298
3265,1170535
3266,722489
3267,713749
3268,1331288
3269,768603
3270,701018
3271,925741
3272,1015036
3273,1463186
3274,830697
3275,799957
3276,1347307
3277,747433
3278,1215529
3279,759858
3280,757735
3281,11413458
3282,1128061
3283,769536
3284,1513041
3285,1424631
3286,838302
3287,714922
3288,709672
3289,707305
3290,698147
3291,697871
3292,1217896
3293,706690
3294,710775
3295,1282267
3296,1352788
3297,727950
3298,707413
3299,715694
3300,711489
3301,1138668
3302,703811
3303,1291697
3304,808731
3305,748371
3306,1261424
3307,901136
3308,774551
3309,1239995
3310,767962
3311,1332432
3312,1040332
3313,747863
3314,745137
3315,1248698
3316,1750590
3317,1117441
3318,1363177
3319,813238
3320,751523
3321,761027
3322,750957
3323,1789314
3324,838054
3325,770366
3326,757157
3327,1604938
3328,791379
3329,764753
3330,1289826
3331,770631
3332,759429
3333,756017
3334,1499398
3335,809235
3336,808772
3337,805476
3338,958930
3339,1374618
3340,1309260
3341,847343
3342,1626954
3343,868409
3344,888757
3345,880838
3346,1529585
3347,937117
3348,2032501
3349,1751330
3350,886435
3351,873197
3352,855497
3353,815270
3354,818004
3355,1679936
3356,16227437
3357,3064133
3358,1464495
3359,2215819
3360,25523445
3361,2001918
3362,3856474
3363,1640679
3364,930678
3365,861904
3366,1740297
3367,859652
3368,833944
3369,1698475
3370,847777
3371,1615959
3372,931248
3373,849458
3374,1465684
3375,851606
3376,1562080
3377,1049440
3378,837232
3379,825076
3380,824716
3381,1603596
3382,827307
3383,1512963
3384,829516
3385,828264
3386,826294
3387,961826
3388,1440195
3389,828206
3390,816559
3391,1400351
3392,1266369
3393,760387
3394,760313
3395,762737
3396,753836
3397,752501
3398,1380558
3399,774666
3400,1263766
3401,1661370
3402,787612
3403,759305
3404,758880
3405,759808
3406,1320970
3407,786748
3408,880400
3409,1840938
3410,872370
3411,777599
3412,758871
3413,759548
3414,1372057
3415,751919
3416,745760
3417,1247595
3418,818095
3419,1280293
3420,761321
3421,758978
3422,761614
3423,760437
3424,763163
3425,1335832
3426,1254679
3427,821677
3428,1484900
3429,973255
3430,1179358
3431,870028
3432,762980
3433,2333487
3434,771655
3435,1614678
3436,1513677
3437,729453
3438,1048556
3439,712741
3440,1520605
3441,1368971
3442,843886
3443,728272
3444,741683
3445,1411652
3446,734926
3447,1279450
3448,833894
3449,1597722
3450,700456
3451,737917
3452,761593
3453,739891
3454,15030925
3455,1875932
3456,863217
3457,795360
3458,773481
3459,766211
3460,759615
3461,1476659
3462,1279759
3463,946927
3464,1339430
3465,754423
3466,801123
3467,763298
3468,763964
3469,767405
3470,1768604
3471,1252766
3472,764674
3473,1328236
3474,760345
3475,753166
3476,744017
3477,1169895
3478,809503
3479,1305568
3480,750292
3481,1436924
3482,765219
3483,760569
3484,803246
3485,1156363
3486,764823
3487,756740
3488,753674
3489,1111901
3490,862965
3491,722992
3492,713956
3493,715508
3494,715120
3495,759792
3496,1390223
3497,703493
3498,698275
3499,1613430
3500,765620
3501,709498
3502,716364
3503,711931
3504,706842
3505,714802
3506,1222291
3507,4254268
3508,1646793
3509,804060
3510,741911
3511,3229818
3512,801325
3513,751366
3514,1044438
3515,734133
3516,1485677
3517,791498
3518,1170878
3519,722840
3520,710593
3521,712692
3522,1338983
3523,1168771
3524,720266
3525,1343709
3526,745380
3527,721283
3528,706950
3529,700481
3530,670081
3531,672712
3532,1343127
3533,676466
3534,1320710
3535,844725
3536,700118
3537,672885
3538,827694
3539,698863
3540,668139
3541,664496
3542,1142443
3543,674087
3544,1008642
3545,3411634
3546,1501067
3547,758718
3548,1867324
3549,1539308
3550,988014
3551,11127961
3552,1078258
3553,811350
3554,751051
3555,724215
3556,716723
3557,1381706
3558,1394267
3559,843246
3560,1225314
3561,735435
3562,822602
3563,714484
3564,1301788
3565,725954
3566,1236302
3567,767173
3568,1320677
3569,836752
3570,799528
3571,733571
3572,730093
3573,1916035
3574,841486
3575,1337765
3576,827289
3577,1245777
3578,722592
3579,704777
3580,705363
3581,703596
3582,707004
3583,1140378
3584,787496
3585,4620501
3586,1061596
3587,1606070
3588,831912
3589,752940
3590,801577
3591,2669574
3592,890351
3593,783556
3594,756587
3595,1448622
3596,1040766
3597,747041
3598,732683
3599,1712399
3600,1429406
3601,1047927
3602,717334
3603,1185434
3604,814423
3605,729102
3606,1463408
3607,919492
3608,1553798
3609,809168
3610,801019
3611,1597161
3612,2236778
3613,4250093
3614,2220466
3615,1467638
3616,3005339
3617,2681057
3618,1806460
3619,1990972
3620,817289
3621,779284
3622,781109
3623,1516775
3624,1835246
3625,1545987
3626,1821500
3627,838393
3628,840875
3629,1506804
3630,901888
3631,830008
3632,906671
3633,3121520
3634,22032665
3635,2594245
3636,1929836
3637,981822
3638,920380
3639,1542170
3640,2033306
3641,993668
3642,918988
3643,1009174
3644,914391
3645,1606751
3646,1613679
3647,1060699
3648,8383401
3649,1385812
3650,1133327
3651,1747748
3652,978299
3653,1841256
3654,1515859
3655,1400410
3656,978786
3657,7665724
3658,2382248
3659,1945371
3660,1565999
3661,929834
3662,903482
3663,898765
3664,1557098
3665,905150
3666,1538477
3667,1063099
3668,897133
3669,897910
3670,881681
3671,1496090
3672,896225
3673,980405
3674,868063
3675,1577962
3676,1147420
3677,1596689
3678,2388213
3679,1715266
3680,1631576
3681,987948
3682,898992
3683,887323
3684,1678276
3685,888178
3686,1539122
3687,953128
3688,959678
3689,1535334
3690,872060
3691,863366
3692,1659404
3693,996605
3694,1419389
3695,1414118
3696,932127
3697,870591
3698,870421
3699,13964328
3700,2358353
3701,984883
3702,1603352
3703,1552542
3704,909860
3705,894836
3706,883713
3707,1736678
3708,879446
3709,1454223
3710,1125966
3711,888128
3712,876447
3713,1536086
3714,813366
3715,1456313
3716,973883
3717,1343490
3718,832903
3719,816955
3720,808504
3721,1476598
3722,829405
3723,1570452
3724,814527
3725,1424648
3726,914676
3727,819751
3728,1363796
3729,823473
3730,1517309
3731,812725
3732,825167
3733,1293887
3734,1467415
3735,819665
3736,810920
3737,1398831
3738,916737
3739,1375758
3740,1360119
3741,830603
3742,764166
3743,760085
3744,762696
3745,831949
3746,1337786
3747,844650
3748,1868568
3749,1468436
3750,789503
3751,826476
3752,807971
3753,1398303
3754,903400
3755,900673
3756,1342846
3757,1335836
3758,898567
3759,819797
3760,1444272
3761,826211
3762,1593674
3763,880243
3764,818822
3765,1310140
3766,1350268
3767,815183
3768,812610
3769,1481913
3770,898236
3771,816922
3772,805224
3773,1505136
3774,890570
3775,1432215
3776,1451389
3777,828058
3778,809421
3779,812733
3780,820103
3781,812784
3782,1549932
3783,1585665
3784,1004392
3785,1367971
3786,836563
3787,826158
3788,815369
3789,812709
3790,1756162
3791,937270
3792,908187
3793,915808
3794,818029
3795,16994904
3796,2176319
3797,972966
3798,1790739
3799,1598838
3800,921587
3801,904614
3802,896493
3803,883998
3804,1615215
3805,985714
3806,2500076
3807,991190
3808,905370
3809,943032
3810,1564600
3811,1096074
3812,1558329
3813,1489514
3814,953301
3815,2183902
3816,926700
3817,881961
3818,1699408
3819,950744
3820,2129668
3821,1015871
3822,893457
3823,883817
3824,873465
3825,1531162
3826,967200
3827,967770
3828,1581923
3829,1230222
3830,872875
3831,1650655
3832,968221
3833,876290
3834,866439
3835,1471054
3836,951322
3837,2298926
3838,894110
3839,1551992
3840,950971
3841,860450
3842,1907452
3843,903114
3844,1238082
3845,876551
3846,869785
3847,1614017
3848,1444003
3849,937035
3850,1634691
3851,868917
3852,860074
3853,957261
3854,1421367
3855,849157
3856,1482413
3857,1208726
3858,1790665
3859,884882
3860,873560
3861,1539361
3862,933747
3863,876039
3864,867624
3865,1418951
3866,1458452
3867,890839
3868,874915
3869,1592319
3870,945296
3871,1606153
3872,932495
3873,865415
3874,1605876
3875,860565
3876,1478622
3877,1696410
3878,17985847
3879,1071116
3880,914903
3881,1654732
3882,1755415
3883,976948
3884,879359
3885,1634612
3886,884110
3887,883685
3888,1528324
3889,962467
3890,947220
3891,865357
3892,1445800
3893,1228970
3894,1410401
3895,882077
3896,1546548
3897,877968
3898,875754
3899,1485358
3900,1388435
3901,965036
3902,859500
3903,1452599
3904,1541427
3905,953429
3906,863788
3907,1984963
3908,967518
3909,876373
3910,1594356
3911,951868
3912,872590
3913,809276
3914,1374407
3915,820809
3916,1568163
3917,822423
3918,1574455
3919,911814
3920,812692
3921,809284
3922,2049399
3923,1704336
3924,817376
3925,1438249
3926,1701064
3927,820420
3928,821593
3929,6769831
3930,1358339
3931,881676
3932,1668660
3933,1543863
3934,829648
3935,831003
3936,1365758
3937,960016
3938,821961
3939,820933
3940,1283659
3941,4267267
3942,1736331
3943,1620803
3944,972021
3945,824720
3946,1358868
3947,1435912
3948,907468
3949,819714
3950,1395031
3951,878446
3952,1389802
3953,819524
3954,884436
3955,12050807
3956,905448
3957,1407707
3958,808541
3959,765145
3960,763683
3961,1402094
3962,938530
3963,842730
3964,746508
3965,755009
3966,1358686
3967,773088
3968,750345
3969,755120
3970,1182096
3971,802043
3972,757550
3973,828843
3974,759061
3975,1286418
3976,1281602
3977,753431
3978,1361495
3979,803213
3980,756157
3981,754365
3982,746859
3983,1343130
3984,771010
3985,1447696
3986,1290139
3987,800210
3988,743890
3989,745154
3990,751143
3991,1296109
3992,768004
3993,1699367
3994,1023479
3995,1434012
3996,750511
3997,747710
3998,757838
3999,733691
4000,1187004
4001,714459
4002,1142038
4003,1440781
4004,762907
4005,719527
4006,722068
4007,706413
4008,714571
4009,714954
4010,1212399
4011,715037
4012,714142
4013,1286588
4014,702485
4015,708581
4016,766674
4017,705566
4018,709635
4019,1209408
4020,706404
4021,1190361
4022,1180903
4023,783981
4024,1144892
4025,716240
4026,714199
4027,756942
4028,706632
4029,1135024
4030,707982
4031,997502
4032,1222865
4033,832861
4034,1241015
4035,758362
4036,758383
4037,748677
4038,1413445
4039,759573
4040,1305609
4041,841061
4042,1276117
4043,759185
4044,746013
4045,742122
4046,721907
4047,693675
4048,1196979
4049,768822
4050,2302387
4051,799499
4052,723262
4053,713530
4054,707755
4055,714831
4056,1343982
4057,722572
4058,721609
4059,715426
4060,1505892
4061,728892
4062,707631
4063,715582
4064,706404
4065,1144793
4066,735864
4067,14421920
4068,1594339
4069,1579254
4070,810928
4071,789805
4072,784844
4073,1349991
4074,1298042
4075,872866
4076,1242874
4077,1495875
4078,782498
4079,777434
4080,771052
4081,1305406
4082,820714
4083,1327269
4084,762695
4085,762989
4086,1451033
4087,824290
4088,777380
4089,1377588
4090,783452
4091,1325679
4092,762023
4093,755228
4094,1475689
4095,844163
4096,1252919
4097,833803
4098,762613
4099,1228677
4100,756252
4101,1434582
4102,766719
4103,1223696
4104,760916
4105,755897
4106,763997
4107,754278
4108,1380777
4109,818310
4110,1230531
4111,834155
4112,1285968
4113,763233
4114,752927
4115,746652
4116,1239491
4117,827067
4118,1291078
4119,840466
4120,1236013
4121,752014
4122,749924
4123,752729
4124,762056
4125,1223889
4126,769424
4127,763332
4128,4824554
4129,1829236
4130,807574
4131,792602
4132,778759
4133,1427613
4134,793068
4135,823197
4136,1404816
4137,1289231
4138,766187
4139,759739
4140,751952
4141,753031
4142,725426
4143,709453
4144,1183897
4145,1222518
4146,1436523
4147,714703
4148,715463
4149,703208
4150,707656
4151,1202643
4152,707603
4153,700390
4154,1265426
4155,713810
4156,1304844
4157,771403
4158,711097
4159,705810
4160,707412
4161,1149593
4162,713344
4163,1145756
4164,720969
4165,714240
4166,9765342
4167,971351
4168,1400645
4169,757781
4170,807545
4171,724951
4172,1210052
4173,1384887
4174,740535
4175,720126
4176,720878
4177,700684
4178,675454
4179,675471
4180,1084260
4181,684892
4182,1301966
4183,1225555
4184,651488
4185,664487
4186,659295
4187,656474
4188,657701
4189,655194
4190,1178127
4191,676243
4192,668387
4193,1215600
4194,810862
4195,1088957
4196,677809
4197,663063
4198,666016
4199,662968
4200,1136677
4201,680320
4202,1160919
4203,745488
4204,1169370
4205,680972
4206,723344
4207,667639
4208,673029
4209,664880
4210,663860
4211,1169023
4212,677635
4213,1118333
4214,716715
4215,668320
4216,665747
4217,657165
4218,663154
4219,662947
4220,1225852
4221,688275
4222,671059
4223,1271721
4224,751052
4225,1195261
4226,675397
4227,669093
4228,668701
4229,1073401
4230,1855168
4231,682985
4232,1326047
4233,804225
4234,675855
4235,667817
4236,669733
4237,665652
4238,661464
4239,1112778
4240,677131
4241,663881
4242,1160730
4243,783043
4244,765732
4245,1247364
4246,659222
4247,668874
4248,654992
4249,1095896
4250,676838
4251,699919
4252,1227116
4253,695471
4254,1109192
4255,833536
4256,1158350
4257,722113
4258,722092
4259,713765
4260,717429
4261,1197884
4262,776822
4263,1127210
4264,766856
4265,1186223
4266,762687
4267,710593
4268,705624
4269,698553
4270,1170729
4271,1214708
4272,773200
4273,703009
4274,1563703
4275,765624
4276,710308
4277,703567
4278,1336955
4279,775381
4280,1097226
4281,702856
4282,706330
4283,1164719
4284,756203
4285,1273902
4286,716153
4287,703860
4288,10321056
4289,901611
4290,1554181
4291,705673
4292,689139
4293,685078
4294,1262123
4295,1294985
4296,705004
4297,2509349
4298,789412
4299,756665
4300,683893
4301,677961
4302,1181250
4303,688800
4304,1305568
4305,687074
4306,675009
4307,675488
4308,677912
4309,667862
4310,673439
4311,1281771
4312,677049
4313,671980
4314,1383973
4315,691312
4316,683409
4317,675934
4318,676611
4319,667474
4320,1199169
4321,690184
4322,672290
4323,684926
4324,1297538
4325,753448
4326,675681
4327,662105
4328,659048
4329,668623
4330,992326
4331,657734
4332,660721
4333,1106164
4334,893102
4335,1140903
4336,4660389
4337,756789
4338,1335361
4339,738421
4340,728235
4341,1292697
4342,771271
4343,711287
4344,1479002
4345,713295
4346,711373
4347,708697
4348,1187937
4349,720399
4350,1273205
4351,763381
4352,710498
4353,700643
4354,1303329
4355,720233
4356,703786
4357,715005
4358,1294518
4359,773918
4360,709846
4361,705421
4362,707586
4363,1274758
4364,764699
4365,1372660
4366,712171
4367,1220742
4368,697921
4369,702042
4370,1204909
4371,704566
4372,704174
4373,703628
4374,1233564
4375,674781
4376,1077403
4377,1242704
4378,666685
4379,670981
4380,1094971
4381,722456
4382,662794
4383,1149920
4384,680250
4385,664929
4386,1222873
4387,703038
4388,658548
4389,730536
4390,671361
4391,1127838
4392,705277
4393,1003970
4394,725926
4395,663195
4396,1083831
4397,649626
4398,668362
4399,663529
4400,665198
4401,667726
4402,17387481
4403,1658632
4404,1279735
4405,894726
4406,694264
4407,672835
4408,667226
4409,673270
4410,1156161
4411,1087428
4412,697511
4413,1351987
4414,748756
4415,714266
4416,714596
4417,775517
4418,713782
4419,711010
4420,1432888
4421,1234729
4422,881660
4423,1309004
4424,732579
4425,764414
4426,758599
4427,754546
4428,1448286
4429,809631
4430,2152515
4431,878310
4432,759978
4433,762361
4434,746537
4435,1410174
4436,808413
4437,1571092
4438,1600304
4439,1635145
4440,905424
4441,824444
4442,1393812
4443,890838
4444,1441942
4445,882408
4446,1629345
4447,929892
4448,1415560
4449,874461
4450,1517172
4451,879652
4452,837099
4453,802052
4454,800573
4455,1396398
4456,1407749
4457,952339
4458,1325542
4459,805848
4460,805452
4461,868851
4462,1502310
4463,864432
4464,946225
4465,1531162
4466,1428348
4467,888071
4468,959269
4469,868285
4470,869694
4471,856802
4472,1394325
4473,1544809
4474,1538280
4475,820420
4476,808632
4477,807566
4478,812035
4479,1454515
4480,846431
4481,1449877
4482,1406407
4483,825670
4484,815509
4485,801788
4486,815076
4487,1338224
4488,810140
4489,885841
4490,1334304
4491,1406031
4492,801424
4493,880533
4494,812238
4495,1347592
4496,1447977
4497,797876
4498,1243662
4499,17097457
4500,1400198
4501,1765642
4502,866753
4503,1489381
4504,858595
4505,4626453
4506,1731870
4507,894865
4508,838970
4509,810363
4510,1513566
4511,962061
4512,816426
4513,810660
4514,1363676
4515,808789
4516,801552
4517,796170
4518,1500245
4519,1380533
4520,1068544
4521,895151
4522,1752804
4523,838157
4524,808202
4525,808503
4526,1435110
4527,1350057
4528,859276
4529,1461095
4530,888773
4531,809908
4532,807686
4533,1383540
4534,830127
4535,817240
4536,1577668
4537,824572
4538,817657
4539,812539
4540,807063
4541,945316
4542,1515698
4543,821593
4544,1536816
4545,805905
4546,812903
4547,811007
4548,808561
4549,1472413
4550,824278
4551,884110
4552,1327869
4553,1464544
4554,807760
4555,803539
4556,805328
4557,806208
4558,805910
4559,1430277
4560,1421512
4561,925659
4562,1350367
4563,826806
4564,817368
4565,799829
4566,800730
4567,1347728
4568,853787
4569,1568039
4570,971669
4571,1621423
4572,885183
4573,867831
4574,871516
4575,1392074
4576,868253
4577,1489485
4578,1460414
4579,972888
4580,879219
4581,866055
4582,1504549
4583,880603
4584,1642031
4585,936353
4586,1518878
4587,1297504
4588,983181
4589,1520642
4590,890049
4591,1465131
4592,15760634
4593,2513513
4594,1144273
4595,1867762
4596,1029254
4597,878046
4598,1627640
4599,862581
4600,1836357
4601,873040
4602,858905
4603,862982
4604,1649498
4605,853073
4606,863494
4607,1422962
4608,1674517
4609,885638
4610,869261
4611,1625653
4612,1555470
4613,1421458
4614,945577
4615,1543351
4616,884468
4617,948766
4618,865960
4619,1556871
4620,1503842
4621,954866
4622,1553211
4623,874415
4624,872705
4625,1519948
4626,894035
4627,1685240
4628,1517804
4629,919818
4630,1649974
4631,876844
4632,866237
4633,875378
4634,1046007
4635,2003178
4636,930731
4637,1491645
4638,867509
4639,864762
4640,1405098
4641,949682
4642,1576376
4643,1612419
4644,983809
4645,882659
4646,873940
4647,1549704
4648,1493223
4649,922470
4650,867654
4651,1675682
4652,878885
4653,861735
4654,863168
4655,1581770
4656,958357
4657,883242
4658,1509799
4659,950929
4660,972123
4661,873779
4662,1731300
4663,944879
4664,875560
4665,863379
4666,876725
4667,873387
4668,1606401
4669,1549820
4670,868442
4671,871607
4672,861429
4673,16724121
4674,3293913
4675,1851590
4676,998931
4677,983929
4678,1145228
4679,2423628
4680,976593
4681,1044917
4682,1028758
4683,916865
4684,930380
4685,934709
4686,939856
4687,928018
4688,937505
4689,993838
4690,1863433
4691,958303
4692,951355
4693,952404
4694,955151
4695,958848
4696,2174791
4697,1822189
4698,982309
4699,951925
4700,950624
4701,1596756
4702,957811
4703,1585227
4704,1023107
4705,954635
4706,957559
4707,1047313
4708,1635442
4709,948807
4710,5440801
4711,1703345
4712,2398911
4713,1819533
4714,1739760
4715,942623
4716,915919
4717,884485
4718,1513240
4719,894077
4720,867840
4721,1629511
4722,867798
4723,881570
4724,875072
4725,878314
4726,1451888
4727,878488
4728,1572257
4729,1056308
4730,909017
4731,898418
4732,890446
4733,1445659
4734,879529
4735,1499666
4736,2519477
4737,959278
4738,880524
4739,872156
4740,876716
4741,866642
4742,1435949
4743,886642
4744,1628767
4745,1624814
4746,885737
4747,873337
4748,865493
4749,876625
4750,1500555
4751,902784
4752,1843792
4753,1640184
4754,931045
4755,904973
4756,16280487
4757,2479155
4758,1121922
4759,1598238
4760,2014091
4761,1754068
4762,942231
4763,906394
4764,878389
4765,955064
4766,1466870
4767,896265
4768,1624864
4769,1699813
4770,902082
4771,867926
4772,920991
4773,1574169
4774,899917
4775,7183023
4776,1277542
4777,1134958
4778,933358
4779,911383
4780,1738830
4781,1034066
4782,1550419
4783,1736124
4784,1120630
4785,985973
4786,974069
4787,1747165
4788,1044144
4789,1009084
4790,1036453
4791,2086124
4792,1121700
4793,1070608
4794,1102827
4795,1037382
4796,1041451
4797,1745526
4798,1901690
4799,2248410
4800,1009071
4801,1001756
4802,956147
4803,956457
4804,932487
4805,1626648
4806,885737
4807,1309855
4808,5227037
4809,1897526
4810,888785
4811,1307661
4812,1725741
4813,848384
4814,827727
4815,835138
4816,940975
4817,1436907
4818,851061
4819,820512
4820,1496932
4821,1483566
4822,976977
4823,837409
4824,806170
4825,1371789
4826,861900
4827,824972
4828,13217225
4829,2273821
4830,986292
4831,966737
4832,928443
4833,1634464
4834,1106545
4835,1519365
4836,1661502
4837,1022256
4838,895510
4839,884882
4840,897848
4841,1480166
4842,866026
4843,1302428
4844,1527341
4845,892098
4846,949525
4847,893044
4848,1757260
4849,876340
4850,881268
4851,1441756
4852,1659119
4853,927555
4854,1785323
4855,1071612
4856,4686998
4857,5436113
4858,2198417
4859,4756842
4860,2922803
4861,3370155
4862,3459036
4863,2790844
4864,3786792
4865,2634783
4866,1236306
4867,1871430
4868,1162203
4869,982578
4870,1593199
4871,1999638
4872,2894520
4873,1013772
4874,1097900
4875,1646140
4876,971545
4877,1617405
4878,1061559
4879,1584892
4880,990033
4881,1018782
4882,1310611
4883,1562505
4884,1784110
4885,1526933
4886,946415
4887,950558
4888,960066
4889,1638338
4890,1062901
4891,17919361
4892,1300458
4893,1084524
4894,1657702
4895,924035
4896,1545330
4897,1772792
4898,947303
4899,894204
4900,885753
4901,890789
4902,1632600
4903,887835
4904,870091
4905,1676455
4906,877951
4907,888496
4908,862713
4909,884395
4910,1495672
4911,981462
4912,1650605
4913,1472112
4914,880433
4915,868000
4916,886005
4917,885138
4918,1602820
4919,896411
4920,1639507
4921,1589759
4922,902982
4923,866550
4924,860355
4925,1476800
4926,868951
4927,1500269
4928,1080753
4929,894965
4930,872330
4931,6639321
4932,1131761
4933,1905425
4934,1943934
4935,937179
4936,909145
4937,902557
4938,935188
4939,2016082
4940,2100792
4941,1903772
4942,1012434
4943,946155
4944,963305
4945,967720
4946,2351120
4947,935283
4948,2222466
4949,1054760
4950,1017420
4951,1141816
4952,4169628
4953,2203122
4954,1044962
4955,984718
4956,946667
4957,2027804
4958,1047399
4959,1033487
4960,1642047
4961,1103814
4962,896567
4963,889128
4964,882028
4965,1485693
4966,910579
4967,15838731
4968,2650623
4969,1006994
4970,940190
4971,925065
4972,1688764
4973,1978820
4974,910310
4975,893507
4976,875803
4977,1379442
4978,901425
4979,867538
4980,1480517
4981,1656595
4982,1040580
4983,879169
4984,880446
4985,1446684
4986,879504
4987,876258
4988,1741445
4989,935209
4990,941359
4991,968265
4992,2257472
4993,964974
4994,1637850
4995,1021690
4996,1829017
4997,986523
4998,948179
4999,1015222
5000,1570712
5001,1050580
5002,2343772
5003,984271
5004,962372
5005,964102
5006,953494
5007,1750483
5008,943202
5009,1528911
5010,1647416
5011,958856
5012,941211
5013,894035
5014,3648001
5015,874015
5016,1565768
5017,1309595
5018,888422
5019,1513913
5020,905729
5021,996576
5022,1561687
5023,901057
5024,886811
5025,1607796
5026,879529
5027,1495499
5028,1543976
5029,940599
5030,882213
5031,2192792
5032,1000195
5033,890838
5034,1537271
5035,1508861
5036,941867
5037,864828
5038,1961117
5039,1046337
5040,897331
5041,1624455
5042,1587433
5043,963503
5044,890620
5045,1946940
5046,971269
5047,942581
5048,1515355
5049,1497568
5050,13714350
5051,2985368
5052,2230694
5053,3128356
5054,3805991
5055,2021104
5056,1189094
5057,12090453
5058,3279588
5059,1142038
5060,1005953
5061,4988868
5062,2114496
5063,1019386
5064,1843986
5065,961838
5066,1066470
5067,1652250
5068,1245770
5069,972069
5070,1906068
5071,1890761
5072,1865143
5073,1114133
5074,1929092
5075,981067
5076,9823476
5077,3435091
5078,1256100
5079,1013471
5080,2264766
5081,1334767
5082,4231633
5083,1490369
5084,1044111
5085,1990993
5086,1304708
5087,985763
5088,1647735
5089,962239
5090,954970
5091,1581468
5092,1818062
5093,1942699
5094,1030183
5095,988282
5096,16096677
5097,2163122
5098,1738620
5099,1848228
5100,969319
5101,956734
5102,954168
5103,946163
5104,1729387
5105,1604377
5106,2065231
5107,984040
5108,955903
5109,956506
5110,1594628
5111,1012062
5112,1653860
5113,1751189
5114,959138
5115,945746
5116,932797
5117,902788
5118,1526143
5119,1740297
5120,1609366
5121,886150
5122,874713
5123,866294
5124,1399765
5125,873073
5126,855559
5127,1430830
5128,1617078
5129,954656
5130,872094
5131,881676
5132,895721
5133,1541071
5134,1520774
5135,987746
5136,1630453
5137,970847
5138,886274
5139,878128
5140,7963546
5141,2068643
5142,958649
5143,1580596
5144,1082645
5145,1023000
5146,1025090
5147,1823635
5148,1182733
5149,1017866
5150,1696686
5151,955989
5152,1590816
5153,1713605
5154,880483
5155,892297
5156,1011578
5157,1547131
5158,2132750
5159,977225
5160,888265
5161,887740
5162,1413850
5163,895940
5164,1278834
5165,1586780
5166,943209
5167,1583455
5168,905163
5169,910549
5170,908261
5171,18081349
5172,2662808
5173,2137260
5174,1275273
5175,1007515
5176,1669449
5177,982309
5178,1779921
5179,943131
5180,1702898
5181,912222
5182,1023127
5183,904060
5184,1294782
5185,888943
5186,1580353
5187,1678268
5188,1070472
5189,981740
5190,974692
5191,1745237
5192,990951
5193,1672857
5194,1746261
5195,974800
5196,961533
5197,960055
5198,1620428
5199,980579
5200,1674682
5201,948443
5202,948278
5203,946969
5204,950282
5205,1591253
5206,966518
5207,1845742
5208,1669482
5209,933363
5210,943396
5211,1615066
5212,953932
5213,946172
5214,1533207
5215,1541187
5216,971756
5217,960579
5218,943862
5219,947398
5220,1673477
5221,1826580
5222,964201
5223,1583802
5224,1042331
5225,944746
5226,953672
5227,1559085
5228,1629998
5229,975552
5230,909975
5231,889479
5232,950583
5233,902300
5234,1514231
5235,882263
5236,974383
5237,1475114
5238,873234
5239,873808
5240,863532
5241,864828
5242,1466676
5243,867905
5244,1455610
5245,939719
5246,1607289
5247,889690
5248,877935
5249,1572258
5250,941347
5251,1506250
5252,1449786
5253,924845
5254,1431236
5255,879041
5256,878042
5257,879644
5258,15658705
5259,1297707
5260,970976
5261,1819579
5262,919380
5263,897104
5264,1670019
5265,1033025
5266,905196
5267,901718
5268,1283617
5269,1645392
5270,917402
5271,1645410
5272,996589
5273,887757
5274,893288
5275,1504012
5276,1730825
5277,890627
5278,1520373
5279,990967
5280,905654
5281,992978
5282,1568766
5283,908120
5284,1821714
5285,1620692
5286,984004
5287,882606
5288,885737
5289,1656054
5290,996353
5291,1558717
5292,1605690
5293,878096
5294,882280
5295,880574
5296,1443462
5297,873841
5298,1495991
5299,963623
5300,1538015
5301,981488
5302,887253
5303,875167
5304,865667
5305,1500134
5306,868000
5307,1669767
5308,1616818
5309,953226
5310,902193
5311,892069
5312,1649011
5313,912804
5314,1541542
5315,1129994
5316,971417
5317,977022
5318,961351
5319,1735179
5320,939972
5321,1651155
5322,1009996
5323,950810
5324,1022434
5325,1566565
5326,984313
5327,7951059
5328,2204819
5329,1023657
5330,987696
5331,962987
5332,1556685
5333,954201
5334,14876636
5335,2136013
5336,1041926
5337,983396
5338,1715393
5339,1702073
5340,1391128
5341,1693469
5342,1694067
5343,1061790
5344,974788
5345,979992
5346,1105376
5347,1038993
5348,1766910
5349,963103
5350,961276
5351,1657929
5352,995098
5353,1868617
5354,1754275
5355,979579
5356,971554
5357,976803
5358,969464
5359,1715109
5360,1961595
5361,2875280
5362,1091935
5363,963110
5364,957514
5365,1921673
5366,958881
5367,1867972
5368,959488
5369,1465920
5370,1975094
5371,1002091
5372,955275
5373,1660589
5374,1740445
5375,951355
5376,959327
5377,2673151
5378,948951
5379,1034912
5380,2039882
5381,974830
5382,938472
5383,947588
5384,2322173
5385,2083286
5386,1259867
5387,1443569
5388,3223090
5389,2846581
5390,1773180
5391,1075255
5392,979464
5393,1619610
5394,972285
5395,1754118
5396,945961
5397,1667033
5398,1053810
5399,1147920
5400,2125389
5401,1354589
5402,2314316
5403,1600448
5404,1071447
5405,976989
5406,20907426
5407,2611408
5408,2135777
5409,1210970
5410,1085165
5411,2084050
5412,1922806
5413,1148808
5414,1827894
5415,1044767
5416,1264200
5417,1812879
5418,1060311
5419,4443560
5420,1254452
5421,2281247
5422,1130196
5423,981570
5424,1751247
5425,1457906
5426,1093727
5427,1874932
5428,2362529
5429,1219565
5430,1868018
5431,1185009
5432,1017427
5433,1668677
5434,1493962
5435,1094215
5436,952037
5437,2141213
5438,1212923
5439,986197
5440,957493
5441,1466750
5442,1016952
5443,985817
5444,1823615
5445,1931607
5446,950124
5447,968749
5448,958522
5449,1658850
5450,969811
5451,1424643
5452,1153596
5453,1032905
5454,946684
5455,950979
5456,2960783
5457,1761710
5458,1543326
5459,1051100
5460,1046705
5461,948612
5462,1424466
5463,935721
5464,1609730
5465,1020951
5466,935259
5467,1558895
5468,1018275
5469,947944
5470,15226945
5471,2287043
5472,1649094
5473,1271502
5474,1009914
5475,964284
5476,1718339
5477,955105
5478,941120
5479,1695761
5480,1770478
5481,1071555
5482,957341
5483,1739425
5484,942553
5485,945543
5486,1511212
5487,1820508
5488,969620
5489,1873379
5490,1069242
5491,948530
5492,1524987
5493,1002235
5494,1665472
5495,963004
5496,1719698
5497,991884
5498,933375
5499,932363
5500,1594327
5501,962727
5502,1806914
5503,1654298
5504,934585
5505,1578539
5506,962280
5507,953379
5508,1895011
5509,971165
5510,1679400
5511,875373
5512,887712
5513,984160
5514,1426010
5515,1524818
5516,877860
5517,860561
5518,1653196
5519,951306
5520,1472884
5521,1054364
5522,1970286
5523,957266
5524,1594223
5525,922057
5526,941884
5527,1753073
5528,939703
5529,1024449
5530,1737694
5531,915539
5532,941694
5533,935172
5534,1686781
5535,968088
5536,1541919
5537,2134216
5538,983532
5539,945812
5540,952760
5541,952801
5542,1577032
5543,951623
5544,1541666
5545,2254060
5546,947270
5547,953024
5548,1671726
5549,953194
5550,951144
5551,1567325
5552,16493380
5553,2335506
5554,1040972
5555,1780587
5556,1735728
5557,2127145
5558,999728
5559,989869
5560,1457241
5561,971587
5562,970596
5563,1592576
5564,1988730
5565,975271
5566,970380
5567,1719888
5568,963363
5569,952177
5570,1636157
5571,934181
5572,7015652
5573,2118644
5574,1039848
5575,1927015
5576,990306
5577,1739474
5578,950657
5579,963573
5580,2198868
5581,1154608
5582,1881050
5583,1685492
5584,946989
5585,971083
5586,1552146
5587,949418
5588,953916
5589,1639548
5590,1456474
5591,881540
5592,890838
5593,894539
5594,895621
5595,1484355
5596,892069
5597,1546808
5598,1937072
5599,971318
5600,976853
5601,971058
5602,1598222
5603,963379
5604,1696264
5605,1816778
5606,1030075
5607,964213
5608,1544896
5609,953329
5610,950265
5611,1639445
5612,1577627
5613,940240
5614,959393
5615,1978279
5616,968299
5617,936650
5618,1667285
5619,929315
5620,955229
5621,940653
5622,1500096
5623,1020678
5624,1670849
5625,1046428
5626,19312158
5627,1300529
5628,1972319
5629,1034842
5630,1877510
5631,2057040
5632,984201
5633,964239
5634,1744861
5635,1448208
5636,1041290
5637,961760
5638,1493934
5639,919567
5640,1047090
5641,1396147
5642,1017663
5643,1537899
5644,940661
5645,1436386
5646,1010902
5647,944284
5648,944560
5649,1648672
5650,948806
5651,1011248
5652,934771
5653,1035912
5654,840524
5655,867583
5656,852792
5657,854733
5658,853283
5659,950491
5660,1631733
5661,1446102
5662,868033
5663,868017
5664,869896
5665,876402
5666,880557
5667,1470467
5668,1597647
5669,1560254
5670,897852
5671,876861
5672,864357
5673,864543
5674,1370826
5675,869896
5676,1548865
5677,935642
5678,871693
5679,866055
5680,871094
5681,876311
5682,878377
5683,869132
5684,1885527
5685,948418
5686,937832
5687,1005767
5688,1523946
5689,955284
5690,944854
5691,1654431
5692,918273
5693,914353
5694,861713
5695,862982
5696,1361098
5697,4216957
5698,1611650
5699,1622224
5700,919786
5701,901660
5702,890211
5703,1095033
5704,1461542
5705,1672369
5706,983561
5707,1483136
5708,880239
5709,868417
5710,882296
5711,871726
5712,1772027
5713,1518163
5714,873672
5715,17295634
5716,2583589
5717,1021575
5718,1908068
5719,996709
5720,1737946
5721,914482
5722,6360855
5723,1737563
5724,1010818
5725,926468
5726,1014751
5727,1037105
5728,903139
5729,1614410
5730,1588920
5731,1049658
5732,1514413
5733,1047486
5734,1897790
5735,968332
5736,1685183
5737,1066883
5738,1537320
5739,1084227
5740,970476
5741,1840277
5742,963474
5743,945048
5744,1845828
5745,946456
5746,1571803
5747,1594744
5748,1031120
5749,1041997
5750,1566503
5751,1752280
5752,946845
5753,1473322
5754,1016672
5755,1645996
5756,942974
5757,1704150
5758,1024660
5759,941649
5760,938774
5761,1556978
5762,1813532
5763,956766
5764,1679755
5765,1019468
5766,951029
5767,949190
5768,1512955
5769,1930526
5770,880652
5771,1564016
5772,934114
5773,968340
5774,870037
5775,1460769
5776,1473706
5777,969187
5778,1583769
5779,1349273
5780,933701
5781,872598
5782,939687
5783,1496812
5784,931161
5785,1522286
5786,1677302
5787,868839
5788,878331
5789,884866
5790,1490043
5791,959979
5792,1467973
5793,877303
5794,16873379
5795,1117854
5796,966361
5797,2095822
5798,956667
5799,918918
5800,1606149
5801,1466866
5802,1059659
5803,906803
5804,1691701
5805,912206
5806,902214
5807,1449588
5808,1030910
5809,1500444
5810,901611
5811,1655504
5812,1032290
5813,893428
5814,1653968
5815,972140
5816,1496057
5817,904593
5818,1573145
5819,1646442
5820,907815
5821,1612691
5822,960785
5823,873304
5824,861933
5825,2183081
5826,1020043
5827,980530
5828,1585479
5829,870260
5830,866154
5831,864324
5832,1475122
5833,1531146
5834,882325
5835,863234
5836,1676967
5837,895134
5838,1436436
5839,937456
5840,1571484
5841,878806
5842,1459097
5843,939141
5844,866547
5845,955940
5846,1629920
5847,868554
5848,867798
5849,1588098
5850,893556
5851,891863
5852,890487
5853,1533455
5854,1270024
5855,877980
5856,1582575
5857,1392875
5858,888624
5859,881532
5860,880053
5861,6352090
5862,1889959
5863,1782458
5864,1118449
5865,974321
5866,957919
5867,1048741
5868,1594525
5869,1060084
5870,1663551
5871,14804166
5872,1431099
5873,1824886
5874,966014
5875,2230879
5876,1012954
5877,910707
5878,897679
5879,1408447
5880,982863
5881,897584
5882,1574591
5883,1383024
5884,1284663
5885,929979
5886,902317
5887,896307
5888,1699673
5889,889575
5890,1622832
5891,868083
5892,874378
5893,884226
5894,871929
5895,1533562
5896,1402099
5897,1982389
5898,1009856
5899,894093
5900,888439
5901,889132
5902,890570
5903,1572315
5904,875646
5905,1514677
5906,1485932
5907,989245
5908,872437
5909,874036
5910,1531522
5911,1525355
5912,965890
5913,863436
5914,2141874
5915,985614
5916,898500
5917,1437113
5918,1508952
5919,970026
5920,884535
5921,892528
5922,2731599
5923,1066048
5924,992058
5925,1577941
5926,949034
5927,893540
5928,897315
5929,2065264
5930,961339
5931,1491802
5932,1484917
5933,908129
5934,902999
5935,901660
5936,2456775
5937,3400650
5938,913771
5939,883949
5940,1784853
5941,865472
5942,875811
5943,1594323
5944,1521675
5945,1037576
5946,891040
5947,1477766
5948,853845
5949,877777
5950,870801
5951,875043
5952,886778
5953,1662262
5954,875258
5955,1567333
5956,898434
5957,876765
5958,15841445
5959,1111410
5960,2065458
5961,934064
5962,1622943
5963,898389
5964,916282
5965,1712862
5966,918336
5967,979216
5968,1884441
5969,957374
5970,971083
5971,969571
5972,1564992
5973,964077
5974,961752
5975,1046007
5976,1050988
5977,1053615
5978,1622741
5979,957952
5980,1582356
5981,987460
5982,1733799
5983,953260
5984,957481
5985,960141
5986,1713328
5987,958092
5988,962722
5989,1056333
5990,1008845
5991,963272
5992,939327
5993,931884
5994,953466
5995,1078432
5996,950125
5997,1036606
5998,1001008
5999,946196
6000,953362
6001,953747
6002,1839169
6003,968968
6004,1882846
6005,8383500
6006,1501831
6007,1076313
6008,979608
6009,1939427
6010,1931405
6011,1610498
6012,964866
6013,963297
6014,1050955
6015,1679330
6016,1719355
6017,1046230
6018,966733
6019,1805121
6020,969832
6021,946230
6022,1898076
6023,979811
6024,2240483
6025,1059399
6026,970442
6027,960777
6028,1749917
6029,1810950
6030,1521468
6031,1352169
6032,961252
6033,954887
6034,14840746
6035,2464550
6036,2190495
6037,1130518
6038,983850
6039,978464
6040,1679115
6041,1047308
6042,1636339
6043,1542150
6044,1267793
6045,969538
6046,959084
6047,950670
6048,1651069
6049,1761255
6050,1073644
6051,1825279
6052,948236
6053,944593
6054,1674769
6055,1643592
6056,1019844
6057,1845854
6058,1549403
6059,932871
6060,941475
6061,1607115
6062,1009055
6063,947815
6064,933453
6065,1824821
6066,1035672
6067,7634228
6068,2171320
6069,1036441
6070,1883264
6071,997519
6072,952706
6073,952379
6074,1550121
6075,1189230
6076,941128
6077,1595062
6078,1685773
6079,961132
6080,947489
6081,1540703
6082,1549411
6083,1120150
6084,954242
6085,1587610
6086,960475
6087,939914
6088,1581402
6089,1061715
6090,1037222
6091,1034037
6092,1627136
6093,1850838
6094,1030282
6095,1697590
6096,1023421
6097,1496081
6098,1094694
6099,1084888
6100,1152778
6101,1743857
6102,1014880
6103,1021005
6104,932185
6105,1490315
6106,940863
6107,1672820
6108,13881382
6109,1131369
6110,981488
6111,2023616
6112,976990
6113,1741536
6114,1058746
6115,1541282
6116,951942
6117,936791
6118,940376
6119,1484351
6120,1435498
6121,1586470
6122,892288
6123,874523
6124,861478
6125,867748
6126,873192
6127,1304878
6128,1443243
6129,968935
6130,885266
6131,898942
6132,1423400
6133,876497
6134,6214431
6135,1259511
6136,1676046
6137,1039232
6138,880335
6139,1515892
6140,884209
6141,1473363
6142,966485
6143,876753
6144,1649061
6145,879075
6146,867575
6147,874729
6148,1590497
6149,860859
6150,876228
6151,869847
6152,870322
6153,1697851
6154,883998
6155,875885
6156,1522525
6157,886493
6158,888059
6159,1437159
6160,1281833
6161,947758
6162,886576
6163,1550460
6164,858744
6165,883036
6166,873598
6167,1480703
6168,1521893
6169,954945
6170,1547428
6171,1553827
6172,946465
6173,876183
6174,879450
6175,1622655
6176,873420
6177,960059
6178,909112
6179,892941
6180,998469
6181,1116057
6182,2090349
6183,879545
6184,1630200
6185,2184720
6186,983449
6187,1039402
6188,876418
6189,1736252
6190,1482455
6191,15499558
6192,1336022
6193,953991
6194,1663134
6195,899901
6196,1453033
6197,958575
6198,876525
6199,1622993
6200,963656
6201,1063950
6202,1554318
6203,1649329
6204,1023525
6205,937823
6206,1806035
6207,948782
6208,938108
6209,1667173
6210,1038143
6211,930752
6212,939451
6213,1561100
6214,1786981
6215,967666
6216,1504917
6217,1085475
6218,939435
6219,938203
6220,1972360
6221,1031149
6222,943826
6223,1465771
6224,924799
6225,935807
6226,1514264
6227,1014643
6228,1519097
6229,944176
6230,1466940
6231,1005792
6232,956167
6233,946519
6234,1621877
6235,1914259
6236,978501
6237,1446432
6238,1020306
6239,969423
6240,922962
6241,1532521
6242,954354
6243,877459
6244,866170
6245,1681341
6246,876274
6247,864465
6248,1436639
6249,964201
6250,868570
6251,1344944
6252,1419675
6253,930111
6254,862110
6255,1288566
6256,933036
6257,1538176
6258,886794
6259,870941
6260,964895
6261,955841
6262,866600
6263,1268173
6264,924448
6265,1501228
6266,1399873
6267,939055
6268,880954
6269,870954
6270,937125
6271,1462805
6272,877178
6273,1497903
6274,1555276
6275,899529
6276,874395
6277,870524
6278,1402524
6279,944755
6280,13607972
6281,5421825
6282,1762792
6283,878455
6284,835303
6285,816711
6286,1809909
6287,827104
6288,1548135
6289,811081
6290,806208
6291,798429
6292,1505631
6293,1418588
6294,922689
6295,1496309
6296,913899
6297,1329925
6298,820334
6299,820747
6300,1535450
6301,1467783
6302,1364609
6303,1678561
6304,1486514
6305,887984
6306,950174
6307,4572928
6308,984313
6309,904155
6310,1621147
6311,1626743
6312,883841
6313,1652820
6314,900364
6315,879512
6316,873779
6317,1487762
6318,955399
6319,1495362
6320,1543546
6321,889604
6322,987291
6323,876699
6324,1516346
6325,1554000
6326,948472
6327,872263
6328,1745431
6329,951144
6330,934850
6331,1640036
6332,1853313
6333,1032277
6334,946473
6335,1647619
6336,939955
6337,935440
6338,1491443
6339,1816279
6340,944895
6341,953664
6342,1784981
6343,947262
6344,941657
6345,1501200
6346,1034594
6347,1621758
6348,957807
6349,1878166
6350,954561
6351,932991
6352,1600146
6353,1009811
6354,925969
6355,1013739
6356,1527821
6357,1722664
6358,958418
6359,1526949
6360,13388366
6361,1027296
6362,2352987
6363,1105780
6364,917559
6365,1618817
6366,1503669
6367,964656
6368,889178
6369,3775223
6370,983548
6371,893444
6372,892180
6373,1655839
6374,1014041
6375,1515763
6376,1875597
6377,893271
6378,869248
6379,1335266
6380,886480
6381,1643984
6382,870834
6383,1626057
6384,1745993
6385,836208
6386,1538031
6387,841643
6388,1605892
6389,1567590
6390,927411
6391,1516689
6392,942565
6393,841486
6394,833861
6395,1598197
6396,822242
6397,1064541
6398,1988143
6399,1851322
6400,986564
6401,1806208
6402,1572339
6403,940999
6404,955064
6405,1525557
6406,936080
6407,933395
6408,1459737
6409,1022215
6410,1713146
6411,1703398
6412,1276376
6413,951041
6414,1720267
6415,1855828
6416,1062034
6417,947130
6418,1479741
6419,1043574
6420,958638
6421,1585781
6422,933511
6423,8867238
6424,1435565
6425,1034714
6426,2376473
6427,1844321
6428,1000344
6429,991405
6430,15500682
6431,1185063
6432,1003020
6433,1862429
6434,969203
6435,1789177
6436,957043
6437,951677
6438,1786914
6439,1546131
6440,1057300
6441,963813
6442,1831463
6443,966006
6444,947162
6445,2289285
6446,1138957
6447,1690845
6448,1596855
6449,1326348
6450,971000
6451,1743225
6452,1963042
6453,1445238
6454,1045103
6455,956960
6456,951587
6457,946448
6458,1577024
6459,1791970
6460,1657020
6461,1065908
6462,969839
6463,958596
6464,1630093
6465,954672
6466,1503996
6467,1429203
6468,1048395
6469,908699
6470,886415
6471,1320987
6472,880082
6473,8345730
6474,1303874
6475,1677024
6476,1043558
6477,902685
6478,1565830
6479,1746455
6480,895720
6481,1485804
6482,955519
6483,1607111
6484,883982
6485,1594157
6486,954420
6487,870227
6488,941901
6489,1348406
6490,881409
6491,1565421
6492,872486
6493,1270606
6494,863436
6495,814881
6496,809503
6497,803712
6498,1386006
6499,1172791
6500,876827
6501,1333891
6502,857864
6503,802775
6504,805980
6505,1302329
6506,11716752
6507,2334692
6508,1090250
6509,1898154
6510,918922
6511,1865255
6512,1000240
6513,896575
6514,1525776
6515,985304
6516,1116185
6517,1004090
6518,876038
6519,1773680
6520,881057
6521,1396464
6522,952809
6523,999324
6524,925382
6525,1508894
6526,1440203
6527,959410
6528,1540527
6529,1478101
6530,872135
6531,960913
6532,881065
6533,1300986
6534,933160
6535,1558101
6536,1402598
6537,932387
6538,941334
6539,945002
6540,1029386
6541,1749834
6542,1505519
6543,1037774
6544,1991129
6545,877236
6546,880904
6547,875819
6548,1494933
6549,877877
6550,870701
6551,1574529
6552,867624
6553,875658
6554,875828
6555,869405
6556,1400929
6557,861825
6558,1408749
6559,1514021
6560,864117
6561,871400
6562,877641
6563,930401
6564,6923334
6565,1072521
6566,1829116
6567,1824676
6568,972558
6569,971091
6570,972301
6571,1824618
6572,1572744
6573,2186001
6574,1472000
6575,971162
6576,887699
6577,883622
6578,1504632
6579,1095686
6580,1507250
6581,912425
6582,1465082
6583,879661
6584,900504
6585,12838766
6586,2194993
6587,1031083
6588,924825
6589,1631969
6590,901466
6591,833295
6592,1413446
6593,890536
6594,1535743
6595,1746389
6596,939719
6597,828966
6598,811928
6599,805344
6600,812399
6601,1029393
6602,1372887
6603,1359154
6604,759792
6605,751915
6606,829615
6607,1048407
6608,769523
6609,1166665
6610,753973
6611,1794762
6612,1020980
6613,823407
6614,811098
6615,808875
6616,813576
6617,1395242
6618,807695
6619,1313704
6620,874374
6621,1466742
6622,823886
6623,883639
6624,808901
6625,1206731
6626,819503
6627,1399084
6628,933734
6629,1491343
6630,881598
6631,882532
6632,878381
6633,968279
6634,1459667
6635,869516
6636,1448659
6637,938518
6638,1341594
6639,871689
6640,860375
6641,860594
6642,1268297
6643,1788591
6644,869231
6645,1951773
6646,956977
6647,871012
6648,879137
6649,1544793
6650,1037432
6651,956684
6652,868058
6653,1989452
6654,950062
6655,1668028
6656,1903553
6657,1046780
6658,881685
6659,861974
6660,1421116
6661,1293928
6662,1030989
6663,1483148
6664,862631
6665,881486
6666,905733
6667,6047168
6668,4905873
6669,21961203
6670,2045566
6671,2096425
6672,987225
6673,1881091
6674,1129874
6675,1799500
6676,1105210
6677,953462
6678,956551
6679,1745312
6680,897324
6681,881032
6682,1661535
6683,1687309
6684,897848
6685,883180
6686,1566701
6687,852160
6688,864650
6689,858083
6690,1441554
6691,1826993
6692,890318
6693,1371966
6694,1487919
6695,848451
6696,855749
6697,1403607
6698,1402313
6699,886443
6700,5503293
6701,1901128
6702,846017
6703,819153
6704,1519188
6705,922185
6706,817079
6707,815720
6708,1291850
6709,1396952
6710,891375
6711,814831
6712,1315944
6713,919748
6714,828532
6715,1413388
6716,813077
6717,2228814
6718,843300
6719,1438853
6720,811448
6721,797777
6722,798673
6723,1366225
6724,923383
6725,803655
6726,1387452
6727,1511373
6728,810635
6729,806542
6730,746637
6731,754092
6732,1264832
6733,769693
6734,1292089
6735,1396130
6736,762093
6737,755335
6738,750523
6739,744369
6740,744566
6741,1122728
6742,744740
6743,1135211
6744,803386
6745,1421479
6746,770127
6747,756219
6748,747880
6749,748289
6750,1299491
6751,762634
6752,1378223
6753,1219264
6754,883557
6755,816302
6756,915089
6757,11972236
6758,2621763
6759,1018229
6760,1589279
6761,1580192
6762,945878
6763,855576
6764,830143
6765,5197655
6766,1877687
6767,963107
6768,1779958
6769,841999
6770,836009
6771,1418195
6772,893106
6773,823242
6774,835195
6775,1230743
6776,907100
6777,1692654
6778,832073
6779,1606206
6780,838995
6781,825939
6782,828046
6783,816038
6784,1212795
6785,1211729
6786,888380
6787,1663299
6788,1173555
6789,863102
6790,808186
6791,1437208
6792,1732478
6793,888170
6794,1432880
6795,1043714
6796,874444
6797,865171
6798,1297880
6799,914829
6800,1568329
6801,872441
6802,1558961
6803,884428
6804,940583
6805,872689
6806,1468052
6807,942640
6808,1547036
6809,1549134
6810,914197
6811,950005
6812,950037
6813,1636661
6814,1653175
6815,977770
6816,1607665
6817,1004288
6818,884482
6819,854704
6820,1350343
6821,868351
6822,1617263
6823,860140
6824,1439166
6825,921649
6826,858839
6827,868161
6828,1478774
6829,878302
6830,1662866
6831,893825
6832,1568622
6833,874898
6834,881801
6835,878521
6836,1509287
6837,1307976
6838,833692
6839,1432776
6840,943527
6841,822746
6842,818599
6843,1319578
6844,11375709
6845,2025384
6846,1492054
6847,944973
6848,835947
6849,811263
6850,1407675
6851,812230
6852,1201308
6853,1366311
6854,818483
6855,843750
6856,830615
6857,5076568
6858,1036602
6859,863792
6860,1581084
6861,1379612
6862,776219
6863,843758
6864,770751
6865,763844
6866,758900
6867,1364775
6868,801528
6869,1762800
6870,835571
6871,761580
6872,752642
6873,749160
6874,801415
6875,1259227
6876,778318
6877,781205
6878,1199676
6879,817657
6880,1290136
6881,773779
6882,756905
6883,770118
6884,808029
6885,1498737
6886,791432
6887,761973
6888,2278715
6889,839909
6890,760875
6891,774460
6892,750536
6893,1388034
6894,777657
6895,1527366
6896,840532
6897,773249
6898,1399814
6899,786901
6900,768677
6901,764910
6902,1420987
6903,828694
6904,1758586
6905,2112956
6906,845811
6907,964089
6908,945791
6909,940946
6910,1041996
6911,1882879
6912,962850
6913,922252
6914,820664
6915,1441210
6916,769156
6917,750916
6918,778074
6919,1473991
6920,812879
6921,818103
6922,1599391
6923,816405
6924,802882
6925,808966
6926,1418415
6927,1088295
6928,1598577
6929,1480410
6930,975144
6931,959955
6932,881508
6933,1563212
6934,1329983
6935,931789
6936,864106
6937,1392347
6938,17473830
6939,1244835
6940,1828046
6941,2254651
6942,1256922
6943,1004247
6944,965528
6945,1703691
6946,952012
6947,1560469
6948,1291259
6949,952153
6950,984945
6951,880401
6952,1498791
6953,876885
6954,885852
6955,1357881
6956,1371558
6957,959695
6958,884110
6959,879830
6960,1453697
6961,873354
6962,1351991
6963,1426861
6964,952182
6965,1556259
6966,876968
6967,881578
6968,879864
6969,1637735
6970,1509531
6971,938158
6972,1520910
6973,874080
6974,862160
6975,1357736
6976,880132
6977,1618209
6978,870483
6979,940351
6980,1561518
6981,905530
6982,890301
6983,872978
6984,1515210
6985,1558011
6986,948596
6987,1418634
6988,873011
6989,876150
6990,865489
6991,1324543
6992,817405
6993,814043
6994,1754308
6995,4663326
6996,1428175
6997,852713
6998,835815
6999,829578
7000,1312874
7001,953044
7002,1618875
7003,814394
7004,822610
7005,811854
7006,816393
7007,823180
7008,1499498
7009,805125
7010,1924888
7011,885584
7012,811842
7013,814034
7014,818640
7015,1332692
7016,817178
7017,1369769
7018,3117756
7019,14512119
7020,1002739
7021,855621
7022,837856
7023,1654885
7024,827174
7025,1612931
7026,896658
7027,824386
7028,814497
7029,821358
7030,1322206
7031,852275
7032,807202
7033,1471339
7034,803749
7035,1673076
7036,830950
7037,815199
7038,826327
7039,815291
7040,1400872
7041,824555
7042,909104
7043,1494218
7044,820627
7045,880350
7046,1331665
7047,828739
7048,1319351
7049,1410149
7050,797992
7051,836430
7052,1549208
7053,871524
7054,867893
7055,1478270
7056,972912
7057,1264431
7058,860396
7059,1375547
7060,1450744
7061,885911
7062,877306
7063,1639705
7064,866518
7065,874989
7066,1414404
7067,1388228
7068,949150
7069,880326
7070,1688090
7071,929533
7072,1022347
7073,1507882
7074,1026912
7075,2047309
7076,2038457
7077,884841
7078,875096
7079,863135
7080,932689
7081,1378930
7082,877397
7083,1579824
7084,1423895
7085,869425
7086,887038
7087,815930
7088,1284377
7089,879752
7090,2874235
7091,1449952
7092,1296984
7093,833010
7094,822485
7095,872011
7096,864687
7097,1482917
7098,863452
7099,1461818
7100,941029
7101,871855
7102,860644
7103,873515
7104,1350805
7105,805431
7106,1373846
7107,1531257
7108,885543
7109,805241
7110,802424
7111,802540
7112,1248801
7113,11291821
7114,1897758
7115,1446927
7116,1192398
7117,831982
7118,798731
7119,795683
7120,1371132
7121,882404
7122,1136305
7123,772217
7124,1238805
7125,770280
7126,843526
7127,777148
7128,1225104
7129,770370
7130,1266636
7131,814667
7132,767057
7133,1118602
7134,825076
7135,760478
7136,756694
7137,1299247
7138,767413
7139,1451772
7140,751394
7141,763250
7142,1226616
7143,1220127
7144,764265
7145,756748
7146,754137
7147,1355378
7148,840235
7149,818078
7150,767405
7151,764063
7152,1222890
7153,761461
7154,777269
7155,1309875
7156,821536
7157,1281164
7158,1797327
7159,892238
7160,1478807
7161,801123
7162,799797
7163,6662151
7164,1227921
7165,847707
7166,830743
7167,1438716
7168,929546
7169,818437
7170,1506444
7171,883841
7172,818141
7173,824435
7174,1323085
7175,1244361
7176,911016
7177,1176289
7178,1332710
7179,796943
7180,814902
7181,881008
7182,1182163
7183,815948
7184,6186776
7185,2031774
7186,958885
7187,866038
7188,837335
7189,827223
7190,818740
7191,1441236
7192,1425470
7193,1464937
7194,832267
7195,923696
7196,802985
7197,815225
7198,1237917
7199,826505
7200,809731
7201,13384570
7202,1219247
7203,1132551
7204,982442
7205,1601419
7206,1462177
7207,1593661
7208,885923
7209,875216
7210,875696
7211,870028
7212,1482363
7213,6234827
7214,1317633
7215,1879215
7216,1239333
7217,1126083
7218,1658668
7219,896807
7220,1462933
7221,860532
7222,4813955
7223,1432066
7224,938042
7225,861515
7226,850405
7227,1790698
7228,1741721
7229,915002
7230,833056
7231,1520992
7232,848996
7233,828901
7234,1436663
7235,1598316
7236,979765
7237,1049431
7238,916142
7239,1530481
7240,1556041
7241,926423
7242,1549241
7243,900343
7244,930038
7245,1638640
7246,1031918
7247,895353
7248,2327844
7249,1586830
7250,950401
7251,903003
7252,899162
7253,2317154
7254,1305163
7255,1637991
7256,992326
7257,1444317
7258,874052
7259,876039
7260,1522777
7261,872172
7262,1142220
7263,1652803
7264,858872
7265,865290
7266,1425680
7267,882118
7268,872772
7269,1655703
7270,1948910
7271,903155
7272,869822
7273,870751
7274,854468
7275,869409
7276,2034827
7277,896861
7278,1479704
7279,17676488
7280,1134657
7281,1774948
7282,1838687
7283,943949
7284,905890
7285,1558643
7286,1386877
7287,890099
7288,880367
7289,2804151
7290,890999
7291,966048
7292,1793837
7293,889496
7294,881098
7295,880367
7296,1633203
7297,1670019
7298,1050303
7299,971587
7300,954569
7301,1678611
7302,971586
7303,1545359
7304,1404031
7305,970393
7306,944697
7307,880855
7308,1392916
7309,872230
7310,868034
7311,1626937
7312,1560761
7313,1052819
7314,972946
7315,1077606
7316,1534207
7317,950326
7318,1437176
7319,1048147
7320,7533058
7321,1353883
7322,2275340
7323,1034119
7324,1035486
7325,1603955
7326,979344
7327,877072
7328,887137
7329,1535635
7330,900413
7331,890950
7332,1584306
7333,1541667
7334,893168
7335,957357
7336,886576
7337,1591125
7338,872598
7339,1598961
7340,1005940
7341,883506
7342,874143
7343,875931
7344,1675518
7345,880049
7346,1510992
7347,970442
7348,866943
7349,1563918
7350,885200
7351,875696
7352,881784
7353,1563195
7354,849867
7355,858326
7356,858351
7357,1430430
7358,892784
7359,12760830
7360,2029390
7361,1000840
7362,1570361
7363,1035586
7364,960644
7365,1568585
7366,855580
7367,925596
7368,834180
7369,907786
7370,1439431
7371,949286
7372,1374031
7373,1497246
7374,852243
7375,836728
7376,837645
7377,828264
7378,826182
7379,1514937
7380,1620362
7381,926621
7382,1323808
7383,841643
7384,835791
7385,780846
7386,771556
7387,1490100
7388,1702130
7389,766781
7390,1493281
7391,780783
7392,770214
7393,771994
7394,765575
7395,1384218
7396,1388662
7397,861615
7398,771882
7399,1614191
7400,761965
7401,774836
7402,1348265
7403,1295245
7404,770466
7405,794914
7406,814696
7407,1482649
7408,805955
7409,827344
7410,821300
7411,1416233
7412,1448047
7413,822945
7414,815522
7415,1541563
7416,880710
7417,882371
7418,829264
7419,1313052
7420,823457
7421,1444994
7422,1280891
7423,899244
7424,845749
7425,903627
7426,1567408
7427,871743
7428,875216
7429,1724943
7430,1533991
7431,869743
7432,866154
7433,868095
7434,873444
7435,1493941
7436,896761
7437,1585599
7438,867270
7439,880545
7440,884469
7441,948448
7442,1536908
7443,953499
7444,2332727
7445,2320731
7446,996271
7447,968832
7448,962751
7449,981876
7450,947303
7451,1508039
7452,16616346
7453,1273130
7454,1908572
7455,1108589
7456,909959
7457,1684955
7458,1473657
7459,981554
7460,892515
7461,888215
7462,1522967
7463,891342
7464,1774126
7465,876055
7466,1603670
7467,990244
7468,907777
7469,960777
7470,1526160
7471,6813573
7472,1974842
7473,1095317
7474,950191
7475,907518
7476,1000617
7477,1699190
7478,1587073
7479,960285
7480,1599263
7481,892222
7482,880116
7483,1418001
7484,997192
7485,1600564
7486,1400190
7487,937394
7488,1443594
7489,891768
7490,884238
7491,893205
7492,1519225
7493,1442467
7494,928216
7495,1469315
7496,867530
7497,868958
7498,862622
7499,1539059
7500,872899
7501,1439753
7502,1038332
7503,1403709
7504,893466
7505,872531
7506,865448
7507,875770
7508,1425329
7509,1454375
7510,943528
7511,1561431
7512,903255
7513,880107
7514,880483
7515,1439261
7516,888170
7517,863593
7518,1246992
7519,7733337
7520,1177379
7521,931884
7522,2491175
7523,2384924
7524,1496544
7525,15989356
7526,1259689
7527,967249
7528,2134753
7529,1068795
7530,1655286
7531,912772
7532,871875
7533,880375
7534,1635182
7535,937254
7536,1563885
7537,2162692
7538,1334551
7539,908405
7540,887224
7541,1843321
7542,882069
7543,2044946
7544,995548
7545,891504
7546,885865
7547,878124
7548,1411240
7549,884093
7550,1436353
7551,1748273
7552,993553
7553,910079
7554,892139
7555,943119
7556,1610754
7557,960253
7558,1860545
7559,1517519
7560,1042534
7561,946316
7562,939616
7563,1613191
7564,948245
7565,1452223
7566,992545
7567,1583525
7568,944180
7569,936497
7570,937630
7571,930649
7572,1630201
7573,1610262
7574,1540159
7575,1246096
7576,952892
7577,946023
7578,936047
7579,1514214
7580,1040150
7581,1894379
7582,963255
7583,870979
7584,951326
7585,1423532
7586,877827
7587,1471306
7588,837009
7589,806322
7590,889513
7591,809966
7592,1234873
7593,886542
7594,1256600
7595,866195
7596,798438
7597,1202973
7598,859727
7599,1515024
7600,884184
7601,874378
7602,1360355
7603,951843
7604,870591
7605,1401814
7606,1368963
7607,939005
7608,880276
7609,1305799
7610,903920
7611,1298488
7612,883143
7613,813411
7614,15376711
7615,1183748
7616,1810388
7617,823349
7618,882556
7619,786356
7620,1336121
7621,783093
7622,761614
7623,1311313
7624,2172453
7625,841040
7626,827736
7627,928802
7628,2240181
7629,864956
7630,1452797
7631,1622187
7632,812742
7633,811275
7634,803919
7635,804014
7636,1392673
7637,812007
7638,819420
7639,1508626
7640,1566903
7641,848636
7642,809532
7643,807801
7644,811998
7645,808062
7646,1503020
7647,1544690
7648,1017770
7649,1331887
7650,828376
7651,815616
7652,830640
7653,880255
7654,1491653
7655,1660399
7656,998679
7657,890401
7658,868772
7659,868604
7660,1462715
7661,802142
7662,813799
7663,1747616
7664,975510
7665,1414395
7666,821367
7667,808144
7668,794613
7669,800569
7670,1400141
7671,1445660
7672,806409
7673,1306323
7674,913491
7675,806241
7676,806381
7677,1334841
7678,805410
7679,799396
7680,1720193
7681,1535061
7682,840958
7683,916779
7684,829949
7685,815526
7686,1310347
7687,814696
7688,1383366
7689,960252
7690,1524702
7691,896002
7692,887253
7693,1402288
7694,872280
7695,1454140
7696,858244
7697,1389604
7698,1439551
7699,808656
7700,813481
7701,1461120
7702,1376279
7703,797339
7704,811998
7705,1349405
7706,882635
7707,1390322
7708,806596
7709,816066
7710,14865790
7711,939517
7712,854365
7713,1603550
7714,1536458
7715,845675
7716,812271
7717,1471112
7718,1537428
7719,939782
7720,929542
7721,1417419
7722,814386
7723,810730
7724,803526
7725,1467890
7726,1407749
7727,875348
7728,797933
7729,1326122
7730,884907
7731,819210
7732,1304353
7733,1459357
7734,790082
7735,794703
7736,1574430
7737,816133
7738,1443830
7739,802791
7740,1297227
7741,1241105
7742,757206
7743,2932777
7744,861045
7745,1352012
7746,1021174
7747,774976
7748,1227926
7749,763014
7750,1185417
7751,760127
7752,759230
7753,1193675
7754,862247
7755,1459696
7756,789189
7757,768636
7758,1253349
7759,835687
7760,1358501
7761,809561
7762,1805287
7763,1045577
7764,824774
7765,1474049
7766,1400831
7767,888575
7768,809380
7769,1303642
7770,864795
7771,1405754
7772,808991
7773,898332
7774,1653678
7775,1121006
7776,1561542
7777,1058568
7778,2143088
7779,791288
7780,742419
7781,1366766
7782,746710
7783,748738
7784,1310255
7785,1257087
7786,5675937
7787,1674749
7788,914068
7789,782597
7790,806323
7791,1156103
7792,882949
7793,1309751
7794,13039189
7795,2034666
7796,985077
7797,931598
7798,1425300
7799,1605768
7800,947068
7801,896654
7802,1613352
7803,871288
7804,860879
7805,1502199
7806,1629259
7807,906344
7808,1500795
7809,1579961
7810,3357519
7811,1018691
7812,2527615
7813,987365
7814,955605
7815,1546384
7816,1135227
7817,936027
7818,939417
7819,1584773
7820,952028
7821,940947
7822,1360169
7823,943585
7824,864022
7825,947303
7826,1499750
7827,1164583
7828,1311908
7829,885593
7830,1736873
7831,876196
7832,874477
7833,1405081
7834,1626508
7835,873606
7836,870318
7837,1329367
7838,1482297
7839,930082
7840,868901
7841,1298670
7842,1063021
7843,971352
7844,1370463
7845,1364664
7846,951157
7847,876501
7848,1352193
7849,1476717
7850,811643
7851,808318
7852,885365
7853,1394358
7854,803481
7855,810532
7856,1325493
7857,1279338
7858,882713
7859,819582
7860,1336212
7861,846116
7862,878529
7863,809359
7864,1252638
7865,875630
7866,1298418
7867,856740
7868,1344849
7869,753563
7870,752886
7871,753059
7872,834440
7873,1204584
7874,1273349
7875,752622
7876,1296368
7877,748768
7878,748854
7879,740283
7880,756525
7881,754715
7882,748880
7883,838476
7884,1234266
7885,10261873
7886,2075500
7887,841614
7888,758759
7889,733807
7890,1362326
7891,711808
7892,1173067
7893,715591
7894,1247330
7895,719838
7896,4320266
7897,1125260
7898,1873875
7899,756934
7900,1788414
7901,725244
7902,727202
7903,725988
7904,727697
7905,728747
7906,2311099
7907,1402078
7908,710188
7909,1582538
7910,742757
7911,709147
7912,709453
7913,702782
7914,706901
7915,1221102
7916,768677
7917,1162753
7918,792882
7919,1394948
7920,1225778
7921,775885
7922,756863
7923,1313453
7924,759202
7925,1486507
7926,1035007
7927,1490976
7928,812180
7929,811342
7930,1467060
7931,1330813
7932,903602
7933,822804
7934,1422784
7935,878802
7936,810722
7937,833399
7938,1530749
7939,996498
7940,875981
7941,1585963
7942,1536899
7943,883102
7944,886844
7945,887447
7946,7813797
7947,1886957
7948,7379208
7949,1954045
7950,1067920
7951,908525
7952,1510679
7953,1863313
7954,901529
7955,1639110
7956,968431
7957,878170
7958,868637
7959,1885531
7960,985940
7961,895386
7962,971731
7963,13013005
7964,1016424
7965,1822194
7966,1022161
7967,1745588
7968,895068
7969,1687170
7970,875418
7971,869417
7972,866138
7973,1422504
7974,1140679
7975,1510154
7976,814498
7977,1432570
7978,861685
7979,818211
7980,813411
7981,1356621
7982,811565
7983,800404
7984,1379397
7985,1409397
7986,811263
7987,868636
7988,811189
7989,804402
7990,1434053
7991,811693
7992,806282
7993,1422582
7994,871611
7995,810932
7996,804184
7997,797120
7998,862429
7999,1320954
8000,798107
8001,1348120
8002,852185
8003,1533074
8004,836753
8005,812742
8006,805055
8007,803849
8008,805476
8009,1448754
8010,1281974
8011,800887
8012,1438509
8013,814266
8014,784175
8015,760875
8016,1337439
8017,763844
8018,763774
8019,1995945
8020,855513
8021,753163
8022,747103
8023,742762
8024,1333044
8025,810743
8026,804485
8027,1444333
8028,1342718
8029,896241
8030,1010030
8031,1037440
8032,1453941
8033,814597
8034,1419389
8035,861540
8036,879959
8037,1545603
8038,1672782
8039,892544
8040,1646294
8041,1133926
8042,891565
8043,882705
8044,1305493
8045,1603906
8046,888579
8047,1503748
8048,1547036
8049,1202518
8050,889153
8051,2181341
8052,876977
8053,867401
8054,1728524
8055,872598
8056,891990
8057,875224
8058,1672898
8059,17081444
8060,1815283
8061,1014280
8062,912318
8063,1476217
8064,1681655
8065,991756
8066,1787191
8067,956717
8068,864403
8069,869992
8070,2095141
8071,974209
8072,1546247
8073,871131
8074,1017956
8075,877649
8076,1439831
8077,883209
8078,1400636
8079,1064215
8080,1459460
8081,883548
8082,876258
8083,940500
8084,881247
8085,865952
8086,1434937
8087,1868005
8088,919748
8089,869451
8090,870590
8091,867848
8092,1476284
8093,858558
8094,5287842
8095,1829029
8096,916547
8097,993416
8098,879938
8099,1589010
8100,1504478
8101,971004
8102,1791672
8103,912805
8104,884956
8105,1362698
8106,1079927
8107,1420831
8108,1542641
8109,1080216
8110,1445627
8111,878269
8112,879822
8113,881123
8114,963714
8115,1421066
8116,1067135
8117,1504640
8118,876923
8119,871735
8120,873225
8121,868781
8122,1568056
8123,947328
8124,1567235
8125,952858
8126,876291
8127,869075
8128,871536
8129,1617474
8130,888009
8131,1564103
8132,966758
8133,1651655
8134,897443
8135,883775
8136,887191
8137,1083512
8138,2041146
8139,872957
8140,815443
8141,1395324
8142,13371646
8143,1262684
8144,1763589
8145,1071576
8146,1634496
8147,2003806
8148,1222833
8149,878765
8150,876163
8151,870859
8152,2206187
8153,1562154
8154,832093
8155,907852
8156,824220
8157,825728
8158,1433540
8159,841647
8160,1865795
8161,1667008
8162,890636
8163,880115
8164,956048
8165,1544756
8166,913164
8167,975143
8168,873795
8169,1021463
8170,1133397
8171,899665
8172,1816816
8173,995800
8174,1718021
8175,875601
8176,882776
8177,987593
8178,1606194
8179,876625
8180,1542199
8181,1681432
8182,870970
8183,1211605
8184,1752036
8185,881189
8186,1601163
8187,980405
8188,1551014
8189,1142745
8190,950384
8191,1504421
8192,1570345
8193,1041711
8194,1642381
8195,1028052
8196,1037725
8197,1888460
8198,1124810
8199,1665749
8200,1640832
8201,1025854
8202,1033331
8203,1039171
8204,1838522
8205,1270437
8206,4754281
8207,1150295
8208,960174
8209,938679
8210,1960952
8211,1701197
8212,1023186
8213,1706372
8214,935523
8215,940389
8216,1707624
8217,1697037
8218,1036895
8219,958666
8220,1540357
8221,972223
8222,959807
8223,17936226
8224,2218814
8225,1094532
8226,1716331
8227,1029547
8228,1121233
8229,1442326
8230,984403
8231,5511797
8232,2198888
8233,990592
8234,917117
8235,917778
8236,1658661
8237,918633
8238,1493508
8239,989228
8240,895857
8241,1000013
8242,905142
8243,2572436
8244,1548800
8245,986639
8246,880190
8247,1627189
8248,893143
8249,978712
8250,1389166
8251,871036
8252,5266380
8253,1619428
8254,1856505
8255,930860
8256,891095
8257,888054
8258,885915
8259,1632568
8260,873704
8261,1725637
8262,965134
8263,1044900
8264,964792
8265,1699227
8266,1730833
8267,1032793
8268,1767616
8269,958534
8270,888381
8271,1797575
8272,1578007
8273,956742
8274,880239
8275,1630597
8276,881082
8277,871313
8278,1472537
8279,2060886
8280,908022
8281,1619746
8282,1429926
8283,900244
8284,1707417
8285,984937
8286,1683410
8287,963421
8288,865650
8289,1619325
8290,877104
8291,1661511
8292,1557395
8293,940112
8294,876894
8295,1740313
8296,903222
8297,896779
8298,14735305
8299,1186963
8300,2746543
8301,1139953
8302,999964
8303,960628
8304,961644
8305,1566515
8306,946287
8307,2219293
8308,1055260
8309,953730
8310,946287
8311,1510253
8312,1213951
8313,1597454
8314,1562431
8315,951409
8316,1013942
8317,943570
8318,951710
8319,1593501
8320,1664529
8321,1144859
8322,1693597
8323,967894
8324,1018597
8325,956246
8326,1696893
8327,1716013
8328,1592803
8329,974255
8330,870528
8331,871384
8332,1511620
8333,1462355
8334,957774
8335,1583868
8336,1447377
8337,940983
8338,864494
8339,876530
8340,1474846
8341,992988
8342,1549118
8343,1821347
8344,871900
8345,874519
8346,876030
8347,1477828
8348,878000
8349,3527252
8350,884003
8351,890694
8352,874427
8353,1507461
8354,879500
8355,882602
8356,1513636
8357,1872375
8358,879864
8359,869277
8360,865911
8361,1403809
8362,864291
8363,1363659
8364,1419025
8365,960385
8366,959459
8367,875452
8368,874325
8369,1291973
8370,879116
8371,867228
8372,1539837
8373,1683353
8374,884027
8375,1017721
8376,1021422
8377,942974
8378,1507837
8379,1538965
8380,1298637
8381,904700
8382,883742
8383,1084260
8384,26790710
8385,3103903
8386,1303123
8387,2062711
8388,1680825
8389,1397667
8390,999489
8391,1838125
8392,1872322
8393,1611039
8394,1149626
8395,991686
8396,965866
8397,1607991
8398,973784
8399,1669218
8400,1765600
8401,1089712
8402,965813
8403,940669
8404,946918
8405,1633435
8406,1660127
8407,1040782
8408,2068941
8409,982500
8410,951801
8411,951153
8412,1648086
8413,2271756
8414,1053128
8415,1069196
8416,1001120
8417,1683084
8418,965093
8419,1611960
8420,1724605
8421,1045404
8422,937522
8423,940975
8424,1078271
8425,1654381
8426,962475
8427,2029044
8428,970463
8429,969286
8430,962842
8431,1682696
8432,1006597
8433,1600031
8434,1613133
8435,1035325
8436,943263
8437,897485
8438,1488456
8439,890033
8440,1600634
8441,867591
8442,1374618
8443,944627
8444,869359
8445,868455
8446,4291505
8447,1226562
8448,905068
8449,930037
8450,897129
8451,1701911
8452,1435816
8453,884412
8454,874713
8455,992107
8456,865741
8457,1425890
8458,879830
8459,1501947
8460,1415989
8461,14524861
8462,1066932
8463,1759215
8464,934920
8465,918125
8466,1676872
8467,883758
8468,877822
8469,874618
8470,1586363
8471,896403
8472,1447076
8473,971921
8474,1535636
8475,863787
8476,869822
8477,865936
8478,873019
8479,1704353
8480,1691812
8481,902780
8482,1489295
8483,963288
8484,887381
8485,890017
8486,1539895
8487,1380682
8488,1953433
8489,1642696
8490,2562278
8491,5045457
8492,3557145
8493,1474454
8494,2204720
8495,3368655
8496,1492942
8497,1411921
8498,2617575
8499,2318583
8500,7655468
8501,1384408
8502,1346534
8503,11515771
8504,1226055
8505,1092943
8506,2014297
8507,1764423
8508,1022785
8509,969807
8510,1281589
8511,1753899
8512,940740
8513,1085223
8514,1464755
8515,13739262
8516,2318381
8517,1985648
8518,1474673
8519,1007362
8520,1632324
8521,919314
8522,892801
8523,1893528
8524,1563574
8525,969691
8526,893833
8527,1546429
8528,899732
8529,887852
8530,880830
8531,1578969
8532,1690392
8533,1407943
8534,954234
8535,1538176
8536,896159
8537,877493
8538,878219
8539,1755237
8540,883573
8541,866641
8542,1389289
8543,968699
8544,1655236
8545,876104
8546,1400434
8547,862870
8548,820218
8549,829698
8550,1320433
8551,868975
8552,1320759
8553,808872
8554,1393697
8555,805745
8556,817038
8557,809705
8558,1599589
8559,1324292
8560,909240
8561,1428505
8562,1420707
8563,837979
8564,814456
8565,803486
8566,808983
8567,1997168
8568,940281
8569,825010
8570,1370239
8571,814832
8572,823597
8573,826376
8574,1326559
8575,6612105
8576,1718851
8577,1530356
8578,821391
8579,800416
8580,771226
8581,892618
8582,779780
8583,1584401
8584,965510
8585,1769983
8586,908716
8587,797429
8588,794089
8589,811970
8590,2133939
8591,1149527
8592,786228
8593,1872582
8594,924003
8595,866774
8596,823084
8597,783737
8598,776298
8599,16634054
8600,1296360
8601,2271825
8602,1077036
8603,1509518
8604,1047977
8605,1583785
8606,6092674
8607,2478585
8608,1974392
8609,1890059
8610,1058114
8611,6102662
8612,2710583
8613,5183240
8614,3278943
8615,2573278
8616,1428038
8617,1464714
8618,3050152
8619,2671532
8620,10285769
8621,1951719
8622,2497193
8623,2672841
8624,1397696
8625,1364147
8626,2649189
8627,3062758
8628,1662754
8629,1363106
8630,2267162
8631,2219351
8632,2346353
8633,1421479
8634,1342255
8635,2451389
8636,2102803
8637,2372227
8638,1443222
8639,20649109
8640,2874904
8641,1966429
8642,909439
8643,859946
8644,840673
8645,836108
8646,1505673
8647,937431
8648,2024880
8649,988373
8650,850549
8651,829000
8652,829210
8653,817541
8654,1419290
8655,787504
8656,1421541
8657,847319
8658,890661
8659,769858
8660,2517598
8661,923511
8662,1783271
8663,837141
8664,1533620
8665,853989
8666,849776
8667,772936
8668,778669
8669,764976
8670,848352
8671,809338
8672,813473
8673,822981
8674,830851
8675,1964272
8676,1014912
8677,1714807
8678,1687822
8679,866984
8680,832457
8681,1297084
8682,895564
8683,1737211
8684,914911
8685,1365308
8686,927402
8687,872548
8688,890719
8689,1681304
8690,937670
8691,893263
8692,1755741
8693,886600
8694,891991
8695,889542
8696,1499642
8697,912259
8698,944366
8699,1553079
8700,1707633
8701,1043459
8702,972103
8703,1607420
8704,972896
8705,957196
8706,2237439
8707,2221928
8708,1035234
8709,890595
8710,875031
8711,892717
8712,860801
8713,1443702
8714,1558857
8715,900504
8716,887914
8717,1013694
8718,884956
8719,1407092
8720,866758
8721,1924830
8722,1034243
8723,901690
8724,877724
8725,875014
8726,1553815
8727,890570
8728,16084822
8729,1023050
8730,1019547
8731,962859
8732,826880
8733,1445127
8734,821424
8735,1345547
8736,1852363
8737,2038895
8738,1194873
8739,938010
8740,1669871
8741,907559
8742,815216
8743,809156
8744,1404378
8745,838070
8746,6137007
8747,2391885
8748,913602
8749,872432
8750,822911
8751,816021
8752,1702416
8753,1488279
8754,1393536
8755,817884
8756,822448
8757,1241837
8758,821895
8759,1180998
8760,1525900
8761,837067
8762,1453648
8763,868938
8764,813650
8765,829405
8766,1294225
8767,868203
8768,1222263
8769,978113
8770,1313201
8771,854762
8772,1309970
8773,771473
8774,773679
8775,1211192
8776,851528
8777,1443470
8778,838306
8779,1418038
8780,893685
8781,818095
8782,811226
8783,806778
8784,1417650
8785,1470038
8786,842073
8787,1865176
8788,1060613
8789,944655
8790,1747008
8791,1408166
8792,910901
8793,811853
8794,1548734
8795,876667
8796,1455073
8797,2019263
8798,1044995
8799,1753316
8800,1113381
8801,2124650
8802,1041687
8803,2310715
8804,990364
8805,949745
8806,2247339
8807,1165141
8808,25944783
8809,4752650
8810,1745261
8811,3573903
8812,3786924
8813,1692147
8814,3564308
8815,4502400
8816,1774481
8817,1465685
8818,2636187
8819,2474892
8820,2560370
8821,1445883
8822,2594393
8823,2694366
8824,1623976
8825,2409315
8826,1461339
8827,2667497
8828,1772197
8829,2787865
8830,1469311
8831,1364064
8832,2458998
8833,1438700
8834,2886106
8835,1464577
8836,2288021
8837,2205559
8838,2134989
8839,1482492
8840,2306750
8841,2215977
8842,1345580
8843,1334262
8844,2182073
8845,1371053
8846,2322045
8847,1322878
8848,3578405
8849,3309910
8850,31594099
8851,3213515
8852,1319847
8853,2052687
8854,2072951
8855,997477
8856,928352
8857,2048664
8858,2075067
8859,991000
8860,2016082
8861,1391393
8862,938926
8863,915700
8864,2086896
8865,900421
8866,1647281
8867,1595901
8868,905085
8869,885014
8870,902325
8871,914019
8872,1116099
8873,1952124
8874,1970080
8875,1010092
8876,924635
8877,897030
8878,1631547
8879,886559
8880,1448534
8881,884395
8882,2043282
8883,879418
8884,984953
8885,932656
8886,1667620
8887,880149
8888,874510
8889,1846072
8890,1096603
8891,950744
8892,1058659
8893,1643307
8894,936002
8895,1717091
8896,1691556
8897,962029
8898,945593
8899,947658
8900,1582794
8901,952248
8902,1547011
8903,1361830
8904,1610870
8905,911843
8906,872255
8907,881317
8908,2318600
8909,1897980
8910,1649482
8911,925556
8912,891661
8913,871053
8914,1595152
8915,886514
8916,955795
8917,1455940
8918,864006
8919,880182
8920,878017
8921,863944
8922,1524876
8923,875601
8924,1603761
8925,1742870
8926,967812
8927,872358
8928,869269
8929,14796400
8930,1499597
8931,2244060
8932,1068560
8933,926766
8934,884630
8935,837385
8936,842163
8937,1468100
8938,858092
8939,947237
8940,1415974
8941,846748
8942,827785
8943,829372
8944,834353
8945,834654
8946,1384775
8947,1689706
8948,995425
8949,832470
8950,821106
8951,820907
8952,1475081
8953,826880
8954,1280532
8955,1694856
8956,882313
8957,889798
8958,960930
8959,868285
8960,1439608
8961,868789
8962,1491013
8963,952322
8964,1343713
8965,886617
8966,875663
8967,964247
8968,1135161
8969,2138941
8970,893507
8971,2281376
8972,2781396
8973,1654096
8974,1818162
8975,1148713
8976,1444937
8977,1423061
8978,988786
8979,876356
8980,2508544
8981,1987622
8982,1490555
8983,947815
8984,2287840
8985,940558
8986,883800
8987,2152919
8988,2240145
8989,7212279
8990,2858431
8991,977106
8992,917055
8993,2031100
8994,1070328
8995,871647
8996,1671094
8997,984759
8998,878566
8999,1475820
9000,860214
9001,879252
9002,876022
9003,16489419
9004,2202647
9005,1062690
9006,920843
9007,3621251
9008,1628581
9009,1519216
9010,1104777
9011,1547825
9012,1017172
9013,1030542
9014,1492628
9015,991847
9016,880417
9017,962574
9018,1687293
9019,876121
9020,873783
9021,867827
9022,863973
9023,1628556
9024,1565024
9025,1207033
9026,880937
9027,895704
9028,898542
9029,892114
9030,1609325
9031,905605
9032,1717323
9033,1630923
9034,887707
9035,864415
9036,869471
9037,866844
9038,1759492
9039,884048
9040,1629272
9041,977812
9042,1576471
9043,874622
9044,880636
9045,1774361
9046,885502
9047,1630250
9048,1466271
9049,946493
9050,986217
9051,897558
9052,878364
9053,1014495
9054,2006107
9055,985515
9056,1522542
9057,877794
9058,859805
9059,970472
9060,885981
9061,1537280
9062,874163
9063,2047590
9064,964738
9065,1022273
9066,1154888
9067,862362
9068,1717062
9069,916100
9070,1546098
9071,942578
9072,858351
9073,862300
9074,859817
9075,1423140
9076,888942
9077,1699503
9078,1432896
9079,965056
9080,878463
9081,875745
9082,875122
9083,1482480
9084,906002
9085,961393
9086,938864
9087,874577
9088,944994
9089,872867
9090,877022
9091,878352
9092,872850
9093,947617
9094,846393
9095,881115
9096,880525
9097,929645
9098,963429
9099,878397
9100,22342958
9101,3069107
9102,1982579
9103,1253597
9104,1274010
9105,963858
9106,1923313
9107,1886923
9108,962843
9109,949740
9110,950628
9111,2249562
9112,1043355
9113,960542
9114,2380175
9115,977724
9116,960794
9117,946724
9118,2602497
9119,1094409
9120,1972785
9121,939381
9122,969219
9123,959121
9124,962239
9125,11273993
9126,3006331
9127,2000323
9128,1056028
9129,994548
9130,987997
9131,1657921
9132,1837696
9133,1212493
9134,992863
9135,982789
9136,961719
9137,1740574
9138,957039
9139,1676244
9140,1868414
9141,1021678
9142,955324
9143,1601262
9144,962458
9145,945015
9146,1708925
9147,1704716
9148,937716
9149,1021542
9150,1671643
9151,958237
9152,951165
9153,1639511
9154,1685844
9155,944668
9156,943078
9157,954899
9158,1616781
9159,935708
9160,1650931
9161,1699326
9162,950078
9163,950273
9164,1540138
9165,948459
9166,1043826
9167,1539816
9168,19881201
9169,2937412
9170,1050967
9171,1828009
9172,1809649
9173,1169015
9174,969253
9175,949166
9176,937596
9177,1656694
9178,1002310
9179,1944189
9180,1070666
9181,1070898
9182,1138090
9183,1761119
9184,1036135
9185,1789426
9186,1552530
9187,1423908
9188,973817
9189,10128237
9190,4429540
9191,1411917
9192,996230
9193,1662770
9194,2054191
9195,2528738
9196,1033161
9197,1248901
9198,948695
9199,989270
9200,1682068
9201,1069432
9202,3554055
9203,1967688
9204,1064190
9205,1664596
9206,961310
9207,1572906
9208,1596202
9209,1045924
9210,1641209
9211,1469022
9212,1012723
9213,935146
9214,931496
9215,1952029
9216,1138701
9217,960496
9218,1582059
9219,936985
9220,959455
9221,1852466
9222,967989
9223,1803858
9224,1042752
9225,1039795
9226,944453
9227,954110
9228,1695075
9229,1670304
9230,986957
9231,17002447
9232,1558436
9233,1032868
9234,1492690
9235,6772247
9236,1802825
9237,1069279
9238,985614
9239,1866518
9240,1633365
9241,1093554
9242,1727182
9243,972776
9244,950893
9245,947154
9246,1603728
9247,930818
9248,1627883
9249,1645938
9250,952442
9251,944168
9252,942404
9253,869847
9254,1415271
9255,1589254
9256,1223638
9257,898162
9258,882515
9259,1457204
9260,876633
9261,880937
9262,1501600
9263,1524565
9264,1305427
9265,888501
9266,855968
9267,865299
9268,1464586
9269,868331
9270,1500839
9271,942581
9272,1436717
9273,878000
9274,879925
9275,869203
9276,877951
9277,1489076
9278,1494255
9279,930735
9280,1443197
9281,980289
9282,876877
9283,872185
9284,884345
9285,1467419
9286,1551439
9287,939608
9288,1913851
9289,886609
9290,1276906
9291,1580824
9292,970629
9293,1418414
9294,1423656
9295,1239507
9296,1903268
9297,2063319
9298,969604
9299,866840
9300,857178
9301,1726955
9302,1195756
9303,871524
9304,1370339
9305,1781115
9306,887422
9307,1249884
9308,957658
9309,1469006
9310,14941226
9311,2713411
9312,996606
9313,907704
9314,882181
9315,1921071
9316,915146
9317,874539
9318,1590229
9319,936799
9320,871330
9321,871569
9322,1591857
9323,1494966
9324,877270
9325,1775266
9326,1830264
9327,958860
9328,1702651
9329,1017225
9330,946622
9331,940710
9332,1565652
9333,917134
9334,941826
9335,1976949
9336,1008085
9337,1768037
9338,1588432
9339,1246186
9340,885861
9341,870810
9342,1484131
9343,1016474
9344,1599374
9345,1540398
9346,952826
9347,854419
9348,867909
9349,1378141
9350,921731
9351,1477891
9352,1444073
9353,874040
9354,877088
9355,869880
9356,868521
9357,869727
9358,1472203
9359,1633489
9360,1524921
9361,868479
9362,868492
9363,877856
9364,881928
9365,875762
9366,1490604
9367,877096
9368,1556763
9369,853065
9370,930037
9371,870718
9372,868472
9373,1417212
9374,872866
9375,866893
9376,1481950
9377,1517663
9378,888537
9379,884386
9380,951802
9381,1436642
9382,875081
9383,878298
9384,988014
9385,877836
9386,873572
9387,867212
9388,870623
9389,1564360
9390,1397555
9391,1379669
9392,936543
9393,872858
9394,15462027
9395,2367531
9396,1057903
9397,1726083
9398,1026213
9399,1709764
9400,1127139
9401,1056738
9402,2380191
9403,2103332
9404,1859988
9405,994271
9406,953949
9407,940021
9408,1684930
9409,2154183
9410,2785953
9411,1061612
9412,963900
9413,1650742
9414,992194
9415,2134939
9416,1239627
9417,1676748
9418,973958
9419,1180060
9420,873924
9421,1765650
9422,1668928
9423,1437713
9424,960455
9425,877162
9426,862614
9427,905733
9428,1705394
9429,1571720
9430,1140816
9431,960678
9432,1794262
9433,972995
9434,943586
9435,943780
9436,1644211
9437,2149636
9438,1128788
9439,949992
9440,955205
9441,1662415
9442,944804
9443,1546148
9444,1046829
9445,1638726
9446,1040798
9447,947828
9448,942028
9449,1627297
9450,1521072
9451,1009361
9452,1486090
9453,962487
9454,959910
9455,1058407
9456,1651312
9457,1682200
9458,1033239
9459,948059
9460,1886254
9461,967257
9462,945259
9463,1713758
9464,1604508
9465,1001521
9466,1648830
9467,946481
9468,931867
9469,934081
9470,1726781
9471,1675893
9472,962314
9473,944197
9474,16606698
9475,1172307
9476,927637
9477,1950414
9478,1039377
9479,907394
9480,1481818
9481,986705
9482,881821
9483,876935
9484,1685158
9485,1685972
9486,872139
9487,953747
9488,1570204
9489,876199
9490,880764
9491,866406
9492,1605996
9493,2105740
9494,973190
9495,884081
9496,880636
9497,882069
9498,1406634
9499,872697
9500,7113931
9501,1826497
9502,968848
9503,916923
9504,1010852
9505,1470208
9506,900169
9507,1562906
9508,1467927
9509,1359918
9510,951107
9511,941785
9512,1698863
9513,1087296
9514,1031811
9515,944250
9516,1995359
9517,1101154
9518,1081885
9519,2502984
9520,1065705
9521,2068069
9522,1159519
9523,1022550
9524,1940554
9525,8409180
9526,1814230
9527,1762354
9528,1658565
9529,1984929
9530,967121
9531,951140
9532,1640283
9533,947299
9534,1437712
9535,1131299
9536,1540344
9537,938806
9538,950244
9539,949216
9540,16749330
9541,2860715
9542,1122666
9543,955527
9544,940232
9545,948671
9546,1670581
9547,1061741
9548,1751805
9549,1083000
9550,958270
9551,942045
9552,1664542
9553,1733601
9554,1304283
9555,1030980
9556,1054607
9557,947638
9558,940628
9559,1872768
9560,1670382
9561,1561720
9562,1715117
9563,947043
9564,943044
9565,932982
9566,1620886
9567,1646925
9568,1020484
9569,1576066
9570,1036374
9571,942764
9572,945796
9573,1536689
9574,1640184
9575,1020704
9576,1533913
9577,953280
9578,948059
9579,1730362
9580,1047276
9581,1488684
9582,948150
9583,1546826
9584,1368637
9585,979943
9586,1736695
9587,1006923
9588,945676
9589,1522996
9590,1008853
9591,1657678
9592,870619
9593,1432751
9594,927101
9595,937741
9596,868178
9597,1483875
9598,890108
9599,1542087
9600,869153
9601,1461513
9602,936654
9603,871190
9604,964403
9605,1543529
9606,1537370
9607,976415
9608,1685418
9609,868244
9610,871669
9611,881442
9612,1436890
9613,937001
9614,1427448
9615,1091096
9616,1853255
9617,1232828
9618,891743
9619,870653
9620,872672
9621,1742275
9622,863485
9623,1565731
9624,17495454
9625,5562471
9626,1889054
9627,3381179
9628,1645418
9629,2493645
9630,4056394
9631,3394678
9632,1139531
9633,1885151
9634,2259752
9635,985730
9636,960946
9637,1933380
9638,1673290
9639,1878130
9640,1355035
9641,5073524
9642,1314002
9643,11307823
9644,4090248
9645,2326159
9646,3343896
9647,1437345
9648,2165150
9649,1068209
9650,1633815
9651,2805283
9652,3255833
9653,1682808
9654,1677050
9655,2639743
9656,1142418
9657,1703303
9658,1926155
9659,959335
9660,943689
9661,1826283
9662,958130
9663,1961294
9664,1086681
9665,953916
9666,952053
9667,1603637
9668,18222652
9669,2237869
9670,2876648
9671,1049097
9672,962541
9673,1930770
9674,1641552
9675,1050353
9676,958076
9677,977225
9678,4218477
9679,1207740
9680,1785914
9681,1073277
9682,1853296
9683,1037399
9684,960359
9685,944944
9686,2304956
9687,1145144
9688,2122790
9689,1523038
9690,1289198
9691,1880649
9692,941632
9693,953631
9694,1616850
9695,1666657
9696,1133934
9697,1932128
9698,1072166
9699,1042306
9700,1047961
9701,1662142
9702,1022186
9703,1035176
9704,1841946
9705,1626897
9706,1057494
9707,2253978
9708,1528329
9709,1967469
9710,955275
9711,1128986
9712,1219164
9713,969286
9714,1641998
9715,2298261
9716,1616859
9717,980782
9718,1046308
9719,1051083
9720,1259883
9721,1181911
9722,1843077
9723,1049192
9724,1849694
9725,1039423
9726,955461
9727,1603753
9728,930112
9729,940822
9730,2215014
9731,1026606
9732,937183
9733,1578139
9734,1530170
9735,1005432
9736,938294
9737,1483574
9738,1598771
9739,958026
9740,1018580
9741,19895666
9742,1330149
9743,2112336
9744,1041513
9745,983565
9746,1486082
9747,1570043
9748,1085090
9749,1575983
9750,6458815
9751,1253089
9752,2243374
9753,1187937
9754,1897444
9755,1868617
9756,999113
9757,1450893
9758,1050637
9759,1515144
9760,1455292
9761,939120
9762,1485366
9763,895481
9764,1433433
9765,1527502
9766,866514
9767,873225
9768,1248665
9769,1344783
9770,1052273
9771,874081
9772,1432566
9773,958968
9774,1376832
9775,869838
9776,1318992
9777,939183
9778,1466849
9779,953871
9780,1350880
9781,872003
9782,5955073
9783,1302998
9784,1084685
9785,1666446
9786,2323441
9787,927229
9788,895543
9789,1458531
9790,892008
9791,937538
9792,2086678
9793,991520
9794,1466490
9795,880987
9796,872883
9797,859041
9798,881644
9799,1378046
9800,7580230
9801,1284651
9802,933511
9803,1557614
9804,894498
9805,12578515
9806,1997126
9807,1107155
9808,935312
9809,1585983
9810,1875998
9811,891599
9812,1468630
9813,957799
9814,1562748
9815,883792
9816,1281755
9817,1575033
9818,947204
9819,1459031
9820,935391
9821,1559622
9822,872664
9823,874337
9824,1540390
9825,861119
9826,873924
9827,872515
9828,1633332
9829,878439
9830,1540910
9831,1476498
9832,869781
9833,870768
9834,866683
9835,863168
9836,856253
9837,1441661
9838,1528568
9839,1559639
9840,955168
9841,873502
9842,871524
9843,1295353
9844,932581
9845,1552984
9846,880351
9847,1523008
9848,893354
9849,876390
9850,864618
9851,1437494
9852,860346
9853,1507200
9854,1446449
9855,897885
9856,880570
9857,885101
9858,879562
9859,880017
9860,1489042
9861,1470884
9862,828900
9863,1074603
9864,901128
9865,807248
9866,1625537
9867,816468
9868,1319049
9869,1555847
9870,811643
9871,820681
9872,808136
9873,1401616
9874,794245
9875,1024648
9876,1420066
9877,1909282
9878,817186
9879,822733
9880,810973
9881,1414416
9882,831982
9883,1571084
9884,946906
9885,1437828
9886,845688
9887,830966
9888,833651
9889,831990
9890,831577
9891,1538506
9892,1264001
9893,1850554
9894,819050
9895,811610
9896,817735
9897,808021
9898,880839
9899,236379999
9900,1241325
9901,1444284
9902,788045
9903,861313
9904,767219
9905,1381190
9906,1239693
9907,783191
9908,1320036
9909,1347369
9910,756839
9911,751452
9912,755654
9913,754542
9914,1292998
9915,1183815
9916,757194
9917,1338616
9918,748673
9919,755285
9920,709502
9921,703947
9922,705095
9923,709296
9924,1169292
9925,1214740
9926,1192022
9927,755583
9928,702898
9929,709023
9930,703848
9931,802564
9932,1470559
9933,732204
9934,1109270
9935,811308
9936,1303680
9937,783712
9938,715372
9939,717177
9940,718879
9941,1095301
9942,720242
9943,715128
9944,1196132
9945,761374
9946,1117234
9947,816753
9948,713009
9949,707074
9950,706520
9951,1042356
9952,709796
9953,1244481
9954,775241
9955,709680
9956,705253
9957,1291177
9958,976886
9959,979732
9960,1320735
9961,751845
9962,754282
9963,752985
9964,1241167
9965,1016730
9966,916312
9967,1448200
9968,1269463
9969,873647
9970,770949
9971,772729
9972,765249
9973,1219089
9974,751126
9975,1674307
9976,1385894
9977,825832
9978,1080398
9979,822432
9980,762055
9981,1198140
9982,751894
9983,756975
9984,757359
9985,1336712
9986,1160626
9987,792993
9988,757107
9989,758664
9990,814506
9991,1203121
9992,757578
9993,1512517
9994,775542
9995,746611
9996,1292192
9997,756822
9998,759197
9999,1214927
