iteration,latency_ns
0,1185953
1,1806791
2,1447534
3,1109147
4,1030857
5,1483573
6,1822332
7,1661478
8,1194074
9,1108310
10,1104190
11,1748841
12,1133809
13,1609157
14,1868328
15,1093877
16,1108652
17,1102014
18,1628390
19,1116942
20,1634249
21,6655399
22,1365684
23,1111631
24,2050551
25,1073133
26,1009539
27,1482592
28,977452
29,1469429
30,1856878
31,983937
32,1033473
33,938294
34,1409123
35,1303632
36,994826
37,1376273
38,918238
39,1346402
40,916207
41,1419843
42,985094
43,896071
44,904588
45,1547311
46,962912
47,1392470
48,9785400
49,1921486
50,1040914
51,913133
52,894375
53,1430485
54,1810388
55,944302
56,875192
57,864430
58,869670
59,1548423
60,1212627
61,947532
62,1328538
63,855258
64,1261895
65,843524
66,860536
67,1365763
68,863659
69,919540
70,858142
71,1197453
72,862394
73,862839
74,1335818
75,1318031
76,872126
77,870581
78,851892
79,905535
80,1316016
81,1378692
82,898173
83,896080
84,1476235
85,1485522
86,971960
87,1647293
88,913940
89,900237
90,899982
91,1385840
92,899072
93,1290983
94,966253
95,912317
96,906396
97,902936
98,1316853
99,899837
100,892175
101,1539734
102,1494627
103,977307
104,905852
105,896792
106,1432389
107,1201807
108,914089
109,858855
110,1514152
111,857038
112,1250004
113,936226
114,859464
115,845085
116,893167
117,855501
118,1320499
119,850805
120,1298399
121,1362372
122,1295177
123,4169209
124,1966469
125,980797
126,1397776
127,992354
128,895310
129,1420931
130,1419106
131,980076
132,868763
133,1251525
134,1093119
135,876122
136,9388098
137,1815134
138,1529887
139,1009436
140,877845
141,908901
142,1372375
143,849782
144,829850
145,1155790
146,1521902
147,1346168
148,839741
149,824959
150,812792
151,870770
152,1235556
153,1250890
154,828618
155,1139632
156,1238060
157,1384703
158,813653
159,1562745
160,934945
161,836120
162,865167
163,858409
164,1312700
165,868763
166,1206636
167,1363427
168,865978
169,862451
170,927607
171,1280234
172,816467
173,1257569
174,816109
175,806558
176,1217130
177,807193
178,1209183
179,807494
180,1390652
181,806261
182,811688
183,812368
184,802624
185,802744
186,3460800
187,1681902
188,1484525
189,1355610
190,824073
191,815540
192,1158831
193,874095
194,1192426
195,816126
196,809484
197,2347599
198,820352
199,1333070
200,1236169
201,816030
202,802578
203,801812
204,806851
205,1255200
206,810431
207,1666411
208,876333
209,1300661
210,807008
211,802055
212,800214
213,794297
214,1239927
215,1156631
216,824341
217,851155
218,804321
219,1411516
220,814943
221,1309882
222,811721
223,805863
224,806088
225,796036
226,812499
227,1170870
228,810263
229,1292903
230,7929551
231,1510428
232,832531
233,796633
234,871969
235,1468917
236,785373
237,769271
238,1228662
239,774628
240,1306837
241,1174549
242,776745
243,767331
244,770586
245,766590
246,1180668
247,776589
248,772889
249,1097713
250,1318460
251,808359
252,805405
253,808404
254,806756
255,1255361
256,1221600
257,801194
258,798063
259,792059
260,1825421
261,823405
262,1596007
263,872163
264,806707
265,809562
266,810522
267,1192748
268,807568
269,1244245
270,890481
271,1238789
272,820497
273,814926
274,818392
275,820834
276,813287
277,833603
278,813781
279,1388308
280,886406
281,1242646
282,812392
283,799727
284,1182650
285,759976
286,1257845
287,763545
288,754596
289,1236091
290,779526
291,1250787
292,1552432
293,875215
294,804815
295,792855
296,803036
297,1252353
298,824221
299,808561
300,1329935
301,834315
302,1303327
303,1258792
304,871261
305,816965
306,811856
307,1576494
308,872455
309,802290
310,1219149
311,1279245
312,1292557
313,805034
314,1441634
315,865237
316,808874
317,809925
318,797906
319,1205681
320,817555
321,2922199
322,1380932
323,833772
324,803971
325,804853
326,792830
327,799336
328,1283447
329,1154212
330,1113279
331,1211614
332,892178
333,1093730
334,1204250
335,2112089
336,896014
337,846301
338,1280926
339,837582
340,1784871
341,931587
342,820007
343,811811
344,805747
345,809410
346,1361976
347,821605
348,1331005
349,813455
350,805743
351,1310009
352,805050
353,808322
354,807090
355,1237298
356,1039806
357,822808
358,815590
359,1414294
360,821172
361,804197
362,1385882
363,812994
364,808136
365,804263
366,806732
367,808672
368,1051156
369,1771992
370,950264
371,1277535
372,817403
373,823056
374,820492
375,815219
376,1269386
377,1358639
378,827620
379,810583
380,1230072
381,883118
382,1252815
383,1257416
384,817155
385,805149
386,810122
387,793086
388,801107
389,1261067
390,862637
391,1380043
392,1212116
393,811350
394,820389
395,809970
396,1275821
397,860227
398,1344532
399,814382
400,866036
401,1339798
402,879645
403,1267877
404,1202174
405,871084
406,802339
407,808540
408,1221143
409,818189
410,860795
411,1263926
412,1146306
413,875236
414,809187
415,812306
416,817786
417,1296207
418,822594
419,1450583
420,1389511
421,2289233
422,783811
423,772539
424,1199875
425,821849
426,757158
427,1357350
428,769907
429,804997
430,1114585
431,1151357
432,7930523
433,1559618
434,851624
435,834031
436,825647
437,814436
438,1294509
439,845490
440,1303681
441,1232885
442,889141
443,3303180
444,1063829
445,866839
446,1397422
447,866246
448,1314361
449,1312712
450,840479
451,828453
452,824641
453,815825
454,1701641
455,908749
456,823504
457,1180692
458,1251500
459,891610
460,817881
461,1253795
462,1045606
463,822969
464,803044
465,1397780
466,822536
467,1341092
468,897098
469,1322160
470,809553
471,799093
472,801474
473,797486
474,1278240
475,806908
476,1411738
477,820365
478,1245641
479,843697
480,801078
481,797326
482,1198013
483,1456129
484,865096
485,814667
486,805779
487,1101080
488,806044
489,2359307
490,1182839
491,870514
492,804692
493,801486
494,806954
495,1304468
496,819339
497,1475238
498,1494676
499,890481
500,1131733
501,811655
502,799117
503,1308753
504,1224843
505,817456
506,801194
507,792900
508,1319766
509,814382
510,1616268
511,882273
512,814667
513,800589
514,808701
515,1243251
516,802784
517,795945
518,1356283
519,819755
520,1280312
521,887201
522,1200407
523,807020
524,801660
525,1296504
526,801359
527,793407
528,792048
529,1724957
530,1157442
531,8610875
532,1050774
533,881803
534,1438009
535,830043
536,809653
537,807366
538,1427960
539,1390710
540,1307764
541,820163
542,809443
543,3998690
544,1170602
545,864169
546,819829
547,1502299
548,815388
549,801754
550,1388786
551,799744
552,801376
553,791874
554,805108
555,1303162
556,858739
557,816690
558,1412946
559,819553
560,1228279
561,811412
562,801758
563,1272072
564,801083
565,1238188
566,809995
567,804379
568,799488
569,1369903
570,828407
571,1714043
572,900501
573,819203
574,817823
575,802780
576,1409885
577,811964
578,853375
579,1317030
580,1210460
581,869493
582,807057
583,803671
584,805178
585,1260379
586,1222428
587,818173
588,1237677
589,1200930
590,1332637
591,815338
592,1591531
593,878974
594,813748
595,804297
596,812392
597,1267907
598,855835
599,807250
600,1289830
601,1262583
602,821849
603,801025
604,805895
605,796587
606,1198887
607,848534
608,1257766
609,809261
610,1152478
611,858044
612,1175617
613,803810
614,794816
615,1391328
616,800156
617,791030
618,793098
619,1283962
620,813806
621,1125964
622,1307039
623,797927
624,798248
625,797696
626,978638
627,1162584
628,845354
629,1382304
630,816064
631,794141
632,8417271
633,1750082
634,981535
635,843067
636,1412929
637,832952
638,815120
639,816447
640,1266291
641,822359
642,1391686
643,804721
644,1218226
645,819339
646,811354
647,806138
648,803728
649,807193
650,1280308
651,1408228
652,871537
653,1213146
654,800609
655,802653
656,803695
657,1274610
658,860309
659,1352958
660,811680
661,813538
662,1445672
663,1237170
664,866547
665,1235885
666,881981
667,817579
668,810440
669,804573
670,1362808
671,803868
672,851472
673,1360564
674,797638
675,801050
676,803238
677,799209
678,1273704
679,823278
680,800416
681,1305074
682,817749
683,1370847
684,871223
685,1216125
686,807790
687,807007
688,1393849
689,813076
690,799452
691,798858
692,1303586
693,854719
694,1136562
695,1410828
696,826899
697,823051
698,811025
699,818812
700,1274622
701,807238
702,801001
703,1304068
704,815479
705,1229387
706,797391
707,803053
708,801354
709,1356180
710,868388
711,1343279
712,797960
713,789534
714,1313668
715,858917
716,1107655
717,755131
718,1158139
719,767945
720,755004
721,751394
722,751650
723,1183720
724,758975
725,815470
726,1153960
727,816707
728,1362784
729,764426
730,754464
731,750797
732,1162165
733,811989
734,1317520
735,828033
736,760253
737,1099583
738,1179839
739,771971
740,8373331
741,1234855
742,864162
743,1408134
744,793861
745,1229960
746,793600
747,1292425
748,884914
749,825568
750,822190
751,815932
752,817736
753,1633202
754,889410
755,813678
756,804490
757,1308935
758,862287
759,803810
760,1237587
761,893876
762,815730
763,805104
764,794054
765,2871811
766,860730
767,1369594
768,1276542
769,827496
770,806702
771,795727
772,792999
773,1667931
774,880564
775,800893
776,800704
777,1363930
778,1177445
779,848513
780,809310
781,1179101
782,868244
783,821061
784,814325
785,4109138
786,1006408
787,812257
788,1404751
789,797940
790,778245
791,771077
792,1278231
793,793502
794,774191
795,1360130
796,786279
797,754913
798,748552
799,747782
800,756384
801,1447715
802,1344429
803,852519
804,1259694
805,818960
806,1293270
807,763400
808,750427
809,1184590
810,1005630
811,759416
812,740616
813,738832
814,1316132
815,750686
816,744123
817,1265921
818,818676
819,1177520
820,747834
821,749013
822,747077
823,746603
824,1244463
825,1298877
826,767022
827,1245678
828,764085
829,1169988
830,757517
831,1094450
832,943247
833,770676
834,752989
835,753874
836,1096885
837,762738
838,860943
839,1193345
840,822416
841,1136871
842,757253
843,750377
844,752845
845,750669
846,8705736
847,1771304
848,896599
849,1186716
850,1388090
851,899211
852,815446
853,1429567
854,809517
855,1029423
856,1575171
857,806649
858,1252654
859,856275
860,850887
861,1328332
862,828836
863,797420
864,749446
865,745466
866,1214349
867,752705
868,1154781
869,753751
870,1114091
871,800823
872,746484
873,739574
874,750468
875,1172007
876,1145651
877,773692
878,750921
879,1166931
880,831909
881,1120518
882,748963
883,797721
884,1168048
885,755206
886,759334
887,750855
888,759676
889,1382284
890,1069985
891,1108134
892,825486
893,768287
894,850899
895,778187
896,765568
897,1369545
898,819882
899,831769
900,1498866
901,817452
902,1392272
903,782880
904,837002
905,751435
906,1533809
907,821222
908,765390
909,759231
910,4245620
911,923413
912,1427271
913,1774996
914,840962
915,813897
916,806015
917,805978
918,802599
919,3971205
920,1621995
921,912824
922,833940
923,821404
924,4305341
925,1717533
926,1655505
927,855633
928,823467
929,806200
930,805944
931,1437551
932,819227
933,1248649
934,908658
935,806599
936,8683641
937,1215045
938,880221
939,1544010
940,829882
941,811128
942,799064
943,1295288
944,793996
945,795727
946,1591305
947,825754
948,815660
949,803320
950,801680
951,1400912
952,837764
953,803498
954,1467571
955,805467
956,1309944
957,866865
958,812388
959,800440
960,1432496
961,1313689
962,828073
963,805709
964,1144555
965,1234167
966,1397278
967,818642
968,1265896
969,795690
970,762127
971,761534
972,750335
973,748585
974,1193720
975,1136204
976,1299471
977,1273897
978,768695
979,763380
980,756194
981,756746
982,1205322
983,1165543
984,771578
985,750962
986,752268
987,1195446
988,810926
989,1139701
990,767673
991,1317215
992,761790
993,753289
994,749239
995,755675
996,750360
997,1218461
998,774796
999,1272908
1000,1215639
1001,825029
1002,757966
1003,756174
1004,750175
1005,1165930
1006,808132
1007,1235856
1008,756359
1009,754588
1010,1101293
1011,1236820
1012,767673
1013,1129541
1014,1011072
1015,770462
1016,763709
1017,751806
1018,1253593
1019,4466028
1020,1916780
1021,1024776
1022,836483
1023,798466
1024,774463
1025,762494
1026,1234645
1027,1233932
1028,846157
1029,1092349
1030,1100416
1031,838477
1032,760541
1033,762906
1034,757599
1035,1224217
1036,7935262
1037,872991
1038,789966
1039,1361309
1040,892755
1041,1678989
1042,849621
1043,761917
1044,761163
1045,758749
1046,757826
1047,757331
1048,1233672
1049,770640
1050,1247952
1051,1229841
1052,1249938
1053,793317
1054,803745
1055,1138812
1056,1110259
1057,1273262
1058,811210
1059,802608
1060,797803
1061,1204423
1062,817814
1063,1655043
1064,888030
1065,814114
1066,800666
1067,799872
1068,1372215
1069,811758
1070,1434395
1071,967795
1072,1105430
1073,1392951
1074,820518
1075,819549
1076,1292920
1077,1285874
1078,802331
1079,789526
1080,788578
1081,1477999
1082,827422
1083,1173243
1084,910422
1085,819306
1086,799402
1087,799604
1088,795442
1089,1340779
1090,815853
1091,852971
1092,1441845
1093,772778
1094,1191265
1095,752107
1096,760970
1097,761340
1098,753022
1099,1235131
1100,1333861
1101,771265
1102,791619
1103,1404253
1104,771752
1105,1213591
1106,1197782
1107,769107
1108,750962
1109,752400
1110,752075
1111,755935
1112,5042414
1113,1171108
1114,842193
1115,1266114
1116,1279443
1117,842646
1118,951652
1119,1332213
1120,850211
1121,780857
1122,1136990
1123,784545
1124,1099402
1125,1197729
1126,809620
1127,760389
1128,801182
1129,795245
1130,753891
1131,749858
1132,8091607
1133,980554
1134,1688601
1135,862839
1136,834777
1137,823336
1138,822256
1139,1368255
1140,833179
1141,821708
1142,1448362
1143,1259493
1144,876925
1145,804935
1146,799978
1147,803345
1148,1332654
1149,1238011
1150,816475
1151,1188583
1152,813888
1153,1265101
1154,878573
1155,815589
1156,1228704
1157,866378
1158,815277
1159,807671
1160,810147
1161,1111091
1162,1407824
1163,1529384
1164,873625
1165,810600
1166,800061
1167,799781
1168,1255678
1169,813855
1170,795537
1171,1302828
1172,878743
1173,1237384
1174,871702
1175,1188941
1176,805462
1177,798425
1178,1421541
1179,815260
1180,801853
1181,800036
1182,1321031
1183,822730
1184,1535491
1185,852028
1186,776787
1187,768480
1188,770635
1189,770722
1190,1155288
1191,803102
1192,1213282
1193,825738
1194,1179444
1195,805887
1196,752387
1197,751432
1198,751024
1199,1299516
1200,764978
1201,1204844
1202,763590
1203,750286
1204,1187227
1205,761341
1206,1294567
1207,763079
1208,1203666
1209,775175
1210,767495
1211,769527
1212,765584
1213,1294893
1214,758872
1215,811436
1216,1230529
1217,804482
1218,2395713
1219,804498
1220,936111
1221,878520
1222,1296627
1223,1244311
1224,883592
1225,1309474
1226,808182
1227,1165275
1228,766594
1229,763952
1230,1207271
1231,877012
1232,765086
1233,757624
1234,1222878
1235,760195
1236,755861
1237,1200901
1238,873448
1239,8181004
1240,991719
1241,864059
1242,831321
1243,1459313
1244,1268055
1245,911881
1246,1314920
1247,868838
1248,1415929
1249,798549
1250,806221
1251,1399144
1252,813728
1253,802480
1254,792789
1255,1362005
1256,810440
1257,1553886
1258,1334293
1259,1304332
1260,808247
1261,807202
1262,802047
1263,1240772
1264,863885
1265,1253643
1266,807032
1267,866596
1268,1178891
1269,829071
1270,1169967
1271,765024
1272,1230911
1273,784989
1274,763532
1275,763676
1276,761464
1277,1397381
1278,783572
1279,765716
1280,1257767
1281,842836
1282,1180791
1283,762345
1284,760067
1285,747752
1286,1195578
1287,829981
1288,1283188
1289,777409
1290,1296401
1291,826125
1292,1045474
1293,752292
1294,1187956
1295,772946
1296,764908
1297,767092
1298,763149
1299,1312358
1300,758205
1301,752033
1302,3103389
1303,920628
1304,1204787
1305,778797
1306,766713
1307,768629
1308,826215
1309,1227566
1310,1332830
1311,772139
1312,760751
1313,1058774
1314,1235131
1315,771266
1316,1142029
1317,993112
1318,817596
1319,768011
1320,756743
1321,1128943
1322,2239858
1323,837129
1324,1239383
1325,841983
1326,773383
1327,777277
1328,826158
1329,1204560
1330,764138
1331,756000
1332,1147208
1333,953659
1334,1266547
1335,823254
1336,1016082
1337,761427
1338,756050
1339,6912279
1340,1130703
1341,1492777
1342,850602
1343,1369895
1344,1297196
1345,881181
1346,1235065
1347,889385
1348,820023
1349,825128
1350,811610
1351,1221650
1352,822701
1353,884234
1354,1302396
1355,1196987
1356,776087
1357,770957
1358,784866
1359,774545
1360,3898666
1361,928353
1362,1599191
1363,1343576
1364,925196
1365,847154
1366,824230
1367,1380089
1368,885170
1369,1430972
1370,825882
1371,819236
1372,1308795
1373,902342
1374,1222103
1375,816224
1376,1505290
1377,874820
1378,809512
1379,808635
1380,1321599
1381,815178
1382,805821
1383,1237949
1384,1238498
1385,889043
1386,812570
1387,805418
1388,802340
1389,1323685
1390,914345
1391,862913
1392,2552161
1393,886682
1394,1358602
1395,905363
1396,872464
1397,877160
1398,1508673
1399,1441123
1400,1320734
1401,1494359
1402,999964
1403,1376307
1404,935975
1405,1551056
1406,933012
1407,859069
1408,880638
1409,1424305
1410,867919
1411,1583407
1412,1066487
1413,1116542
1414,892714
1415,1734849
1416,969104
1417,1414050
1418,959121
1419,867943
1420,1045923
1421,906306
1422,1539301
1423,937615
1424,987790
1425,2342008
1426,2787175
1427,1709449
1428,12313330
1429,5334611
1430,1275862
1431,1555060
1432,968334
1433,952447
1434,1627009
1435,1025137
1436,1558525
1437,1006960
1438,1611057
1439,1731854
1440,1450765
1441,1093477
1442,1074674
1443,992726
1444,1597309
1445,1508405
1446,1672359
1447,1671078
1448,1052409
1449,1142956
1450,2028464
1451,1130979
1452,1047716
1453,1483387
1454,1048264
1455,1499274
1456,1105863
1457,1684469
1458,1059533
1459,5861889
1460,1214633
1461,2140967
1462,1624253
1463,1095118
1464,1421223
1465,1533817
1466,1055008
1467,1536850
1468,1046435
1469,1593967
1470,1005287
1471,1427721
1472,919647
1473,1499163
1474,911044
1475,900876
1476,899611
1477,1499023
1478,1416613
1479,1639733
1480,963592
1481,970757
1482,965335
1483,1650968
1484,1015555
1485,1071835
1486,1590395
1487,1556614
1488,951924
1489,964036
1490,1484228
1491,1031573
1492,1764551
1493,1047625
1494,1593591
1495,1510856
1496,1024965
1497,967089
1498,1524378
1499,966110
1500,970361
1501,1529821
1502,12029794
1503,3012260
1504,1156973
1505,1024487
1506,1674090
1507,1084591
1508,1565410
1509,1182884
1510,1716412
1511,1648925
1512,933622
1513,1367987
1514,919000
1515,1007080
1516,923162
1517,1528420
1518,944903
1519,1533039
1520,1441894
1521,1000932
1522,916116
1523,913587
1524,1425364
1525,917175
1526,1478543
1527,912626
1528,1544373
1529,1011900
1530,999738
1531,911044
1532,1546540
1533,944400
1534,933981
1535,914801
1536,1553879
1537,1351866
1538,1396404
1539,904699
1540,898466
1541,960851
1542,904011
1543,1292780
1544,1392667
1545,971894
1546,1392478
1547,981370
1548,1358371
1549,918266
1550,1471810
1551,979928
1552,1395160
1553,905746
1554,897002
1555,1419966
1556,893076
1557,901807
1558,890918
1559,1546573
1560,908218
1561,876328
1562,1329683
1563,1101178
1564,1434556
1565,1478608
1566,870646
1567,847476
1568,848946
1569,1543318
1570,857207
1571,1346884
1572,876184
1573,1461893
1574,971218
1575,894321
1576,896450
1577,1437267
1578,1222244
1579,912548
1580,897777
1581,1472407
1582,1380533
1583,1399506
1584,1390319
1585,917084
1586,958850
1587,894651
1588,890456
1589,1222844
1590,906784
1591,9969107
1592,1277461
1593,1615478
1594,972446
1595,932744
1596,1549074
1597,1213974
1598,1321241
1599,889921
1600,1456405
1601,877968
1602,1207580
1603,921571
1604,3221133
1605,935501
1606,1363929
1607,4099797
1608,1671597
1609,972318
1610,882487
1611,869575
1612,877325
1613,1275051
1614,1315926
1615,942134
1616,1320635
1617,950436
1618,1264710
1619,922057
1620,859832
1621,1892262
1622,868459
1623,857071
1624,1441984
1625,859926
1626,854109
1627,1724841
1628,1072808
1629,867268
1630,818984
1631,794548
1632,794157
1633,1346048
1634,1100890
1635,858187
1636,1107111
1637,1283901
1638,1300401
1639,802851
1640,802323
1641,1250915
1642,897588
1643,809743
1644,795508
1645,1238980
1646,813036
1647,796073
1648,1255233
1649,1503757
1650,897411
1651,795986
1652,803534
1653,793316
1654,1328686
1655,798565
1656,797099
1657,1213714
1658,1372668
1659,882571
1660,794697
1661,795957
1662,790952
1663,1201486
1664,854376
1665,1243767
1666,801688
1667,796464
1668,1223834
1669,882146
1670,1093622
1671,850211
1672,1260774
1673,802632
1674,800082
1675,793460
1676,1193740
1677,815416
1678,1416955
1679,856214
1680,1252682
1681,787754
1682,798582
1683,796506
1684,1180280
1685,8415204
1686,965945
1687,862036
1688,835230
1689,1348941
1690,1207575
1691,872739
1692,1492694
1693,833096
1694,817654
1695,813303
1696,1344890
1697,853107
1698,1226009
1699,1236219
1700,814222
1701,815553
1702,863593
1703,805487
1704,6163735
1705,1589406
1706,1501400
1707,872678
1708,1432678
1709,1434914
1710,913973
1711,827839
1712,1199335
1713,825519
1714,830603
1715,1171727
1716,900052
1717,1134217
1718,1404326
1719,1272867
1720,827773
1721,807572
1722,816731
1723,806533
1724,1260223
1725,811721
1726,852357
1727,1383059
1728,888693
1729,1164632
1730,805532
1731,807255
1732,1145062
1733,1264046
1734,804552
1735,800333
1736,861752
1737,1332258
1738,820703
1739,1202269
1740,1245736
1741,816023
1742,798170
1743,799694
1744,1048812
1745,1296310
1746,1126229
1747,1508969
1748,935143
1749,1311386
1750,839470
1751,818918
1752,814560
1753,1383252
1754,1067954
1755,1266914
1756,844500
1757,1205017
1758,856321
1759,807201
1760,1136813
1761,878767
1762,867165
1763,813435
1764,1187597
1765,806180
1766,811828
1767,1131832
1768,873819
1769,1268784
1770,814745
1771,806723
1772,804531
1773,846416
1774,1149643
1775,8792431
1776,1511993
1777,1753938
1778,928575
1779,871442
1780,846009
1781,1459569
1782,1343148
1783,843239
1784,816327
1785,1258310
1786,1338574
1787,1247533
1788,821700
1789,884334
1790,811346
1791,814263
1792,859799
1793,1162939
1794,809999
1795,810950
1796,1251207
1797,837917
1798,1293488
1799,802599
1800,808491
1801,797478
1802,1322774
1803,884597
1804,1303863
1805,769782
1806,761357
1807,1210876
1808,832976
1809,1177721
1810,766112
1811,1322144
1812,766194
1813,814984
1814,764517
1815,1145568
1816,776820
1817,1195269
1818,1276744
1819,1121037
1820,788690
1821,771484
1822,768905
1823,824073
1824,769551
1825,1043299
1826,764134
1827,1196398
1828,764636
1829,1179563
1830,820756
1831,1116344
1832,753265
1833,748787
1834,1098340
1835,817765
1836,754279
1837,753240
1838,1158028
1839,834958
1840,884931
1841,1335332
1842,787429
1843,1173721
1844,769222
1845,809285
1846,753965
1847,769337
1848,752424
1849,1294884
1850,1115129
1851,1179855
1852,771150
1853,768188
1854,771884
1855,773157
1856,5003784
1857,1233697
1858,902717
1859,1427823
1860,1322938
1861,822013
1862,1322135
1863,1251224
1864,829466
1865,811054
1866,799777
1867,1330828
1868,801504
1869,8123686
1870,1733544
1871,927072
1872,861372
1873,820340
1874,816451
1875,883650
1876,1831857
1877,842066
1878,811243
1879,1213278
1880,833220
1881,1338035
1882,815322
1883,1197746
1884,819414
1885,864054
1886,805768
1887,758786
1888,1166956
1889,770825
1890,1169461
1891,1285681
1892,769139
1893,762510
1894,759070
1895,749969
1896,1552481
1897,1177335
1898,982273
1899,760253
1900,1044544
1901,754464
1902,1236594
1903,819120
1904,761373
1905,792809
1906,1806848
1907,866003
1908,823377
1909,1212569
1910,808421
1911,1469218
1912,1488410
1913,885302
1914,819503
1915,884214
1916,798231
1917,1218412
1918,798261
1919,799031
1920,1328183
1921,1334652
1922,830500
1923,816233
1924,807971
1925,803411
1926,1207197
1927,879604
1928,1343803
1929,1254665
1930,1307187
1931,810934
1932,808751
1933,1251768
1934,1303104
1935,894020
1936,1025699
1937,816191
1938,1290600
1939,801001
1940,1270766
1941,1261479
1942,828400
1943,812701
1944,817370
1945,872871
1946,1142058
1947,803027
1948,1276616
1949,801008
1950,1253951
1951,789151
1952,798961
1953,790094
1954,1206089
1955,846495
1956,1432974
1957,808911
1958,800498
1959,1213121
1960,810959
1961,1249609
1962,794882
1963,1240915
1964,799007
1965,801470
1966,852065
1967,812199
1968,1101310
1969,797861
1970,1073582
1971,1273559
1972,9494488
1973,975392
1974,850092
1975,836552
1976,1442113
1977,1623945
1978,842091
1979,827460
1980,1303063
1981,1347152
1982,881067
1983,1189253
1984,889961
1985,818815
1986,815585
1987,805912
1988,1363286
1989,820501
1990,812941
1991,1369797
1992,813678
1993,805084
1994,806275
1995,812042
1996,1236965
1997,826599
1998,863049
1999,1288882
2000,814704
2001,1311254
2002,919437
2003,891973
2004,814181
2005,806703
2006,1267046
2007,808306
2008,866522
2009,810724
2010,1292709
2011,801997
2012,1600468
2013,904357
2014,820912
2015,811973
2016,809303
2017,1397900
2018,849865
2019,803662
2020,1306730
2021,1188372
2022,850067
2023,802759
2024,797684
2025,799426
2026,1671466
2027,866798
2028,793585
2029,839087
2030,1275487
2031,1173148
2032,854705
2033,803629
2034,793988
2035,1279179
2036,813455
2037,1050085
2038,801886
2039,1354869
2040,1131774
2041,1582257
2042,865015
2043,809628
2044,7961288
2045,963093
2046,1524547
2047,1420819
2048,858937
2049,1303788
2050,906833
2051,1262810
2052,817419
2053,2080913
2054,840862
2055,1284131
2056,813410
2057,804313
2058,806130
2059,1271383
2060,951516
2061,1271268
2062,865258
2063,848645
2064,2080509
2065,881486
2066,14794733
2067,2942338
2068,976578
2069,1770640
2070,1323524
2071,1182291
2072,887700
2073,946646
2074,3386654
2075,2077918
2076,1629391
2077,4750398
2078,1597975
2079,1007755
2080,934912
2081,1707599
2082,974020
2083,944129
2084,1689599
2085,922411
2086,962137
2087,975000
2088,1690863
2089,1387018
2090,1040963
2091,977485
2092,1549770
2093,1742987
2094,1590947
2095,1129203
2096,1586892
2097,1057275
2098,1055157
2099,1723437
2100,1143022
2101,1846825
2102,1267795
2103,1243532
2104,1858291
2105,1056689
2106,1034667
2107,1846866
2108,1037709
2109,1046698
2110,1006531
2111,1436583
2112,2905472
2113,1343246
2114,1757271
2115,1478785
2116,1071039
2117,1051914
2118,1602359
2119,980814
2120,964354
2121,950737
2122,5810577
2123,1759661
2124,1111524
2125,1683006
2126,1020169
2127,971436
2128,10214207
2129,1883247
2130,1096148
2131,1584845
2132,991152
2133,947791
2134,939382
2135,1529837
2136,953164
2137,1677448
2138,976801
2139,928687
2140,926981
2141,1419147
2142,1447007
2143,1523497
2144,2123581
2145,1038445
2146,907394
2147,885697
2148,1485155
2149,903422
2150,901844
2151,1321748
2152,926684
2153,2001951
2154,1022567
2155,935365
2156,923244
2157,996062
2158,1457118
2159,980122
2160,2998042
2161,1936038
2162,1007334
2163,987571
2164,1076540
2165,1471748
2166,1601255
2167,986055
2168,1410458
2169,1718925
2170,962661
2171,1397397
2172,1234769
2173,1047659
2174,974642
2175,1419114
2176,982767
2177,1599451
2178,1556181
2179,964820
2180,1035269
2181,980386
2182,1304592
2183,918934
2184,1471023
2185,1472518
2186,993838
2187,1251368
2188,909371
2189,973987
2190,1004216
2191,919960
2192,1431478
2193,931022
2194,923759
2195,1570358
2196,1540187
2197,983426
2198,895709
2199,895602
2200,1351470
2201,894539
2202,1479914
2203,901844
2204,1353852
2205,1413024
2206,943350
2207,1368458
2208,942773
2209,863651
2210,856556
2211,8656193
2212,1711979
2213,1575212
2214,1263065
2215,975544
2216,894556
2217,960856
2218,1305152
2219,870379
2220,1269768
2221,876798
2222,1411813
2223,853231
2224,859852
2225,856395
2226,853614
2227,2129472
2228,871314
2229,1522054
2230,1648747
2231,934945
2232,866210
2233,864871
2234,846985
2235,1308370
2236,963559
2237,1414714
2238,1297081
2239,1406251
2240,911472
2241,913965
2242,1353777
2243,1355644
2244,1051267
2245,922498
2246,1446294
2247,912576
2248,1427519
2249,1296232
2250,966686
2251,910332
2252,896459
2253,1435734
2254,915111
2255,918860
2256,1679026
2257,946695
2258,852955
2259,846561
2260,849906
2261,1045718
2262,1399288
2263,1440304
2264,868715
2265,838325
2266,1468992
2267,1387628
2268,924414
2269,848056
2270,1230220
2271,863424
2272,910410
2273,1254755
2274,863107
2275,1150739
2276,4120761
2277,1369755
2278,857594
2279,900348
2280,846845
2281,859757
2282,1414553
2283,1354507
2284,948232
2285,1355265
2286,1266073
2287,861945
2288,920459
2289,1285021
2290,1315114
2291,925905
2292,851682
2293,1181879
2294,862287
2295,1498702
2296,870832
2297,1334471
2298,881668
2299,806542
2300,7748074
2301,1012625
2302,852658
2303,1436612
2304,1472288
2305,1403305
2306,821342
2307,824007
2308,1264784
2309,840871
2310,1417466
2311,843779
2312,819042
2313,812405
2314,1245489
2315,890892
2316,1202158
2317,812352
2318,1299454
2319,813320
2320,850907
2321,809702
2322,1358396
2323,810934
2324,801210
2325,1401950
2326,873185
2327,845695
2328,810382
2329,804692
2330,804560
2331,1766932
2332,873918
2333,1113012
2334,805042
2335,1178714
2336,843437
2337,805421
2338,793168
2339,1191767
2340,1221893
2341,813172
2342,809525
2343,807947
2344,1235321
2345,829111
2346,897625
2347,1388576
2348,835449
2349,813773
2350,804564
2351,1307933
2352,829639
2353,810266
2354,1265068
2355,1820605
2356,848419
2357,822000
2358,806031
2359,1357328
2360,1273798
2361,855942
2362,845213
2363,1082621
2364,1203604
2365,1163524
2366,777351
2367,1169947
2368,1215635
2369,771661
2370,805294
2371,757089
2372,1125211
2373,814283
2374,1126769
2375,1223055
2376,1546680
2377,835733
2378,829825
2379,826475
2380,1509250
2381,1774443
2382,850161
2383,820291
2384,1304216
2385,813699
2386,1239301
2387,806950
2388,1316717
2389,1444094
2390,825322
2391,811811
2392,811346
2393,810382
2394,1381695
2395,1244220
2396,1108508
2397,1151550
2398,817151
2399,880238
2400,815730
2401,1163784
2402,8480622
2403,958071
2404,1523320
2405,974346
2406,1314834
2407,827554
2408,1309194
2409,825553
2410,811709
2411,885619
2412,1120786
2413,8441630
2414,1695877
2415,874672
2416,851331
2417,828350
2418,1377563
2419,827406
2420,1666954
2421,9649547
2422,1394533
2423,855266
2424,1764391
2425,895957
2426,804750
2427,837743
2428,826294
2429,5246202
2430,2911096
2431,1569119
2432,1407137
2433,15581103
2434,1810103
2435,899619
2436,1413881
2437,895796
2438,1398493
2439,940169
2440,858941
2441,833137
2442,897914
2443,6961539
2444,842070
2445,1643486
2446,1000211
2447,1380076
2448,1244739
2449,820221
2450,813402
2451,808985
2452,13793162
2453,1309947
2454,941656
2455,1477973
2456,1334714
2457,7186941
2458,1337053
2459,869711
2460,837599
2461,821209
2462,924451
2463,1302417
2464,837430
2465,1248723
2466,810526
2467,6786212
2468,833891
2469,810448
2470,811861
2471,1383014
2472,796126
2473,1369652
2474,807312
2475,809611
2476,1160356
2477,6908212
2478,840067
2479,1391221
2480,837690
2481,818646
2482,809208
2483,810790
2484,1489708
2485,1365924
2486,831003
2487,7525238
2488,1940850
2489,1273308
2490,927998
2491,821436
2492,812632
2493,804383
2494,1282735
2495,7463610
2496,2710962
2497,4316193
2498,943556
2499,861801
2500,840994
2501,7439927
2502,1540121
2503,979742
2504,1381218
2505,841715
2506,1287477
2507,830063
2508,824399
2509,14186681
2510,954729
2511,1379141
2512,864883
2513,841772
2514,835704
2515,1423700
2516,1349657
2517,837900
2518,7002414
2519,895779
2520,1283036
2521,1377233
2522,824217
2523,809603
2524,808182
2525,1361156
2526,1235201
2527,6752233
2528,1053199
2529,844822
2530,820682
2531,1182616
2532,820332
2533,3561898
2534,1011026
2535,7177333
2536,879373
2537,800799
2538,1269789
2539,872645
2540,794466
2541,1099695
2542,842317
2543,1066153
2544,1158061
2545,6681248
2546,846586
2547,799328
2548,1265327
2549,1268318
2550,792138
2551,780095
2552,774644
2553,1180815
2554,785323
2555,2952198
2556,943440
2557,1214370
2558,820184
2559,4706922
2560,939406
2561,857458
2562,855254
2563,4028718
2564,1363975
2565,912148
2566,828576
2567,820073
2568,814041
2569,8662888
2570,912874
2571,808115
2572,1454538
2573,842412
2574,1301003
2575,781067
2576,862691
2577,778612
2578,845304
2579,783688
2580,1226042
2581,766989
2582,762849
2583,1199925
2584,1042335
2585,1224711
2586,759214
2587,765044
2588,766037
2589,822557
2590,1159618
2591,1181018
2592,774714
2593,770409
2594,766763
2595,1110424
2596,841348
2597,1039934
2598,760516
2599,1321876
2600,823682
2601,762177
2602,759556
2603,1075057
2604,766087
2605,1174001
2606,1176403
2607,1382263
2608,754695
2609,756380
2610,758069
2611,1112117
2612,1374893
2613,770285
2614,1303067
2615,766309
2616,752486
2617,1235008
2618,1130233
2619,760669
2620,764146
2621,1224254
2622,1176044
2623,769106
2624,768344
2625,1166705
2626,775241
2627,1123576
2628,1297386
2629,1139841
2630,765741
2631,827085
2632,755922
2633,763734
2634,753261
2635,1311110
2636,1154467
2637,844879
2638,1119505
2639,1220142
2640,813195
2641,766354
2642,807102
2643,785443
2644,1470850
2645,874709
2646,815561
2647,809228
2648,1194182
2649,799603
2650,1277436
2651,791978
2652,913673
2653,1167479
2654,807971
2655,803551
2656,802030
2657,1228321
2658,809154
2659,811000
2660,1638294
2661,857055
2662,841698
2663,799752
2664,797037
2665,808507
2666,1226244
2667,821412
2668,807329
2669,1377538
2670,804432
2671,1227414
2672,800815
2673,838192
2674,1351821
2675,860791
2676,1153735
2677,799011
2678,8297776
2679,932122
2680,843491
2681,1526360
2682,1311983
2683,839091
2684,818247
2685,812607
2686,1336012
2687,831967
2688,806732
2689,1408401
2690,829981
2691,1353312
2692,806176
2693,801293
2694,1170997
2695,1382750
2696,817571
2697,810431
2698,803472
2699,1277811
2700,821280
2701,1086676
2702,3469357
2703,978256
2704,1223224
2705,809929
2706,791957
2707,776585
2708,784982
2709,1449801
2710,794079
2711,772832
2712,1245810
2713,765390
2714,832828
2715,803238
2716,1245341
2717,1353843
2718,829796
2719,812121
2720,805578
2721,1326820
2722,1485484
2723,881536
2724,1371115
2725,817724
2726,815227
2727,762107
2728,762053
2729,1206801
2730,1099061
2731,849198
2732,778047
2733,834810
2734,778076
2735,825557
2736,769919
2737,1298811
2738,761995
2739,1204437
2740,768366
2741,755362
2742,1163190
2743,2782825
2744,896900
2745,799060
2746,1230665
2747,818560
2748,810473
2749,805661
2750,1224060
2751,796592
2752,795492
2753,1598367
2754,967699
2755,822985
2756,806316
2757,811284
2758,801309
2759,1226430
2760,812598
2761,811231
2762,1301312
2763,828390
2764,1251047
2765,817980
2766,803736
2767,1121973
2768,1110021
2769,1277086
2770,808693
2771,800992
2772,1566180
2773,812389
2774,801569
2775,1452148
2776,1250688
2777,760376
2778,7941178
2779,957528
2780,1370790
2781,807839
2782,1354198
2783,776144
2784,773231
2785,1218057
2786,1217197
2787,818894
2788,785142
2789,1420527
2790,817386
2791,815478
2792,808255
2793,1391118
2794,823533
2795,1517296
2796,1362801
2797,1297773
2798,821547
2799,803962
2800,766490
2801,1228836
2802,819520
2803,1171459
2804,770656
2805,763347
2806,1173363
2807,1295758
2808,761806
2809,758399
2810,1096408
2811,815133
2812,755654
2813,758048
2814,752519
2815,1159716
2816,762267
2817,1098100
2818,1298518
2819,839420
2820,826146
2821,803246
2822,799052
2823,1595454
2824,1220113
2825,802582
2826,1256621
2827,1249440
2828,1327549
2829,805487
2830,813336
2831,812232
2832,1194399
2833,808408
2834,759515
2835,1032385
2836,752219
2837,1126027
2838,1138510
2839,815705
2840,1028825
2841,809026
2842,762787
2843,768386
2844,763215
2845,1155795
2846,769123
2847,1135536
2848,2211429
2849,845621
2850,1257627
2851,813522
2852,816274
2853,802731
2854,1275747
2855,865192
2856,1346889
2857,811020
2858,794363
2859,1397187
2860,882554
2861,1198190
2862,810089
2863,1274420
2864,799027
2865,786473
2866,790556
2867,1230933
2868,821255
2869,1712361
2870,1375696
2871,813467
2872,810209
2873,807736
2874,809060
2875,1237290
2876,1172164
2877,860771
2878,1416436
2879,828259
2880,1189402
2881,742009
2882,750335
2883,6929262
2884,1567779
2885,882237
2886,2963425
2887,819528
2888,788924
2889,775184
2890,1419851
2891,1242110
2892,786172
2893,784932
2894,778052
2895,772963
2896,778464
2897,1355368
2898,1098315
2899,861491
2900,1121165
2901,1242963
2902,826417
2903,770194
2904,756536
2905,772510
2906,1243362
2907,787400
2908,771393
2909,3195626
2910,1496077
2911,845951
2912,1313215
2913,902610
2914,803621
2915,788892
2916,787895
2917,2212690
2918,782707
2919,1270078
2920,1447340
2921,1467150
2922,865015
2923,1190585
2924,772531
2925,766729
2926,1515677
2927,866362
2928,769824
2929,1295305
2930,796135
2931,1443645
2932,755786
2933,758823
2934,1226730
2935,1110552
2936,762082
2937,758638
2938,760846
2939,1244632
2940,779316
2941,1237891
2942,879978
2943,1148770
2944,758374
2945,755890
2946,750546
2947,749689
2948,750241
2949,1521676
2950,891927
2951,1113757
2952,1300867
2953,1284996
2954,800852
2955,804330
2956,1342843
2957,804359
2958,800873
2959,798788
2960,1411558
2961,834802
2962,1651195
2963,1930207
2964,957008
2965,857392
2966,842618
2967,846251
2968,1409090
2969,1327882
2970,1156758
2971,854001
2972,1271437
2973,1469029
2974,966064
2975,853457
2976,1354354
2977,992045
2978,870379
2979,1343902
2980,863334
2981,9668281
2982,1939445
2983,984774
2984,953049
2985,948830
2986,1485967
2987,945179
2988,1000257
2989,1538613
2990,1522804
2991,924986
2992,917030
2993,908770
2994,1500301
2995,1566247
2996,1006292
2997,906858
2998,1448927
2999,1414384
3000,1713524
3001,1010215
3002,910810
3003,905602
3004,906606
3005,919136
3006,1268062
3007,917472
3008,1494050
3009,895404
3010,5309149
3011,1744206
3012,1562942
3013,1338446
3014,988864
3015,976846
3016,1387373
3017,969657
3018,1074991
3019,1798191
3020,1790479
3021,1037457
3022,1038610
3023,1794570
3024,1720791
3025,1153643
3026,1154620
3027,1869964
3028,2129435
3029,1117461
3030,1125446
3031,1118359
3032,1773072
3033,1127584
3034,1836867
3035,1794772
3036,1258105
3037,1132474
3038,1854196
3039,1834424
3040,1362973
3041,1588627
3042,1618440
3043,1128495
3044,1040444
3045,1783994
3046,1059261
3047,963715
3048,2016037
3049,1088699
3050,1658484
3051,12983608
3052,1408806
3053,1911696
3054,1890111
3055,1109773
3056,1587272
3057,1798180
3058,1751853
3059,1169955
3060,1078531
3061,1053501
3062,1674057
3063,1784451
3064,1692392
3065,1228876
3066,1074497
3067,1042771
3068,1411088
3069,980789
3070,1452507
3071,1123876
3072,1458952
3073,983509
3074,1068028
3075,985099
3076,1493102
3077,1280324
3078,1570276
3079,1568023
3080,988020
3081,970262
3082,1784534
3083,983244
3084,967259
3085,1506427
3086,907295
3087,1470117
3088,1405291
3089,974650
3090,963373
3091,906549
3092,892623
3093,1419340
3094,937054
3095,904502
3096,1638295
3097,1488916
3098,914073
3099,976146
3100,901333
3101,1903980
3102,1015554
3103,923445
3104,1427309
3105,916107
3106,1427626
3107,895775
3108,1452177
3109,1133484
3110,929403
3111,915280
3112,1437358
3113,921509
3114,1384641
3115,1626314
3116,964243
3117,918732
3118,904007
3119,852275
3120,1396862
3121,1319284
3122,913504
3123,1357980
3124,921942
3125,1271676
3126,913051
3127,855373
3128,1284754
3129,1373571
3130,857937
3131,1335953
3132,852069
3133,1340993
3134,837871
3135,1327417
3136,1196204
3137,868228
3138,12240834
3139,1323701
3140,1673983
3141,1420646
3142,890213
3143,997084
3144,905746
3145,921019
3146,1318913
3147,1427779
3148,999210
3149,1518268
3150,915222
3151,901317
3152,976397
3153,1401636
3154,1605214
3155,980105
3156,1454122
3157,988922
3158,1687291
3159,1497614
3160,1136145
3161,1043163
3162,1056195
3163,1710804
3164,1037758
3165,1614156
3166,1683517
3167,1247426
3168,1499205
3169,1493156
3170,979409
3171,1668726
3172,1516377
3173,1039958
3174,971613
3175,1038017
3176,1569823
3177,987603
3178,975825
3179,1528638
3180,1005497
3181,1557055
3182,1579472
3183,1061403
3184,990455
3185,1541065
3186,1055450
3187,1036468
3188,1674861
3189,1695280
3190,1026123
3191,1113019
3192,2269349
3193,1126711
3194,1037045
3195,1605021
3196,1043592
3197,1675989
3198,1518606
3199,1099687
3200,998749
3201,5593794
3202,1082609
3203,1113423
3204,1684811
3205,1472407
3206,926449
3207,917406
3208,912482
3209,1445441
3210,1229458
3211,979961
3212,966707
3213,9744058
3214,1862700
3215,1509217
3216,1057031
3217,951767
3218,952117
3219,1477714
3220,943783
3221,931101
3222,1520295
3223,1358375
3224,880506
3225,869258
3226,862563
3227,867750
3228,862192
3229,1297060
3230,855271
3231,1546631
3232,1385498
3233,892755
3234,884420
3235,879241
3236,875937
3237,1404693
3238,863190
3239,860268
3240,1300917
3241,1687815
3242,848303
3243,866922
3244,1365429
3245,872373
3246,863775
3247,863750
3248,1419164
3249,867528
3250,1521885
3251,1460265
3252,856873
3253,843919
3254,852374
3255,860515
3256,1319812
3257,1287794
3258,943181
3259,1991659
3260,946880
3261,1430423
3262,926441
3263,857916
3264,1539034
3265,863984
3266,854199
3267,853742
3268,1376961
3269,855271
3270,848831
3271,1421767
3272,836919
3273,849498
3274,849654
3275,851517
3276,1334722
3277,1297246
3278,1003186
3279,1356546
3280,847755
3281,1366455
3282,832577
3283,841382
3284,1388869
3285,867425
3286,853206
3287,840772
3288,1288750
3289,865241
3290,4648121
3291,1606043
3292,908399
3293,876530
3294,935398
3295,862142
3296,1321225
3297,1352690
3298,957844
3299,1365895
3300,9222956
3301,1058387
3302,1350910
3303,1002276
3304,890180
3305,1354473
3306,903628
3307,824600
3308,1352369
3309,944318
3310,866889
3311,829112
3312,824679
3313,810934
3314,1265307
3315,893052
3316,897443
3317,1184425
3318,1281576
3319,812442
3320,809830
3321,1205507
3322,863742
3323,1273052
3324,819537
3325,857915
3326,1230097
3327,812834
3328,1326696
3329,1339023
3330,799830
3331,799921
3332,796270
3333,791475
3334,1213879
3335,912408
3336,1316445
3337,816851
3338,805124
3339,1314068
3340,893484
3341,1147146
3342,810781
3343,1290283
3344,801479
3345,841917
3346,807568
3347,1288969
3348,803509
3349,1630557
3350,1358277
3351,1182414
3352,799451
3353,792673
3354,803176
3355,1223731
3356,843144
3357,1331995
3358,811738
3359,799290
3360,1236915
3361,809513
3362,1268080
3363,1246020
3364,866638
3365,804083
3366,798264
3367,864949
3368,2028843
3369,4967164
3370,1638802
3371,1427251
3372,4955806
3373,1680896
3374,877462
3375,921707
3376,828210
3377,835873
3378,1449594
3379,1361185
3380,945480
3381,1323972
3382,858052
3383,854261
3384,847454
3385,1312152
3386,1305370
3387,8907860
3388,1613616
3389,1055540
3390,1293047
3391,1615943
3392,1117815
3393,850520
3394,830323
3395,1443134
3396,813476
3397,799290
3398,1390801
3399,813488
3400,801536
3401,797041
3402,797321
3403,805669
3404,1255558
3405,1471360
3406,831580
3407,817662
3408,1416176
3409,888787
3410,870956
3411,801181
3412,797890
3413,1308902
3414,808297
3415,803637
3416,801202
3417,1355846
3418,808578
3419,1291094
3420,1271479
3421,824707
3422,809822
3423,805668
3424,798405
3425,1317793
3426,866782
3427,898111
3428,1256436
3429,846503
3430,796983
3431,795327
3432,793889
3433,1218251
3434,805635
3435,1297106
3436,852848
3437,798706
3438,1243977
3439,1294209
3440,863156
3441,806600
3442,801351
3443,1286171
3444,800906
3445,794804
3446,794906
3447,1328319
3448,1607873
3449,987719
3450,1429365
3451,805108
3452,794240
3453,792542
3454,790495
3455,798462
3456,1305898
3457,1229499
3458,1100392
3459,1223657
3460,805124
3461,796975
3462,795533
3463,796332
3464,1228366
3465,1376204
3466,882665
3467,812809
3468,1463648
3469,1377830
3470,944536
3471,1408294
3472,864178
3473,849700
3474,848386
3475,1318233
3476,878297
3477,860923
3478,1323993
3479,881697
3480,1215441
3481,814601
3482,806641
3483,800473
3484,802682
3485,1302820
3486,1343478
3487,815771
3488,793452
3489,1278994
3490,882438
3491,8595750
3492,1602277
3493,912602
3494,857231
3495,840026
3496,830566
3497,1312914
3498,892355
3499,1712407
3500,917957
3501,826809
3502,821485
3503,809921
3504,817815
3505,1340445
3506,814049
3507,1366290
3508,888314
3509,1353168
3510,890292
3511,814757
3512,817518
3513,803160
3514,1219371
3515,1343626
3516,838180
3517,1263007
3518,1425492
3519,815598
3520,805294
3521,1410787
3522,810802
3523,811762
3524,809348
3525,1190856
3526,815610
3527,1208804
3528,1480883
3529,1362208
3530,823752
3531,811119
3532,1195261
3533,859617
3534,1294222
3535,817015
3536,806970
3537,1412811
3538,842955
3539,1268434
3540,802521
3541,1274152
3542,815738
3543,814584
3544,807972
3545,3439626
3546,1523389
3547,901671
3548,1482843
3549,843211
3550,820995
3551,814943
3552,1290739
3553,817757
3554,804915
3555,1426403
3556,814502
3557,800593
3558,1265735
3559,820542
3560,802649
3561,1410301
3562,811318
3563,804655
3564,803299
3565,809571
3566,1318151
3567,803386
3568,1178698
3569,1318518
3570,795269
3571,804976
3572,803349
3573,796839
3574,791804
3575,1339472
3576,1246922
3577,880589
3578,1353868
3579,805092
3580,1325909
3581,791376
3582,802937
3583,1223492
3584,804919
3585,804305
3586,866053
3587,1141584
3588,8388081
3589,1060340
3590,1614118
3591,843322
3592,822639
3593,818041
3594,803538
3595,1431499
3596,1196509
3597,1299042
3598,939815
3599,1347552
3600,1215866
3601,864479
3602,803855
3603,797642
3604,1328077
3605,811956
3606,802154
3607,795945
3608,1365371
3609,816274
3610,2077691
3611,815940
3612,776066
3613,765391
3614,764480
3615,767644
3616,1122352
3617,765283
3618,1311897
3619,777664
3620,764785
3621,1217039
3622,777343
3623,789296
3624,1367320
3625,917653
3626,824230
3627,793143
3628,1282125
3629,868763
3630,802534
3631,1361317
3632,1199472
3633,864582
3634,799084
3635,796621
3636,795158
3637,1321291
3638,814502
3639,854450
3640,1240520
3641,1299664
3642,820080
3643,798128
3644,799505
3645,797655
3646,1302837
3647,805372
3648,1141522
3649,805701
3650,848217
3651,3006224
3652,907196
3653,819681
3654,1229231
3655,1044371
3656,801433
3657,800415
3658,796612
3659,1354499
3660,797894
3661,1248323
3662,860915
3663,1252546
3664,797684
3665,792237
3666,799826
3667,794873
3668,1262270
3669,1236194
3670,865068
3671,1207486
3672,1303850
3673,803040
3674,808054
3675,1197675
3676,1210732
3677,803913
3678,794883
3679,835984
3680,1327701
3681,822030
3682,1693388
3683,1373492
3684,822157
3685,805911
3686,808837
3687,805409
3688,1268775
3689,1059232
3690,870581
3691,7459192
3692,1108183
3693,1443780
3694,831163
3695,1280609
3696,861615
3697,1373702
3698,784648
3699,768653
3700,1110683
3701,790783
3702,1242329
3703,1283270
3704,1137048
3705,793502
3706,781175
3707,771950
3708,763569
3709,767154
3710,1212895
3711,780565
3712,1230220
3713,774689
3714,1223826
3715,765246
3716,758840
3717,755506
3718,1046026
3719,806575
3720,1182040
3721,771138
3722,2187293
3723,1216433
3724,874981
3725,1248101
3726,4477556
3727,1479387
3728,888256
3729,791619
3730,798265
3731,1268813
3732,827270
3733,1453797
3734,834192
3735,820155
3736,826586
3737,819821
3738,816356
3739,1331801
3740,808425
3741,1192184
3742,810258
3743,1162732
3744,847339
3745,805454
3746,799043
3747,810526
3748,1497351
3749,855007
3750,808124
3751,805813
3752,1113757
3753,774714
3754,1128392
3755,1693030
3756,884997
3757,769515
3758,768039
3759,754497
3760,1320194
3761,768036
3762,762502
3763,1323812
3764,815927
3765,1290999
3766,797461
3767,808932
3768,801923
3769,1251727
3770,908787
3771,1222989
3772,809615
3773,806991
3774,1327133
3775,806365
3776,1256197
3777,800086
3778,1275067
3779,805220
3780,804725
3781,843916
3782,1271862
3783,795912
3784,803395
3785,1426555
3786,825227
3787,1282957
3788,794198
3789,796196
3790,797066
3791,8323560
3792,1307088
3793,1013062
3794,1329593
3795,1337182
3796,864285
3797,790609
3798,779498
3799,861080
3800,776960
3801,766647
3802,1102275
3803,777520
3804,816879
3805,1184339
3806,1250318
3807,763623
3808,764105
3809,763331
3810,760409
3811,760896
3812,1051519
3813,762988
3814,1241971
3815,1351074
3816,1112434
3817,1251076
3818,1336597
3819,754547
3820,1169526
3821,761274
3822,756120
3823,756603
3824,749380
3825,813060
3826,1191302
3827,1460916
3828,825758
3829,1318225
3830,763434
3831,772736
3832,759276
3833,764805
3834,1526117
3835,875343
3836,753088
3837,749404
3838,1180684
3839,758786
3840,1046390
3841,815965
3842,1275751
3843,778529
3844,759070
3845,755663
3846,805743
3847,761476
3848,1098533
3849,802673
3850,1292500
3851,1204551
3852,1165559
3853,861339
3854,799823
3855,788314
3856,785826
3857,1397780
3858,813789
3859,792130
3860,792002
3861,1377962
3862,798978
3863,1250779
3864,837632
3865,832367
3866,811672
3867,856074
3868,810855
3869,1172992
3870,777141
3871,1244446
3872,755799
3873,1091677
3874,809360
3875,1183765
3876,752895
3877,753508
3878,1167652
3879,830401
3880,754110
3881,764084
3882,749338
3883,1272080
3884,761484
3885,1062268
3886,819615
3887,1240120
3888,756438
3889,794960
3890,749681
3891,750768
3892,752355
3893,1235246
3894,762470
3895,1215969
3896,755243
3897,1139734
3898,821160
3899,1003689
3900,804506
3901,759128
3902,7164165
3903,1840867
3904,928600
3905,804832
3906,1310294
3907,1281152
3908,1200662
3909,831880
3910,1154488
3911,782155
3912,768035
3913,766898
3914,819916
3915,757850
3916,1545469
3917,3566698
3918,1376875
3919,908910
3920,793461
3921,771653
3922,849128
3923,1255121
3924,1284107
3925,795764
3926,1177251
3927,781500
3928,1203575
3929,815228
3930,769943
3931,773989
3932,1269418
3933,774051
3934,809983
3935,811148
3936,1258525
3937,817213
3938,1227422
3939,1405238
3940,817312
3941,802397
3942,861730
3943,806307
3944,1312844
3945,811598
3946,1293496
3947,804482
3948,801009
3949,1226149
3950,869114
3951,1220369
3952,796856
3953,1614432
3954,1069685
3955,824373
3956,1343984
3957,818675
3958,799743
3959,1183584
3960,858504
3961,1326469
3962,865842
3963,795594
3964,793885
3965,1249584
3966,817020
3967,805603
3968,1203974
3969,1385453
3970,807526
3971,802278
3972,798339
3973,1304250
3974,806633
3975,787585
3976,1254380
3977,825379
3978,1203856
3979,1380549
3980,802604
3981,800984
3982,1441091
3983,805677
3984,800407
3985,793053
3986,1302845
3987,815738
3988,1641961
3989,1376784
3990,1219808
3991,797074
3992,855469
3993,800914
3994,1147801
3995,923849
3996,1320804
3997,771908
3998,755363
3999,1114808
4000,1185929
4001,1184198
4002,802307
4003,1133468
4004,8070158
4005,971618
4006,838728
4007,805830
4008,1339390
4009,781875
4010,1320582
4011,775324
4012,782497
4013,775852
4014,772552
4015,777623
4016,1361849
4017,1223146
4018,1007010
4019,792509
4020,1345364
4021,967242
4022,1153952
4023,772580
4024,1466256
4025,790478
4026,840212
4027,776985
4028,1232606
4029,772604
4030,758663
4031,1155868
4032,1502480
4033,776799
4034,765345
4035,765593
4036,762840
4037,792109
4038,768773
4039,1284189
4040,838761
4041,1292882
4042,816760
4043,1405398
4044,796555
4045,1241550
4046,862448
4047,811989
4048,804894
4049,804671
4050,800724
4051,1208730
4052,1216635
4053,979026
4054,1393070
4055,798499
4056,805034
4057,866914
4058,1331406
4059,864932
4060,1266951
4061,807378
4062,805887
4063,1232387
4064,812223
4065,1265999
4066,1355017
4067,830970
4068,799155
4069,749219
4070,751139
4071,1196332
4072,761748
4073,756878
4074,1382416
4075,885912
4076,2018147
4077,874070
4078,766536
4079,1501120
4080,862139
4081,784940
4082,1277070
4083,772947
4084,1136352
4085,836965
4086,1167603
4087,1300174
4088,773878
4089,770005
4090,767418
4091,763463
4092,768423
4093,1135099
4094,1112608
4095,1289269
4096,1206653
4097,811539
4098,770347
4099,785324
4100,1296076
4101,857384
4102,1320982
4103,814935
4104,796213
4105,1346806
4106,879434
4107,1213373
4108,858620
4109,8445206
4110,1838573
4111,919606
4112,840619
4113,1315122
4114,1337141
4115,895371
4116,823220
4117,813233
4118,809508
4119,806624
4120,1433481
4121,1287954
4122,874519
4123,1264087
4124,913949
4125,1295404
4126,824308
4127,804610
4128,1340448
4129,882991
4130,823920
4131,802657
4132,1410169
4133,855596
4134,1072235
4135,890708
4136,1119591
4137,768093
4138,760673
4139,754287
4140,805405
4141,1086099
4142,770380
4143,905379
4144,1197032
4145,1372371
4146,1257269
4147,812907
4148,808948
4149,1655093
4150,883283
4151,811153
4152,815408
4153,818214
4154,1195039
4155,1366694
4156,1125849
4157,892227
4158,834402
4159,860259
4160,813645
4161,1212285
4162,796666
4163,789225
4164,1387398
4165,1266349
4166,815470
4167,799686
4168,806732
4169,859560
4170,1279678
4171,811593
4172,1300039
4173,818992
4174,810608
4175,1210015
4176,874404
4177,1197312
4178,816566
4179,1328085
4180,1324755
4181,818366
4182,803151
4183,1191462
4184,1190926
4185,1266251
4186,803604
4187,1250730
4188,816199
4189,853507
4190,794029
4191,795439
4192,1316730
4193,833104
4194,1427766
4195,885969
4196,1196962
4197,802607
4198,809364
4199,849197
4200,3703493
4201,1598837
4202,881157
4203,838122
4204,9477237
4205,1757044
4206,1456591
4207,943353
4208,832585
4209,812281
4210,831321
4211,822342
4212,1239469
4213,1437535
4214,918349
4215,1235333
4216,811853
4217,878084
4218,798693
4219,1255460
4220,1515816
4221,1116208
4222,1388819
4223,836281
4224,1231024
4225,803312
4226,1331986
4227,801853
4228,790832
4229,796489
4230,791759
4231,787870
4232,1221707
4233,1407157
4234,812215
4235,1267016
4236,840162
4237,814057
4238,804840
4239,1331726
4240,1224332
4241,810197
4242,796732
4243,797956
4244,1300158
4245,804037
4246,1794953
4247,901238
4248,810130
4249,802558
4250,807486
4251,1313405
4252,823740
4253,807082
4254,1233231
4255,813822
4256,1263811
4257,850083
4258,811136
4259,803127
4260,1366669
4261,854529
4262,1257557
4263,801260
4264,796419
4265,1169362
4266,804391
4267,1302235
4268,1248764
4269,809908
4270,793745
4271,794211
4272,797416
4273,1266254
4274,812372
4275,792233
4276,1350304
4277,881919
4278,1197947
4279,801981
4280,804931
4281,797284
4282,798516
4283,4530842
4284,1478006
4285,872122
4286,3944852
4287,1120365
4288,867400
4289,1342480
4290,949900
4291,830224
4292,1345838
4293,824258
4294,1190049
4295,7841670
4296,1684827
4297,831967
4298,797989
4299,784726
4300,777100
4301,1252749
4302,800255
4303,786939
4304,1440567
4305,843483
4306,1381345
4307,850186
4308,994872
4309,770504
4310,1217179
4311,774130
4312,766771
4313,765522
4314,1190922
4315,825198
4316,1179831
4317,844295
4318,1254294
4319,777603
4320,758828
4321,761917
4322,757652
4323,751782
4324,1189361
4325,1081183
4326,884222
4327,761786
4328,829503
4329,1475963
4330,2052793
4331,828601
4332,1718323
4333,879863
4334,848703
4335,1226116
4336,1422863
4337,1275813
4338,808878
4339,806501
4340,1305028
4341,793485
4342,790906
4343,792958
4344,1284313
4345,807581
4346,1698428
4347,1349946
4348,1269591
4349,802446
4350,798466
4351,800152
4352,1233899
4353,899194
4354,1373129
4355,798455
4356,796130
4357,1300653
4358,866378
4359,1112484
4360,801709
4361,1208103
4362,821465
4363,812054
4364,858443
4365,1234888
4366,815602
4367,1168772
4368,1232547
4369,866102
4370,1203595
4371,795426
4372,804857
4373,791755
4374,1271129
4375,880305
4376,1395880
4377,817139
4378,832820
4379,765860
4380,757657
4381,760653
4382,1198009
4383,1401620
4384,826248
4385,761146
4386,754954
4387,1211279
4388,820386
4389,1245892
4390,754897
4391,1323564
4392,760075
4393,752577
4394,748518
4395,1209738
4396,765464
4397,1193205
4398,1159210
4399,8193069
4400,1518153
4401,885092
4402,835230
4403,815565
4404,807045
4405,1508244
4406,818157
4407,797956
4408,1403882
4409,801302
4410,796967
4411,791384
4412,1259926
4413,875912
4414,1248084
4415,807634
4416,795693
4417,795616
4418,1377929
4419,825297
4420,928786
4421,816896
4422,810535
4423,808013
4424,802892
4425,1255006
4426,809994
4427,806130
4428,1459050
4429,834962
4430,1299326
4431,873399
4432,859188
4433,844307
4434,1208207
4435,849020
4436,1373204
4437,842684
4438,1266571
4439,1292248
4440,1261569
4441,839795
4442,1208964
4443,1365919
4444,882797
4445,864116
4446,1270522
4447,908181
4448,1274708
4449,882982
4450,1358994
4451,803032
4452,799026
4453,789357
4454,786865
4455,788664
4456,1270333
4457,1097899
4458,953181
4459,1375779
4460,880762
4461,1285429
4462,809212
4463,795566
4464,1431264
4465,806517
4466,801812
4467,794733
4468,1267650
4469,813270
4470,1230018
4471,880280
4472,4236288
4473,1118853
4474,885886
4475,895552
4476,1337589
4477,829787
4478,821218
4479,1424235
4480,1287189
4481,816039
4482,807086
4483,808705
4484,1264911
4485,855616
4486,1228745
4487,815412
4488,807267
4489,1274160
4490,812306
4491,1247850
4492,794148
4493,1129665
4494,895466
4495,7613466
4496,1502262
4497,897638
4498,919128
4499,1412897
4500,1337157
4501,837089
4502,823904
4503,814040
4504,815800
4505,810649
4506,1250812
4507,1405291
4508,840413
4509,1192109
4510,870539
4511,825767
4512,769206
4513,773783
4514,1428343
4515,776087
4516,761773
4517,753072
4518,1185941
4519,773235
4520,1697356
4521,877684
4522,1204147
4523,826660
4524,816509
4525,821720
4526,807964
4527,1321859
4528,801796
4529,1381856
4530,1168212
4531,854352
4532,803670
4533,803510
4534,800774
4535,1700426
4536,876398
4537,821386
4538,1262316
4539,838963
4540,1253227
4541,850528
4542,802958
4543,1107672
4544,858962
4545,811210
4546,802056
4547,800139
4548,1312654
4549,853548
4550,1215816
4551,1260231
4552,2385516
4553,1292005
4554,839231
4555,817225
4556,1560013
4557,940210
4558,1186819
4559,801747
4560,1206942
4561,841365
4562,798429
4563,1230186
4564,863857
4565,1364350
4566,814909
4567,859172
4568,1305325
4569,817761
4570,1207481
4571,1327599
4572,796172
4573,799744
4574,795896
4575,795133
4576,791912
4577,1298609
4578,807007
4579,1235584
4580,808371
4581,1271676
4582,867569
4583,814935
4584,806258
4585,1233182
4586,857281
4587,1272517
4588,862027
4589,802850
4590,1136335
4591,1386297
4592,815895
4593,1394266
4594,809780
4595,808886
4596,805924
4597,799110
4598,851649
4599,8508450
4600,1696787
4601,1417145
4602,870247
4603,834793
4604,827765
4605,1379359
4606,1346287
4607,826393
4608,814045
4609,819434
4610,1354931
4611,819454
4612,1284296
4613,1240915
4614,822668
4615,807856
4616,801026
4617,801738
4618,1300986
4619,820023
4620,1509583
4621,2428525
4622,958685
4623,1216084
4624,838349
4625,822318
4626,1217691
4627,876864
4628,1417816
4629,830393
4630,798038
4631,1227422
4632,1319750
4633,800148
4634,1245666
4635,807935
4636,805059
4637,806348
4638,803481
4639,1210584
4640,808894
4641,1157508
4642,3659977
4643,950845
4644,853791
4645,1407672
4646,895260
4647,1130921
4648,904237
4649,2765480
4650,1410404
4651,1404726
4652,811503
4653,781039
4654,1438462
4655,787384
4656,768390
4657,763071
4658,1164673
4659,779056
4660,1107948
4661,1195879
4662,1283674
4663,767990
4664,809105
4665,766705
4666,774109
4667,771385
4668,1175875
4669,770355
4670,1243071
4671,759940
4672,759820
4673,1186065
4674,764134
4675,805182
4676,1273580
4677,1179048
4678,765357
4679,760001
4680,756100
4681,1209294
4682,787685
4683,1185513
4684,809302
4685,1216921
4686,820072
4687,759095
4688,763541
4689,762477
4690,1258859
4691,765934
4692,1127766
4693,766586
4694,1094101
4695,7835683
4696,901786
4697,1881200
4698,884824
4699,782617
4700,847858
4701,771072
4702,1285730
4703,809636
4704,803913
4705,1266514
4706,878363
4707,1214935
4708,808190
4709,809043
4710,852638
4711,1237039
4712,860272
4713,1228295
4714,811436
4715,1248682
4716,1235901
4717,881325
4718,809125
4719,796098
4720,1278298
4721,826734
4722,829795
4723,845942
4724,1382037
4725,1345298
4726,923915
4727,1455429
4728,868430
4729,855245
4730,894741
4731,1298325
4732,858270
4733,848184
4734,1340873
4735,933160
4736,1289607
4737,871524
4738,850594
4739,852963
4740,1590659
4741,1488109
4742,863774
4743,852292
4744,1385749
4745,1319757
4746,919535
4747,1469317
4748,874688
4749,910567
4750,872855
4751,1401933
4752,935040
4753,1470986
4754,1517868
4755,939790
4756,919931
4757,915519
4758,1537793
4759,1455391
4760,905329
4761,899813
4762,1425533
4763,909058
4764,1355603
4765,1389483
4766,3571296
4767,1952711
4768,1004105
4769,974185
4770,1701592
4771,1002284
4772,1671606
4773,1601927
4774,1044803
4775,1023601
4776,1026547
4777,1572007
4778,1041602
4779,1502295
4780,1680592
4781,1110576
4782,1101648
4783,2291821
4784,1593213
4785,1148287
4786,14506129
4787,2572044
4788,1255884
4789,1168472
4790,1809885
4791,1240104
4792,1750592
4793,2349939
4794,1958801
4795,1142779
4796,1897140
4797,1199142
4798,1101948
4799,1029097
4800,2690024
4801,1701147
4802,1036765
4803,1038882
4804,1123806
4805,1545708
4806,5348488
4807,1461687
4808,1299556
4809,1236821
4810,1111170
4811,2309043
4812,1268689
4813,1591132
4814,1125272
4815,1876882
4816,1100935
4817,1620047
4818,1031140
4819,1024758
4820,1017758
4821,1742884
4822,1589949
4823,2158379
4824,1571253
4825,1115145
4826,1041004
4827,1023704
4828,1676686
4829,1026947
4830,1126261
4831,1545032
4832,2119468
4833,1041462
4834,1618028
4835,953556
4836,947306
4837,1379853
4838,1013346
4839,1532647
4840,1441609
4841,924887
4842,903006
4843,896257
4844,1384056
4845,932988
4846,901688
4847,1481146
4848,1379087
4849,982651
4850,916788
4851,898222
4852,1287629
4853,956744
4854,1494281
4855,901040
4856,962624
4857,1367687
4858,899771
4859,9915706
4860,1756525
4861,1003070
4862,949818
4863,1528078
4864,950543
4865,1557912
4866,1477059
4867,946299
4868,933857
4869,924583
4870,1410103
4871,987694
4872,1414632
4873,917125
4874,1492216
4875,982408
4876,916676
4877,911052
4878,1565175
4879,926025
4880,916618
4881,916314
4882,1313030
4883,1300702
4884,1498108
4885,874738
4886,864025
4887,856288
4888,849556
4889,1358054
4890,880374
4891,858855
4892,1588978
4893,1255793
4894,915939
4895,866255
4896,856346
4897,1255270
4898,917051
4899,1404479
4900,872513
4901,858410
4902,1261636
4903,977435
4904,1346637
4905,1292985
4906,907036
4907,902767
4908,891326
4909,889982
4910,1417309
4911,956999
4912,1486547
4913,851170
4914,859052
4915,845415
4916,845391
4917,1303294
4918,850450
4919,849222
4920,1359043
4921,891977
4922,1269621
4923,852621
4924,856923
4925,1251377
4926,1264519
4927,859214
4928,855105
4929,854961
4930,864866
4931,1350127
4932,1305774
4933,1302952
4934,851229
4935,856873
4936,847009
4937,851056
4938,1339275
4939,1272459
4940,967172
4941,1461209
4942,951532
4943,1247104
4944,854059
4945,841332
4946,1326576
4947,862180
4948,850223
4949,852234
4950,1371259
4951,1221448
4952,1625584
4953,823002
4954,807123
4955,801177
4956,8629441
4957,1250508
4958,1545415
4959,947247
4960,1469078
4961,948042
4962,879831
4963,3342758
4964,1078472
4965,1603892
4966,1635460
4967,909874
4968,962912
4969,1421409
4970,864573
4971,1346897
4972,943279
4973,871017
4974,857466
4975,853272
4976,1330754
4977,861013
4978,1801970
4979,927170
4980,812871
4981,802966
4982,811841
4983,1234805
4984,824497
4985,811066
4986,1310686
4987,816443
4988,1364610
4989,804906
4990,798047
4991,1266333
4992,816216
4993,1247685
4994,812433
4995,804156
4996,811845
4997,1255649
4998,847743
4999,1814429
5000,895948
5001,807350
5002,804614
5003,801894
5004,1229548
5005,816896
5006,805294
5007,1308518
5008,863494
5009,1251010
5010,799996
5011,788730
5012,800658
5013,1227430
5014,847841
5015,1303582
5016,801371
5017,795051
5018,1384934
5019,799946
5020,1215783
5021,804820
5022,1255929
5023,812825
5024,808709
5025,802558
5026,803143
5027,801486
5028,811820
5029,1293344
5030,872406
5031,1135458
5032,806287
5033,795694
5034,796488
5035,804239
5036,1249823
5037,1443492
5038,814452
5039,852077
5040,1297790
5041,1196439
5042,811453
5043,1514218
5044,867330
5045,799620
5046,792657
5047,789592
5048,10742539
5049,2067304
5050,1501503
5051,848728
5052,839070
5053,825053
5054,1336889
5055,1067583
5056,820072
5057,813357
5058,1435038
5059,1280575
5060,1324595
5061,1194759
5062,823220
5063,824444
5064,813245
5065,806303
5066,807361
5067,1235176
5068,1241921
5069,1052747
5070,1363777
5071,859016
5072,850989
5073,859510
5074,1687106
5075,920867
5076,853989
5077,1275269
5078,938435
5079,1285350
5080,1189563
5081,804412
5082,1265195
5083,811833
5084,807012
5085,808137
5086,805186
5087,799888
5088,1312325
5089,1377769
5090,803460
5091,1297444
5092,796188
5093,795183
5094,788290
5095,799719
5096,862975
5097,1233734
5098,870128
5099,815149
5100,1286871
5101,869654
5102,1232469
5103,807321
5104,1318571
5105,814720
5106,793708
5107,789114
5108,1313454
5109,810440
5110,1217748
5111,1311286
5112,1202508
5113,855884
5114,797478
5115,794412
5116,793729
5117,1635378
5118,921414
5119,818367
5120,810057
5121,1137517
5122,799937
5123,3831390
5124,1693949
5125,1032550
5126,954371
5127,838469
5128,1259307
5129,1214081
5130,1315630
5131,802846
5132,1176766
5133,1220443
5134,837925
5135,813311
5136,814910
5137,1142136
5138,803345
5139,802253
5140,9666300
5141,1855061
5142,926289
5143,854570
5144,855382
5145,1532087
5146,1419435
5147,846977
5148,1242547
5149,909973
5150,1252229
5151,824921
5152,828350
5153,1240973
5154,836685
5155,879229
5156,826689
5157,1298342
5158,816335
5159,1277646
5160,1302750
5161,851196
5162,827010
5163,822783
5164,819121
5165,1366516
5166,1227031
5167,894530
5168,1195739
5169,865711
5170,820575
5171,818829
5172,808557
5173,1248335
5174,1138964
5175,943066
5176,1151711
5177,817061
5178,1178525
5179,858443
5180,808148
5181,805945
5182,861256
5183,1248307
5184,805973
5185,852897
5186,1152247
5187,1294444
5188,1281428
5189,805025
5190,1177997
5191,816616
5192,812409
5193,804157
5194,806649
5195,814317
5196,1289990
5197,1445531
5198,831456
5199,1260832
5200,806105
5201,809855
5202,1669472
5203,877918
5204,808685
5205,876213
5206,1280188
5207,828000
5208,806999
5209,1180420
5210,790564
5211,1222906
5212,812953
5213,800563
5214,801837
5215,810196
5216,869031
5217,890918
5218,1451284
5219,1365041
5220,871483
5221,852745
5222,843429
5223,844781
5224,1439093
5225,1541872
5226,859803
5227,848583
5228,1437592
5229,1351552
5230,904666
5231,1362998
5232,848328
5233,842655
5234,841649
5235,1320553
5236,862336
5237,1394953
5238,938529
5239,1247491
5240,860998
5241,855381
5242,851608
5243,8921292
5244,1799243
5245,1100894
5246,1695820
5247,949398
5248,937746
5249,1465436
5250,1013111
5251,1509493
5252,927113
5253,1235593
5254,1477092
5255,1367535
5256,986100
5257,1363604
5258,1208668
5259,936494
5260,921254
5261,1525075
5262,916808
5263,1388250
5264,1197514
5265,944528
5266,910015
5267,898412
5268,902074
5269,1428503
5270,1391068
5271,922049
5272,976463
5273,1418925
5274,904406
5275,1333935
5276,972710
5277,1563721
5278,912783
5279,910274
5280,901065
5281,1442063
5282,1520646
5283,1419291
5284,907167
5285,893542
5286,907254
5287,894395
5288,1399362
5289,1412786
5290,1106979
5291,1440839
5292,899178
5293,896731
5294,896949
5295,1390149
5296,1447922
5297,899380
5298,940206
5299,1331356
5300,1378374
5301,1031590
5302,957057
5303,1653057
5304,963283
5305,964329
5306,1318786
5307,1013379
5308,1380542
5309,1423284
5310,942386
5311,915638
5312,907036
5313,904147
5314,1391394
5315,903026
5316,1490577
5317,909738
5318,1341525
5319,898807
5320,907085
5321,901996
5322,4391801
5323,1803626
5324,990718
5325,1381303
5326,10877287
5327,2018625
5328,1118734
5329,1033749
5330,1001954
5331,1688860
5332,1010335
5333,1545843
5334,1539837
5335,996232
5336,977427
5337,957902
5338,957350
5339,1627310
5340,977406
5341,1322469
5342,979577
5343,1575085
5344,1388720
5345,1019601
5346,1666769
5347,1048202
5348,979628
5349,1461106
5350,991134
5351,1448948
5352,1640005
5353,958058
5354,968709
5355,968330
5356,1902764
5357,1444378
5358,969583
5359,1254363
5360,3144005
5361,1110040
5362,1563536
5363,980843
5364,966336
5365,961289
5366,1323115
5367,970205
5368,969014
5369,1591070
5370,1543805
5371,1028479
5372,967704
5373,962805
5374,1348907
5375,1540047
5376,975771
5377,969792
5378,1627483
5379,1623734
5380,1012510
5381,1526632
5382,971375
5383,956637
5384,954878
5385,1491269
5386,992205
5387,1560751
5388,1573176
5389,980027
5390,968795
5391,961083
5392,1441445
5393,1689211
5394,961701
5395,1564817
5396,1519129
5397,967160
5398,965524
5399,1495439
5400,969962
5401,961515
5402,959291
5403,1576954
5404,1523983
5405,1806906
5406,987575
5407,961840
5408,954017
5409,947297
5410,202293480
5411,3030130
5412,1717248
5413,1047465
5414,994447
5415,895009
5416,1845161
5417,1003425
5418,890320
5419,1553561
5420,886822
5421,1007211
5422,895964
5423,1512216
5424,883382
5425,859926
5426,849213
5427,1272434
5428,853948
5429,1394043
5430,1375152
5431,913446
5432,900719
5433,857207
5434,1331005
5435,920582
5436,1510712
5437,865299
5438,866337
5439,1325468
5440,1304864
5441,903772
5442,920743
5443,1410997
5444,857598
5445,858579
5446,850260
5447,851147
5448,1296125
5449,850310
5450,1463904
5451,901267
5452,861851
5453,856812
5454,1240796
5455,855617
5456,1502888
5457,874944
5458,861933
5459,1371420
5460,1401554
5461,1297254
5462,914625
5463,1360707
5464,864578
5465,847030
5466,856663
5467,852337
5468,884214
5469,1495179
5470,901169
5471,862319
5472,859230
5473,858084
5474,1341190
5475,869757
5476,865339
5477,1385725
5478,1294695
5479,891762
5480,920157
5481,850586
5482,1248142
5483,853012
5484,1262551
5485,865200
5486,1302973
5487,827963
5488,1356588
5489,802158
5490,865088
5491,1275001
5492,808981
5493,811453
5494,801998
5495,1281391
5496,3918101
5497,1089152
5498,10265214
5499,1086692
5500,1626820
5501,976397
5502,899569
5503,1957145
5504,1242172
5505,922910
5506,958681
5507,865719
5508,856111
5509,856119
5510,1440732
5511,815384
5512,801260
5513,793350
5514,1277428
5515,1223306
5516,923771
5517,1253333
5518,1101413
5519,868546
5520,871207
5521,1249658
5522,871669
5523,856469
5524,1402127
5525,1438054
5526,906487
5527,867895
5528,860948
5529,862007
5530,1395621
5531,1486185
5532,890003
5533,859774
5534,1331689
5535,1471686
5536,964832
5537,1309305
5538,872279
5539,858052
5540,867751
5541,1286064
5542,877717
5543,1273469
5544,1030148
5545,863478
5546,857574
5547,862262
5548,856646
5549,1379656
5550,1267664
5551,1071880
5552,873984
5553,1445116
5554,1377229
5555,920005
5556,865875
5557,1252077
5558,876263
5559,866782
5560,1229717
5561,855299
5562,1311398
5563,969290
5564,1245039
5565,806558
5566,810122
5567,799736
5568,806690
5569,1222243
5570,816945
5571,1172179
5572,872872
5573,1497833
5574,828432
5575,813546
5576,810188
5577,806649
5578,1247751
5579,1374543
5580,829029
5581,810835
5582,1307673
5583,888215
5584,1259007
5585,870605
5586,1246412
5587,803588
5588,796715
5589,800012
5590,1341994
5591,817126
5592,1207872
5593,817300
5594,1293908
5595,804383
5596,804041
5597,805677
5598,8128725
5599,1433007
5600,1583205
5601,907447
5602,1437559
5603,1307546
5604,888639
5605,824794
5606,1344301
5607,914801
5608,826232
5609,1295560
5610,821184
5611,1285062
5612,830451
5613,1810062
5614,890484
5615,885116
5616,831868
5617,822886
5618,1226603
5619,813036
5620,810283
5621,1385622
5622,1252514
5623,857993
5624,817852
5625,795302
5626,926828
5627,1265401
5628,1271602
5629,932868
5630,1303063
5631,821741
5632,1373327
5633,801091
5634,799752
5635,1486658
5636,834278
5637,814168
5638,807856
5639,1320133
5640,800181
5641,798088
5642,1297077
5643,896859
5644,1212253
5645,803844
5646,843882
5647,843306
5648,1255076
5649,1379586
5650,867766
5651,853004
5652,1362755
5653,1351000
5654,1295145
5655,922481
5656,1355677
5657,861978
5658,863849
5659,851220
5660,854170
5661,1265603
5662,848777
5663,1525091
5664,926367
5665,861088
5666,863457
5667,1311031
5668,867289
5669,1355603
5670,858880
5671,850907
5672,1227805
5673,3560769
5674,1606108
5675,1353250
5676,1052470
5677,829347
5678,812842
5679,811420
5680,818288
5681,1377303
5682,896154
5683,1264157
5684,808531
5685,800716
5686,801301
5687,799776
5688,797395
5689,1226017
5690,1156932
5691,7930511
5692,933053
5693,1532783
5694,925118
5695,834233
5696,1358256
5697,824592
5698,816739
5699,810868
5700,1354503
5701,821045
5702,809863
5703,1342916
5704,1360839
5705,857005
5706,820583
5707,817939
5708,809632
5709,1194902
5710,822552
5711,1332179
5712,827357
5713,814943
5714,1265595
5715,867750
5716,819731
5717,810901
5718,1415286
5719,814725
5720,807110
5721,803469
5722,1244999
5723,810114
5724,1239581
5725,4235567
5726,933549
5727,1403886
5728,838193
5729,821807
5730,1281453
5731,950420
5732,1616495
5733,846804
5734,889496
5735,810147
5736,1265834
5737,868945
5738,1347124
5739,829775
5740,815639
5741,1304913
5742,819145
5743,1875196
5744,933095
5745,815788
5746,808305
5747,809294
5748,804791
5749,1289755
5750,818659
5751,853651
5752,1440225
5753,1351285
5754,910739
5755,813464
5756,798112
5757,798973
5758,1177998
5759,795748
5760,1868938
5761,2049180
5762,1197197
5763,807597
5764,772864
5765,1437090
5766,803312
5767,781558
5768,763182
5769,776177
5770,845464
5771,1457521
5772,803419
5773,1316730
5774,814020
5775,802212
5776,836161
5777,792583
5778,1416469
5779,810151
5780,1382593
5781,1309841
5782,871743
5783,807802
5784,806064
5785,799386
5786,1195311
5787,805771
5788,12845165
5789,1758553
5790,1522108
5791,861142
5792,836375
5793,1404974
5794,839721
5795,830821
5796,818255
5797,1240079
5798,889995
5799,829623
5800,1429055
5801,1341116
5802,928599
5803,878211
5804,858604
5805,1334054
5806,926767
5807,1578842
5808,874025
5809,869366
5810,1381370
5811,861751
5812,871075
5813,868319
5814,1501524
5815,876481
5816,868187
5817,1342661
5818,879575
5819,1396173
5820,899454
5821,1258615
5822,822165
5823,808767
5824,805751
5825,805537
5826,809245
5827,1308065
5828,820332
5829,1420527
5830,820250
5831,1378494
5832,806818
5833,809018
5834,1290204
5835,868805
5836,1258455
5837,889092
5838,807638
5839,805092
5840,1351066
5841,825713
5842,1378358
5843,798990
5844,803803
5845,793267
5846,801479
5847,1154427
5848,822359
5849,4034787
5850,1274346
5851,1665602
5852,845271
5853,826883
5854,865031
5855,1284115
5856,1428973
5857,828733
5858,805615
5859,1318815
5860,805421
5861,1331677
5862,881652
5863,1272599
5864,823381
5865,810638
5866,824300
5867,812380
5868,1245641
5869,827270
5870,1423724
5871,1303792
5872,841839
5873,812685
5874,860136
5875,801079
5876,1188718
5877,812953
5878,8335122
5879,996363
5880,855715
5881,1516920
5882,857256
5883,1336704
5884,1063484
5885,826677
5886,820625
5887,887279
5888,1274882
5889,823822
5890,1342938
5891,906030
5892,1240458
5893,811890
5894,801907
5895,804256
5896,1235123
5897,906055
5898,1344693
5899,822874
5900,815363
5901,1314492
5902,890641
5903,903497
5904,808437
5905,808676
5906,1325918
5907,879241
5908,806472
5909,806752
5910,1273304
5911,811836
5912,1265784
5913,1344503
5914,844835
5915,821168
5916,820793
5917,874260
5918,1339172
5919,1185286
5920,879023
5921,1266547
5922,819594
5923,809731
5924,812866
5925,807988
5926,813179
5927,1225547
5928,1082069
5929,812133
5930,1285746
5931,1251207
5932,862427
5933,815240
5934,1221876
5935,897295
5936,816743
5937,1276801
5938,827328
5939,1294040
5940,1472539
5941,1274614
5942,926927
5943,863173
5944,854352
5945,858406
5946,1362462
5947,904723
5948,1294390
5949,1383673
5950,814107
5951,813489
5952,802072
5953,1166437
5954,798763
5955,804247
5956,1194676
5957,878940
5958,1297649
5959,1374221
5960,802909
5961,804877
5962,1663782
5963,880947
5964,809822
5965,802892
5966,1200226
5967,870185
5968,813167
5969,1179889
5970,937145
5971,861459
5972,819157
5973,816191
5974,813353
5975,1261953
5976,803592
5977,844459
5978,1274276
5979,823904
5980,1195145
5981,803411
5982,8092880
5983,1197094
5984,885520
5985,841917
5986,1453521
5987,847854
5988,1310784
5989,896689
5990,887349
5991,808808
5992,800024
5993,1259443
5994,1345521
5995,822894
5996,1330783
5997,825590
5998,1369026
5999,800708
6000,1250170
6001,816850
6002,803381
6003,812973
6004,802240
6005,798199
6006,1207996
6007,1215491
6008,1042957
6009,1290105
6010,847867
6011,819026
6012,813142
6013,1267350
6014,1325777
6015,824502
6016,814180
6017,797902
6018,1295379
6019,819487
6020,1720746
6021,878289
6022,800086
6023,797008
6024,798767
6025,1264256
6026,810625
6027,810192
6028,1314937
6029,808615
6030,1253350
6031,854182
6032,811219
6033,809060
6034,3766823
6035,1138543
6036,859626
6037,1371486
6038,907847
6039,1252806
6040,814897
6041,811894
6042,1331356
6043,811062
6044,802096
6045,805426
6046,1259386
6047,2353020
6048,847393
6049,1353843
6050,804317
6051,802636
6052,792674
6053,791248
6054,800568
6055,1271194
6056,1219005
6057,933281
6058,1223949
6059,779419
6060,1169226
6061,797956
6062,765366
6063,768386
6064,841056
6065,767216
6066,762494
6067,1300418
6068,816686
6069,760088
6070,1730915
6071,864227
6072,774706
6073,752342
6074,758250
6075,755897
6076,757941
6077,1153487
6078,1182114
6079,887477
6080,1250610
6081,7677274
6082,1087627
6083,822977
6084,1238530
6085,873316
6086,1387451
6087,792975
6088,776181
6089,1198660
6090,797696
6091,1290558
6092,1303236
6093,804766
6094,814498
6095,804684
6096,801795
6097,800992
6098,1232313
6099,1219912
6100,1130361
6101,1203756
6102,1382383
6103,885636
6104,812475
6105,809286
6106,1223797
6107,1325085
6108,820987
6109,1232445
6110,826710
6111,1257025
6112,922193
6113,811095
6114,1156256
6115,996223
6116,811436
6117,803654
6118,798994
6119,915770
6120,1405526
6121,879027
6122,1318859
6123,804305
6124,801919
6125,795694
6126,795899
6127,793852
6128,1228225
6129,1398435
6130,812055
6131,1330325
6132,806430
6133,807728
6134,807518
6135,1214160
6136,874692
6137,1416592
6138,809747
6139,807703
6140,1258681
6141,848547
6142,1214983
6143,803476
6144,1276472
6145,812079
6146,802154
6147,802690
6148,799670
6149,794994
6150,1250021
6151,810584
6152,1421223
6153,815738
6154,814416
6155,802632
6156,804984
6157,1232713
6158,1172926
6159,878784
6160,1168950
6161,803213
6162,1228901
6163,873193
6164,811066
6165,1186983
6166,853314
6167,1357861
6168,820126
6169,800189
6170,1192273
6171,809199
6172,1337935
6173,1320586
6174,775786
6175,755919
6176,756309
6177,755029
6178,754596
6179,8902240
6180,1607942
6181,866815
6182,1411722
6183,900876
6184,1191219
6185,871425
6186,1332872
6187,827843
6188,820526
6189,812607
6190,1307488
6191,804952
6192,803971
6193,1437197
6194,1293575
6195,842382
6196,817473
6197,806962
6198,810163
6199,1386548
6200,880757
6201,864528
6202,1139466
6203,1215004
6204,802575
6205,875035
6206,1189970
6207,874684
6208,809253
6209,808182
6210,811923
6211,1371831
6212,813027
6213,805772
6214,921439
6215,905169
6216,807630
6217,809310
6218,802129
6219,3497122
6220,985894
6221,1491455
6222,925938
6223,1342967
6224,814341
6225,808400
6226,803802
6227,1353604
6228,821757
6229,808310
6230,805586
6231,1281528
6232,823839
6233,1492542
6234,1301110
6235,827048
6236,803184
6237,813509
6238,806982
6239,1337635
6240,832902
6241,1318176
6242,1261718
6243,907620
6244,828811
6245,882566
6246,1321698
6247,867634
6248,1220426
6249,1044808
6250,812636
6251,1240079
6252,894456
6253,1328579
6254,813764
6255,1252629
6256,821506
6257,811738
6258,820649
6259,1332102
6260,816075
6261,1615543
6262,1457150
6263,1358976
6264,840854
6265,854269
6266,848143
6267,1312078
6268,1300183
6269,933165
6270,860437
6271,1502612
6272,943651
6273,1332605
6274,857466
6275,854887
6276,9945741
6277,1011460
6278,903982
6279,865884
6280,1523014
6281,1395782
6282,1620879
6283,937055
6284,926989
6285,927323
6286,923055
6287,1399663
6288,917929
6289,1667337
6290,1587906
6291,1029357
6292,920767
6293,908342
6294,1522335
6295,928209
6296,916499
6297,911588
6298,1415307
6299,1591086
6300,1478472
6301,1494713
6302,977291
6303,912572
6304,903002
6305,915296
6306,1426670
6307,1399350
6308,1045417
6309,1569555
6310,908242
6311,902264
6312,896884
6313,1357716
6314,1537439
6315,930277
6316,916693
6317,1508227
6318,1336449
6319,982515
6320,1528713
6321,972413
6322,958235
6323,980171
6324,970213
6325,1514016
6326,1611349
6327,1696701
6328,1054638
6329,4745676
6330,1251978
6331,1044144
6332,1680312
6333,1968212
6334,1109723
6335,1093185
6336,1645628
6337,1044325
6338,1118067
6339,1483816
6340,2105996
6341,1792263
6342,1112545
6343,1887157
6344,1932935
6345,1112244
6346,1100540
6347,1763397
6348,1104577
6349,1984889
6350,1095035
6351,1168584
6352,1113538
6353,1701250
6354,2240719
6355,1706363
6356,12815932
6357,1367596
6358,1982743
6359,1970243
6360,1183923
6361,1822599
6362,1828907
6363,1348599
6364,1831556
6365,1679570
6366,2253858
6367,2028072
6368,1810313
6369,1075646
6370,1048104
6371,1043089
6372,1767393
6373,1841680
6374,1064378
6375,1682833
6376,1617357
6377,1102382
6378,1042512
6379,1667911
6380,1117029
6381,1047028
6382,1554023
6383,1031573
6384,1826992
6385,1025891
6386,1028092
6387,1026979
6388,1701283
6389,1054028
6390,1544390
6391,1155449
6392,1360365
6393,962001
6394,963130
6395,948050
6396,1506337
6397,1599574
6398,970279
6399,1487285
6400,1024409
6401,975808
6402,973183
6403,1463343
6404,969207
6405,1050822
6406,1532240
6407,920249
6408,1373434
6409,1472349
6410,917772
6411,911337
6412,909594
6413,1391723
6414,970035
6415,904180
6416,1443348
6417,1327742
6418,953180
6419,916401
6420,905910
6421,1542775
6422,1807425
6423,940927
6424,901791
6425,1355001
6426,1462840
6427,1160026
6428,1550841
6429,908239
6430,901963
6431,898272
6432,961865
6433,10662099
6434,1706062
6435,988651
6436,957058
6437,929444
6438,934240
6439,1454596
6440,929823
6441,1481909
6442,1416646
6443,983653
6444,928587
6445,923516
6446,1364992
6447,1038359
6448,932975
6449,1453904
6450,1004899
6451,1431808
6452,900138
6453,1319589
6454,1055750
6455,1233417
6456,914023
6457,1338220
6458,1414862
6459,1401608
6460,973970
6461,858620
6462,848056
6463,843054
6464,1206685
6465,1337033
6466,1235407
6467,1498875
6468,853816
6469,845634
6470,844497
6471,1234422
6472,1379066
6473,858913
6474,845061
6475,1292401
6476,1339419
6477,998967
6478,850586
6479,1369636
6480,859790
6481,864858
6482,848637
6483,1193118
6484,859267
6485,1568323
6486,1278968
6487,856016
6488,837929
6489,840854
6490,840767
6491,1237084
6492,1263848
6493,854821
6494,1206360
6495,1343325
6496,841740
6497,857590
6498,1337124
6499,861339
6500,853515
6501,851113
6502,1212066
6503,853231
6504,1341751
6505,961313
6506,937145
6507,856535
6508,858406
6509,854739
6510,1396762
6511,867742
6512,1180330
6513,1101228
6514,1518865
6515,851492
6516,863490
6517,856955
6518,1334170
6519,913837
6520,878648
6521,1278339
6522,857874
6523,1394937
6524,911732
6525,1633425
6526,940252
6527,870704
6528,9277206
6529,1213673
6530,1532231
6531,1557327
6532,1019716
6533,901695
6534,942612
6535,1278614
6536,876237
6537,859382
6538,1254252
6539,940873
6540,1411047
6541,873988
6542,876440
6543,856444
6544,1345814
6545,918934
6546,1395336
6547,870922
6548,1222268
6549,1358656
6550,874054
6551,867610
6552,1387991
6553,911905
6554,845262
6555,805368
6556,1249696
6557,829602
6558,1320392
6559,864413
6560,1268038
6561,799670
6562,798141
6563,809129
6564,805652
6565,1092835
6566,806423
6567,3736652
6568,934219
6569,1482258
6570,844377
6571,979442
6572,1678993
6573,827229
6574,810049
6575,816043
6576,815940
6577,1154488
6578,818590
6579,802282
6580,1249234
6581,936461
6582,1277378
6583,810188
6584,802381
6585,804911
6586,796613
6587,1661606
6588,809715
6589,1163968
6590,877918
6591,1240285
6592,826425
6593,1778712
6594,915291
6595,846643
6596,1159408
6597,851331
6598,1133002
6599,1376396
6600,997010
6601,1402201
6602,856803
6603,850310
6604,846058
6605,851150
6606,1398604
6607,1757172
6608,976957
6609,1433242
6610,858476
6611,860437
6612,855514
6613,861859
6614,1604213
6615,869315
6616,804099
6617,1231789
6618,1254231
6619,1358351
6620,817320
6621,811576
6622,1210802
6623,854838
6624,10242400
6625,1029822
6626,1620010
6627,912758
6628,1511684
6629,1397413
6630,940948
6631,1087805
6632,1087236
6633,1340791
6634,1317047
6635,948228
6636,1498261
6637,866246
6638,1379421
6639,848563
6640,842449
6641,1290216
6642,1324170
6643,858286
6644,859106
6645,1246663
6646,844871
6647,1389037
6648,869398
6649,1339971
6650,852588
6651,846375
6652,837809
6653,841658
6654,1287320
6655,847227
6656,1347091
6657,1515627
6658,898441
6659,858431
6660,856103
6661,859040
6662,1292054
6663,1374225
6664,859300
6665,1357185
6666,1331785
6667,931867
6668,864302
6669,1231089
6670,905462
6671,855138
6672,1336622
6673,846643
6674,1360884
6675,929094
6676,1600612
6677,882590
6678,795706
6679,796699
6680,790355
6681,1306141
6682,810011
6683,801738
6684,1347910
6685,827781
6686,1299915
6687,790053
6688,795282
6689,794433
6690,1204197
6691,849700
6692,1286855
6693,802055
6694,806130
6695,1257651
6696,804198
6697,1493399
6698,812524
6699,1248970
6700,812652
6701,800382
6702,804004
6703,790276
6704,1192542
6705,804074
6706,1289166
6707,942760
6708,1070105
6709,807218
6710,3969290
6711,989973
6712,850376
6713,1227835
6714,888194
6715,823364
6716,9045097
6717,1708456
6718,1362640
6719,1175871
6720,854335
6721,826734
6722,816200
6723,1407203
6724,828651
6725,1663984
6726,1398484
6727,813694
6728,810852
6729,803695
6730,812079
6731,1286978
6732,1198442
6733,882591
6734,806097
6735,1163445
6736,1381255
6737,883209
6738,1146116
6739,809711
6740,1235423
6741,827130
6742,818815
6743,810650
6744,1236824
6745,819673
6746,1316511
6747,882067
6748,1241418
6749,807827
6750,799575
6751,798297
6752,794565
6753,802781
6754,1245357
6755,1244689
6756,1065358
6757,1213241
6758,881321
6759,1148489
6760,774587
6761,772547
6762,1181117
6763,774092
6764,759355
6765,13996238
6766,1229861
6767,1604955
6768,1346131
6769,921340
6770,821460
6771,790820
6772,775649
6773,782954
6774,1343984
6775,840525
6776,2529245
6777,1438622
6778,935130
6779,1455322
6780,828156
6781,816706
6782,898927
6783,1291486
6784,811696
6785,793110
6786,1967466
6787,827657
6788,1397047
6789,887786
6790,1423634
6791,825363
6792,855456
6793,855056
6794,1271503
6795,862274
6796,851670
6797,2615347
6798,947412
6799,856102
6800,928769
6801,842008
6802,16113271
6803,1461259
6804,1845186
6805,1735496
6806,963576
6807,937647
6808,919899
6809,1278248
6810,939662
6811,6750635
6812,1086919
6813,1613850
6814,1490791
6815,1004196
6816,1537175
6817,938435
6818,2258015
6819,1082724
6820,1510136
6821,941978
6822,1604390
6823,921558
6824,1027355
6825,941005
6826,1434461
6827,925996
6828,4672578
6829,1033065
6830,3331363
6831,1678178
6832,1096708
6833,1068403
6834,1565068
6835,990999
6836,971420
6837,1706264
6838,1562040
6839,1631995
6840,978783
6841,993941
6842,982792
6843,1554916
6844,1086433
6845,1098274
6846,1532144
6847,1598284
6848,971972
6849,5983061
6850,1838721
6851,1067117
6852,1002123
6853,1606384
6854,1775684
6855,1556507
6856,1340050
6857,996676
6858,976154
6859,1551748
6860,991988
6861,1461604
6862,1663629
6863,1053859
6864,9790896
6865,2353614
6866,1162452
6867,1805492
6868,1775424
6869,1626548
6870,1084187
6871,1106398
6872,1681655
6873,1017647
6874,987328
6875,1555889
6876,987093
6877,1384184
6878,2884373
6879,1708411
6880,1005947
6881,975684
6882,1324652
6883,1048066
6884,1578558
6885,987546
6886,1715222
6887,1007619
6888,983838
6889,1492616
6890,1567874
6891,975754
6892,1497004
6893,1000079
6894,1882196
6895,1065383
6896,1787413
6897,1058915
6898,1038359
6899,1038417
6900,1626120
6901,1616632
6902,2014295
6903,1068019
6904,1042076
6905,1038211
6906,1035278
6907,1698085
6908,1054712
6909,2078770
6910,1183304
6911,1056162
6912,1575529
6913,1302910
6914,1019848
6915,1522063
6916,1065149
6917,1727837
6918,1064192
6919,1933862
6920,1059558
6921,1042970
6922,1045883
6923,1560120
6924,1872494
6925,1661503
6926,1603414
6927,1061869
6928,1049652
6929,1040279
6930,2054494
6931,1103297
6932,1500152
6933,1735455
6934,2385920
6935,1146821
6936,1053014
6937,1048104
6938,13669386
6939,2471345
6940,2598977
6941,1297378
6942,1177998
6943,1965195
6944,1971412
6945,1147518
6946,1898903
6947,1833060
6948,1786202
6949,1482291
6950,1172522
6951,1126756
6952,1900210
6953,1134065
6954,1868266
6955,1213867
6956,1134127
6957,1694946
6958,1137501
6959,1698605
6960,2000756
6961,1151835
6962,1124437
6963,1216269
6964,1680954
6965,1142663
6966,1936919
6967,1851596
6968,1132092
6969,1992252
6970,1507164
6971,2036951
6972,1131231
6973,1117898
6974,7166530
6975,1530052
6976,1900403
6977,1138218
6978,1076799
6979,2267088
6980,1662480
6981,1833278
6982,1136388
6983,1053443
6984,1037639
6985,1087075
6986,1161670
6987,1525581
6988,1903505
6989,1112954
6990,1108735
6991,1114795
6992,1725410
6993,2167055
6994,1162279
6995,1122426
6996,2150267
6997,1704545
6998,1205190
6999,1127415
7000,1754750
7001,11741601
7002,2517272
7003,2036189
7004,1152873
7005,1077994
7006,1896143
7007,1922450
7008,1070928
7009,1747737
7010,1753715
7011,1660791
7012,1262348
7013,1082114
7014,1682895
7015,1063850
7016,1677213
7017,1031450
7018,1629610
7019,1055766
7020,1149845
7021,1045783
7022,1675841
7023,1725859
7024,1642683
7025,1051090
7026,1031858
7027,1034252
7028,1776186
7029,1133925
7030,1043497
7031,1642023
7032,1643363
7033,1032126
7034,1594086
7035,1522393
7036,1052046
7037,1728496
7038,1066112
7039,1582855
7040,1703483
7041,1055115
7042,1073965
7043,1177375
7044,1033205
7045,1643325
7046,1121037
7047,1539795
7048,1739373
7049,1039583
7050,1793206
7051,1122495
7052,1035401
7053,1559065
7054,1044103
7055,1602223
7056,1031639
7057,1678358
7058,1162638
7059,1037539
7060,1028957
7061,1507230
7062,1462337
7063,1856701
7064,1031689
7065,1035014
7066,1124420
7067,1674251
7068,1809497
7069,1039736
7070,1583003
7071,1036576
7072,4366508
7073,1837806
7074,1095036
7075,11991254
7076,1388333
7077,1893778
7078,2045472
7079,1121775
7080,1079919
7081,1070739
7082,1543561
7083,1151707
7084,1772812
7085,1185212
7086,1666925
7087,1035381
7088,1749872
7089,2033177
7090,1125025
7091,1050694
7092,1782519
7093,2076269
7094,1727829
7095,1068481
7096,1049240
7097,1596554
7098,1712420
7099,5822151
7100,1257066
7101,1819064
7102,1218284
7103,1623232
7104,1065008
7105,1041655
7106,1035801
7107,1877693
7108,2064103
7109,1680612
7110,1062236
7111,1032216
7112,1643696
7113,1662542
7114,1120403
7115,1707121
7116,1160759
7117,1599484
7118,1763533
7119,1037573
7120,1019254
7121,1037440
7122,1616450
7123,1558423
7124,1305914
7125,1618638
7126,1030890
7127,1027672
7128,1021537
7129,1532565
7130,1609973
7131,1730251
7132,1225289
7133,1020144
7134,1016790
7135,1567470
7136,1796898
7137,1043130
7138,1571236
7139,1714393
7140,1101228
7141,1028158
7142,1608194
7143,1027931
7144,1022662
7145,11407890
7146,2324633
7147,2049765
7148,1067224
7149,1012679
7150,1002827
7151,1552448
7152,1016762
7153,1689784
7154,998263
7155,1083960
7156,986339
7157,966739
7158,1965607
7159,1274960
7160,1503275
7161,993194
7162,1802950
7163,1992854
7164,1080372
7165,975276
7166,960453
7167,1575414
7168,993970
7169,966496
7170,1637929
7171,1508153
7172,961441
7173,959418
7174,956184
7175,957927
7176,1432109
7177,1658793
7178,1066759
7179,1540521
7180,906628
7181,894148
7182,1335167
7183,1418756
7184,936617
7185,910208
7186,1414277
7187,1035141
7188,1440464
7189,898148
7190,1429365
7191,900690
7192,889879
7193,889575
7194,880749
7195,1363509
7196,986137
7197,1497053
7198,1412344
7199,956443
7200,903310
7201,898148
7202,1490989
7203,1343980
7204,1739159
7205,929136
7206,950404
7207,1526496
7208,961862
7209,1583077
7210,977695
7211,961400
7212,952769
7213,1174768
7214,1371316
7215,1544044
7216,1023490
7217,916058
7218,913512
7219,893167
7220,899677
7221,910105
7222,991073
7223,1436130
7224,1435532
7225,952245
7226,890439
7227,888021
7228,1396358
7229,1357827
7230,1564533
7231,918234
7232,9949355
7233,1174380
7234,1526339
7235,1569436
7236,972112
7237,942880
7238,936148
7239,1466124
7240,4059700
7241,1996920
7242,973566
7243,931093
7244,928444
7245,1480968
7246,1082456
7247,899569
7248,1444823
7249,1420000
7250,967201
7251,869171
7252,846309
7253,844500
7254,1509113
7255,961507
7256,854244
7257,1268940
7258,865752
7259,1405122
7260,862035
7261,3862352
7262,1798237
7263,937153
7264,864495
7265,1303528
7266,884420
7267,1532647
7268,1415323
7269,887452
7270,862662
7271,876546
7272,1308794
7273,918700
7274,1372944
7275,857701
7276,1328134
7277,1347803
7278,929349
7279,857899
7280,1257816
7281,909722
7282,846181
7283,1125054
7284,855946
7285,1269533
7286,928559
7287,1323458
7288,857606
7289,848938
7290,916231
7291,839647
7292,1227731
7293,849527
7294,843680
7295,1387262
7296,931047
7297,1496390
7298,853721
7299,842601
7300,1386516
7301,1431783
7302,858336
7303,850891
7304,1328744
7305,937487
7306,1142033
7307,856754
7308,4693450
7309,1551769
7310,902021
7311,842428
7312,826376
7313,9928141
7314,1804380
7315,1749496
7316,921538
7317,900114
7318,874120
7319,1487088
7320,1593555
7321,883987
7322,863028
7323,1354256
7324,1477924
7325,929815
7326,878363
7327,1603113
7328,916433
7329,905185
7330,901246
7331,943061
7332,1408394
7333,1011253
7334,1514461
7335,908494
7336,898816
7337,906833
7338,1373261
7339,910541
7340,908325
7341,1411916
7342,910776
7343,1559938
7344,905350
7345,898874
7346,897790
7347,1486877
7348,914015
7349,909503
7350,1398728
7351,930804
7352,1514552
7353,1578767
7354,923973
7355,920005
7356,911695
7357,1399420
7358,1375610
7359,989676
7360,1053983
7361,1501924
7362,1512594
7363,1025236
7364,950729
7365,1575678
7366,967411
7367,949011
7368,1560199
7369,979195
7370,1457093
7371,1749546
7372,967552
7373,950338
7374,946807
7375,1663139
7376,1701155
7377,975725
7378,955475
7379,1509023
7380,1503036
7381,942080
7382,1420774
7383,1049179
7384,963509
7385,1023564
7386,1446373
7387,983546
7388,1443184
7389,1468270
7390,951891
7391,969953
7392,955467
7393,961029
7394,1552374
7395,1566399
7396,987233
7397,1300908
7398,1644397
7399,991362
7400,1291473
7401,980184
7402,11928814
7403,1236639
7404,1661153
7405,1027400
7406,1693574
7407,1818223
7408,1007673
7409,1062536
7410,1538757
7411,1068123
7412,1589273
7413,992800
7414,1579254
7415,1525280
7416,1040856
7417,1056388
7418,1592166
7419,983809
7420,976154
7421,1444053
7422,998213
7423,1544064
7424,1530480
7425,1057299
7426,974564
7427,964260
7428,1406602
7429,1518103
7430,1332679
7431,1557871
7432,1090013
7433,1083895
7434,979726
7435,1485221
7436,1581050
7437,973983
7438,1468213
7439,1531147
7440,1014257
7441,1540673
7442,1059199
7443,972755
7444,950787
7445,1722848
7446,1035705
7447,1617591
7448,1113003
7449,1134411
7450,1039311
7451,1633652
7452,1630442
7453,1046690
7454,1668928
7455,1723762
7456,1124988
7457,1041833
7458,2208541
7459,1119571
7460,1048461
7461,1573704
7462,1041449
7463,1782477
7464,1758445
7465,1063385
7466,1027499
7467,1515054
7468,1035825
7469,1017578
7470,1659554
7471,1813535
7472,1027424
7473,1026650
7474,2100030
7475,1123999
7476,1045817
7477,1602050
7478,1046138
7479,2154861
7480,1104165
7481,1049508
7482,1037972
7483,11628896
7484,2127956
7485,1152976
7486,1922029
7487,1181965
7488,1078024
7489,1637763
7490,1176416
7491,1058029
7492,1642205
7493,1070084
7494,1755738
7495,3935261
7496,1157216
7497,1661664
7498,1063290
7499,1995561
7500,1066360
7501,1633161
7502,2238073
7503,1245951
7504,1062721
7505,1819695
7506,1055083
7507,1028125
7508,1655652
7509,1033881
7510,1763566
7511,1070290
7512,1038746
7513,1026906
7514,1649785
7515,1579749
7516,1128317
7517,1800956
7518,1670383
7519,1200144
7520,2687445
7521,1066956
7522,1032888
7523,2011435
7524,2288046
7525,1062549
7526,2067984
7527,1035632
7528,1072004
7529,2686324
7530,1163540
7531,1103671
7532,1126328
7533,1153174
7534,1037766
7535,1625568
7536,1154063
7537,6226064
7538,1331726
7539,1113312
7540,1068596
7541,2016669
7542,1948942
7543,1799346
7544,1201664
7545,14166385
7546,2858215
7547,2689962
7548,1107841
7549,1048495
7550,1792102
7551,1087442
7552,1897927
7553,1017359
7554,1806288
7555,1084752
7556,1758293
7557,996684
7558,986063
7559,985231
7560,1728372
7561,1763245
7562,2365162
7563,1946350
7564,982137
7565,1800754
7566,1000030
7567,979603
7568,986722
7569,1677831
7570,1724430
7571,1995928
7572,1115982
7573,998357
7574,986203
7575,1730297
7576,987217
7577,1962671
7578,1830539
7579,981085
7580,984765
7581,1997761
7582,1016812
7583,990220
7584,1955069
7585,987191
7586,1955196
7587,1943487
7588,962945
7589,965825
7590,2388556
7591,1059286
7592,958227
7593,1747807
7594,916092
7595,1800898
7596,1714611
7597,913034
7598,975837
7599,915469
7600,1610311
7601,1891508
7602,936436
7603,1789766
7604,1505418
7605,1070842
7606,992783
7607,1543944
7608,5321760
7609,1078406
7610,950980
7611,1857035
7612,10842114
7613,2023165
7614,1002770
7615,1866174
7616,975441
7617,942246
7618,934335
7619,1821969
7620,1529466
7621,985923
7622,1640899
7623,880774
7624,875166
7625,1485991
7626,1025891
7627,1757019
7628,882179
7629,1704880
7630,1595166
7631,1021154
7632,868813
7633,1702996
7634,882455
7635,946514
7636,1497648
7637,872497
7638,1513304
7639,1560483
7640,941072
7641,880230
7642,866477
7643,875100
7644,1642472
7645,931624
7646,913924
7647,1705065
7648,1595631
7649,998497
7650,857866
7651,882459
7652,1750432
7653,885953
7654,865690
7655,1491558
7656,889760
7657,1632069
7658,1583415
7659,891243
7660,935670
7661,857475
7662,851315
7663,2168997
7664,994283
7665,1552205
7666,1401290
7667,873485
7668,5136748
7669,1730400
7670,1234554
7671,951858
7672,1776516
7673,1049735
7674,2016124
7675,1850747
7676,943758
7677,922568
7678,1556301
7679,1880840
7680,1136376
7681,1819006
7682,1654421
7683,927055
7684,2205784
7685,1035891
7686,930903
7687,11309184
7688,1116649
7689,1939737
7690,1998313
7691,1286994
7692,931133
7693,925106
7694,1720330
7695,1739838
7696,1128461
7697,1027676
7698,1776318
7699,922885
7700,903933
7701,1722271
7702,1718724
7703,1951773
7704,1019831
7705,970221
7706,1696726
7707,1028393
7708,980225
7709,2090603
7710,1855881
7711,1003932
7712,970654
7713,960741
7714,1772553
7715,1994378
7716,989664
7717,2632569
7718,1422385
7719,1081760
7720,976908
7721,973434
7722,978395
7723,1654857
7724,2064008
7725,972248
7726,1418356
7727,1275792
7728,966781
7729,954128
7730,1487813
7731,1993266
7732,968087
7733,1546182
7734,1508293
7735,1036979
7736,972211
7737,1537814
7738,957749
7739,948970
7740,1553083
7741,973995
7742,4933553
7743,2235079
7744,1260070
7745,1058338
7746,1110193
7747,1894211
7748,1138696
7749,1115904
7750,1762825
7751,2022379
7752,1862617
7753,1113020
7754,1109254
7755,1108211
7756,1864834
7757,1760526
7758,1192105
7759,1693455
7760,1111347
7761,14819898
7762,1407438
7763,1985450
7764,1884894
7765,1942499
7766,1379544
7767,1255728
7768,1236754
7769,2090253
7770,1375259
7771,1905384
7772,1128577
7773,1115590
7774,1812925
7775,1132676
7776,1828883
7777,1203254
7778,1109835
7779,1105739
7780,1949300
7781,2015180
7782,1130501
7783,1782440
7784,1893831
7785,1876301
7786,1131650
7787,1115475
7788,1116423
7789,1802238
7790,2088288
7791,1097722
7792,1581544
7793,1034552
7794,4896200
7795,2215001
7796,1124753
7797,1056199
7798,1635588
7799,1050362
7800,2687511
7801,1193254
7802,1074472
7803,1044931
7804,1732522
7805,1683892
7806,1066364
7807,1501825
7808,1661504
7809,1034239
7810,1627641
7811,970567
7812,955711
7813,951742
7814,991143
7815,1498977
7816,1740824
7817,1108327
7818,986883
7819,974613
7820,955793
7821,1468439
7822,1653194
7823,993949
7824,1732934
7825,1055157
7826,959513
7827,950082
7828,1520617
7829,981729
7830,10432185
7831,1165472
7832,1670510
7833,1747585
7834,959372
7835,944520
7836,926543
7837,916442
7838,1434519
7839,3601373
7840,986380
7841,1757654
7842,1495105
7843,986607
7844,918007
7845,1627088
7846,931348
7847,917896
7848,1419584
7849,1057069
7850,1496703
7851,1573737
7852,973081
7853,965285
7854,971960
7855,964486
7856,1490314
7857,1116460
7858,1587613
7859,1066058
7860,1651360
7861,1044655
7862,1033782
7863,1692392
7864,1035030
7865,1442656
7866,1747544
7867,1076771
7868,1462922
7869,1610302
7870,995646
7871,978161
7872,963048
7873,1684947
7874,1711794
7875,978070
7876,1578701
7877,982516
7878,974700
7879,1440386
7880,1636296
7881,1016519
7882,1523105
7883,1047341
7884,1632959
7885,1511957
7886,1376768
7887,1051012
7888,1123690
7889,1646992
7890,1636906
7891,1144278
7892,1680794
7893,1023972
7894,1044127
7895,1564076
7896,1709482
7897,1001562
7898,971770
7899,975828
7900,1454361
7901,1714974
7902,962302
7903,957349
7904,1015942
7905,1525367
7906,984399
7907,964012
7908,1585541
7909,1498158
7910,1629609
7911,977184
7912,9953240
7913,1303104
7914,1646700
7915,968746
7916,1504169
7917,922341
7918,1470920
7919,1593782
7920,938455
7921,980690
7922,914843
7923,1309445
7924,1247264
7925,971878
7926,1452903
7927,930776
7928,1410664
7929,911695
7930,1377497
7931,1003957
7932,1342113
7933,916256
7934,911036
7935,5574899
7936,1049862
7937,1692219
7938,904031
7939,872027
7940,862801
7941,852242
7942,1403248
7943,1194108
7944,927046
7945,1451107
7946,883386
7947,1342014
7948,847113
7949,852753
7950,1310553
7951,861108
7952,847146
7953,857949
7954,1401538
7955,864018
7956,870062
7957,1411257
7958,840241
7959,848629
7960,842795
7961,851405
7962,1372239
7963,1221164
7964,982145
7965,1403483
7966,865357
7967,1446797
7968,898960
7969,902483
7970,1363913
7971,5618391
7972,1160096
7973,1507457
7974,992173
7975,1598853
7976,925465
7977,913698
7978,1007104
7979,939057
7980,1476457
7981,912042
7982,1614505
7983,1337816
7984,2217053
7985,2499337
7986,947606
7987,1252773
7988,1013890
7989,907991
7990,1419843
7991,933086
7992,9155676
7993,1712201
7994,1497680
7995,988605
7996,880254
7997,861685
7998,851138
7999,1468942
8000,1339411
8001,1613945
8002,900950
8003,859505
8004,925127
8005,863432
8006,2020706
8007,1294724
8008,817930
8009,1248797
8010,879921
8011,807160
8012,795220
8013,790642
8014,1505096
8015,867050
8016,849547
8017,844488
8018,1242346
8019,1277836
8020,931661
8021,1291897
8022,1094978
8023,923940
8024,859415
8025,1294089
8026,863918
8027,1172716
8028,942810
8029,1270156
8030,836981
8031,859987
8032,864673
8033,899043
8034,1655632
8035,924261
8036,857515
8037,1283690
8038,1229305
8039,1242127
8040,854895
8041,1257668
8042,1332419
8043,869728
8044,860095
8045,1212326
8046,853408
8047,1198141
8048,1850809
8049,951508
8050,863226
8051,902656
8052,857990
8053,1204284
8054,804639
8055,802422
8056,1219940
8057,1283418
8058,859230
8059,801170
8060,794289
8061,789987
8062,1632012
8063,873798
8064,793345
8065,797194
8066,1169387
8067,807543
8068,1255443
8069,1186027
8070,848142
8071,1235959
8072,858645
8073,814024
8074,805454
8075,829471
8076,1206987
8077,1387685
8078,1267779
8079,809681
8080,802858
8081,793675
8082,852947
8083,1133089
8084,845032
8085,1191055
8086,869032
8087,1291296
8088,1188941
8089,804807
8090,797692
8091,1147607
8092,8206751
8093,1083713
8094,879517
8095,919729
8096,1359554
8097,1292466
8098,827790
8099,817168
8100,3336446
8101,1039648
8102,855909
8103,1672088
8104,898700
8105,828267
8106,1419171
8107,819463
8108,808302
8109,815355
8110,809748
8111,815277
8112,854372
8113,1395695
8114,834777
8115,1308596
8116,885685
8117,1233821
8118,804008
8119,794190
8120,1257025
8121,812549
8122,855349
8123,806917
8124,1217806
8125,818568
8126,1207036
8127,1352059
8128,802740
8129,797168
8130,809335
8131,801033
8132,799863
8133,823830
8134,806040
8135,1273785
8136,813595
8137,1215672
8138,1280044
8139,808433
8140,810316
8141,1326395
8142,804474
8143,856988
8144,806739
8145,1257717
8146,820275
8147,1258998
8148,1303813
8149,1229668
8150,861644
8151,808742
8152,806348
8153,841085
8154,1128527
8155,851809
8156,1216920
8157,806081
8158,800951
8159,1213587
8160,792851
8161,1693204
8162,913681
8163,851389
8164,798735
8165,798866
8166,1176815
8167,797712
8168,798380
8169,1404945
8170,797918
8171,1263770
8172,802566
8173,840166
8174,797445
8175,1182740
8176,1565472
8177,873308
8178,804833
8179,796163
8180,1153491
8181,1243198
8182,873926
8183,801957
8184,803955
8185,1319321
8186,810967
8187,799587
8188,801124
8189,1364877
8190,817028
8191,1252361
8192,1164492
8193,9206167
8194,1109740
8195,1588837
8196,876629
8197,1241175
8198,849172
8199,1246230
8200,774570
8201,762462
8202,765465
8203,755473
8204,757262
8205,753892
8206,1250915
8207,1219022
8208,773869
8209,1266806
8210,876138
8211,1255847
8212,806641
8213,1247281
8214,816645
8215,807663
8216,848093
8217,1270840
8218,817823
8219,1688415
8220,1428652
8221,1192212
8222,805829
8223,792447
8224,791792
8225,792336
8226,1247553
8227,1350642
8228,811334
8229,792447
8230,1215791
8231,811185
8232,1279393
8233,1170573
8234,809130
8235,809101
8236,835206
8237,799711
8238,798842
8239,1239164
8240,1166412
8241,863194
8242,1180684
8243,1316334
8244,795034
8245,798063
8246,1281112
8247,1317009
8248,811420
8249,816810
8250,804507
8251,1244306
8252,807502
8253,1653168
8254,894473
8255,808874
8256,847705
8257,803193
8258,787796
8259,1341372
8260,817922
8261,1342163
8262,809813
8263,796378
8264,1230982
8265,873222
8266,1243775
8267,803671
8268,1616614
8269,3122638
8270,892776
8271,830813
8272,1231460
8273,820006
8274,1518532
8275,1297575
8276,840801
8277,815989
8278,816628
8279,809113
8280,1301679
8281,811404
8282,1293418
8283,809092
8284,868685
8285,1244756
8286,798915
8287,798875
8288,1224102
8289,858356
8290,1184590
8291,793576
8292,800106
8293,795310
8294,1182097
8295,10135966
8296,1763443
8297,937054
8298,861351
8299,839161
8300,826875
8301,1302425
8302,832123
8303,1225790
8304,841699
8305,1415114
8306,823002
8307,811235
8308,1245518
8309,1233800
8310,804651
8311,798014
8312,800255
8313,1248336
8314,843289
8315,1307258
8316,1337993
8317,800424
8318,802891
8319,799587
8320,792043
8321,1249510
8322,812269
8323,791454
8324,1254615
8325,813711
8326,1283068
8327,1199059
8328,810394
8329,804824
8330,1243157
8331,814733
8332,802389
8333,808565
8334,806666
8335,1257383
8336,839029
8337,1226150
8338,875859
8339,811696
8340,801569
8341,800766
8342,800180
8343,1270984
8344,835247
8345,807486
8346,1381135
8347,859633
8348,1261133
8349,800543
8350,802624
8351,798615
8352,1229878
8353,846973
8354,1278483
8355,810472
8356,802290
8357,1357754
8358,801919
8359,1170046
8360,790659
8361,1137852
8362,805310
8363,803419
8364,803704
8365,806282
8366,808891
8367,1243507
8368,1267828
8369,874849
8370,1325699
8371,817353
8372,802414
8373,802965
8374,798146
8375,1258846
8376,1305498
8377,803728
8378,835239
8379,1128420
8380,3508539
8381,1038780
8382,1475992
8383,855204
8384,822832
8385,820072
8386,884264
8387,1267985
8388,813777
8389,820513
8390,1278775
8391,1236998
8392,822809
8393,7878853
8394,1107202
8395,889661
8396,855777
8397,1591210
8398,839017
8399,1515920
8400,1282055
8401,895260
8402,816558
8403,813814
8404,1323890
8405,830431
8406,822491
8407,818457
8408,1265269
8409,1391320
8410,919248
8411,1328554
8412,833632
8413,814353
8414,801483
8415,804498
8416,1233240
8417,1107576
8418,874771
8419,1293521
8420,849877
8421,803613
8422,792966
8423,796295
8424,1190201
8425,804680
8426,1295906
8427,803300
8428,793559
8429,1210036
8430,1297270
8431,867285
8432,803201
8433,800741
8434,1291518
8435,794816
8436,798928
8437,800337
8438,1339769
8439,800333
8440,1756566
8441,864170
8442,794767
8443,747823
8444,752326
8445,752070
8446,1222927
8447,772221
8448,762502
8449,1175402
8450,1276114
8451,1202223
8452,815355
8453,811865
8454,1554805
8455,1343968
8456,828242
8457,804639
8458,802669
8459,813805
8460,1184776
8461,1076523
8462,1330251
8463,820793
8464,814894
8465,808103
8466,1284807
8467,810406
8468,807835
8469,1172625
8470,1358915
8471,798475
8472,806238
8473,797111
8474,802891
8475,797135
8476,1357901
8477,1182616
8478,862229
8479,1313248
8480,881453
8481,1297773
8482,802550
8483,801729
8484,1292475
8485,826071
8486,804709
8487,796506
8488,804491
8489,11012773
8490,2213885
8491,986656
8492,858426
8493,832399
8494,823505
8495,1348178
8496,1264062
8497,1072395
8498,1261537
8499,820992
8500,1339576
8501,825639
8502,820756
8503,1233990
8504,811317
8505,810675
8506,810365
8507,1221910
8508,808874
8509,1731821
8510,1357762
8511,827991
8512,821250
8513,804223
8514,817604
8515,1246420
8516,1070067
8517,869991
8518,1080293
8519,803394
8520,1177450
8521,848628
8522,802281
8523,800584
8524,1189134
8525,1266505
8526,832301
8527,1157562
8528,822961
8529,1232407
8530,926190
8531,815771
8532,1150941
8533,871870
8534,814798
8535,797593
8536,1234822
8537,813773
8538,803370
8539,1250305
8540,798742
8541,1276727
8542,804020
8543,797894
8544,794450
8545,796670
8546,788286
8547,840352
8548,1369718
8549,901897
8550,1166371
8551,851801
8552,802389
8553,796435
8554,1206661
8555,1274877
8556,811366
8557,798697
8558,1331986
8559,803827
8560,1223100
8561,841456
8562,1231476
8563,812936
8564,802496
8565,804395
8566,1231835
8567,804074
8568,1626301
8569,1377595
8570,1308745
8571,803955
8572,809772
8573,800868
8574,1187655
8575,800757
8576,1208400
8577,763174
8578,755885
8579,1092691
8580,1163277
8581,868998
8582,787561
8583,1145795
8584,817654
8585,775608
8586,775827
8587,1082708
8588,765975
8589,759486
8590,1068135
8591,1319894
8592,823442
8593,759994
8594,765419
8595,753458
8596,7768823
8597,932819
8598,1694864
8599,910792
8600,1205371
8601,827711
8602,773120
8603,770714
8604,770001
8605,1248443
8606,768036
8607,1355232
8608,775785
8609,793988
8610,1382281
8611,1322378
8612,900316
8613,817881
8614,1249173
8615,822944
8616,817233
8617,1209689
8618,828551
8619,1095562
8620,1255937
8621,812689
8622,1226178
8623,782110
8624,761617
8625,763842
8626,759165
8627,1254153
8628,802455
8629,1248188
8630,800559
8631,882430
8632,805512
8633,800671
8634,801161
8635,1282203
8636,863741
8637,874689
8638,1142820
8639,811610
8640,796304
8641,854916
8642,801367
8643,797041
8644,1298033
8645,817670
8646,796534
8647,805116
8648,1318727
8649,794601
8650,802640
8651,1366471
8652,815195
8653,817011
8654,803270
8655,805945
8656,798166
8657,1285965
8658,795141
8659,1203196
8660,819961
8661,1221531
8662,852024
8663,794721
8664,793696
8665,798232
8666,1348722
8667,803411
8668,793626
8669,798154
8670,1337853
8671,793452
8672,1094867
8673,1233936
8674,803526
8675,795805
8676,789267
8677,784293
8678,786110
8679,1242420
8680,1223071
8681,1004689
8682,3179072
8683,939156
8684,1310817
8685,785224
8686,766841
8687,1312869
8688,834517
8689,771183
8690,774203
8691,1187387
8692,775213
8693,1183811
8694,1701341
8695,7939159
8696,984411
8697,812372
8698,788842
8699,1448614
8700,1450666
8701,846536
8702,777273
8703,1236462
8704,798088
8705,1194951
8706,1203028
8707,772996
8708,763371
8709,759940
8710,750879
8711,755655
8712,1321640
8713,1192406
8714,895429
8715,1130160
8716,1308551
8717,808725
8718,809521
8719,1183696
8720,861969
8721,1355594
8722,818577
8723,803209
8724,1141229
8725,814279
8726,1156445
8727,1365252
8728,809311
8729,800959
8730,801091
8731,798961
8732,849263
8733,1227706
8734,1214082
8735,988951
8736,1308946
8737,776086
8738,1213846
8739,775485
8740,759379
8741,1124956
8742,1007673
8743,776713
8744,757039
8745,764464
8746,1159289
8747,759194
8748,747060
8749,1325497
8750,754411
8751,759589
8752,762136
8753,756994
8754,803604
8755,1089651
8756,759865
8757,1133043
8758,770503
8759,768311
8760,1220929
8761,1125866
8762,759214
8763,760109
8764,1031532
8765,866514
8766,763994
8767,766923
8768,757674
8769,1242695
8770,782188
8771,1184297
8772,1237154
8773,850520
8774,920734
8775,767097
8776,822013
8777,1405992
8778,761584
8779,759190
8780,1307599
8781,759989
8782,1247442
8783,758077
8784,760075
8785,1049187
8786,858921
8787,1268590
8788,768694
8789,758065
8790,1091904
8791,781076
8792,770364
8793,1188232
8794,758510
8795,1163569
8796,768143
8797,792776
8798,757282
8799,752128
8800,748444
8801,1166705
8802,757761
8803,1174174
8804,824658
8805,1084261
8806,760035
8807,7852254
8808,950272
8809,1551158
8810,854895
8811,834909
8812,1349661
8813,1290492
8814,871994
8815,821988
8816,1121581
8817,888808
8818,816632
8819,820525
8820,1239952
8821,804366
8822,864648
8823,1269167
8824,1245992
8825,891931
8826,809142
8827,802809
8828,806616
8829,1300945
8830,807082
8831,797070
8832,1290064
8833,817295
8834,1258097
8835,799196
8836,803695
8837,796930
8838,1223257
8839,848542
8840,1323857
8841,807543
8842,806307
8843,1284234
8844,796884
8845,1217835
8846,807493
8847,3369621
8848,889233
8849,828741
8850,1564850
8851,823781
8852,1109513
8853,784392
8854,1199092
8855,1347808
8856,765658
8857,773450
8858,762580
8859,766721
8860,1289385
8861,1212393
8862,779271
8863,768567
8864,760763
8865,1099831
8866,836997
8867,1069812
8868,756487
8869,1189315
8870,756569
8871,753001
8872,2780934
8873,1329065
8874,4234554
8875,972153
8876,1515590
8877,807140
8878,798850
8879,787886
8880,773799
8881,1382042
8882,816422
8883,780807
8884,1308551
8885,770837
8886,1363785
8887,823381
8888,773045
8889,1181821
8890,1172625
8891,766338
8892,762869
8893,759544
8894,758597
8895,1172357
8896,754786
8897,752931
8898,1268672
8899,761097
8900,761942
8901,769811
8902,758996
8903,8523982
8904,874544
8905,1531584
8906,1265603
8907,1339274
8908,800667
8909,794322
8910,1084360
8911,869270
8912,1174454
8913,903521
8914,812425
8915,1132244
8916,825585
8917,1185385
8918,884832
8919,833582
8920,815561
8921,869464
8922,1360852
8923,808634
8924,820224
8925,944945
8926,1561545
8927,1282582
8928,1521243
8929,826080
8930,815219
8931,865163
8932,812224
8933,1395192
8934,818569
8935,927644
8936,1150261
8937,1227187
8938,1192484
8939,810332
8940,805400
8941,1456121
8942,835020
8943,812936
8944,811874
8945,1245876
8946,812624
8947,1236380
8948,809310
8949,1450790
8950,810909
8951,885339
8952,826660
8953,829792
8954,1309169
8955,878248
8956,1365170
8957,862732
8958,863935
8959,1258871
8960,1314295
8961,979491
8962,863280
8963,1450253
8964,833545
8965,812776
8966,816628
8967,813863
8968,1264907
8969,1198676
8970,1631233
8971,824333
8972,810267
8973,810398
8974,1304431
8975,828139
8976,1308032
8977,813369
8978,809723
8979,1222445
8980,1317784
8981,904934
8982,824551
8983,1217510
8984,885747
8985,817464
8986,1163697
8987,834793
8988,1213155
8989,1305127
8990,856358
8991,1367127
8992,806501
8993,802505
8994,796885
8995,1252312
8996,823855
8997,803510
8998,1112125
8999,1359945
9000,794491
9001,892376
9002,818293
9003,1163593
9004,801001
9005,802364
9006,7435613
9007,1857583
9008,1529207
9009,863565
9010,837364
9011,819656
9012,1308460
9013,867231
9014,1406844
9015,813596
9016,806097
9017,1245699
9018,1291523
9019,872513
9020,807325
9021,804667
9022,876093
9023,809822
9024,846235
9025,1237549
9026,1221847
9027,1392877
9028,818375
9029,1382894
9030,803753
9031,799756
9032,797729
9033,799175
9034,852720
9035,1245695
9036,1194474
9037,1015097
9038,1325431
9039,822565
9040,805088
9041,795162
9042,1247129
9043,877033
9044,1451819
9045,810114
9046,802607
9047,1229622
9048,881705
9049,1184219
9050,803242
9051,1500025
9052,879632
9053,810390
9054,859877
9055,4042326
9056,886073
9057,1498392
9058,829363
9059,1256012
9060,827386
9061,889133
9062,830961
9063,813171
9064,1265908
9065,1179098
9066,1393804
9067,1253341
9068,809220
9069,808935
9070,797259
9071,1268409
9072,855600
9073,1295218
9074,771608
9075,766923
9076,1165621
9077,768979
9078,1220311
9079,765432
9080,1235333
9081,835783
9082,772506
9083,1000467
9084,1502974
9085,872587
9086,750216
9087,1250095
9088,780078
9089,1242172
9090,759635
9091,752972
9092,869922
9093,757220
9094,1195512
9095,834695
9096,759313
9097,759849
9098,1250622
9099,759515
9100,1283983
9101,749722
9102,1200090
9103,768929
9104,757797
9105,9995009
9106,1656667
9107,1354668
9108,972404
9109,1362441
9110,913714
9111,1258480
9112,824893
9113,883543
9114,1223034
9115,1281981
9116,824671
9117,1177755
9118,836248
9119,1256328
9120,868747
9121,813579
9122,1141003
9123,908910
9124,811585
9125,810246
9126,806365
9127,1403062
9128,806809
9129,804416
9130,1351012
9131,812644
9132,800337
9133,798231
9134,854747
9135,1266790
9136,834534
9137,1339048
9138,815380
9139,808993
9140,1346270
9141,1311534
9142,881754
9143,1177804
9144,894708
9145,992407
9146,806682
9147,809990
9148,817629
9149,1159300
9150,846754
9151,1106300
9152,880782
9153,805091
9154,857264
9155,791417
9156,1128227
9157,806867
9158,805075
9159,1435301
9160,1311291
9161,857404
9162,807696
9163,801359
9164,797342
9165,1350246
9166,815479
9167,1176889
9168,762128
9169,748169
9170,1311983
9171,754311
9172,759375
9173,1124148
9174,958070
9175,791450
9176,764748
9177,763672
9178,1277411
9179,768637
9180,767071
9181,2509494
9182,886064
9183,776395
9184,759857
9185,797440
9186,1316243
9187,769053
9188,1321513
9189,764027
9190,747382
9191,1169070
9192,837179
9193,1188323
9194,753665
9195,1354890
9196,796073
9197,772663
9198,760570
9199,1105323
9200,773976
9201,1143817
9202,1122409
9203,816113
9204,1154480
9205,760920
9206,805899
9207,753862
9208,750184
9209,1062779
9210,768386
9211,7070961
9212,1778655
9213,1428153
9214,872562
9215,832074
9216,1272113
9217,1325415
9218,823982
9219,816950
9220,860219
9221,1306067
9222,812767
9223,1561117
9224,901061
9225,809068
9226,805236
9227,808474
9228,808133
9229,1206427
9230,822190
9231,864026
9232,1387221
9233,817897
9234,1260173
9235,808005
9236,801054
9237,1345912
9238,944393
9239,967675
9240,917739
9241,3799137
9242,1670559
9243,1000899
9244,1695523
9245,1049249
9246,902490
9247,834900
9248,1353361
9249,832869
9250,1335299
9251,905095
9252,1393816
9253,825437
9254,814350
9255,822602
9256,873972
9257,1231081
9258,1346946
9259,837591
9260,811070
9261,1294844
9262,833965
9263,1333074
9264,1255958
9265,878145
9266,814263
9267,806266
9268,810308
9269,1242498
9270,811503
9271,807469
9272,1256214
9273,1190684
9274,806171
9275,804440
9276,849156
9277,1303899
9278,857599
9279,1348891
9280,817465
9281,809979
9282,1295630
9283,874853
9284,1124625
9285,797705
9286,1266868
9287,817501
9288,812154
9289,807523
9290,1203522
9291,811527
9292,1329057
9293,1284107
9294,1394558
9295,804877
9296,868434
9297,806183
9298,1310101
9299,1185611
9300,799637
9301,799097
9302,1243449
9303,9293307
9304,1066540
9305,1308019
9306,965005
9307,903393
9308,833492
9309,1165398
9310,839515
9311,1268751
9312,923565
9313,1398509
9314,833598
9315,812359
9316,808994
9317,818362
9318,1225589
9319,862971
9320,1185175
9321,1023189
9322,1315877
9323,896945
9324,1245414
9325,815878
9326,814424
9327,1608012
9328,908633
9329,806382
9330,794824
9331,1237768
9332,1328571
9333,798615
9334,1574895
9335,876456
9336,809393
9337,851129
9338,806427
9339,1227789
9340,800049
9341,809578
9342,1256370
9343,894778
9344,1119769
9345,822532
9346,811437
9347,803320
9348,845457
9349,1346757
9350,808321
9351,799970
9352,1237829
9353,1305935
9354,1199295
9355,803189
9356,1244369
9357,847178
9358,801886
9359,800972
9360,770322
9361,760212
9362,1184532
9363,1105311
9364,1319123
9365,834752
9366,1254153
9367,764476
9368,833397
9369,1332938
9370,1311381
9371,814584
9372,801837
9373,800659
9374,1325031
9375,816698
9376,1598494
9377,880918
9378,887209
9379,811528
9380,821827
9381,1128536
9382,798549
9383,793642
9384,1340230
9385,806381
9386,1180656
9387,807061
9388,807250
9389,882912
9390,1261685
9391,1291156
9392,861784
9393,991444
9394,1011546
9395,1450014
9396,856663
9397,1270626
9398,1025430
9399,866036
9400,853211
9401,1262122
9402,864681
9403,1385329
9404,852839
9405,1353794
9406,10036309
9407,1371865
9408,1090108
9409,1563445
9410,1425582
9411,1142862
9412,1400586
9413,925967
9414,921060
9415,923112
9416,1341339
9417,4572162
9418,1113959
9419,1584441
9420,1119991
9421,1828487
9422,1704303
9423,1008925
9424,993376
9425,982157
9426,1601309
9427,1575521
9428,1064629
9429,1632036
9430,998498
9431,975141
9432,969896
9433,1579052
9434,1688771
9435,1081550
9436,1552403
9437,999836
9438,1049389
9439,984081
9440,979108
9441,1531885
9442,1568121
9443,1557932
9444,966554
9445,968792
9446,1623141
9447,1131036
9448,1677168
9449,1653119
9450,1711031
9451,1667527
9452,1116962
9453,1934658
9454,1046204
9455,1034602
9456,1029530
9457,1594729
9458,1029596
9459,1841807
9460,1880412
9461,1034321
9462,1023556
9463,2476208
9464,1207139
9465,1624752
9466,1050151
9467,1779037
9468,1030580
9469,1672912
9470,1039640
9471,1026382
9472,1031005
9473,1637224
9474,1630062
9475,2163290
9476,1040646
9477,1037288
9478,1027008
9479,1625156
9480,16448322
9481,1606636
9482,2085943
9483,1179295
9484,1760480
9485,1615449
9486,1810964
9487,1922013
9488,1907675
9489,1149717
9490,1123493
9491,1106703
9492,1919351
9493,2225862
9494,1255905
9495,1793877
9496,1150953
9497,1113992
9498,1782737
9499,1735776
9500,1879197
9501,1834853
9502,1211246
9503,1744363
9504,1219891
9505,1685400
9506,1132861
9507,1645291
9508,1739513
9509,1147760
9510,1126002
9511,1109633
9512,1865069
9513,1938382
9514,1136076
9515,1844617
9516,1152494
9517,1128482
9518,1869741
9519,1126695
9520,1106201
9521,1658648
9522,1196624
9523,1677806
9524,1104499
9525,1104009
9526,1182430
9527,1801360
9528,1799976
9529,1140002
9530,1713408
9531,1099423
9532,1109699
9533,1962550
9534,1125445
9535,1120090
9536,2001357
9537,1762685
9538,1719894
9539,1108479
9540,1202071
9541,1116266
9542,1697026
9543,1100276
9544,1797297
9545,1193312
9546,1639696
9547,1171607
9548,1100952
9549,1673761
9550,1118812
9551,1113497
9552,14096970
9553,1488451
9554,2196548
9555,1202277
9556,1152004
9557,1894730
9558,1888665
9559,1905009
9560,1288766
9561,1057551
9562,1052170
9563,1749068
9564,1485822
9565,1896246
9566,1060682
9567,1145943
9568,1047065
9569,1773648
9570,1635592
9571,1314929
9572,2011123
9573,1201693
9574,2098806
9575,1734524
9576,1228576
9577,1771094
9578,1775774
9579,1112056
9580,1939647
9581,2013652
9582,1131844
9583,1106909
9584,1924814
9585,2004580
9586,1422369
9587,1154398
9588,1118627
9589,1906213
9590,2049110
9591,1117807
9592,1712337
9593,2016956
9594,1766862
9595,1066170
9596,1048412
9597,1046430
9598,1039254
9599,1695247
9600,1892805
9601,1062688
9602,1686232
9603,1109204
9604,1104166
9605,1171150
9606,1086841
9607,1101537
9608,1172254
9609,1753233
9610,1955666
9611,1096415
9612,1103152
9613,1105990
9614,1680031
9615,1961071
9616,1126768
9617,1710648
9618,1898318
9619,1664165
9620,1530228
9621,1141267
9622,1202969
9623,13723026
9624,2320381
9625,1257181
9626,1148555
9627,1191503
9628,1920216
9629,1869782
9630,1127575
9631,1800400
9632,1812798
9633,1738710
9634,1476132
9635,1139013
9636,1123080
9637,1588644
9638,1110432
9639,1851473
9640,6629878
9641,1291362
9642,101609683
9643,2180829
9644,2367676
9645,1499320
9646,1175752
9647,2130766
9648,1180379
9649,1142969
9650,1963403
9651,1957656
9652,1871315
9653,1337969
9654,1119146
9655,1114972
9656,2601977
9657,1893692
9658,2025308
9659,1138362
9660,1120420
9661,1754725
9662,1132268
9663,1989656
9664,1764876
9665,1451860
9666,1118895
9667,1805460
9668,1433851
9669,1132965
9670,1807034
9671,1232016
9672,1860513
9673,1764542
9674,1124643
9675,1113761
9676,1122837
9677,1144209
9678,1859478
9679,1671128
9680,1198643
9681,1102464
9682,1090347
9683,1685305
9684,1113370
9685,1871476
9686,1765128
9687,1100086
9688,1110016
9689,1830634
9690,1131087
9691,1107523
9692,5154011
9693,4389798
9694,1603171
9695,2309067
9696,1254145
9697,1276711
9698,1783339
9699,1833027
9700,1131214
9701,1240813
9702,1815801
9703,1115002
9704,1721459
9705,1222552
9706,14382270
9707,2617477
9708,1425166
9709,1187845
9710,2157040
9711,1168456
9712,1151361
9713,1860607
9714,1811034
9715,1820424
9716,1234505
9717,1139549
9718,1772672
9719,1874167
9720,1323004
9721,1926697
9722,1166767
9723,1128194
9724,1749027
9725,2031661
9726,1821668
9727,1245785
9728,1068061
9729,1054354
9730,1649403
9731,1734582
9732,1187680
9733,1634323
9734,1055157
9735,1039257
9736,1035714
9737,2018901
9738,2445698
9739,3808692
9740,1394232
9741,2370020
9742,1354869
9743,1066816
9744,1739093
9745,1712085
9746,1561471
9747,1165085
9748,1056010
9749,1041693
9750,1779425
9751,1134159
9752,1730140
9753,1733111
9754,1119162
9755,1110593
9756,6164399
9757,1503353
9758,2083516
9759,1863194
9760,1745068
9761,1732003
9762,1161443
9763,1055910
9764,1042837
9765,1608103
9766,1032109
9767,11591778
9768,2171674
9769,1187478
9770,1698894
9771,1726486
9772,1103741
9773,1082700
9774,1506175
9775,1080533
9776,1168026
9777,1663188
9778,1014825
9779,980253
9780,978420
9781,1495480
9782,2581336
9783,1747568
9784,998077
9785,995411
9786,991143
9787,1453611
9788,980834
9789,1077789
9790,1718431
9791,1596278
9792,982490
9793,1459137
9794,1573824
9795,983472
9796,963930
9797,965376
9798,1452800
9799,1805682
9800,1523933
9801,991888
9802,980893
9803,965969
9804,971012
9805,1674008
9806,964824
9807,1040324
9808,1553911
9809,1573621
9810,1044136
9811,1499311
9812,961157
9813,948830
9814,1395296
9815,1040638
9816,1610661
9817,1461703
9818,983315
9819,963753
9820,955418
9821,948034
9822,1490569
9823,1070154
9824,1411236
9825,911456
9826,1431100
9827,903719
9828,1354251
9829,1406519
9830,917851
9831,900278
9832,901086
9833,969088
9834,1473195
9835,1520361
9836,914847
9837,906562
9838,903603
9839,906364
9840,1405942
9841,1623553
9842,905779
9843,1366348
9844,1436096
9845,899603
9846,907703
9847,1406276
9848,899895
9849,900316
9850,890312
9851,10118366
9852,1901758
9853,1633100
9854,990665
9855,937767
9856,916594
9857,905281
9858,1425896
9859,970723
9860,1550339
9861,1475827
9862,933816
9863,1299989
9864,846235
9865,836091
9866,1571380
9867,921719
9868,853676
9869,1350210
9870,863370
9871,1409749
9872,919289
9873,1794748
9874,1205710
9875,920809
9876,903488
9877,1409449
9878,985260
9879,1389733
9880,1628448
9881,898490
9882,902507
9883,896450
9884,890819
9885,1505920
9886,1392844
9887,1119612
9888,905980
9889,1313376
9890,1292087
9891,942060
9892,890794
9893,1412160
9894,910451
9895,895902
9896,971725
9897,1307389
9898,887296
9899,1289583
9900,4758577
9901,1190115
9902,1002358
9903,882834
9904,1392164
9905,892364
9906,1530171
9907,956053
9908,1293278
9909,868075
9910,863808
9911,1344556
9912,1346753
9913,867297
9914,857677
9915,1254487
9916,863717
9917,1344721
9918,1272196
9919,863733
9920,901399
9921,859440
9922,854455
9923,1323367
9924,853000
9925,1379668
9926,1184948
9927,1412740
9928,862204
9929,849036
9930,1459235
9931,1378325
9932,867256
9933,853070
9934,1269419
9935,843631
9936,1270901
9937,8346266
9938,1264070
9939,914204
9940,851257
9941,1521593
9942,865916
9943,832108
9944,1200526
9945,1493330
9946,808400
9947,811119
9948,806002
9949,806756
9950,810217
9951,1287213
9952,864561
9953,1393891
9954,814032
9955,1762602
9956,878260
9957,815524
9958,808924
9959,1219541
9960,1276641
9961,863811
9962,804358
9963,810081
9964,1213162
9965,1239552
9966,856309
9967,1189488
9968,876344
9969,803818
9970,802608
9971,803007
9972,1445433
9973,858076
9974,1295111
9975,941005
9976,841641
9977,851892
9978,847323
9979,851657
9980,1460483
9981,1283229
9982,1142948
9983,1364156
9984,1336078
9985,902816
9986,850169
9987,1244042
9988,901568
9989,1366340
9990,865377
9991,914727
9992,1285066
9993,811495
9994,1175126
9995,804725
9996,1420321
9997,826936
9998,799266
9999,796649
