iteration,latency_ns
0,1347210
1,758127
2,742993
3,732215
4,1112088
5,801392
6,1293690
7,746751
8,1292977
9,738486
10,715084
11,721397
12,719636
13,1277395
14,1223801
15,782815
16,728903
17,716398
18,1435289
19,727214
20,706309
21,715991
22,1233474
23,797935
24,1400886
25,731507
26,1285878
27,989277
28,798088
29,737638
30,1344450
31,770957
32,1215693
33,760092
34,1745677
35,847195
36,772654
37,766268
38,831003
39,1246424
40,768814
41,1320705
42,765584
43,831646
44,1347099
45,781949
46,780218
47,768888
48,1364345
49,1199294
50,819364
51,760796
52,769795
53,841934
54,825631
55,785493
56,1532631
57,1384958
58,854368
59,758098
60,760417
61,1222445
62,760183
63,1246177
64,10029948
65,1164450
66,837261
67,795483
68,779758
69,1710211
70,1502736
71,755835
72,736525
73,1322362
74,735070
75,722908
76,1180667
77,783449
78,1283896
79,1042644
80,729652
81,1266300
82,813555
83,1166177
84,729327
85,717235
86,1273712
87,795920
88,1407916
89,779885
90,1362565
91,806739
92,1183787
93,723563
94,707161
95,1150051
96,797094
97,727127
98,1193242
99,1139891
100,1380005
101,719662
102,724684
103,1239251
104,773190
105,1316610
106,724507
107,725829
108,1308662
109,790889
110,776507
111,719937
112,724457
113,1707072
114,805170
115,1255291
116,747349
117,1296043
118,763718
119,731070
120,801260
121,940737
122,1582476
123,2111319
124,783610
125,1402910
126,826183
127,993739
128,802096
129,1606191
130,977793
131,783416
132,1350621
133,5756056
134,1125800
135,831110
136,819989
137,1543813
138,1523509
139,840030
140,831349
141,1483482
142,816257
143,819252
144,1397697
145,1516184
146,992107
147,854888
148,1548502
149,832503
150,849646
151,850821
152,1446780
153,1572439
154,831901
155,819545
156,11867025
157,1740502
158,1396560
159,922918
160,819796
161,1031833
162,1321105
163,829907
164,1489188
165,823195
166,928546
167,1447007
168,837690
169,830500
170,927351
171,1442228
172,1773129
173,967205
174,1379944
175,898346
176,892722
177,902758
178,894481
179,1625193
180,2085506
181,912449
182,831069
183,843396
184,1381995
185,848192
186,1476149
187,929655
188,1447819
189,1447526
190,854912
191,840125
192,825613
193,829693
194,1368222
195,835915
196,1975232
197,918967
198,842201
199,844575
200,836594
201,1359471
202,825412
203,1390014
204,897612
205,1455322
206,895943
207,798281
208,770779
209,1276822
210,795686
211,1206067
212,1696628
213,843994
214,773223
215,768336
216,824654
217,764954
218,3205910
219,1332229
220,1395118
221,855691
222,1282664
223,779704
224,853552
225,711669
226,708900
227,1201837
228,730609
229,721017
230,1612486
231,783049
232,715310
233,812371
234,738725
235,736030
236,748828
237,1182114
238,813514
239,1220035
240,809678
241,730382
242,717243
243,720498
244,1494169
245,721899
246,780833
247,1231455
248,717552
249,1232989
250,723905
251,726357
252,720910
253,740200
254,732466
255,10136889
256,1783055
257,911987
258,1403717
259,781962
260,763380
261,747089
262,745688
263,735964
264,1337734
265,1145206
266,786353
267,1219639
268,740839
269,798405
270,737164
271,732384
272,1376809
273,748407
274,1213138
275,720527
276,1201161
277,742293
278,739639
279,738910
280,785579
281,1082798
282,723604
283,714442
284,1371082
285,1555259
286,790993
287,742548
288,727078
289,721920
290,1226079
291,896323
292,1229692
293,704767
294,1143451
295,990191
296,723596
297,711413
298,711772
299,1167417
300,716473
301,710696
302,1324846
303,714335
304,1252555
305,721471
306,708851
307,716712
308,716534
309,1219582
310,726954
311,4034098
312,807988
313,1390970
314,721911
315,689115
316,682094
317,684221
318,710062
319,690290
320,1265027
321,665091
322,700062
323,1158081
324,883959
325,679404
326,668519
327,668963
328,1178257
329,678288
330,1165550
331,674662
332,1039290
333,726175
334,2258217
335,800012
336,681057
337,670562
338,1274849
339,787108
340,1323652
341,686153
342,1036728
343,1276171
344,704858
345,677258
346,676137
347,683549
348,1272760
349,687924
350,675490
351,1139532
352,678143
353,1265895
354,681740
355,732257
356,685778
357,1129875
358,744951
359,1072428
360,674562
361,1103226
362,1082881
363,8661804
364,818841
365,714701
366,1366187
367,1280271
368,814341
369,698851
370,697928
371,1221135
372,692799
373,679886
374,682750
375,1126360
376,1140690
377,1238847
378,682247
379,1300019
380,1107779
381,681241
382,679676
383,679845
384,676211
385,1098249
386,677200
387,1123629
388,1115088
389,1460567
390,795525
391,691777
392,684555
393,682622
394,672066
395,1207897
396,684027
397,1021966
398,1134403
399,658511
400,1103647
401,673664
402,731161
403,675383
404,681658
405,1145271
406,684052
407,1078349
408,730728
409,1024066
410,1066879
411,740802
412,681357
413,2184401
414,691645
415,670682
416,1295907
417,746359
418,673801
419,694879
420,1118762
421,679976
422,1166939
423,686581
424,1294139
425,761794
426,1023848
427,669507
428,668094
429,668412
430,1050839
431,1050962
432,1160883
433,685242
434,1019497
435,1166168
436,674794
437,677081
438,677641
439,677113
440,1127880
441,720008
442,1179736
443,670018
444,1059858
445,1157298
446,659747
447,680439
448,713041
449,1056545
450,947305
451,1449561
452,695596
453,679313
454,1168080
455,706448
456,672445
457,671205
458,670414
459,1208960
460,679746
461,1283905
462,3996153
463,799612
464,1362137
465,810147
466,710429
467,1348747
468,8797932
469,1055519
470,742265
471,1464616
472,1303067
473,784487
474,702765
475,698394
476,1363052
477,704557
478,698303
479,689383
480,857961
481,1251689
482,692456
483,689041
484,1198882
485,697879
486,1278013
487,693911
488,682630
489,1132870
490,1094776
491,1265174
492,686898
493,1127510
494,1202384
495,694714
496,684245
497,675284
498,682168
499,1216108
500,693334
501,1308082
502,675276
503,1144588
504,959518
505,732121
506,716447
507,713869
508,1202245
509,723118
510,720296
511,3955042
512,1363418
513,735915
514,695576
515,684084
516,675943
517,677583
518,681794
519,1219957
520,1215169
521,1196744
522,765057
523,695579
524,678489
525,684154
526,675440
527,1163700
528,694269
529,686787
530,1146293
531,741094
532,1153817
533,742083
534,685852
535,678230
536,677517
537,677739
538,1076882
539,676812
540,671708
541,1505290
542,738836
543,680607
544,672915
545,671065
546,734082
547,1236972
548,686890
549,1221868
550,1194968
551,755197
552,1049727
553,684715
554,679808
555,676714
556,676013
557,1670638
558,688411
559,1111631
560,752610
561,1176164
562,667641
563,680924
564,671308
565,676412
566,675766
567,676104
568,1104549
569,1299273
570,740661
571,1213101
572,680454
573,673620
574,673211
575,669087
576,671959
577,670504
578,1028059
579,680203
580,1097405
581,10672143
582,1117976
583,1382194
584,763161
585,1194391
586,816056
587,1625811
588,778068
589,707318
590,696667
591,692337
592,1209240
593,696655
594,694933
595,1183560
596,673693
597,1579732
598,767348
599,694883
600,683660
601,670781
602,675650
603,1276212
604,1155901
605,754010
606,675325
607,1484636
608,755589
609,679326
610,679717
611,991588
612,678448
613,669718
614,1196459
615,675857
616,682102
617,1052034
618,683182
619,1109740
620,643563
621,636910
622,1057353
623,644186
624,1065144
625,697108
626,647152
627,683912
628,1034169
629,697050
630,1146243
631,647362
632,647296
633,993471
634,715661
635,988408
636,679165
637,641923
638,645681
639,922717
640,766008
641,1229775
642,661481
643,639757
644,1071263
645,628257
646,635888
647,635941
648,640164
649,629353
650,1093144
651,648104
652,1092040
653,645722
654,1059034
655,630131
656,635088
657,634264
658,634726
659,630318
660,970497
661,635912
662,1014307
663,822520
664,1019172
665,680603
666,656888
667,636003
668,640119
669,636761
670,944759
671,639522
672,928427
673,630148
674,693445
675,1084150
676,626733
677,635991
678,636703
679,640721
680,1068279
681,641507
682,643279
683,633111
684,945641
685,1205573
686,665021
687,674423
688,672136
689,678127
690,666603
691,668663
692,1114367
693,673306
694,1198409
695,1114672
696,668305
697,674963
698,671333
699,672973
700,668906
701,673941
702,1095971
703,671098
704,1040218
705,1196584
706,673945
707,686087
708,670681
709,670937
710,672058
711,676342
712,9095481
713,788920
714,1474710
715,1270004
716,2403117
717,787548
718,701055
719,697084
720,1013964
721,662887
722,656418
723,1061342
724,646337
725,1143327
726,3014703
727,824642
728,1293966
729,661873
730,658227
731,656496
732,1088666
733,725137
734,651865
735,723233
736,649480
737,642183
738,651676
739,707153
740,1129088
741,651161
742,1127514
743,1044713
744,1078188
745,642826
746,640292
747,639085
748,640910
749,640609
750,638586
751,1082102
752,645072
753,978914
754,683491
755,640609
756,1099402
757,650975
758,639287
759,642323
760,643271
761,1101257
762,644016
763,1052820
764,754571
765,643588
766,958771
767,1025574
768,646587
769,638562
770,641314
771,857013
772,1092398
773,705669
774,996087
775,683116
776,637428
777,690883
778,941516
779,687442
780,644487
781,632958
782,924500
783,1024738
784,678531
785,637379
786,642537
787,640601
788,634433
789,1071476
790,727230
791,1344981
792,657526
793,1061048
794,1136034
795,633964
796,636332
797,630569
798,923021
799,629160
800,1141526
801,646357
802,695819
803,1045940
804,644523
805,1237767
806,633732
807,633037
808,637478
809,1002329
810,998097
811,642978
812,640284
813,644828
814,1026609
815,691265
816,1036517
817,675333
818,645397
819,637940
820,1049162
821,877008
822,662561
823,655388
824,641606
825,650073
826,997158
827,688395
828,9742600
829,1701469
830,790922
831,1251434
832,692177
833,1194944
834,760269
835,1092980
836,673933
837,668420
838,651305
839,1051643
840,1058143
841,1290819
842,885845
843,721228
844,1097153
845,657692
846,650843
847,648149
848,1038528
849,651144
850,979319
851,1269810
852,664279
853,1204684
854,1105204
855,643942
856,643357
857,647288
858,1020853
859,658811
860,1204663
861,658828
862,645714
863,705225
864,1118478
865,642517
866,648907
867,644988
868,651412
869,1074698
870,694858
871,956728
872,699964
873,636007
874,1067068
875,628434
876,694343
877,639999
878,637482
879,1024174
880,688295
881,649105
882,1426604
883,1126249
884,635570
885,638475
886,636732
887,639513
888,633539
889,694373
890,1046821
891,643407
892,644474
893,936919
894,1102526
895,627536
896,633378
897,631915
898,635319
899,637437
900,646617
901,1054266
902,703544
903,949113
904,962348
905,682889
906,701784
907,1086919
908,638059
909,631084
910,631500
911,634750
912,659933
913,1218214
914,1147735
915,771612
916,1129199
917,694421
918,1118425
919,652479
920,646336
921,647152
922,655442
923,660324
924,1250219
925,916841
926,644123
927,714940
928,645314
929,1383714
930,1178220
931,706012
932,644243
933,1205762
934,636934
935,644058
936,644082
937,638767
938,1193493
939,752309
940,1393697
941,692395
942,685988
943,1392745
944,733344
945,694958
946,681996
947,670319
948,1252868
949,1239643
950,754955
951,729562
952,1039088
953,805458
954,10685056
955,1577931
956,954276
957,925514
958,769247
959,1158155
960,1371638
961,1278408
962,742981
963,743302
964,1218584
965,1270699
966,743624
967,735503
968,733521
969,1152482
970,1437122
971,682906
972,696548
973,1115974
974,752828
975,1160112
976,690124
977,680578
978,1108491
979,760043
980,987603
981,732384
982,680356
983,674831
984,1089469
985,685877
986,1123666
987,3979779
988,849580
989,1335031
990,777442
991,708163
992,694735
993,693334
994,1175220
995,697796
996,1638991
997,798891
998,684076
999,678428
1000,673673
1001,723189
1002,686161
1003,1111029
1004,676610
1005,678036
1006,1099613
1007,1173325
1008,926836
1009,687701
1010,673080
1011,682247
1012,676042
1013,687010
1014,1339760
1015,682128
1016,661061
1017,1184590
1018,635052
1019,646517
1020,642541
1021,642184
1022,640250
1023,644099
1024,1276151
1025,663348
1026,1050176
1027,1145115
1028,754506
1029,1040629
1030,636090
1031,637395
1032,645063
1033,639163
1034,645821
1035,1116274
1036,648681
1037,642101
1038,1526141
1039,723847
1040,688889
1041,678588
1042,687813
1043,680587
1044,1134938
1045,685650
1046,680780
1047,686569
1048,1510300
1049,758930
1050,682564
1051,737185
1052,680285
1053,681299
1054,1135626
1055,675119
1056,668761
1057,1194927
1058,1187602
1059,679071
1060,680990
1061,678361
1062,678708
1063,766342
1064,1098113
1065,673731
1066,1100132
1067,1028228
1068,688237
1069,757958
1070,1618963
1071,794424
1072,743616
1073,1228185
1074,717144
1075,1217999
1076,726200
1077,1212771
1078,912020
1079,717292
1080,699860
1081,702835
1082,1103638
1083,702365
1084,1107679
1085,781566
1086,1075972
1087,1136360
1088,761608
1089,713119
1090,699584
1091,698533
1092,1016445
1093,690389
1094,1149425
1095,3812404
1096,851257
1097,779510
1098,687768
1099,676915
1100,649520
1101,1196451
1102,664786
1103,658235
1104,1065165
1105,664403
1106,985495
1107,718582
1108,662318
1109,657011
1110,722747
1111,656221
1112,658803
1113,644107
1114,1077987
1115,635904
1116,1005506
1117,697862
1118,697738
1119,1040728
1120,647646
1121,651441
1122,650160
1123,1057678
1124,690808
1125,645261
1126,633712
1127,931455
1128,685386
1129,648166
1130,1110778
1131,646476
1132,637787
1133,646884
1134,713102
1135,1271100
1136,651502
1137,640976
1138,644235
1139,1078748
1140,692782
1141,1106267
1142,645619
1143,640107
1144,637816
1145,1155378
1146,626815
1147,641471
1148,692951
1149,936061
1150,1386042
1151,644058
1152,640436
1153,934224
1154,651705
1155,1111199
1156,681707
1157,640877
1158,646987
1159,640288
1160,1120160
1161,700890
1162,966455
1163,643992
1164,994995
1165,925465
1166,687373
1167,633857
1168,636967
1169,946786
1170,641067
1171,651890
1172,3598925
1173,784487
1174,705204
1175,1319358
1176,1289236
1177,772370
1178,692589
1179,693260
1180,1083795
1181,940651
1182,8177775
1183,1484508
1184,1276323
1185,1239659
1186,716526
1187,1188809
1188,702498
1189,694413
1190,688716
1191,688921
1192,1096778
1193,695645
1194,1080063
1195,1254932
1196,1175282
1197,691035
1198,681757
1199,687426
1200,685139
1201,680797
1202,1162684
1203,705051
1204,1067831
1205,727613
1206,1178566
1207,767149
1208,696766
1209,693314
1210,657415
1211,654721
1212,1153491
1213,655330
1214,1009255
1215,642360
1216,949583
1217,687158
1218,644108
1219,642356
1220,697471
1221,639571
1222,1065140
1223,658391
1224,1110943
1225,1013779
1226,905713
1227,1072799
1228,647062
1229,644808
1230,645598
1231,639386
1232,705678
1233,1036736
1234,655693
1235,684719
1236,1113403
1237,738877
1238,1049595
1239,689395
1240,692716
1241,685926
1242,687030
1243,678510
1244,1208132
1245,750607
1246,1150488
1247,676194
1248,1077030
1249,2395309
1250,734658
1251,698863
1252,699712
1253,691060
1254,1275694
1255,1484916
1256,705876
1257,1054432
1258,1214543
1259,657382
1260,651523
1261,651256
1262,644491
1263,1169123
1264,650485
1265,1062940
1266,760352
1267,1020214
1268,981996
1269,740060
1270,656269
1271,653015
1272,1104005
1273,648338
1274,643469
1275,1010458
1276,640836
1277,650386
1278,648886
1279,1053430
1280,757706
1281,685139
1282,679943
1283,1072235
1284,675630
1285,1165517
1286,761806
1287,690187
1288,678596
1289,1117279
1290,1221431
1291,686775
1292,674043
1293,1145638
1294,1040453
1295,736434
1296,691711
1297,695139
1298,1004417
1299,683384
1300,1065902
1301,739352
1302,1166103
1303,996272
1304,8129990
1305,953716
1306,1312897
1307,693755
1308,1057530
1309,1156899
1310,673665
1311,657897
1312,660954
1313,1094644
1314,731486
1315,937355
1316,706543
1317,1017120
1318,695114
1319,653353
1320,1019357
1321,666619
1322,666454
1323,663941
1324,1102851
1325,658400
1326,657382
1327,655866
1328,653390
1329,1197255
1330,701509
1331,1153005
1332,659005
1333,950107
1334,1058996
1335,697450
1336,648997
1337,647337
1338,641680
1339,635578
1340,1218193
1341,648738
1342,1186007
1343,664074
1344,1124882
1345,711656
1346,1005036
1347,705872
1348,646884
1349,642076
1350,928085
1351,693383
1352,707000
1353,1080817
1354,693825
1355,1071476
1356,642760
1357,649566
1358,650218
1359,999948
1360,642821
1361,1029377
1362,1053801
1363,713329
1364,639563
1365,1066627
1366,675993
1367,647037
1368,645998
1369,641437
1370,1099238
1371,656241
1372,647947
1373,646954
1374,1193774
1375,735182
1376,968145
1377,643942
1378,648619
1379,709073
1380,658309
1381,642084
1382,997978
1383,653023
1384,2068837
1385,1473989
1386,675082
1387,613293
1388,612457
1389,608774
1390,606598
1391,676891
1392,3350607
1393,805454
1394,1313380
1395,754835
1396,1117078
1397,666285
1398,650193
1399,650802
1400,724115
1401,664135
1402,1244495
1403,655421
1404,644610
1405,1045055
1406,705838
1407,1140879
1408,660394
1409,656530
1410,649747
1411,646995
1412,653818
1413,1141560
1414,654177
1415,1079441
1416,1060929
1417,958310
1418,656921
1419,658144
1420,640193
1421,643230
1422,645607
1423,643498
1424,7576574
1425,1476466
1426,789023
1427,1304875
1428,683586
1429,964189
1430,677974
1431,672672
1432,1042899
1433,655297
1434,650568
1435,1074088
1436,703679
1437,649513
1438,3918031
1439,1309346
1440,694278
1441,661238
1442,648231
1443,1314142
1444,1141081
1445,737621
1446,1135152
1447,664597
1448,642418
1449,642533
1450,722550
1451,642698
1452,1287402
1453,695831
1454,630260
1455,1054304
1456,714556
1457,647996
1458,639472
1459,633420
1460,638668
1461,642801
1462,1113922
1463,735301
1464,2113490
1465,1271371
1466,1018134
1467,654276
1468,637968
1469,638500
1470,632365
1471,633530
1472,631211
1473,1099003
1474,707870
1475,995527
1476,1245241
1477,646311
1478,643102
1479,637404
1480,645524
1481,638533
1482,642633
1483,1068662
1484,653608
1485,641363
1486,633378
1487,1265117
1488,638936
1489,642784
1490,639975
1491,633568
1492,640156
1493,632917
1494,1157978
1495,644502
1496,1143129
1497,702806
1498,1110251
1499,623873
1500,727679
1501,642200
1502,635578
1503,959872
1504,653398
1505,642315
1506,641746
1507,1029398
1508,1140813
1509,640276
1510,641949
1511,631714
1512,639484
1513,637008
1514,1130678
1515,647482
1516,637454
1517,1002844
1518,986928
1519,684349
1520,648561
1521,639563
1522,642088
1523,643436
1524,641964
1525,642566
1526,1029386
1527,699444
1528,631871
1529,1045384
1530,692976
1531,644449
1532,644065
1533,638451
1534,641878
1535,647572
1536,648887
1537,1088146
1538,648677
1539,641725
1540,1254504
1541,1005712
1542,9313685
1543,762675
1544,1354461
1545,678144
1546,668218
1547,1108050
1548,666644
1549,1167220
1550,707853
1551,1079659
1552,652599
1553,654152
1554,709135
1555,651087
1556,653180
1557,1102727
1558,647753
1559,1143022
1560,926796
1561,1097577
1562,652356
1563,646126
1564,646934
1565,650147
1566,1196617
1567,695893
1568,955586
1569,1055322
1570,690689
1571,642562
1572,1025723
1573,1143108
1574,653773
1575,653171
1576,658755
1577,646838
1578,1130880
1579,1162127
1580,659850
1581,665598
1582,1177796
1583,705822
1584,1067686
1585,664711
1586,651247
1587,1116147
1588,655478
1589,1089687
1590,781793
1591,690524
1592,654226
1593,1097570
1594,1150043
1595,648434
1596,640786
1597,993648
1598,1094817
1599,706329
1600,640358
1601,640745
1602,1071930
1603,689350
1604,649941
1605,1063224
1606,704240
1607,1131350
1608,656772
1609,640593
1610,640275
1611,639011
1612,642620
1613,1203575
1614,661968
1615,1143356
1616,1144699
1617,661968
1618,656208
1619,640642
1620,659170
1621,652644
1622,648033
1623,3614190
1624,1390726
1625,1266554
1626,1181899
1627,670933
1628,689366
1629,679391
1630,675066
1631,674472
1632,1092337
1633,679037
1634,1087586
1635,1142746
1636,761242
1637,1063442
1638,673792
1639,671333
1640,670447
1641,673125
1642,1166539
1643,688212
1644,1011051
1645,1044461
1646,740460
1647,754385
1648,675280
1649,683058
1650,671144
1651,675391
1652,1131313
1653,665079
1654,675408
1655,1104643
1656,1125891
1657,756095
1658,9476705
1659,1053620
1660,755790
1661,1421623
1662,674786
1663,1175167
1664,648277
1665,1046987
1666,1289792
1667,661630
1668,656990
1669,643370
1670,640893
1671,1076791
1672,808321
1673,1140538
1674,642928
1675,1068658
1676,695637
1677,698723
1678,1097235
1679,647036
1680,636980
1681,639999
1682,1574458
1683,681901
1684,694557
1685,638166
1686,1162716
1687,1055321
1688,645471
1689,636551
1690,631446
1691,1036604
1692,631941
1693,955884
1694,677447
1695,632188
1696,632575
1697,984472
1698,689317
1699,634207
1700,629897
1701,1053616
1702,637325
1703,638030
1704,1034001
1705,723744
1706,642863
1707,650682
1708,1073541
1709,647444
1710,1304971
1711,647960
1712,637429
1713,645998
1714,4324557
1715,1077937
1716,4038449
1717,1563227
1718,786155
1719,1635336
1720,706180
1721,666125
1722,653547
1723,1063009
1724,661787
1725,1115714
1726,1266691
1727,1153734
1728,659484
1729,651169
1730,645615
1731,645669
1732,650745
1733,1306215
1734,647020
1735,655479
1736,1199628
1737,727453
1738,942093
1739,639888
1740,634013
1741,636324
1742,641606
1743,643176
1744,1177503
1745,647758
1746,1492283
1747,1157018
1748,658017
1749,680319
1750,643321
1751,635253
1752,660258
1753,678085
1754,1224880
1755,700116
1756,1075288
1757,1137691
1758,1047992
1759,697425
1760,680133
1761,780614
1762,679655
1763,677995
1764,664658
1765,645001
1766,1824082
1767,1380809
1768,1069317
1769,636497
1770,627858
1771,641565
1772,636073
1773,707766
1774,658659
1775,1421330
1776,12205541
1777,1502150
1778,860812
1779,732809
1780,700767
1781,706658
1782,694508
1783,1435257
1784,790704
1785,1660613
1786,826401
1787,1483379
1788,741721
1789,760277
1790,741869
1791,1538931
1792,1790067
1793,825094
1794,736376
1795,1507297
1796,799385
1797,1244368
1798,744880
1799,738057
1800,1361186
1801,866263
1802,1386726
1803,755564
1804,755902
1805,1168398
1806,1322081
1807,745256
1808,732339
1809,1260247
1810,1408929
1811,928209
1812,779143
1813,1344470
1814,809352
1815,1369236
1816,740727
1817,1738430
1818,5329004
1819,1149141
1820,887024
1821,1752409
1822,1181602
1823,853523
1824,1720738
1825,1774184
1826,1451675
1827,877981
1828,1439682
1829,750014
1830,747793
1831,723563
1832,723666
1833,1445742
1834,1278659
1835,795603
1836,1404410
1837,783024
1838,771834
1839,774871
1840,792723
1841,1476325
1842,797065
1843,1381571
1844,977917
1845,1523711
1846,793452
1847,811115
1848,774627
1849,763598
1850,1352731
1851,900352
1852,1331693
1853,1571949
1854,950539
1855,785575
1856,1363929
1857,816945
1858,1510856
1859,773499
1860,805528
1861,1359142
1862,1185859
1863,15769849
1864,1124251
1865,1672718
1866,1391666
1867,1213138
1868,1429208
1869,2382277
1870,913401
1871,2026272
1872,931327
1873,838802
1874,821996
1875,932427
1876,834855
1877,905688
1878,1476148
1879,1532561
1880,982742
1881,900415
1882,891433
1883,1717360
1884,923372
1885,1638975
1886,1002399
1887,898432
1888,1502645
1889,908415
1890,889969
1891,879410
1892,1513624
1893,1510873
1894,908432
1895,979508
1896,1534897
1897,900851
1898,888222
1899,894885
1900,1481188
1901,1641167
1902,1000005
1903,910059
1904,886868
1905,1431738
1906,895008
1907,1446278
1908,1485205
1909,1088015
1910,1431833
1911,907328
1912,887131
1913,896030
1914,1427255
1915,1483531
1916,889887
1917,1783224
1918,988757
1919,831229
1920,820283
1921,826376
1922,1481344
1923,824794
1924,833355
1925,1214184
1926,879105
1927,1716025
1928,839087
1929,820509
1930,1342307
1931,811931
1932,826150
1933,1223665
1934,812776
1935,931254
1936,1315634
1937,867779
1938,1296289
1939,816434
1940,839573
1941,1302676
1942,828131
1943,1431606
1944,851406
1945,1286467
1946,1342612
1947,752972
1948,772427
1949,1237826
1950,819730
1951,1210937
1952,1124276
1953,11899034
1954,917673
1955,844727
1956,1661586
1957,1384905
1958,906656
1959,1437275
1960,810757
1961,1369343
1962,790330
1963,809686
1964,793012
1965,1552934
1966,1353926
1967,828082
1968,1278639
1969,759725
1970,1210752
1971,729830
1972,739697
1973,4031972
1974,1033522
1975,786078
1976,1650458
1977,836919
1978,1270391
1979,753322
1980,729521
1981,727914
1982,1344874
1983,804540
1984,1175233
1985,820666
1986,1118677
1987,4864137
1988,1031791
1989,767685
1990,706819
1991,1208585
1992,1246210
1993,721545
1994,705377
1995,1326621
1996,694446
1997,695678
1998,697367
1999,753698
2000,1156499
2001,1126442
2002,828618
2003,1290282
2004,740291
2005,733871
2006,732475
2007,727695
2008,732401
2009,724016
2010,1285116
2011,1076907
2012,1286958
2013,740101
2014,733077
2015,731973
2016,724206
2017,1358070
2018,736467
2019,714260
2020,1150047
2021,1033765
2022,1265475
2023,1051333
2024,737476
2025,732043
2026,1259476
2027,764546
2028,731585
2029,1070455
2030,1395832
2031,809212
2032,1221415
2033,727061
2034,717469
2035,710288
2036,711051
2037,1193263
2038,1184594
2039,738210
2040,722575
2041,1201296
2042,720156
2043,789267
2044,722879
2045,1219689
2046,829565
2047,1338244
2048,842292
2049,1367559
2050,764431
2051,10633839
2052,927055
2053,830921
2054,860021
2055,790894
2056,1394538
2057,1366121
2058,819656
2059,792744
2060,788105
2061,786156
2062,1376673
2063,1374465
2064,801491
2065,1561133
2066,745783
2067,739413
2068,730089
2069,729694
2070,1205285
2071,729887
2072,730934
2073,1289479
2074,806720
2075,1152679
2076,729319
2077,728025
2078,727997
2079,728289
2080,1203839
2081,739306
2082,1465345
2083,797103
2084,1163853
2085,803477
2086,740015
2087,738902
2088,732915
2089,1073714
2090,736979
2091,1126192
2092,1109715
2093,787416
2094,727873
2095,725858
2096,723757
2097,804045
2098,1220467
2099,741181
2100,1064815
2101,1036476
2102,733439
2103,1089980
2104,689609
2105,685551
2106,683141
2107,682235
2108,679718
2109,1278351
2110,686239
2111,1185595
2112,717589
2113,1202549
2114,744444
2115,729179
2116,725681
2117,726307
2118,1202961
2119,725137
2120,780474
2121,1614732
2122,804799
2123,724247
2124,716625
2125,731255
2126,725260
2127,1186794
2128,726975
2129,720572
2130,1215305
2131,799039
2132,1284045
2133,729191
2134,721647
2135,721301
2136,1212644
2137,731086
2138,1297229
2139,801652
2140,733699
2141,729311
2142,1630834
2143,790086
2144,725933
2145,715558
2146,1088764
2147,797428
2148,1026501
2149,713275
2150,714462
2151,716189
2152,787099
2153,1340840
2154,731832
2155,1163132
2156,789019
2157,730893
2158,724585
2159,719150
2160,1140929
2161,778398
2162,1157599
2163,970184
2164,1236009
2165,721631
2166,11450220
2167,905811
2168,755378
2169,703877
2170,1094793
2171,811346
2172,1170697
2173,700804
2174,685926
2175,681353
2176,745742
2177,688044
2178,678930
2179,1050654
2180,685898
2181,1152552
2182,688550
2183,1279129
2184,710297
2185,694331
2186,694001
2187,1109003
2188,735775
2189,1012056
2190,1194976
2191,680013
2192,1018290
2193,1037709
2194,679116
2195,678753
2196,684022
2197,1101075
2198,687451
2199,1127567
2200,1192702
2201,683837
2202,1093857
2203,672041
2204,683083
2205,682235
2206,683347
2207,8798777
2208,906265
2209,1239482
2210,809480
2211,1156120
2212,668362
2213,653311
2214,702782
2215,669380
2216,683174
2217,686449
2218,1092069
2219,687142
2220,6363865
2221,3299592
2222,877584
2223,752082
2224,1427795
2225,726410
2226,705777
2227,1108854
2228,705591
2229,3592556
2230,1254722
2231,799385
2232,714775
2233,694446
2234,1150129
2235,711376
2236,1194601
2237,760949
2238,690846
2239,1078658
2240,1324377
2241,704990
2242,700495
2243,698715
2244,1122335
2245,696181
2246,1104066
2247,689552
2248,681419
2249,1130411
2250,730436
2251,684220
2252,687418
2253,682214
2254,688620
2255,1101227
2256,692898
2257,1174866
2258,703437
2259,1141205
2260,681431
2261,744827
2262,691328
2263,667991
2264,1076371
2265,661441
2266,7533577
2267,1008274
2268,720218
2269,1430234
2270,697904
2271,683458
2272,676969
2273,658317
2274,1126612
2275,668330
2276,1182496
2277,726859
2278,660336
2279,1116951
2280,704705
2281,652500
2282,651590
2283,654984
2284,653258
2285,1090850
2286,657560
2287,1140295
2288,655825
2289,1184199
2290,1019110
2291,652417
2292,653497
2293,642587
2294,944326
2295,652442
2296,1072598
2297,728091
2298,651754
2299,1057468
2300,708257
2301,988498
2302,714009
2303,643650
2304,649438
2305,1118421
2306,979928
2307,1114012
2308,650201
2309,645974
2310,1115380
2311,666133
2312,644524
2313,645866
2314,645512
2315,714507
2316,964292
2317,643019
2318,974564
2319,922700
2320,1043138
2321,2004287
2322,677142
2323,650770
2324,987653
2325,708920
2326,642208
2327,641433
2328,1015983
2329,1233450
2330,679289
2331,686931
2332,683994
2333,678296
2334,680203
2335,676367
2336,1201762
2337,1073475
2338,1298057
2339,973258
2340,647750
2341,639270
2342,639439
2343,642817
2344,636349
2345,641397
2346,1032295
2347,640893
2348,1039958
2349,688703
2350,637750
2351,1172740
2352,644313
2353,635756
2354,636147
2355,636864
2356,1108133
2357,649529
2358,1057769
2359,687475
2360,635084
2361,925588
2362,1063002
2363,697813
2364,657925
2365,646007
2366,648520
2367,1018744
2368,1115162
2369,638743
2370,1001023
2371,700260
2372,641022
2373,1072676
2374,655660
2375,646373
2376,705748
2377,922399
2378,641964
2379,3978457
2380,791116
2381,677121
2382,657815
2383,7560625
2384,1076351
2385,1360868
2386,723864
2387,1163635
2388,745256
2389,671374
2390,683005
2391,688056
2392,1227508
2393,699740
2394,1044008
2395,766347
2396,755886
2397,1286591
2398,691509
2399,676730
2400,678457
2401,746879
2402,1034350
2403,689231
2404,1048528
2405,1289397
2406,724564
2407,704150
2408,700742
2409,791952
2410,1215680
2411,711454
2412,1073187
2413,1264738
2414,723366
2415,1179638
2416,686001
2417,688431
2418,685526
2419,680335
2420,1267292
2421,702188
2422,1182047
2423,692873
2424,674143
2425,1077117
2426,760067
2427,716451
2428,727622
2429,718364
2430,1153953
2431,781636
2432,1130105
2433,838745
2434,1174430
2435,709035
2436,727515
2437,728936
2438,725380
2439,727980
2440,727988
2441,1190206
2442,1176304
2443,1965060
2444,875282
2445,734795
2446,764764
2447,776169
2448,1146211
2449,771150
2450,771608
2451,1135791
2452,1460163
2453,778212
2454,780478
2455,900732
2456,1237266
2457,781566
2458,768415
2459,1343625
2460,1395654
2461,774966
2462,778192
2463,777866
2464,782555
2465,782229
2466,1345533
2467,782118
2468,1353678
2469,843478
2470,1376257
2471,784504
2472,782984
2473,785896
2474,773301
2475,1291898
2476,973365
2477,1250899
2478,856955
2479,783828
2480,780219
2481,782295
2482,782233
2483,1303273
2484,800082
2485,785460
2486,1341343
2487,1579278
2488,11865904
2489,1760979
2490,894498
2491,818709
2492,1369488
2493,1552362
2494,977440
2495,1293648
2496,802257
2497,797074
2498,788632
2499,1299631
2500,852395
2501,1369908
2502,1314970
2503,785368
2504,854042
2505,790832
2506,791969
2507,1156458
2508,787676
2509,1322119
2510,794796
2511,884692
2512,795117
2513,787709
2514,792744
2515,1256947
2516,774104
2517,812644
2518,1281844
2519,782921
2520,776857
2521,785134
2522,778645
2523,767974
2524,1301983
2525,846552
2526,1718991
2527,856379
2528,786036
2529,781282
2530,772580
2531,771369
2532,1306586
2533,783309
2534,1182389
2535,926152
2536,1396091
2537,819632
2538,816446
2539,821782
2540,810472
2541,1325114
2542,832045
2543,1333729
2544,814667
2545,1465560
2546,825874
2547,825766
2548,820592
2549,821329
2550,1343383
2551,1353209
2552,900014
2553,1202536
2554,875995
2555,896014
2556,1311522
2557,823311
2558,1527225
2559,1348899
2560,909368
2561,1345937
2562,901824
2563,824325
2564,913314
2565,1216644
2566,1405530
2567,808565
2568,834427
2569,1620496
2570,6048537
2571,1046929
2572,866815
2573,836375
2574,1584400
2575,836879
2576,1410915
2577,850821
2578,911988
2579,835523
2580,11704735
2581,1898681
2582,2190272
2583,987402
2584,878553
2585,863267
2586,1532775
2587,881186
2588,847039
2589,1892110
2590,942052
2591,861846
2592,851624
2593,855819
2594,851315
2595,1371032
2596,920071
2597,1307447
2598,913220
2599,860388
2600,847529
2601,843676
2602,853582
2603,1410577
2604,847224
2605,1325122
2606,992561
2607,1390125
2608,852225
2609,892500
2610,890489
2611,891107
2612,1710211
2613,2181991
2614,1177796
2615,944738
2616,911296
2617,904032
2618,902256
2619,1706211
2620,1523282
2621,959188
2622,1510568
2623,1018612
2624,897233
2625,890505
2626,899479
2627,1529191
2628,884605
2629,1594618
2630,904476
2631,888112
2632,962455
2633,892755
2634,1498236
2635,1696067
2636,1382935
2637,973451
2638,889711
2639,894523
2640,1479597
2641,1015600
2642,1516175
2643,869802
2644,1316000
2645,973360
2646,896768
2647,894675
2648,1432780
2649,956477
2650,1492200
2651,894107
2652,1300607
2653,952002
2654,1565613
2655,901436
2656,1571553
2657,908786
2658,889471
2659,972496
2660,1353448
2661,10904999
2662,1787479
2663,959200
2664,30437234
2665,3433326
2666,966896
2667,1815150
2668,8725290
2669,1996599
2670,942159
2671,889891
2672,1488567
2673,877754
2674,1422364
2675,943514
2676,11107469
2677,1944810
2678,968890
2679,849482
2680,1467360
2681,1564347
2682,865566
2683,99076836
2684,1402597
2685,1784085
2686,1094735
2687,922527
2688,887576
2689,887494
2690,11023143
2691,1894433
2692,1004187
2693,1544991
2694,865682
2695,832659
2696,817678
2697,13575790
2698,2643982
2699,1057407
2700,1946758
2701,879550
2702,10138834
2703,1206055
2704,884572
2705,1563268
2706,882838
2707,990550
2708,1386149
2709,952184
2710,9035591
2711,1310084
2712,1683999
2713,1219639
2714,872006
2715,2163356
2716,921002
2717,860548
2718,3261304
2719,2066319
2720,1304542
2721,891779
2722,832807
2723,827398
2724,4105562
2725,4037279
2726,1029126
2727,1563919
2728,890172
2729,853140
2730,833014
2731,1339761
2732,1747824
2733,916767
2734,1439599
2735,1501314
2736,842618
2737,836544
2738,925036
2739,1414046
2740,848275
2741,821304
2742,1960717
2743,844100
2744,818205
2745,821568
2746,1196901
2747,816657
2748,804593
2749,1409757
2750,1212879
2751,893167
2752,1467657
2753,957684
2754,1433465
2755,836198
2756,816207
2757,1572592
2758,851550
2759,820192
2760,1458683
2761,1492151
2762,823068
2763,832577
2764,1470030
2765,1393441
2766,828877
2767,809945
2768,1402769
2769,1690612
2770,832997
2771,823880
2772,1357584
2773,910995
2774,1495163
2775,826005
2776,903163
2777,1371511
2778,883534
2779,845909
2780,813546
2781,1352137
2782,1481830
2783,915156
2784,1436781
2785,816039
2786,832318
2787,11572018
2788,1651863
2789,1489147
2790,948376
2791,1446747
2792,789963
2793,783675
2794,775893
2795,760636
2796,1285244
2797,781459
2798,1341858
2799,1399123
2800,776276
2801,774755
2802,750353
2803,754291
2804,760920
2805,1211894
2806,772580
2807,825087
2808,1334195
2809,1358532
2810,785200
2811,776630
2812,776119
2813,771699
2814,1321715
2815,787108
2816,1481294
2817,1637425
2818,717136
2819,717346
2820,715521
2821,712942
2822,725319
2823,1191738
2824,717342
2825,1206344
2826,1319605
2827,715937
2828,771698
2829,732961
2830,729747
2831,720041
2832,1227010
2833,707924
2834,707392
2835,1187729
2836,1079486
2837,1240462
2838,716415
2839,747966
2840,728351
2841,717783
2842,716472
2843,1198425
2844,713201
2845,1292095
2846,1264808
2847,746335
2848,746677
2849,735066
2850,727003
2851,1395683
2852,762016
2853,1157895
2854,813237
2855,1206636
2856,731841
2857,729883
2858,720840
2859,719612
2860,1290040
2861,719225
2862,772185
2863,1175464
2864,789048
2865,1378976
2866,726600
2867,716056
2868,730164
2869,725792
2870,1195627
2871,730592
2872,3586845
2873,1216043
2874,939222
2875,741449
2876,718549
2877,728684
2878,713254
2879,1222128
2880,741246
2881,1371856
2882,735128
2883,1245543
2884,726521
2885,723489
2886,727923
2887,742619
2888,760245
2889,1310694
2890,728128
2891,1224703
2892,736290
2893,11106043
2894,2245453
2895,797308
2896,741041
2897,1336464
2898,1352854
2899,826524
2900,1249531
2901,732797
2902,794882
2903,737098
2904,730168
2905,1431836
2906,1409526
2907,789662
2908,1237315
2909,800020
2910,724836
2911,717264
2912,1203159
2913,735817
2914,1249712
2915,716489
2916,718883
2917,1210707
2918,1268615
2919,727741
2920,719827
2921,717680
2922,1198619
2923,1317899
2924,727218
2925,715620
2926,1278606
2927,774813
2928,1261528
2929,730575
2930,715076
2931,714442
2932,1227257
2933,705476
2934,760760
2935,1139335
2936,733855
2937,1181920
2938,972009
2939,728165
2940,1264466
2941,1287807
2942,718582
2943,727428
2944,1244529
2945,789410
2946,1389639
2947,684262
2948,682469
2949,1341174
2950,769172
2951,684649
2952,693255
2953,677166
2954,1166499
2955,719509
2956,1263671
2957,797684
2958,1201746
2959,753389
2960,1113637
2961,690788
2962,684950
2963,683586
2964,1179922
2965,677266
2966,1193992
2967,724021
2968,682296
2969,1239342
2970,751172
2971,684842
2972,680677
2973,673265
2974,1283463
2975,728585
2976,1235667
2977,676566
2978,1049768
2979,772378
2980,676293
2981,672561
2982,670419
2983,1127246
2984,721252
2985,670950
2986,1563358
2987,1181083
2988,2496086
2989,706984
2990,1180490
2991,686281
2992,674159
2993,1191651
2994,673315
2995,1021656
2996,1258764
2997,683125
2998,688320
2999,689568
3000,760697
3001,1048169
3002,691744
3003,678494
3004,677306
3005,8430357
3006,1456582
3007,847113
3008,710824
3009,697343
3010,682049
3011,1204177
3012,691637
3013,1145481
3014,858344
3015,1264116
3016,1166749
3017,679391
3018,680302
3019,666252
3020,667130
3021,1104260
3022,721965
3023,1207547
3024,694512
3025,1148992
3026,806608
3027,1203052
3028,647856
3029,650016
3030,649513
3031,1091978
3032,1125071
3033,638569
3034,634174
3035,1029612
3036,1076944
3037,724078
3038,693845
3039,639196
3040,638619
3041,638830
3042,1029682
3043,1111981
3044,649748
3045,638367
3046,1057266
3047,699947
3048,631017
3049,635405
3050,635344
3051,699716
3052,1135198
3053,686598
3054,1337808
3055,649253
3056,1316412
3057,644635
3058,643522
3059,634816
3060,634256
3061,1111557
3062,685617
3063,1073829
3064,653085
3065,704022
3066,1510152
3067,620957
3068,635422
3069,644721
3070,642978
3071,2084765
3072,656093
3073,654680
3074,1209911
3075,725179
3076,1042170
3077,706951
3078,634582
3079,629419
3080,631047
3081,640881
3082,1096745
3083,634099
3084,1064497
3085,683829
3086,633906
3087,691225
3088,1209854
3089,663517
3090,684398
3091,682840
3092,668008
3093,1174685
3094,765625
3095,1103411
3096,674514
3097,1145968
3098,728743
3099,1330626
3100,687376
3101,686585
3102,765707
3103,3752123
3104,1494318
3105,742652
3106,692766
3107,1256271
3108,893060
3109,653146
3110,1138123
3111,1007747
3112,688072
3113,636007
3114,640778
3115,641363
3116,641590
3117,1120184
3118,649187
3119,8898767
3120,794240
3121,680941
3122,1466491
3123,706848
3124,683198
3125,671287
3126,1663514
3127,1233541
3128,763182
3129,691987
3130,679000
3131,1222338
3132,680244
3133,748654
3134,677954
3135,666343
3136,1085769
3137,649883
3138,1168439
3139,639805
3140,627916
3141,633980
3142,1153759
3143,625245
3144,628360
3145,629782
3146,1128763
3147,646014
3148,1123398
3149,658671
3150,644334
3151,644050
3152,1069887
3153,717663
3154,1135305
3155,644391
3156,636439
3157,1165201
3158,706732
3159,639196
3160,630140
3161,1015459
3162,1193889
3163,639423
3164,646513
3165,647647
3166,1013012
3167,635422
3168,1161315
3169,652125
3170,681719
3171,643575
3172,1150945
3173,708195
3174,1145107
3175,657317
3176,1019003
3177,709077
3178,648437
3179,638874
3180,1100894
3181,643481
3182,641182
3183,1128503
3184,637346
3185,648416
3186,643168
3187,999453
3188,3477115
3189,742140
3190,1255735
3191,674580
3192,1230368
3193,1802279
3194,644771
3195,636794
3196,1014158
3197,645335
3198,636493
3199,636514
3200,915531
3201,641795
3202,697846
3203,1108426
3204,653312
3205,725870
3206,1036769
3207,1491747
3208,670245
3209,1238250
3210,702938
3211,1101170
3212,647246
3213,635488
3214,638458
3215,1152560
3216,701047
3217,1121255
3218,645335
3219,1057691
3220,1148523
3221,707796
3222,637305
3223,639855
3224,635360
3225,640202
3226,1616405
3227,721420
3228,646571
3229,644544
3230,1122277
3231,1073813
3232,639930
3233,641120
3234,638434
3235,643090
3236,649933
3237,9329906
3238,1568163
3239,700697
3240,1233924
3241,669248
3242,658424
3243,1054605
3244,711293
3245,658243
3246,1052746
3247,651663
3248,1216467
3249,656401
3250,1018566
3251,712113
3252,651877
3253,758049
3254,667068
3255,1076346
3256,727688
3257,674180
3258,1337425
3259,697544
3260,788698
3261,687595
3262,677501
3263,672561
3264,675766
3265,1261384
3266,1067599
3267,1047259
3268,722925
3269,716060
3270,1032377
3271,645561
3272,645005
3273,642369
3274,642294
3275,1052722
3276,650123
3277,721503
3278,641190
3279,1155902
3280,706774
3281,1058985
3282,642167
3283,646987
3284,645396
3285,1041128
3286,647214
3287,982894
3288,1006758
3289,789386
3290,707034
3291,1026971
3292,654115
3293,645413
3294,649121
3295,649270
3296,1093478
3297,654762
3298,1065993
3299,1018216
3300,705620
3301,715764
3302,1172835
3303,642265
3304,636452
3305,631108
3306,637379
3307,1020627
3308,641335
3309,1073627
3310,705962
3311,633428
3312,1103531
3313,653164
3314,646233
3315,691517
3316,642633
3317,1187618
3318,650736
3319,956687
3320,1022493
3321,637869
3322,640222
3323,3229649
3324,798330
3325,1242938
3326,663299
3327,645648
3328,637144
3329,642987
3330,1166383
3331,702797
3332,638285
3333,1137761
3334,653740
3335,639023
3336,641792
3337,1145902
3338,652005
3339,637758
3340,706498
3341,634198
3342,1103486
3343,1091986
3344,707095
3345,637940
3346,638466
3347,994266
3348,640041
3349,640992
3350,1158296
3351,644507
3352,652075
3353,629068
3354,1025810
3355,707083
3356,1051432
3357,8092464
3358,882689
3359,682572
3360,1267486
3361,964852
3362,661811
3363,639205
3364,1170796
3365,709712
3366,647931
3367,646802
3368,641553
3369,1123027
3370,644642
3371,1170581
3372,637696
3373,997871
3374,688991
3375,1117069
3376,662627
3377,643221
3378,688600
3379,1108158
3380,1059166
3381,689527
3382,636568
3383,643151
3384,1093065
3385,1116476
3386,646761
3387,636567
3388,644292
3389,1106991
3390,723782
3391,1177536
3392,633185
3393,1056632
3394,699646
3395,1120291
3396,654008
3397,648861
3398,642357
3399,1087994
3400,1042652
3401,682428
3402,690170
3403,644499
3404,1193955
3405,999012
3406,616173
3407,610693
3408,610973
3409,1087845
3410,615361
3411,986174
3412,647379
3413,599292
3414,607410
3415,604769
3416,1069474
3417,1368643
3418,648083
3419,634640
3420,636419
3421,637589
3422,1237817
3423,652858
3424,651453
3425,647395
3426,1378741
3427,732611
3428,641046
3429,639797
3430,1034136
3431,641396
3432,1082408
3433,657044
3434,602185
3435,711602
3436,1098871
3437,672635
3438,1125648
3439,612309
3440,728478
3441,707359
3442,1680320
3443,653220
3444,661321
3445,642377
3446,667884
3447,1238580
3448,723501
3449,1139376
3450,657765
3451,652792
3452,1121531
3453,1019122
3454,682527
3455,679734
3456,691661
3457,1155778
3458,774278
3459,697272
3460,1217740
3461,1240981
3462,679577
3463,754579
3464,1198759
3465,714166
3466,697734
3467,704623
3468,1600546
3469,732978
3470,784137
3471,1321064
3472,719200
3473,682053
3474,1336160
3475,719525
3476,781290
3477,1286043
3478,704211
3479,1153483
3480,692374
3481,686251
3482,704941
3483,11208119
3484,1655636
3485,970056
3486,1593732
3487,1287209
3488,877325
3489,750974
3490,745774
3491,746018
3492,1270432
3493,756504
3494,1274449
3495,825420
3496,740019
3497,1391447
3498,731565
3499,736138
3500,728264
3501,722178
3502,1475303
3503,759886
3504,1341784
3505,1478575
3506,731280
3507,719176
3508,728137
3509,719728
3510,747563
3511,727140
3512,1162782
3513,5612281
3514,4196368
3515,1045079
3516,1531704
3517,844377
3518,2194491
3519,1173437
3520,5386240
3521,1141695
3522,1012316
3523,800848
3524,1513975
3525,822355
3526,1438198
3527,1429500
3528,909561
3529,802784
3530,779884
3531,1388910
3532,828807
3533,1545016
3534,845572
3535,1456487
3536,972137
3537,837504
3538,838349
3539,831036
3540,858377
3541,1684634
3542,870952
3543,1488752
3544,1450662
3545,844566
3546,837496
3547,833220
3548,1429357
3549,914662
3550,913714
3551,1359937
3552,1497119
3553,861694
3554,824159
3555,1339122
3556,944351
3557,1732950
3558,4525609
3559,3066028
3560,1081307
3561,17482210
3562,1518688
3563,1839001
3564,1363036
3565,2208112
3566,2157934
3567,5899711
3568,5388670
3569,1181528
3570,984958
3571,2227296
3572,1457888
3573,2832006
3574,1035364
3575,988028
3576,1747906
3577,1214444
3578,991621
3579,1159885
3580,2941131
3581,913714
3582,1568496
3583,1210234
3584,889620
3585,887040
3586,2761524
3587,1046319
3588,1645290
3589,893501
3590,909437
3591,896525
3592,887889
3593,1413799
3594,894255
3595,1795530
3596,1656917
3597,909866
3598,905420
3599,902364
3600,1549811
3601,1584293
3602,1340313
3603,1565278
3604,916919
3605,900064
3606,895148
3607,900381
3608,1528271
3609,1511531
3610,1695297
3611,880848
3612,848246
3613,842560
3614,841715
3615,1473228
3616,845934
3617,1297118
3618,1577235
3619,847698
3620,909512
3621,823818
3622,1428450
3623,840034
3624,834316
3625,1854670
3626,1638567
3627,855926
3628,835667
3629,898037
3630,838486
3631,1330161
3632,765724
3633,771525
3634,1642678
3635,850219
3636,12605207
3637,1168625
3638,947371
3639,802348
3640,1566482
3641,1511021
3642,793868
3643,1376426
3644,792612
3645,777776
3646,774413
3647,766804
3648,1388794
3649,827847
3650,1123381
3651,728495
3652,1295033
3653,1022797
3654,856086
3655,1584108
3656,761274
3657,1292684
3658,792897
3659,720391
3660,1292215
3661,722014
3662,718244
3663,708323
3664,711730
3665,1135635
3666,1365606
3667,960700
3668,738445
3669,1149309
3670,891153
3671,686025
3672,685753
3673,1211823
3674,1120840
3675,674596
3676,844117
3677,689477
3678,742495
3679,682548
3680,1082798
3681,674822
3682,679442
3683,1131021
3684,729814
3685,686071
3686,679895
3687,685106
3688,1387171
3689,971284
3690,1148440
3691,730807
3692,1294139
3693,713576
3694,723638
3695,716242
3696,716365
3697,1226862
3698,732985
3699,1364337
3700,772242
3701,838251
3702,1192442
3703,769098
3704,766964
3705,777191
3706,1241859
3707,794182
3708,1231341
3709,1111297
3710,1271330
3711,758531
3712,717194
3713,710869
3714,716699
3715,1200995
3716,727486
3717,722590
3718,1235181
3719,724684
3720,724226
3721,826372
3722,721890
3723,730567
3724,1155448
3725,737102
3726,1589706
3727,1459652
3728,732846
3729,735215
3730,727980
3731,716588
3732,1463450
3733,1157146
3734,723613
3735,1228979
3736,1251434
3737,713251
3738,723687
3739,720222
3740,721956
3741,1148176
3742,906681
3743,9988550
3744,1631233
3745,741951
3746,722199
3747,713803
3748,700339
3749,700519
3750,1250235
3751,715129
3752,708908
3753,1154740
3754,788241
3755,1181430
3756,692905
3757,686759
3758,696441
3759,685374
3760,1171233
3761,747975
3762,1134663
3763,700355
3764,1252468
3765,680920
3766,828749
3767,766103
3768,679540
3769,1037993
3770,675650
3771,1135498
3772,898156
3773,1300385
3774,769642
3775,1069829
3776,674159
3777,668791
3778,1210546
3779,742548
3780,736295
3781,668671
3782,647609
3783,1096057
3784,1100717
3785,627668
3786,644519
3787,635125
3788,936618
3789,637280
3790,1119130
3791,809471
3792,691484
3793,678007
3794,1027136
3795,747604
3796,1056163
3797,681406
3798,1136669
3799,745606
3800,1088867
3801,875265
3802,1037029
3803,1119311
3804,726534
3805,684043
3806,678230
3807,683343
3808,671658
3809,1104412
3810,678881
3811,1072053
3812,683236
3813,1338974
3814,760017
3815,1138940
3816,651288
3817,640794
3818,660299
3819,925840
3820,1012440
3821,643831
3822,639645
3823,638171
3824,1036435
3825,705134
3826,1135255
3827,660316
3828,1046546
3829,697220
3830,702237
3831,1054135
3832,648128
3833,644820
3834,642273
3835,953902
3836,1068498
3837,633704
3838,737448
3839,640926
3840,1354873
3841,705221
3842,646678
3843,645207
3844,1047604
3845,1072816
3846,686120
3847,641388
3848,647250
3849,995218
3850,824600
3851,657868
3852,1034527
3853,1302692
3854,644288
3855,1092530
3856,634433
3857,649900
3858,639027
3859,638500
3860,1094541
3861,648738
3862,1200468
3863,678485
3864,1441407
3865,9675682
3866,805544
3867,739302
3868,759857
3869,1248423
3870,722088
3871,700120
3872,1215457
3873,1749195
3874,945204
3875,714548
3876,725260
3877,736410
3878,743035
3879,1295288
3880,756487
3881,1286979
3882,802196
3883,1445693
3884,749347
3885,831839
3886,723654
3887,722542
3888,716089
3889,1293463
3890,1282615
3891,766437
3892,1265936
3893,708925
3894,679132
3895,681624
3896,674118
3897,1491302
3898,707350
3899,1204436
3900,762461
3901,1193815
3902,698472
3903,686062
3904,679792
3905,680179
3906,1111096
3907,694274
3908,897629
3909,1161628
3910,738853
3911,1239309
3912,699057
3913,687517
3914,689445
3915,697314
3916,691830
3917,1211247
3918,1147558
3919,791578
3920,1134815
3921,751197
3922,688447
3923,685584
3924,688872
3925,682523
3926,1118759
3927,682654
3928,1140027
3929,667724
3930,1084187
3931,3036195
3932,1276006
3933,699007
3934,684888
3935,1103202
3936,694908
3937,1142663
3938,743163
3939,1096708
3940,923170
3941,1169168
3942,643073
3943,638850
3944,649043
3945,1092675
3946,1092436
3947,690730
3948,647255
3949,637523
3950,996355
3951,1122994
3952,811186
3953,638825
3954,631871
3955,1104339
3956,719085
3957,1140945
3958,806901
3959,654301
3960,654963
3961,1396527
3962,679483
3963,659702
3964,758848
3965,1217782
3966,1497956
3967,713778
3968,645014
3969,1044127
3970,708925
3971,640918
3972,642978
3973,649468
3974,1060880
3975,793642
3976,647424
3977,642265
3978,644082
3979,649789
3980,1444082
3981,8839216
3982,1003178
3983,1442516
3984,809203
3985,706070
3986,684991
3987,684377
3988,1270382
3989,902355
3990,1289649
3991,707932
3992,1148802
3993,766594
3994,1237582
3995,707166
3996,689893
3997,1089304
3998,744827
3999,1382927
4000,703453
4001,683409
4002,1113349
4003,627705
4004,639180
4005,637037
4006,638084
4007,977657
4008,642550
4009,654008
4010,644124
4011,2263516
4012,673640
4013,1238489
4014,647127
4015,642703
4016,643807
4017,641070
4018,642785
4019,1036645
4020,1047218
4021,715982
4022,652871
4023,1239724
4024,683817
4025,644729
4026,634800
4027,629934
4028,1191524
4029,645438
4030,1086659
4031,707227
4032,975148
4033,1072412
4034,687994
4035,641079
4036,690516
4037,643019
4038,639798
4039,1014776
4040,643967
4041,1079577
4042,708154
4043,654704
4044,685267
4045,660155
4046,647840
4047,651750
4048,657271
4049,696198
4050,1029958
4051,653789
4052,645730
4053,1424412
4054,700581
4055,644383
4056,638166
4057,640366
4058,639798
4059,1046958
4060,645607
4061,637931
4062,639204
4063,1195034
4064,645035
4065,1199743
4066,651297
4067,640032
4068,642575
4069,643378
4070,641861
4071,991345
4072,650803
4073,650502
4074,1056327
4075,1102995
4076,842473
4077,643572
4078,637296
4079,637787
4080,642365
4081,665565
4082,1132285
4083,660435
4084,3721041
4085,1287296
4086,774714
4087,673767
4088,657893
4089,652166
4090,651903
4091,1203217
4092,653406
4093,650411
4094,1822265
4095,1057686
4096,708990
4097,653905
4098,8636840
4099,828642
4100,684167
4101,669248
4102,1255525
4103,778620
4104,1153978
4105,666508
4106,653522
4107,639229
4108,649916
4109,659875
4110,642063
4111,1124370
4112,1249366
4113,644366
4114,1277729
4115,666446
4116,655722
4117,653958
4118,648648
4119,651693
4120,1216628
4121,647572
4122,1077520
4123,1733955
4124,752350
4125,656019
4126,650617
4127,644787
4128,642818
4129,1068448
4130,649480
4131,633766
4132,630165
4133,1120601
4134,639245
4135,1501442
4136,655099
4137,647733
4138,674337
4139,648663
4140,648375
4141,1177116
4142,654382
4143,1134255
4144,708323
4145,1121976
4146,654494
4147,640143
4148,811211
4149,1017396
4150,4520360
4151,808985
4152,1339488
4153,1131457
4154,744835
4155,857574
4156,649430
4157,757916
4158,1427552
4159,829438
4160,701603
4161,1215296
4162,744325
4163,1224250
4164,703136
4165,690632
4166,878162
4167,715735
4168,1403597
4169,727003
4170,703329
4171,1273077
4172,768897
4173,694047
4174,692416
4175,700564
4176,693709
4177,1251825
4178,812690
4179,1285050
4180,761711
4181,1082358
4182,929012
4183,696395
4184,678975
4185,680319
4186,679774
4187,1151885
4188,704747
4189,1504009
4190,819573
4191,686388
4192,1248328
4193,773243
4194,687636
4195,678585
4196,683791
4197,676598
4198,1488879
4199,845530
4200,683610
4201,1427531
4202,1518454
4203,763668
4204,691496
4205,1241274
4206,824542
4207,1209055
4208,695048
4209,698933
4210,11374814
4211,1294444
4212,1617390
4213,827806
4214,794198
4215,771929
4216,766689
4217,917950
4218,1336094
4219,748811
4220,732046
4221,1977317
4222,1265051
4223,854248
4224,792517
4225,781557
4226,791351
4227,1199204
4228,801631
4229,1434997
4230,1665648
4231,879900
4232,775048
4233,767480
4234,762671
4235,1235700
4236,1392016
4237,849206
4238,764962
4239,1246560
4240,1062907
4241,783845
4242,1233289
4243,784841
4244,1269695
4245,835070
4246,768579
4247,1183988
4248,833306
4249,1434354
4250,984885
4251,778579
4252,1323865
4253,865447
4254,1245889
4255,793869
4256,1520263
4257,849189
4258,784446
4259,789226
4260,1429558
4261,1294481
4262,838983
4263,778480
4264,1201325
4265,829825
4266,1282084
4267,784924
4268,776317
4269,1327783
4270,1075152
4271,774714
4272,760665
4273,1257309
4274,839919
4275,1577593
4276,799068
4277,1287732
4278,773668
4279,5338550
4280,877593
4281,812582
4282,1623026
4283,800246
4284,1347441
4285,944269
4286,795986
4287,783779
4288,1347218
4289,886966
4290,1801434
4291,796658
4292,1406651
4293,865225
4294,792023
4295,1031281
4296,1400549
4297,850655
4298,1331389
4299,792579
4300,1288433
4301,769424
4302,780227
4303,10988117
4304,1885736
4305,1659789
4306,842292
4307,1473214
4308,901152
4309,793687
4310,799385
4311,1317356
4312,870205
4313,1605296
4314,802714
4315,777780
4316,1443192
4317,779007
4318,784940
4319,1862852
4320,862411
4321,784372
4322,1189987
4323,1007949
4324,1509875
4325,776864
4326,776737
4327,1268389
4328,1447135
4329,785353
4330,779843
4331,1351190
4332,1578409
4333,863255
4334,778410
4335,1775288
4336,862595
4337,780103
4338,774384
4339,1308259
4340,1322201
4341,905664
4342,790000
4343,1260939
4344,828593
4345,1333164
4346,875768
4347,1438540
4348,792666
4349,783601
4350,876344
4351,1331549
4352,846787
4353,774212
4354,1423473
4355,778999
4356,1315975
4357,851213
4358,768963
4359,774422
4360,771600
4361,832058
4362,1443435
4363,784792
4364,781784
4365,1381670
4366,769308
4367,783148
4368,1167075
4369,770569
4370,1316075
4371,793519
4372,994847
4373,1298391
4374,1340473
4375,834159
4376,768509
4377,764966
4378,1635530
4379,846470
4380,766577
4381,1482424
4382,891779
4383,780120
4384,779172
4385,1268062
4386,849432
4387,1236326
4388,781310
4389,1352406
4390,782452
4391,777305
4392,828325
4393,768258
4394,774220
4395,1299301
4396,773280
4397,1618362
4398,1431886
4399,759701
4400,772209
4401,767500
4402,959925
4403,795653
4404,11147080
4405,1232560
4406,1667638
4407,7302542
4408,948191
4409,812207
4410,1449726
4411,940075
4412,1355228
4413,1486778
4414,897547
4415,902322
4416,783617
4417,1338286
4418,780924
4419,1406387
4420,779894
4421,1354733
4422,787994
4423,769869
4424,773837
4425,994497
4426,1241974
4427,1338014
4428,867277
4429,1193481
4430,767842
4431,770186
4432,776077
4433,770487
4434,766276
4435,1399346
4436,786847
4437,1221868
4438,1373286
4439,762049
4440,1023980
4441,780412
4442,779275
4443,1308127
4444,773911
4445,4898499
4446,1103127
4447,829540
4448,778464
4449,779003
4450,767034
4451,1380129
4452,870630
4453,1334796
4454,1382367
4455,784327
4456,777096
4457,778043
4458,784363
4459,774294
4460,1377929
4461,771323
4462,1240915
4463,1442615
4464,735326
4465,731688
4466,731556
4467,730608
4468,1246177
4469,742589
4470,731622
4471,1174166
4472,723987
4473,1532037
4474,726818
4475,725545
4476,728491
4477,1245502
4478,798541
4479,1197815
4480,969129
4481,1238814
4482,814576
4483,1268228
4484,733699
4485,719959
4486,1158848
4487,790655
4488,1330853
4489,745371
4490,724243
4491,1166807
4492,737563
4493,723263
4494,723155
4495,786321
4496,11293660
4497,1103313
4498,770018
4499,1284317
4500,709040
4501,1241121
4502,701034
4503,695720
4504,1138078
4505,758370
4506,1050888
4507,1292240
4508,759828
4509,1222894
4510,837612
4511,1325056
4512,742190
4513,1366187
4514,742091
4515,733171
4516,787977
4517,1176902
4518,735005
4519,1100408
4520,777314
4521,742577
4522,723736
4523,1289198
4524,732615
4525,737444
4526,732224
4527,1255996
4528,741687
4529,1108623
4530,765518
4531,737172
4532,721990
4533,1565856
4534,731804
4535,726472
4536,720152
4537,1157056
4538,736875
4539,1472465
4540,724725
4541,1251611
4542,731812
4543,730827
4544,727898
4545,728240
4546,1196867
4547,725981
4548,798512
4549,1250581
4550,734897
4551,1157402
4552,728457
4553,724440
4554,718549
4555,724333
4556,1319654
4557,1597045
4558,824753
4559,727663
4560,1118512
4561,805129
4562,729389
4563,701026
4564,1070253
4565,675317
4566,1209558
4567,687105
4568,1150479
4569,999358
4570,1167952
4571,745412
4572,680504
4573,679277
4574,673532
4575,1177310
4576,760677
4577,1163923
4578,697479
4579,1173276
4580,737806
4581,677052
4582,668420
4583,666603
4584,1120407
4585,684019
4586,1113168
4587,729212
4588,695381
4589,672964
4590,1064913
4591,895915
4592,689783
4593,680430
4594,1282500
4595,1333206
4596,757995
4597,686511
4598,681629
4599,969908
4600,677653
4601,1119092
4602,680385
4603,1110008
4604,1068498
4605,10003010
4606,881083
4607,1309144
4608,807486
4609,1382552
4610,704355
4611,692839
4612,1031247
4613,1270383
4614,710173
4615,697561
4616,694154
4617,1125714
4618,700182
4619,1170557
4620,695802
4621,686260
4622,1219726
4623,771748
4624,680846
4625,680649
4626,680009
4627,1155065
4628,739051
4629,1028484
4630,891795
4631,1165089
4632,680162
4633,683862
4634,677472
4635,675774
4636,679376
4637,1122195
4638,677810
4639,1063269
4640,1151855
4641,763199
4642,999811
4643,3396765
4644,722727
4645,1216602
4646,665668
4647,649352
4648,1089415
4649,757780
4650,1108417
4651,720926
4652,656241
4653,653793
4654,647523
4655,643955
4656,648409
4657,643617
4658,659323
4659,965734
4660,1172263
4661,715179
4662,651281
4663,647440
4664,827221
4665,1064930
4666,654943
4667,644701
4668,1063961
4669,707935
4670,980859
4671,1060913
4672,649537
4673,641322
4674,641289
4675,639855
4676,639352
4677,1573152
4678,641334
4679,630041
4680,1095921
4681,637696
4682,1045899
4683,636885
4684,643942
4685,640374
4686,636785
4687,637808
4688,1061374
4689,732945
4690,640642
4691,996116
4692,1064151
4693,710774
4694,645545
4695,644358
4696,637264
4697,640457
4698,642656
4699,637552
4700,1127556
4701,1070933
4702,766252
4703,648153
4704,1008958
4705,1113419
4706,643139
4707,633720
4708,636267
4709,634491
4710,1135248
4711,714454
4712,648211
4713,638224
4714,1011002
4715,814531
4716,1209055
4717,647325
4718,638945
4719,640242
4720,979187
4721,722384
4722,979442
4723,692580
4724,638784
4725,965248
4726,11367965
4727,943041
4728,713185
4729,655858
4730,1146396
4731,674822
4732,645760
4733,643218
4734,1257499
4735,742083
4736,1029188
4737,653974
4738,644729
4739,639991
4740,701710
4741,997916
4742,712542
4743,643044
4744,1220855
4745,753995
4746,660201
4747,639678
4748,640412
4749,638792
4750,641586
4751,1196971
4752,767652
4753,1115162
4754,741588
4755,942905
4756,699518
4757,647605
4758,636782
4759,645722
4760,637494
4761,1025295
4762,634091
4763,904741
4764,1035891
4765,755943
4766,633411
4767,1018376
4768,644214
4769,630325
4770,631046
4771,632216
4772,639839
4773,1144287
4774,646550
4775,724090
4776,636905
4777,638384
4778,1000887
4779,708649
4780,637441
4781,635010
4782,942031
4783,639237
4784,638896
4785,1002618
4786,634273
4787,637078
4788,634499
4789,1008316
4790,1087158
4791,770990
4792,634994
4793,636633
4794,1066388
4795,646884
4796,1049175
4797,646402
4798,949468
4799,680694
4800,643333
4801,1107370
4802,655788
4803,640971
4804,698991
4805,963625
4806,644717
4807,969323
4808,691072
4809,639295
4810,982330
4811,1098784
4812,644993
4813,632208
4814,638599
4815,633399
4816,642793
4817,1178072
4818,998246
4819,688398
4820,638805
4821,950536
4822,1047266
4823,643555
4824,639901
4825,857759
4826,626992
4827,637849
4828,1642757
4829,702514
4830,958433
4831,700919
4832,1100675
4833,646274
4834,640280
4835,645875
4836,637528
4837,1047589
4838,688336
4839,644091
4840,641396
4841,1079083
4842,670814
4843,648017
4844,1121647
4845,650918
4846,654510
4847,638532
4848,1092584
4849,621253
4850,627186
4851,631211
4852,631891
4853,635892
4854,645352
4855,9195299
4856,1642547
4857,753031
4858,702205
4859,686120
4860,666940
4861,691575
4862,1256147
4863,702221
4864,1079276
4865,1365434
4866,662206
4867,4570489
4868,776028
4869,706313
4870,693515
4871,1223162
4872,692449
4873,1181368
4874,676446
4875,1162621
4876,966641
4877,1752615
4878,761205
4879,693854
4880,681402
4881,679849
4882,1155777
4883,737975
4884,1115780
4885,734325
4886,689123
4887,683548
4888,675902
4889,1042796
4890,675325
4891,1120526
4892,1060876
4893,1096107
4894,684344
4895,679549
4896,680990
4897,668869
4898,740299
4899,1073384
4900,690787
4901,676392
4902,2724620
4903,1214572
4904,693861
4905,690784
4906,680829
4907,680154
4908,743529
4909,1177957
4910,699477
4911,1212952
4912,761893
4913,1129825
4914,771550
4915,681501
4916,674975
4917,673323
4918,674872
4919,1161435
4920,1205780
4921,742107
4922,676372
4923,1462717
4924,743047
4925,681361
4926,680842
4927,998242
4928,667665
4929,667357
4930,1146322
4931,668663
4932,826681
4933,1176918
4934,687483
4935,1005872
4936,637248
4937,639039
4938,636299
4939,1119130
4940,698328
4941,635117
4942,632925
4943,634416
4944,633675
4945,1129426
4946,833364
4947,650476
4948,944878
4949,912927
4950,1038713
4951,693528
4952,634569
4953,637185
4954,1075617
4955,676697
4956,637890
4957,1189143
4958,647798
4959,628892
4960,1182749
4961,678778
4962,645022
4963,645907
4964,656999
4965,651206
4966,1125631
4967,638022
4968,1089494
4969,643860
4970,1008851
4971,796431
4972,644902
4973,9146949
4974,717486
4975,664411
4976,1126575
4977,671918
4978,1236260
4979,643094
4980,642030
4981,650394
4982,646159
4983,643856
4984,638055
4985,653448
4986,2564748
4987,702312
4988,1197523
4989,1128400
4990,656027
4991,647073
4992,641750
4993,637973
4994,635558
4995,1059887
4996,709353
4997,1518779
4998,1060040
4999,639814
5000,634433
5001,638191
5002,634907
5003,637482
5004,636732
5005,638809
5006,1036262
5007,635228
5008,979343
5009,1108710
5010,669161
5011,644890
5012,638084
5013,634330
5014,638240
5015,637362
5016,639418
5017,1194523
5018,635773
5019,1103202
5020,641759
5021,1114787
5022,689185
5023,637824
5024,635587
5025,633069
5026,630733
5027,1102093
5028,650193
5029,1176189
5030,659875
5031,1028863
5032,1186477
5033,715949
5034,651408
5035,648895
5036,1472860
5037,1081217
5038,733060
5039,647177
5040,634540
5041,1035607
5042,1073133
5043,689366
5044,635129
5045,636027
5046,1202895
5047,644359
5048,1104598
5049,693219
5050,648751
5051,1108508
5052,688958
5053,646736
5054,641598
5055,640135
5056,642549
5057,1057415
5058,735779
5059,1082127
5060,642332
5061,954627
5062,1103193
5063,643588
5064,635764
5065,635006
5066,639996
5067,643670
5068,1051139
5069,674019
5070,1049590
5071,1161126
5072,1000969
5073,619053
5074,628274
5075,624002
5076,625204
5077,635203
5078,1102435
5079,643612
5080,1072230
5081,650893
5082,944899
5083,1107499
5084,734395
5085,642414
5086,643485
5087,638945
5088,629563
5089,637763
5090,633135
5091,2099482
5092,654242
5093,628854
5094,1412332
5095,681274
5096,642418
5097,632138
5098,631912
5099,968474
5100,641837
5101,10266202
5102,1106242
5103,1520085
5104,736484
5105,716064
5106,687080
5107,681744
5108,1651100
5109,1715616
5110,699955
5111,675651
5112,1074327
5113,767282
5114,1148201
5115,687303
5116,1111615
5117,748943
5118,742919
5119,674687
5120,675967
5121,1094817
5122,681748
5123,1115146
5124,722121
5125,694290
5126,674234
5127,1104787
5128,923030
5129,694546
5130,745400
5131,687521
5132,1128050
5133,753413
5134,1055520
5135,671609
5136,1076251
5137,722740
5138,1024194
5139,673764
5140,672194
5141,673248
5142,1069861
5143,716530
5144,665482
5145,660250
5146,665652
5147,669874
5148,1329951
5149,734935
5150,683141
5151,3660467
5152,881058
5153,708822
5154,1342806
5155,710659
5156,686932
5157,1139050
5158,681583
5159,1144171
5160,689675
5161,1178529
5162,701800
5163,740192
5164,676380
5165,1584309
5166,711162
5167,1054597
5168,730274
5169,665141
5170,1544991
5171,729966
5172,655557
5173,640543
5174,703234
5175,653431
5176,1035809
5177,656150
5178,1200703
5179,654400
5180,1017895
5181,975145
5182,690075
5183,634272
5184,637436
5185,632859
5186,629395
5187,1088468
5188,680763
5189,1248323
5190,659937
5191,1057200
5192,690380
5193,639839
5194,630705
5195,633762
5196,638458
5197,1214435
5198,655775
5199,1215903
5200,658569
5201,1173000
5202,721747
5203,962277
5204,700738
5205,651029
5206,646109
5207,1011051
5208,688002
5209,1062779
5210,650494
5211,649088
5212,1100733
5213,629897
5214,631487
5215,633428
5216,956757
5217,640844
5218,962018
5219,650217
5220,8728043
5221,800918
5222,1335735
5223,741061
5224,659788
5225,648310
5226,649245
5227,1248319
5228,1196130
5229,658309
5230,640041
5231,1102254
5232,704454
5233,645763
5234,647782
5235,639765
5236,645916
5237,1117045
5238,646485
5239,1244323
5240,656360
5241,976751
5242,1155909
5243,640432
5244,640073
5245,638405
5246,1018426
5247,642591
5248,1098541
5249,641404
5250,628533
5251,1047563
5252,680805
5253,1055297
5254,683845
5255,642167
5256,642558
5257,1127881
5258,1251785
5259,649455
5260,644441
5261,636736
5262,638434
5263,1117432
5264,1096531
5265,638590
5266,922659
5267,683759
5268,657395
5269,1087821
5270,645129
5271,637956
5272,635781
5273,1060064
5274,719183
5275,986767
5276,642051
5277,997661
5278,696313
5279,640576
5280,1097186
5281,635723
5282,631096
5283,633675
5284,1036686
5285,1000191
5286,628719
5287,640140
5288,634771
5289,921287
5290,1111697
5291,652862
5292,644050
5293,644234
5294,1014231
5295,631294
5296,966390
5297,680417
5298,635319
5299,632389
5300,995972
5301,1018900
5302,690747
5303,648660
5304,634099
5305,912457
5306,1020577
5307,679136
5308,642583
5309,636802
5310,923870
5311,677451
5312,641297
5313,1006936
5314,647037
5315,632534
5316,683796
5317,1081352
5318,620433
5319,644148
5320,634240
5321,923136
5322,639328
5323,1057440
5324,697792
5325,648203
5326,980518
5327,643781
5328,4276558
5329,824436
5330,677031
5331,642438
5332,1071600
5333,640016
5334,3702154
5335,1153202
5336,9691334
5337,798281
5338,1345850
5339,825952
5340,670855
5341,653822
5342,1283888
5343,673314
5344,661642
5345,1244653
5346,682828
5347,753252
5348,637973
5349,1073227
5350,637103
5351,1238093
5352,659751
5353,641754
5354,642850
5355,1084678
5356,644342
5357,641845
5358,649991
5359,649624
5360,1193613
5361,731453
5362,1187288
5363,654033
5364,939514
5365,994933
5366,716002
5367,647766
5368,642970
5369,640012
5370,638046
5371,1170120
5372,844369
5373,638141
5374,1017796
5375,1002300
5376,1109472
5377,643131
5378,645286
5379,638607
5380,1058753
5381,1108549
5382,655590
5383,645413
5384,737329
5385,1076750
5386,651156
5387,1115888
5388,639913
5389,991971
5390,691291
5391,639633
5392,1036921
5393,657572
5394,632744
5395,639204
5396,1106164
5397,774117
5398,1032134
5399,612897
5400,907636
5401,670439
5402,604356
5403,1098117
5404,619280
5405,610438
5406,607566
5407,892541
5408,1262509
5409,751522
5410,606807
5411,608073
5412,955451
5413,1033889
5414,733707
5415,642962
5416,659718
5417,1288952
5418,661943
5419,1069944
5420,648636
5421,1336176
5422,1678870
5423,770557
5424,676125
5425,645549
5426,649723
5427,667793
5428,1267527
5429,1303265
5430,786304
5431,1014809
5432,1746134
5433,688394
5434,665758
5435,669718
5436,1404327
5437,1245992
5438,719900
5439,662260
5440,1507749
5441,725545
5442,1455317
5443,690430
5444,701002
5445,1281923
5446,850805
5447,1175150
5448,719814
5449,1226178
5450,1620892
5451,947280
5452,721251
5453,720794
5454,1172456
5455,1511701
5456,12821903
5457,1789367
5458,1630932
5459,1207720
5460,1463739
5461,856964
5462,744242
5463,728433
5464,729505
5465,1231666
5466,737608
5467,1268681
5468,735437
5469,976562
5470,1197210
5471,734502
5472,762671
5473,771208
5474,1602124
5475,1544880
5476,746681
5477,733237
5478,1592636
5479,730242
5480,735956
5481,731338
5482,1263395
5483,732986
5484,1266423
5485,726369
5486,723563
5487,1271845
5488,808417
5489,1329440
5490,738944
5491,1077335
5492,727168
5493,1380377
5494,771142
5495,784730
5496,1322436
5497,744019
5498,1148563
5499,745849
5500,1442829
5501,759256
5502,734342
5503,776168
5504,778513
5505,769560
5506,1384517
5507,2296481
5508,2392384
5509,1794484
5510,2157514
5511,1720619
5512,904415
5513,792608
5514,1940891
5515,884321
5516,771772
5517,5187824
5518,2001712
5519,850796
5520,1609693
5521,826026
5522,1529388
5523,790095
5524,764970
5525,794140
5526,1476594
5527,786930
5528,801289
5529,790885
5530,1550599
5531,1154142
5532,806686
5533,802916
5534,1445845
5535,782881
5536,777870
5537,775357
5538,1322321
5539,1555077
5540,892393
5541,782600
5542,1394686
5543,830340
5544,828770
5545,15015236
5546,1723248
5547,1917678
5548,1687839
5549,1453134
5550,1020593
5551,1882727
5552,1231765
5553,908794
5554,5390875
5555,2506209
5556,2840687
5557,1201128
5558,947878
5559,1909677
5560,954272
5561,1512195
5562,1249383
5563,1054271
5564,1847946
5565,891041
5566,1505900
5567,941195
5568,1464901
5569,837714
5570,829639
5571,815602
5572,925538
5573,1579789
5574,1461242
5575,934384
5576,1293027
5577,831839
5578,826940
5579,819668
5580,819430
5581,1629012
5582,1806296
5583,915378
5584,820719
5585,1389483
5586,821662
5587,821247
5588,1368197
5589,1494845
5590,910809
5591,831481
5592,1225643
5593,905989
5594,1475732
5595,858732
5596,847388
5597,1457188
5598,857985
5599,1436884
5600,985469
5601,1606158
5602,828292
5603,823953
5604,1463846
5605,824633
5606,831629
5607,829858
5608,1431853
5609,1235522
5610,913001
5611,1424140
5612,910315
5613,1366261
5614,836507
5615,828795
5616,835247
5617,1697307
5618,838267
5619,866127
5620,13460918
5621,911921
5622,827439
5623,1525878
5624,845214
5625,801046
5626,1493345
5627,1479514
5628,822969
5629,802933
5630,784772
5631,867285
5632,792567
5633,1365334
5634,1291387
5635,958721
5636,1434198
5637,793234
5638,792826
5639,786679
5640,793115
5641,1273939
5642,787293
5643,1311588
5644,1374778
5645,841579
5646,790045
5647,776705
5648,776923
5649,775736
5650,1136949
5651,778323
5652,772168
5653,1331734
5654,1352698
5655,780582
5656,833583
5657,773132
5658,780631
5659,1332773
5660,782262
5661,1241624
5662,1392654
5663,768159
5664,766153
5665,769836
5666,768736
5667,836301
5668,1754066
5669,2646911
5670,4902746
5671,2188464
5672,1017899
5673,1424211
5674,1406378
5675,777352
5676,746227
5677,743348
5678,1350675
5679,1685470
5680,784182
5681,731062
5682,1267486
5683,729715
5684,718941
5685,1196542
5686,726794
5687,1408727
5688,740319
5689,726859
5690,1491747
5691,858060
5692,1178207
5693,737172
5694,1230628
5695,1290138
5696,736410
5697,722517
5698,723947
5699,1300468
5700,1382280
5701,799221
5702,732030
5703,721655
5704,1272949
5705,739363
5706,732442
5707,1292808
5708,736888
5709,1217312
5710,888907
5711,1272900
5712,816047
5713,9820935
5714,1148214
5715,809059
5716,1519760
5717,1428058
5718,825177
5719,1252925
5720,1026316
5721,838526
5722,730971
5723,1321752
5724,749903
5725,1270848
5726,801359
5727,725392
5728,1172407
5729,806859
5730,1310158
5731,789023
5732,1207155
5733,1116439
5734,676763
5735,684513
5736,681344
5737,1095411
5738,677249
5739,1146594
5740,1239066
5741,691468
5742,681357
5743,1273963
5744,684863
5745,697438
5746,684929
5747,1098768
5748,684780
5749,1177656
5750,684513
5751,677385
5752,1208935
5753,758502
5754,744151
5755,680446
5756,684080
5757,1190445
5758,742050
5759,1073846
5760,763532
5761,1206418
5762,878404
5763,700210
5764,709980
5765,696424
5766,1364856
5767,713679
5768,712427
5769,1363241
5770,792966
5771,1262521
5772,699061
5773,685024
5774,700091
5775,679466
5776,1067735
5777,763915
5778,1308201
5779,786670
5780,1203456
5781,700231
5782,704598
5783,725075
5784,703861
5785,694266
5786,1201614
5787,713868
5788,1169193
5789,819417
5790,1262732
5791,695344
5792,675473
5793,675968
5794,675176
5795,678675
5796,1147323
5797,1296561
5798,755951
5799,1166902
5800,804844
5801,684879
5802,677768
5803,686136
5804,1124226
5805,706304
5806,1225943
5807,747089
5808,688757
5809,689626
5810,1197765
5811,682330
5812,724626
5813,1186398
5814,691595
5815,1192055
5816,743752
5817,685753
5818,682964
5819,1138918
5820,1110218
5821,690784
5822,685835
5823,1035339
5824,1168748
5825,762527
5826,684933
5827,681097
5828,1046612
5829,684583
5830,9268760
5831,1206468
5832,867717
5833,769675
5834,719393
5835,713193
5836,708216
5837,1435026
5838,720374
5839,1142923
5840,1323437
5841,709930
5842,702489
5843,772679
5844,707948
5845,695110
5846,1164413
5847,707358
5848,751790
5849,1129088
5850,1249885
5851,698196
5852,700866
5853,690647
5854,682754
5855,2599369
5856,718396
5857,680418
5858,1595706
5859,1315601
5860,1267733
5861,700474
5862,691443
5863,696256
5864,682931
5865,4501433
5866,1000566
5867,1182274
5868,1312794
5869,710943
5870,701051
5871,698035
5872,695567
5873,1110482
5874,713098
5875,697458
5876,1205680
5877,1323173
5878,702432
5879,698439
5880,705068
5881,699778
5882,697034
5883,699971
5884,1098583
5885,693198
5886,690923
5887,1208050
5888,815932
5889,1087747
5890,712315
5891,698204
5892,686812
5893,894012
5894,1286801
5895,684698
5896,1239407
5897,698357
5898,1222960
5899,681056
5900,743105
5901,685098
5902,679763
5903,1199748
5904,690379
5905,1687448
5906,784264
5907,1178006
5908,726934
5909,689000
5910,691324
5911,748737
5912,701360
5913,843685
5914,1347383
5915,1997876
5916,727044
5917,1373612
5918,700548
5919,684579
5920,691451
5921,692337
5922,1129430
5923,687257
5924,684624
5925,1211449
5926,750781
5927,1094207
5928,676454
5929,674905
5930,676051
5931,672729
5932,1172011
5933,676627
5934,734642
5935,1109353
5936,756956
5937,2253949
5938,10071524
5939,867457
5940,740443
5941,717655
5942,1413239
5943,1731120
5944,837315
5945,715772
5946,706197
5947,707977
5948,705781
5949,1221955
5950,697928
5951,699712
5952,1354944
5953,785501
5954,1107049
5955,746644
5956,691818
5957,690903
5958,688044
5959,1149586
5960,698320
5961,1133941
5962,952027
5963,1155943
5964,697219
5965,691361
5966,690183
5967,677711
5968,1205314
5969,712883
5970,686536
5971,1124482
5972,1200918
5973,697911
5974,700890
5975,701294
5976,696597
5977,1131021
5978,696985
5979,1337643
5980,695308
5981,1083919
5982,749809
5983,679310
5984,665857
5985,673591
5986,676528
5987,672965
5988,1156070
5989,690871
5990,1054960
5991,809735
5992,1103708
5993,811713
5994,659500
5995,650786
5996,640593
5997,638425
5998,636209
5999,1137324
6000,650744
6001,724124
6002,1175954
6003,1068172
6004,770503
6005,741172
6006,687158
6007,642541
6008,642554
6009,1182752
6010,737596
6011,718191
6012,1170903
6013,650040
6014,1156177
6015,657654
6016,699350
6017,638475
6018,637688
6019,1364267
6020,661692
6021,1188347
6022,644149
6023,1075704
6024,715587
6025,651149
6026,646485
6027,641973
6028,644960
6029,1138502
6030,684361
6031,1342768
6032,665841
6033,1059821
6034,1170071
6035,680405
6036,674060
6037,674513
6038,673047
6039,1238192
6040,724065
6041,1192233
6042,677591
6043,1246255
6044,695316
6045,683952
6046,681896
6047,677867
6048,684975
6049,684472
6050,1055758
6051,684085
6052,1207473
6053,686136
6054,1185422
6055,688217
6056,679157
6057,682008
6058,675416
6059,694372
6060,730910
6061,1065724
6062,9749146
6063,919020
6064,756903
6065,709007
6066,762713
6067,1173812
6068,697838
6069,688514
6070,1220282
6071,774858
6072,1045759
6073,3734893
6074,855188
6075,704232
6076,1257651
6077,685559
6078,678864
6079,1120736
6080,1588895
6081,749401
6082,686388
6083,685184
6084,676471
6085,684010
6086,1288243
6087,693033
6088,1160817
6089,1226739
6090,1193436
6091,702522
6092,692724
6093,688196
6094,680253
6095,687443
6096,1150982
6097,747014
6098,1705621
6099,741144
6100,654135
6101,649245
6102,646900
6103,654943
6104,645541
6105,1075856
6106,3899309
6107,911988
6108,1086342
6109,742425
6110,672746
6111,658284
6112,668634
6113,657963
6114,656764
6115,1257610
6116,652216
6117,641969
6118,1235341
6119,705023
6120,638760
6121,639773
6122,636176
6123,636658
6124,642237
6125,647943
6126,1053657
6127,644498
6128,640901
6129,1126002
6130,1109695
6131,702225
6132,646278
6133,648627
6134,640844
6135,640341
6136,647564
6137,1181450
6138,644828
6139,1049916
6140,1047390
6141,633996
6142,640160
6143,634331
6144,690112
6145,646558
6146,647205
6147,1129719
6148,637338
6149,634532
6150,640147
6151,1163417
6152,643229
6153,639459
6154,633209
6155,633728
6156,633816
6157,639740
6158,1207148
6159,650831
6160,1116818
6161,633679
6162,1129063
6163,631009
6164,636431
6165,633272
6166,637795
6167,640577
6168,643988
6169,1089910
6170,656076
6171,1063986
6172,1221081
6173,961157
6174,656360
6175,646349
6176,653340
6177,642249
6178,641581
6179,646889
6180,7738078
6181,959966
6182,1342707
6183,745425
6184,1241097
6185,698640
6186,725281
6187,733909
6188,655713
6189,1762701
6190,1147616
6191,714836
6192,648425
6193,645949
6194,1256897
6195,652813
6196,650403
6197,686631
6198,646938
6199,1181334
6200,648166
6201,1114998
6202,698356
6203,1051523
6204,1091871
6205,861302
6206,656262
6207,645908
6208,644210
6209,633605
6210,1274206
6211,1151032
6212,710432
6213,643806
6214,1042463
6215,731256
6216,652017
6217,641322
6218,1042586
6219,1086935
6220,690380
6221,657984
6222,708916
6223,695761
6224,651935
6225,1114383
6226,638166
6227,1073417
6228,652116
6229,975059
6230,687657
6231,643481
6232,635578
6233,642492
6234,637865
6235,1068489
6236,667600
6237,659813
6238,660217
6239,1233298
6240,729455
6241,1087293
6242,663859
6243,650197
6244,634750
6245,635929
6246,1087804
6247,653653
6248,1156713
6249,656578
6250,1176321
6251,655923
6252,688061
6253,682259
6254,678864
6255,671757
6256,1153891
6257,687146
6258,681122
6259,1148394
6260,1573053
6261,781360
6262,688782
6263,690871
6264,686705
6265,686598
6266,1171879
6267,696490
6268,693816
6269,1221852
6270,749063
6271,1348705
6272,698076
6273,689552
6274,684892
6275,679058
6276,680850
6277,1215902
6278,1227949
6279,682408
6280,1089160
6281,745503
6282,686045
6283,678778
6284,732450
6285,1142395
6286,694624
6287,1166564
6288,734531
6289,676635
6290,687937
6291,1089972
6292,867309
6293,684328
6294,1116184
6295,747407
6296,1158756
6297,734526
6298,648277
6299,652475
6300,1219323
6301,825997
6302,1199122
6303,649027
6304,978931
6305,9906885
6306,899664
6307,710993
6308,752783
6309,1296190
6310,681785
6311,651564
6312,1097714
6313,1236202
6314,649006
6315,655161
6316,644325
6317,646217
6318,646827
6319,1143063
6320,651486
6321,720741
6322,1270877
6323,770890
6324,1023465
6325,644437
6326,642759
6327,645714
6328,640214
6329,639917
6330,1099748
6331,644276
6332,1031994
6333,1170688
6334,754678
6335,1022357
6336,643077
6337,644375
6338,649760
6339,643790
6340,637396
6341,1086021
6342,653389
6343,1090648
6344,650040
6345,1163837
6346,648223
6347,647477
6348,640049
6349,642130
6350,1063636
6351,711446
6352,653913
6353,1035673
6354,1212396
6355,652471
6356,646600
6357,653101
6358,704973
6359,650501
6360,650275
6361,1194618
6362,646897
6363,1219314
6364,749524
6365,1119723
6366,644318
6367,637939
6368,634458
6369,645046
6370,635463
6371,1184396
6372,646484
6373,1096634
6374,1087990
6375,1025554
6376,1024351
6377,725417
6378,694339
6379,685457
6380,1244459
6381,673818
6382,658593
6383,1690772
6384,751337
6385,740637
6386,697610
6387,689041
6388,684220
6389,1200576
6390,695176
6391,688848
6392,1135326
6393,1635382
6394,773359
6395,696107
6396,689226
6397,729261
6398,1054716
6399,696358
6400,4820732
6401,1640013
6402,843973
6403,788689
6404,1277671
6405,707886
6406,696766
6407,697969
6408,692061
6409,1153199
6410,8218658
6411,764777
6412,1218560
6413,688905
6414,672972
6415,671626
6416,656571
6417,1214234
6418,674711
6419,715698
6420,1104582
6421,712551
6422,1118182
6423,674196
6424,657856
6425,654140
6426,651321
6427,648870
6428,1009218
6429,658066
6430,1085402
6431,733052
6432,657774
6433,1433089
6434,699869
6435,649323
6436,638871
6437,1037020
6438,658906
6439,719777
6440,995427
6441,671040
6442,644742
6443,653390
6444,965409
6445,1109971
6446,653974
6447,645899
6448,641129
6449,1206212
6450,643744
6451,644350
6452,639669
6453,635686
6454,1034503
6455,647914
6456,1267210
6457,672013
6458,934034
6459,1035574
6460,707705
6461,648029
6462,646983
6463,642216
6464,643200
6465,1011273
6466,1138082
6467,654959
6468,653245
6469,694137
6470,1127605
6471,644103
6472,648660
6473,641849
6474,616960
6475,999404
6476,660201
6477,938718
6478,675082
6479,619210
6480,1006668
6481,604509
6482,613383
6483,653142
6484,626865
6485,633032
6486,1026403
6487,819446
6488,1030543
6489,1104511
6490,712600
6491,1047893
6492,649282
6493,649838
6494,649496
6495,646032
6496,1163804
6497,648421
6498,651775
6499,1581413
6500,726946
6501,648025
6502,646942
6503,655240
6504,647004
6505,642694
6506,645112
6507,1126467
6508,694372
6509,637379
6510,1070714
6511,1331883
6512,646151
6513,638376
6514,643189
6515,647807
6516,648948
6517,1105060
6518,670427
6519,648577
6520,1110057
6521,779716
6522,994262
6523,646608
6524,649883
6525,649809
6526,3141644
6527,1272983
6528,675564
6529,661164
6530,1103588
6531,7947053
6532,764707
6533,701422
6534,750669
6535,686050
6536,1190115
6537,677406
6538,1144468
6539,688736
6540,1157520
6541,751007
6542,661618
6543,652730
6544,651004
6545,658009
6546,661230
6547,1130027
6548,664889
6549,1136138
6550,1183057
6551,1026501
6552,667963
6553,669116
6554,660143
6555,654650
6556,644107
6557,651544
6558,1151427
6559,733155
6560,1249057
6561,628014
6562,1106176
6563,620232
6564,615296
6565,614858
6566,616844
6567,613552
6568,1033057
6569,640452
6570,620198
6571,612741
6572,1581129
6573,721697
6574,655272
6575,654926
6576,658610
6577,653147
6578,643790
6579,647020
6580,1103679
6581,653324
6582,648145
6583,1462823
6584,755700
6585,662710
6586,642002
6587,688642
6588,662186
6589,1150186
6590,646452
6591,1027791
6592,1187177
6593,705871
6594,1065325
6595,729464
6596,645759
6597,689033
6598,643106
6599,644734
6600,1122541
6601,649397
6602,1177722
6603,647774
6604,1070480
6605,715863
6606,654065
6607,642570
6608,640761
6609,643020
6610,1182682
6611,654115
6612,1196064
6613,639628
6614,997179
6615,1030869
6616,655792
6617,2748130
6618,766330
6619,761555
6620,1292207
6621,682296
6622,1119179
6623,659013
6624,1069508
6625,730374
6626,650770
6627,641722
6628,641095
6629,646241
6630,660888
6631,644878
6632,1167660
6633,637865
6634,1052982
6635,1026744
6636,2256417
6637,660036
6638,642307
6639,641306
6640,634977
6641,1154471
6642,823068
6643,1037078
6644,640943
6645,960605
6646,707153
6647,644383
6648,640251
6649,1017697
6650,9177562
6651,1604259
6652,785147
6653,712554
6654,1154875
6655,1239334
6656,955492
6657,694479
6658,673879
6659,1192273
6660,669508
6661,673734
6662,1079017
6663,717853
6664,651865
6665,1038685
6666,1195813
6667,666286
6668,1175793
6669,657423
6670,651832
6671,642031
6672,646200
6673,643711
6674,1030152
6675,1023522
6676,1121029
6677,1202895
6678,657868
6679,655137
6680,642336
6681,635080
6682,649430
6683,643563
6684,1048119
6685,649063
6686,1099984
6687,1057155
6688,694072
6689,1020169
6690,703955
6691,641025
6692,635570
6693,638067
6694,644359
6695,637647
6696,641891
6697,1148790
6698,690623
6699,654601
6700,1382416
6701,706774
6702,641820
6703,3169624
6704,798767
6705,1526781
6706,782353
6707,696395
6708,680657
6709,677138
6710,664827
6711,662067
6712,1386734
6713,1226627
6714,748386
6715,1090174
6716,658902
6717,659245
6718,649364
6719,646896
6720,651536
6721,1060361
6722,671370
6723,657098
6724,725554
6725,1144687
6726,1669731
6727,661935
6728,633338
6729,626185
6730,637260
6731,636951
6732,1104265
6733,640144
6734,1311035
6735,731758
6736,1222437
6737,661630
6738,633312
6739,629439
6740,631050
6741,628249
6742,630309
6743,999185
6744,633152
6745,4163601
6746,1440901
6747,689708
6748,653431
6749,648755
6750,641750
6751,641421
6752,640057
6753,1093890
6754,642867
6755,710935
6756,1119261
6757,1157281
6758,690029
6759,674691
6760,677880
6761,677550
6762,9431203
6763,973633
6764,1385271
6765,795056
6766,1172749
6767,785134
6768,693516
6769,683302
6770,685803
6771,1273295
6772,697718
6773,1098826
6774,699901
6775,646039
6776,638442
6777,1152445
6778,641227
6779,637700
6780,630288
6781,630066
6782,628376
6783,1038125
6784,711220
6785,1061803
6786,636098
6787,1157006
6788,1127725
6789,641355
6790,631371
6791,633647
6792,635933
6793,627771
6794,1110263
6795,1152964
6796,723402
6797,638207
6798,1030614
6799,1119406
6800,652533
6801,640676
6802,637671
6803,634894
6804,645463
6805,745638
6806,654795
6807,643011
6808,692951
6809,1114972
6810,1122220
6811,638883
6812,628863
6813,631228
6814,1114115
6815,707750
6816,1123958
6817,653501
6818,638845
6819,650300
6820,1143945
6821,644544
6822,638475
6823,641623
6824,637128
6825,1156256
6826,721870
6827,1067686
6828,638038
6829,1047584
6830,1122661
6831,702555
6832,636835
6833,683553
6834,1085329
6835,705084
6836,624698
6837,1055751
6838,633997
6839,636452
6840,1057250
6841,682012
6842,702905
6843,967584
6844,635632
6845,982940
6846,756441
6847,646654
6848,637840
6849,635447
6850,630400
6851,983953
6852,632909
6853,967008
6854,638742
6855,635504
6856,1056294
6857,627478
6858,644956
6859,681064
6860,649982
6861,990476
6862,692296
6863,642661
6864,1105966
6865,643864
6866,1290575
6867,628315
6868,630911
6869,634552
6870,645347
6871,1023123
6872,717548
6873,642887
6874,1023527
6875,688831
6876,1029522
6877,633362
6878,637087
6879,639575
6880,646538
6881,643044
6882,1071856
6883,634264
6884,632538
6885,1091723
6886,1116258
6887,701484
6888,667650
6889,647020
6890,645446
6891,645323
6892,646571
6893,1016189
6894,8523278
6895,1229824
6896,768176
6897,1100968
6898,672170
6899,667262
6900,656183
6901,724416
6902,656150
6903,1113432
6904,659631
6905,1071567
6906,1198054
6907,643461
6908,644342
6909,648817
6910,642644
6911,2283098
6912,873383
6913,661132
6914,1137934
6915,1182039
6916,955945
6917,1113287
6918,658235
6919,660662
6920,655129
6921,650856
6922,1180565
6923,661758
6924,997677
6925,993158
6926,687043
6927,646584
6928,1018443
6929,644367
6930,643720
6931,645911
6932,638743
6933,638928
6934,1109085
6935,642517
6936,1153677
6937,646987
6938,1233702
6939,659228
6940,639900
6941,640852
6942,646687
6943,1139874
6944,643485
6945,1044614
6946,695316
6947,647358
6948,636073
6949,992725
6950,710742
6951,643111
6952,638475
6953,962368
6954,628232
6955,630057
6956,1012151
6957,640502
6958,647807
6959,640861
6960,1072305
6961,1122912
6962,687887
6963,640164
6964,652978
6965,1056072
6966,723604
6967,675749
6968,665696
6969,1074781
6970,736933
6971,998114
6972,728763
6973,679140
6974,1001555
6975,4024292
6976,741325
6977,681938
6978,667699
6979,664304
6980,1188207
6981,707845
6982,1225305
6983,715707
6984,1147698
6985,1030465
6986,640275
6987,643716
6988,641837
6989,1021001
6990,645282
6991,1002098
6992,709176
6993,637997
6994,974279
6995,692700
6996,1022492
6997,688765
6998,638710
6999,628047
7000,879608
7001,634911
7002,644074
7003,2087192
7004,1136854
7005,633205
7006,1179868
7007,1062202
7008,631471
7009,631100
7010,628039
7011,8658870
7012,920582
7013,716493
7014,668580
7015,1047902
7016,670703
7017,1183135
7018,664687
7019,1022303
7020,707310
7021,648425
7022,1206344
7023,652764
7024,638273
7025,612279
7026,1137987
7027,599009
7028,604773
7029,600550
7030,600748
7031,1037168
7032,652253
7033,966332
7034,661984
7035,655128
7036,1061386
7037,1024570
7038,607393
7039,605655
7040,596599
7041,990990
7042,610631
7043,609565
7044,1047527
7045,600562
7046,595602
7047,602239
7048,1295112
7049,1022752
7050,598720
7051,598704
7052,600068
7053,652195
7054,598411
7055,901242
7056,848534
7057,618323
7058,601476
7059,1056958
7060,1050361
7061,660361
7062,607594
7063,613054
7064,988081
7065,1139598
7066,602190
7067,601510
7068,598815
7069,1027519
7070,603636
7071,594455
7072,1027338
7073,600026
7074,599960
7075,647346
7076,1066994
7077,608250
7078,604253
7079,602185
7080,612292
7081,604154
7082,1020420
7083,603841
7084,973826
7085,601439
7086,608464
7087,960963
7088,1058078
7089,635616
7090,630684
7091,632155
7092,642233
7093,640106
7094,1126369
7095,626910
7096,634140
7097,1064530
7098,1032109
7099,636633
7100,629444
7101,638467
7102,689807
7103,637668
7104,1073166
7105,672787
7106,627405
7107,632633
7108,1006515
7109,672075
7110,689222
7111,974815
7112,640490
7113,636601
7114,632575
7115,1131449
7116,634993
7117,639913
7118,638133
7119,1227105
7120,1137237
7121,632616
7122,631503
7123,630914
7124,627738
7125,974947
7126,711260
7127,1059191
7128,700899
7129,1032752
7130,1012452
7131,691900
7132,612049
7133,604121
7134,606236
7135,1013560
7136,663398
7137,982622
7138,606145
7139,608683
7140,941434
7141,603211
7142,937441
7143,664864
7144,628817
7145,976295
7146,8210039
7147,847966
7148,697166
7149,665425
7150,657090
7151,1004784
7152,1478080
7153,734444
7154,645092
7155,993878
7156,1065770
7157,639838
7158,631833
7159,641248
7160,917047
7161,637935
7162,1053418
7163,658210
7164,698942
7165,970930
7166,652417
7167,993619
7168,690026
7169,712756
7170,645372
7171,638142
7172,650193
7173,1012716
7174,654337
7175,1098661
7176,641186
7177,1067381
7178,697310
7179,634314
7180,632851
7181,626835
7182,636093
7183,1113464
7184,692144
7185,1029357
7186,847932
7187,999136
7188,695048
7189,640914
7190,638158
7191,641602
7192,639155
7193,1089370
7194,647807
7195,703342
7196,639340
7197,1154212
7198,708497
7199,980587
7200,656142
7201,644325
7202,638582
7203,646015
7204,635822
7205,1093560
7206,638121
7207,1000401
7208,1141942
7209,638636
7210,4244672
7211,753376
7212,662256
7213,653497
7214,1221213
7215,1118207
7216,739965
7217,746755
7218,1158641
7219,646904
7220,646669
7221,644276
7222,640926
7223,640325
7224,641664
7225,1082984
7226,639567
7227,1115949
7228,647469
7229,1185455
7230,635797
7231,631030
7232,631693
7233,636600
7234,633823
7235,1059273
7236,632348
7237,1110985
7238,639472
7239,922098
7240,964102
7241,678255
7242,684546
7243,635521
7244,641095
7245,643028
7246,1099086
7247,638936
7248,984625
7249,642702
7250,639571
7251,973192
7252,620433
7253,634433
7254,631623
7255,633914
7256,1108516
7257,681617
7258,648421
7259,1014887
7260,1103095
7261,698682
7262,1006626
7263,644573
7264,629996
7265,634726
7266,639814
7267,630758
7268,1070941
7269,652937
7270,8270329
7271,940787
7272,1406000
7273,690932
7274,673809
7275,663233
7276,659141
7277,1147307
7278,1029114
7279,994752
7280,1185896
7281,655784
7282,650110
7283,713420
7284,662940
7285,651181
7286,645830
7287,1008266
7288,644511
7289,1103378
7290,1019798
7291,700927
7292,643740
7293,640980
7294,634825
7295,639686
7296,638021
7297,1117020
7298,641186
7299,599829
7300,935785
7301,1014133
7302,977275
7303,620450
7304,612329
7305,604121
7306,596371
7307,594975
7308,605184
7309,596540
7310,1057917
7311,606235
7312,870061
7313,675481
7314,1126068
7315,619312
7316,604279
7317,600747
7318,600579
7319,599862
7320,601476
7321,1019539
7322,618287
7323,604357
7324,1078237
7325,665602
7326,607075
7327,606615
7328,600373
7329,598799
7330,600838
7331,599470
7332,1096222
7333,617323
7334,608481
7335,598930
7336,1100877
7337,600933
7338,600533
7339,701789
7340,638475
7341,631862
7342,632534
7343,1019625
7344,635925
7345,986434
7346,637610
7347,712781
7348,1236318
7349,642710
7350,637379
7351,635278
7352,680108
7353,636741
7354,637428
7355,1126496
7356,640724
7357,629979
7358,1030795
7359,688287
7360,645487
7361,637877
7362,632640
7363,629769
7364,636415
7365,1083421
7366,716711
7367,643271
7368,1133089
7369,621393
7370,1096531
7371,631804
7372,629151
7373,625612
7374,628315
7375,628031
7376,623989
7377,1071493
7378,659842
7379,1210962
7380,636860
7381,1080194
7382,634314
7383,634417
7384,632014
7385,635496
7386,634717
7387,1104009
7388,641981
7389,1195368
7390,992490
7391,1055758
7392,638327
7393,628348
7394,624550
7395,637078
7396,639385
7397,641582
7398,1037618
7399,636514
7400,974782
7401,681435
7402,633411
7403,919931
7404,641339
7405,709300
7406,635195
7407,635892
7408,634799
7409,8539800
7410,801486
7411,1290592
7412,730975
7413,1243350
7414,672511
7415,667275
7416,658828
7417,646897
7418,648326
7419,1077006
7420,640494
7421,716959
7422,1134082
7423,714635
7424,644408
7425,650712
7426,637630
7427,642711
7428,630449
7429,1059149
7430,647321
7431,948430
7432,1037931
7433,682856
7434,696037
7435,1135816
7436,644359
7437,643881
7438,638784
7439,637210
7440,1124927
7441,638743
7442,1054102
7443,688056
7444,638071
7445,638656
7446,975165
7447,754110
7448,638652
7449,634256
7450,3047611
7451,1509492
7452,707861
7453,656204
7454,1068629
7455,685675
7456,635772
7457,725702
7458,644944
7459,1088860
7460,642744
7461,1148605
7462,652878
7463,642966
7464,640942
7465,1062297
7466,1044997
7467,641800
7468,634132
7469,707425
7470,1078827
7471,638871
7472,1118050
7473,634058
7474,1036913
7475,683112
7476,635690
7477,1010647
7478,641664
7479,632929
7480,632909
7481,1098604
7482,749413
7483,1168983
7484,659508
7485,943885
7486,685098
7487,693977
7488,1062314
7489,639665
7490,635244
7491,641627
7492,1059879
7493,623746
7494,693594
7495,656142
7496,1041491
7497,635162
7498,1126311
7499,639967
7500,633296
7501,642603
7502,1075844
7503,1097812
7504,640317
7505,640819
7506,640156
7507,1054572
7508,630189
7509,1175987
7510,640169
7511,627738
7512,668111
7513,1093841
7514,710515
7515,1047708
7516,642719
7517,1026728
7518,950119
7519,920215
7520,647053
7521,647419
7522,4945278
7523,8779462
7524,1334537
7525,766062
7526,687290
7527,665940
7528,647003
7529,641627
7530,720848
7531,1187317
7532,684377
7533,675148
7534,1102702
7535,728318
7536,1054403
7537,699893
7538,681810
7539,684991
7540,687434
7541,688654
7542,1495138
7543,697986
7544,764781
7545,676829
7546,1355010
7547,699725
7548,692164
7549,683751
7550,674337
7551,1097981
7552,663513
7553,1169486
7554,708236
7555,1291061
7556,756051
7557,670443
7558,673290
7559,669820
7560,1102517
7561,683257
7562,1060611
7563,724902
7564,685724
7565,677282
7566,1681638
7567,705476
7568,717964
7569,724425
7570,1425491
7571,709011
7572,1227739
7573,720449
7574,1134028
7575,1638884
7576,809361
7577,745115
7578,726740
7579,720535
7580,1596299
7581,1299932
7582,808104
7583,1193077
7584,792414
7585,1411714
7586,783008
7587,736632
7588,750464
7589,1480232
7590,724099
7591,724215
7592,1222693
7593,1218008
7594,789175
7595,722332
7596,714725
7597,1352690
7598,1284910
7599,837546
7600,775481
7601,765242
7602,1278376
7603,1418999
7604,819990
7605,1415608
7606,904950
7607,789484
7608,788653
7609,1597839
7610,812862
7611,804890
7612,1395539
7613,1387813
7614,798973
7615,779518
7616,828651
7617,912222
7618,1409465
7619,1334936
7620,802055
7621,1529017
7622,799352
7623,823414
7624,801091
7625,775810
7626,1489605
7627,809966
7628,1393223
7629,1670716
7630,893711
7631,783049
7632,772060
7633,762053
7634,12832079
7635,1019942
7636,1965455
7637,938385
7638,1327367
7639,858628
7640,1080883
7641,801367
7642,1334038
7643,5664037
7644,1942959
7645,924978
7646,876011
7647,861191
7648,945974
7649,1559053
7650,1493205
7651,1123942
7652,1819538
7653,942109
7654,906215
7655,911077
7656,1575805
7657,924727
7658,1627850
7659,1647479
7660,908246
7661,903562
7662,904114
7663,892767
7664,1004274
7665,1530806
7666,1401121
7667,972858
7668,902557
7669,886394
7670,1469387
7671,918625
7672,1491055
7673,986162
7674,1405698
7675,965904
7676,900180
7677,892631
7678,1432846
7679,1552379
7680,977378
7681,891733
7682,1448012
7683,1637285
7684,893809
7685,1375738
7686,1418442
7687,965866
7688,894365
7689,1272583
7690,1015699
7691,1503868
7692,830319
7693,908918
7694,846462
7695,830298
7696,828968
7697,830809
7698,1357037
7699,1377101
7700,1077133
7701,1386441
7702,832618
7703,820394
7704,823722
7705,1322357
7706,843639
7707,839833
7708,1443150
7709,858352
7710,829347
7711,797057
7712,767377
7713,1255575
7714,762070
7715,758419
7716,1243371
7717,835956
7718,1384439
7719,773359
7720,839572
7721,773017
7722,1251727
7723,12150339
7724,1732798
7725,1442558
7726,791327
7727,772547
7728,748457
7729,811560
7730,1241451
7731,745565
7732,744407
7733,1208523
7734,789056
7735,1225066
7736,736950
7737,723864
7738,728215
7739,1127155
7740,795578
7741,1532219
7742,793926
7743,729624
7744,1172098
7745,732656
7746,718265
7747,726134
7748,1116040
7749,735079
7750,1320478
7751,793572
7752,1177977
7753,792221
7754,1232239
7755,774722
7756,777578
7757,1284140
7758,860630
7759,1230076
7760,785085
7761,1319321
7762,1304295
7763,789988
7764,1124803
7765,1445887
7766,869171
7767,1222445
7768,785286
7769,766671
7770,1378799
7771,783589
7772,768472
7773,1350897
7774,776370
7775,1299607
7776,774706
7777,1153582
7778,764011
7779,1345912
7780,769523
7781,826463
7782,1253032
7783,1272682
7784,785394
7785,729884
7786,726106
7787,1166152
7788,1250997
7789,731482
7790,723687
7791,1735183
7792,800967
7793,724465
7794,728635
7795,1176622
7796,723831
7797,1258129
7798,731750
7799,721437
7800,1223966
7801,777735
7802,774298
7803,699019
7804,675465
7805,1209657
7806,1111742
7807,686111
7808,673533
7809,1025582
7810,1035380
7811,724787
7812,686424
7813,679536
7814,1134913
7815,750719
7816,1238176
7817,685003
7818,684368
7819,673542
7820,1039736
7821,1093013
7822,671406
7823,684731
7824,1012810
7825,218765991
7826,2835801
7827,817312
7828,1255678
7829,694608
7830,650703
7831,1031508
7832,720600
7833,1108084
7834,660938
7835,643102
7836,648857
7837,3560769
7838,948965
7839,707166
7840,683924
7841,671131
7842,1167458
7843,724700
7844,1273237
7845,708364
7846,1185052
7847,708047
7848,690087
7849,690421
7850,1090961
7851,695258
7852,1056455
7853,1229116
7854,692362
7855,676673
7856,1185488
7857,723069
7858,646954
7859,641112
7860,649715
7861,653361
7862,1080574
7863,646860
7864,1162169
7865,714540
7866,1183218
7867,1092674
7868,655434
7869,642118
7870,640300
7871,641128
7872,641512
7873,696152
7874,1034330
7875,704331
7876,641470
7877,1069285
7878,634190
7879,649394
7880,677410
7881,675708
7882,1143315
7883,689301
7884,689725
7885,686404
7886,1167524
7887,749103
7888,991308
7889,671300
7890,720774
7891,674897
7892,688386
7893,1004207
7894,677225
7895,1109913
7896,1102851
7897,736768
7898,682477
7899,679280
7900,678914
7901,681674
7902,679557
7903,1155761
7904,645063
7905,1160466
7906,714371
7907,1060867
7908,703016
7909,644795
7910,638792
7911,639496
7912,638467
7913,1184676
7914,648264
7915,645178
7916,1132322
7917,713037
7918,631998
7919,1154324
7920,649282
7921,636918
7922,639340
7923,632348
7924,1211762
7925,652830
7926,1051758
7927,1126143
7928,1108071
7929,645743
7930,631755
7931,634458
7932,631553
7933,638759
7934,630767
7935,1067278
7936,652961
7937,1009337
7938,1165917
7939,1044078
7940,684435
7941,647572
7942,638484
7943,645219
7944,647490
7945,639406
7946,986598
7947,8984852
7948,1421747
7949,747781
7950,701529
7951,671399
7952,663056
7953,655021
7954,1122928
7955,679325
7956,1009984
7957,1400862
7958,1155827
7959,653913
7960,652755
7961,648367
7962,650827
7963,1129899
7964,667641
7965,653896
7966,650963
7967,1177116
7968,648944
7969,1125957
7970,657147
7971,649129
7972,652796
7973,640518
7974,1033296
7975,655615
7976,971309
7977,1118895
7978,742157
7979,646785
7980,1217242
7981,709456
7982,642101
7983,643588
7984,640420
7985,1081460
7986,647321
7987,1235312
7988,646818
7989,1120337
7990,692424
7991,646501
7992,636732
7993,702600
7994,651956
7995,1218539
7996,694488
7997,1142960
7998,666764
7999,1024627
8000,1075448
8001,681249
8002,679425
8003,666903
8004,677533
8005,1166737
8006,678320
8007,1043048
8008,726632
8009,1108046
8010,730024
8011,739751
8012,1126035
8013,687174
8014,683606
8015,997401
8016,1055994
8017,723163
8018,681707
8019,674893
8020,1194078
8021,1141996
8022,703980
8023,681905
8024,1047275
8025,672528
8026,745997
8027,4348210
8028,779333
8029,712900
8030,1075584
8031,1268405
8032,680278
8033,673389
8034,1240289
8035,690277
8036,757698
8037,694446
8038,747765
8039,681460
8040,1411834
8041,767191
8042,685634
8043,1051198
8044,683800
8045,679944
8046,682474
8047,682725
8048,1340404
8049,692143
8050,696029
8051,1028796
8052,1123855
8053,1161855
8054,651767
8055,654279
8056,651305
8057,651123
8058,652903
8059,1083169
8060,689449
8061,8401929
8062,1801224
8063,747044
8064,708072
8065,684554
8066,682144
8067,675296
8068,1218811
8069,665565
8070,662504
8071,1290608
8072,735631
8073,1067258
8074,738016
8075,666801
8076,654107
8077,652904
8078,1104264
8079,671180
8080,1031705
8081,1025682
8082,719044
8083,662108
8084,652870
8085,647906
8086,656026
8087,702003
8088,1115170
8089,673323
8090,636724
8091,721553
8092,641565
8093,1033749
8094,704215
8095,643287
8096,645046
8097,972257
8098,648368
8099,699452
8100,1093466
8101,640502
8102,642125
8103,646047
8104,1113856
8105,666887
8106,635529
8107,636860
8108,640325
8109,1146396
8110,650040
8111,1009346
8112,758946
8113,645866
8114,1190675
8115,714343
8116,1066631
8117,648475
8118,645113
8119,640288
8120,973558
8121,713062
8122,1147974
8123,658804
8124,1028471
8125,715722
8126,647531
8127,645570
8128,952212
8129,638248
8130,638385
8131,1057917
8132,639946
8133,641726
8134,639859
8135,994229
8136,945608
8137,708533
8138,2591982
8139,711026
8140,646410
8141,1118503
8142,710337
8143,655322
8144,652335
8145,1112315
8146,1158769
8147,707894
8148,650390
8149,1027449
8150,655227
8151,648948
8152,1081616
8153,649224
8154,940470
8155,697454
8156,652619
8157,1101380
8158,655483
8159,657234
8160,698933
8161,1029525
8162,683920
8163,671601
8164,680406
8165,976628
8166,731614
8167,681740
8168,1186584
8169,691608
8170,680587
8171,1096869
8172,772798
8173,682054
8174,682222
8175,679536
8176,1086709
8177,735870
8178,1095798
8179,748564
8180,687854
8181,1146536
8182,675543
8183,685090
8184,691500
8185,761213
8186,1105068
8187,700289
8188,926758
8189,8097235
8190,1299903
8191,1213756
8192,709419
8193,683174
8194,669207
8195,663505
8196,661432
8197,1592450
8198,741012
8199,654008
8200,1140489
8201,722673
8202,1011718
8203,652108
8204,647683
8205,645348
8206,1034886
8207,657860
8208,1026539
8209,655177
8210,653213
8211,1056842
8212,764521
8213,1080524
8214,655750
8215,990579
8216,687636
8217,642591
8218,1118606
8219,648787
8220,640618
8221,648570
8222,1133385
8223,635051
8224,642785
8225,695151
8226,643019
8227,1054354
8228,707115
8229,1279579
8230,659801
8231,652335
8232,644552
8233,1131667
8234,642129
8235,639328
8236,639814
8237,1068287
8238,642904
8239,1175720
8240,655004
8241,649715
8242,648660
8243,1024607
8244,1073326
8245,633198
8246,646703
8247,644976
8248,948418
8249,640943
8250,1284312
8251,656051
8252,704137
8253,678828
8254,1139384
8255,669895
8256,680286
8257,1011455
8258,729682
8259,683207
8260,1191631
8261,684962
8262,734333
8263,1018241
8264,1195611
8265,642245
8266,638540
8267,631747
8268,1038606
8269,1114845
8270,654585
8271,642978
8272,645648
8273,1041482
8274,640011
8275,1095715
8276,636457
8277,957943
8278,695736
8279,643065
8280,1051716
8281,648788
8282,635826
8283,635129
8284,1100181
8285,642101
8286,1052054
8287,740621
8288,651816
8289,643505
8290,977320
8291,952212
8292,655622
8293,649883
8294,644366
8295,3151194
8296,1389342
8297,746759
8298,649043
8299,1081542
8300,709193
8301,1123015
8302,661103
8303,655718
8304,648021
8305,979858
8306,9625594
8307,856378
8308,1316976
8309,1117313
8310,829050
8311,680113
8312,667917
8313,1174841
8314,672729
8315,1237958
8316,671658
8317,1024969
8318,707108
8319,1063055
8320,668338
8321,662771
8322,705299
8323,1014599
8324,1067348
8325,701006
8326,653097
8327,651499
8328,1049739
8329,707314
8330,1024091
8331,644878
8332,648458
8333,1060970
8334,707342
8335,982878
8336,729010
8337,645146
8338,646604
8339,1017042
8340,693132
8341,1113254
8342,654651
8343,653604
8344,995052
8345,658000
8346,986924
8347,740357
8348,650476
8349,646150
8350,948421
8351,682313
8352,693627
8353,1071526
8354,649892
8355,650567
8356,651931
8357,1077946
8358,629061
8359,634232
8360,1087668
8361,694154
8362,650568
8363,1177066
8364,691291
8365,683734
8366,1009214
8367,1039558
8368,717869
8369,670938
8370,670504
8371,1078506
8372,768452
8373,981939
8374,703635
8375,640523
8376,1044132
8377,648783
8378,969888
8379,681699
8380,640469
8381,650259
8382,995856
8383,683400
8384,649010
8385,1152432
8386,642183
8387,632492
8388,1112501
8389,650939
8390,645153
8391,636843
8392,634528
8393,640301
8394,992523
8395,646398
8396,1721644
8397,639044
8398,1042286
8399,642554
8400,640959
8401,648552
8402,640650
8403,638916
8404,1066314
8405,645796
8406,1020976
8407,1116370
8408,707236
8409,974700
8410,690084
8411,637004
8412,638627
8413,643704
8414,638858
8415,644927
8416,638833
8417,1243350
8418,676664
8419,1069886
8420,641227
8421,645389
8422,642892
8423,637907
8424,1030754
8425,690446
8426,638034
8427,1005498
8428,1023720
8429,651532
8430,951186
8431,679190
8432,643720
8433,635607
8434,633774
8435,636502
8436,1053224
8437,7933375
8438,1424850
8439,711059
8440,1272521
8441,664168
8442,666026
8443,656529
8444,656118
8445,1187342
8446,664696
8447,1037618
8448,1059158
8449,662042
8450,1121783
8451,1173754
8452,648857
8453,643914
8454,646785
8455,943489
8456,637803
8457,1018159
8458,715286
8459,641236
8460,1072078
8461,704281
8462,986446
8463,648676
8464,691574
8465,638574
8466,1220451
8467,668058
8468,1212153
8469,628175
8470,606874
8471,602564
8472,978144
8473,677550
8474,1016177
8475,613804
8476,610080
8477,1082740
8478,891762
8479,654152
8480,644528
8481,637939
8482,1093016
8483,1155918
8484,706457
8485,641990
8486,635068
8487,1018954
8488,637833
8489,1153158
8490,648758
8491,647824
8492,636341
8493,1147147
8494,643918
8495,641829
8496,640910
8497,1030819
8498,645339
8499,1161702
8500,649014
8501,635092
8502,684126
8503,1124745
8504,712397
8505,1096044
8506,648602
8507,1034000
8508,1062446
8509,697483
8510,646719
8511,635155
8512,928501
8513,972648
8514,748948
8515,645137
8516,646451
8517,633020
8518,642080
8519,1108323
8520,803402
8521,652566
8522,1104857
8523,1063294
8524,3374570
8525,845778
8526,689243
8527,673438
8528,1240454
8529,676631
8530,653798
8531,1056129
8532,656192
8533,712764
8534,1049986
8535,713119
8536,648750
8537,1044931
8538,696617
8539,711982
8540,1081084
8541,645924
8542,1115319
8543,1027169
8544,643197
8545,647728
8546,647296
8547,1026535
8548,1331434
8549,656323
8550,638241
8551,636600
8552,647003
8553,983409
8554,956205
8555,7553794
8556,1240882
8557,777908
8558,1177421
8559,691262
8560,672194
8561,666162
8562,1164471
8563,814408
8564,1134016
8565,662742
8566,1079387
8567,713403
8568,1078270
8569,686470
8570,652010
8571,1027713
8572,671774
8573,992198
8574,3218912
8575,1319070
8576,719489
8577,1128792
8578,669442
8579,649504
8580,646777
8581,1097891
8582,749965
8583,1071967
8584,667423
8585,940597
8586,691941
8587,651075
8588,1111997
8589,647794
8590,644231
8591,636201
8592,1086700
8593,636810
8594,637462
8595,640939
8596,636435
8597,1157953
8598,716885
8599,823397
8600,648618
8601,1130588
8602,710758
8603,1030201
8604,650357
8605,649080
8606,644399
8607,995576
8608,652092
8609,1185035
8610,826517
8611,1164558
8612,1169890
8613,647152
8614,646728
8615,640453
8616,1011673
8617,648549
8618,1001831
8619,768752
8620,651520
8621,690973
8622,1089654
8623,721075
8624,987320
8625,639901
8626,633761
8627,1077953
8628,648491
8629,1095430
8630,657374
8631,648350
8632,644635
8633,1105438
8634,1077574
8635,627957
8636,640115
8637,631203
8638,982750
8639,646579
8640,1125548
8641,649146
8642,643238
8643,635905
8644,1005502
8645,1048927
8646,714474
8647,993780
8648,687410
8649,640498
8650,1091846
8651,644342
8652,648483
8653,637128
8654,993491
8655,705946
8656,1023956
8657,658812
8658,1084430
8659,697351
8660,636753
8661,1088707
8662,646760
8663,637128
8664,641755
8665,1036484
8666,626992
8667,646142
8668,639797
8669,642727
8670,632567
8671,999280
8672,1075317
8673,669103
8674,610681
8675,1015382
8676,972347
8677,606231
8678,612815
8679,608229
8680,7247799
8681,890781
8682,681418
8683,640667
8684,806834
8685,1114770
8686,648499
8687,627441
8688,630214
8689,619938
8690,673055
8691,1067426
8692,629303
8693,611752
8694,611261
8695,1139091
8696,623638
8697,930693
8698,609140
8699,608081
8700,610211
8701,610442
8702,615126
8703,1337116
8704,626844
8705,610104
8706,1502014
8707,737918
8708,646550
8709,644808
8710,632550
8711,639117
8712,630766
8713,1062841
8714,661934
8715,1226998
8716,789662
8717,1139413
8718,727062
8719,646875
8720,645096
8721,634029
8722,637655
8723,1095546
8724,662820
8725,1151892
8726,642867
8727,1034244
8728,745263
8729,1109349
8730,665017
8731,646567
8732,641622
8733,1049582
8734,1266164
8735,1091920
8736,641689
8737,1028561
8738,702447
8739,1119414
8740,663455
8741,647725
8742,636283
8743,1044556
8744,1000331
8745,709826
8746,649529
8747,641746
8748,899763
8749,688872
8750,634091
8751,1029464
8752,3752980
8753,715682
8754,754971
8755,1195376
8756,673640
8757,657942
8758,645071
8759,649311
8760,1118610
8761,782840
8762,1149528
8763,651548
8764,1207221
8765,633696
8766,643094
8767,648368
8768,1024067
8769,655486
8770,1050502
8771,835288
8772,649562
8773,644194
8774,1139240
8775,712822
8776,1075511
8777,650159
8778,1093808
8779,704306
8780,1001559
8781,714903
8782,652108
8783,1123373
8784,642426
8785,1116642
8786,692254
8787,645908
8788,636736
8789,1071592
8790,648174
8791,1068922
8792,656303
8793,652393
8794,1049702
8795,638961
8796,1017664
8797,683088
8798,691929
8799,646699
8800,1153944
8801,1033527
8802,8339884
8803,765300
8804,697441
8805,1326499
8806,791467
8807,1128317
8808,685337
8809,1106991
8810,1032649
8811,663414
8812,658659
8813,720168
8814,658358
8815,1023198
8816,2335791
8817,684381
8818,1016667
8819,652215
8820,1297044
8821,661375
8822,661836
8823,731713
8824,658128
8825,646711
8826,1113807
8827,729966
8828,1070772
8829,660620
8830,1361033
8831,650769
8832,649270
8833,640518
8834,639917
8835,1193295
8836,737440
8837,1089254
8838,653802
8839,1082440
8840,701051
8841,1115467
8842,649707
8843,634466
8844,1706804
8845,1050522
8846,741053
8847,654877
8848,646950
8849,1059071
8850,718249
8851,652306
8852,646410
8853,653254
8854,640301
8855,1107206
8856,716518
8857,1032719
8858,632793
8859,1093692
8860,1127439
8861,644115
8862,636707
8863,639221
8864,633395
8865,632254
8866,1125005
8867,712550
8868,1020569
8869,653447
8870,1021083
8871,845522
8872,694714
8873,641808
8874,642500
8875,1042694
8876,655948
8877,706118
8878,1018257
8879,638208
8880,638726
8881,636357
8882,1128017
8883,650341
8884,637285
8885,1054848
8886,1068897
8887,680747
8888,636365
8889,632447
8890,633404
8891,633144
8892,1121429
8893,734576
8894,669042
8895,1147603
8896,706407
8897,1179387
8898,654700
8899,644717
8900,633934
8901,1087050
8902,727824
8903,648058
8904,651800
8905,1039496
8906,970320
8907,640465
8908,642146
8909,646266
8910,2361479
8911,690623
8912,654535
8913,645730
8914,1157282
8915,651272
8916,1141041
8917,646616
8918,641939
8919,642352
8920,636332
8921,675927
8922,1096905
8923,650353
8924,1436422
8925,981947
8926,8447624
8927,988366
8928,749573
8929,690120
8930,676903
8931,1266798
8932,712868
8933,660547
8934,1393784
8935,1300855
8936,666929
8937,657864
8938,651215
8939,656612
8940,649958
8941,1255282
8942,668869
8943,1170874
8944,1236276
8945,651907
8946,647272
8947,705629
8948,647848
8949,638953
8950,1090474
8951,677307
8952,657596
8953,1062177
8954,721738
8955,1182739
8956,649517
8957,646040
8958,648886
8959,633971
8960,682317
8961,674612
8962,1220332
8963,694508
8964,1631509
8965,803769
8966,691426
8967,686891
8968,685519
8969,684085
8970,689309
8971,3922522
8972,966781
8973,1362137
8974,775493
8975,1184767
8976,699840
8977,692390
8978,686610
8979,683268
8980,1204823
8981,691451
8982,685110
8983,1566140
8984,740040
8985,689433
8986,669940
8987,678543
8988,679214
8989,1148477
8990,700689
8991,1128717
8992,816533
8993,1174661
8994,1085719
8995,640164
8996,639830
8997,634800
8998,1068304
8999,656270
9000,1026930
9001,1204066
9002,645063
9003,1137106
9004,706717
9005,646328
9006,643304
9007,636283
9008,637655
9009,1125240
9010,643703
9011,1154678
9012,645363
9013,999322
9014,702019
9015,647061
9016,684839
9017,652780
9018,656183
9019,1062762
9020,646769
9021,1143677
9022,627202
9023,1085761
9024,703466
9025,1018208
9026,642653
9027,641145
9028,638970
9029,689008
9030,1068115
9031,693008
9032,636753
9033,628660
9034,1064337
9035,684888
9036,635908
9037,1115249
9038,644989
9039,642356
9040,1027111
9041,704475
9042,645257
9043,644552
9044,645821
9045,641372
9046,1020350
9047,8835297
9048,1561537
9049,824197
9050,1265673
9051,675659
9052,675816
9053,672326
9054,663950
9055,662343
9056,1152882
9057,806657
9058,1324059
9059,656887
9060,665281
9061,657073
9062,645841
9063,1036241
9064,663884
9065,1106082
9066,670929
9067,660167
9068,1216669
9069,645747
9070,651684
9071,654872
9072,646501
9073,647003
9074,1082572
9075,681633
9076,648953
9077,1081077
9078,725764
9079,1205899
9080,658886
9081,703053
9082,657077
9083,643085
9084,650073
9085,650852
9086,1091228
9087,659842
9088,1194140
9089,635043
9090,1148840
9091,650712
9092,635904
9093,638632
9094,685831
9095,1038908
9096,699910
9097,681389
9098,1154830
9099,666879
9100,1185908
9101,694063
9102,684570
9103,680862
9104,682420
9105,1155844
9106,695868
9107,1289875
9108,755144
9109,1066199
9110,931204
9111,689758
9112,680813
9113,674719
9114,689177
9115,678485
9116,1166124
9117,698278
9118,759157
9119,1310652
9120,655384
9121,648618
9122,643304
9123,643683
9124,637622
9125,645735
9126,1064584
9127,646241
9128,641581
9129,1069099
9130,701904
9131,650341
9132,694092
9133,648351
9134,642582
9135,643431
9136,942913
9137,3701586
9138,1328941
9139,1312226
9140,728125
9141,664852
9142,661984
9143,651816
9144,646604
9145,652459
9146,1413346
9147,669182
9148,647861
9149,1109229
9150,1104701
9151,653250
9152,644585
9153,692465
9154,641170
9155,643790
9156,1071819
9157,653369
9158,652928
9159,1166849
9160,643592
9161,1040052
9162,650922
9163,646942
9164,642817
9165,7985605
9166,795443
9167,676730
9168,665046
9169,1393627
9170,820777
9171,1270222
9172,666830
9173,658342
9174,640090
9175,648928
9176,646118
9177,649270
9178,666050
9179,1245435
9180,729929
9181,1362063
9182,660229
9183,648607
9184,641998
9185,643123
9186,1063368
9187,658383
9188,646126
9189,1125240
9190,652970
9191,976900
9192,652607
9193,3107382
9194,811350
9195,676771
9196,652492
9197,1202014
9198,767141
9199,1006383
9200,652471
9201,1029629
9202,722641
9203,650625
9204,702852
9205,1051803
9206,647119
9207,1180581
9208,696403
9209,643498
9210,639670
9211,988198
9212,691876
9213,708999
9214,659253
9215,643069
9216,1137139
9217,713885
9218,1007821
9219,690908
9220,641211
9221,643481
9222,1004826
9223,862242
9224,647935
9225,640445
9226,1059809
9227,645463
9228,1036419
9229,741741
9230,658672
9231,648796
9232,1068481
9233,1098727
9234,659780
9235,645487
9236,645957
9237,1019563
9238,645574
9239,1063883
9240,687006
9241,641664
9242,703453
9243,1128276
9244,638825
9245,637131
9246,638800
9247,631636
9248,633394
9249,1054296
9250,716542
9251,1017545
9252,644165
9253,983817
9254,707663
9255,688097
9256,644993
9257,647786
9258,639814
9259,1059392
9260,710799
9261,991917
9262,639695
9263,1032101
9264,699551
9265,700849
9266,1086774
9267,714458
9268,650542
9269,646744
9270,1233281
9271,646641
9272,645660
9273,1014813
9274,687467
9275,704516
9276,1070447
9277,646159
9278,1053608
9279,640490
9280,1079597
9281,676763
9282,638742
9283,633795
9284,1092926
9285,679639
9286,1139479
9287,632081
9288,631014
9289,1035899
9290,703844
9291,8249831
9292,903179
9293,697025
9294,1378263
9295,1396458
9296,3619587
9297,1763891
9298,768398
9299,711145
9300,657584
9301,1596394
9302,1182455
9303,670278
9304,1069169
9305,1374457
9306,656921
9307,654947
9308,650057
9309,1223500
9310,725211
9311,1110926
9312,654824
9313,722727
9314,1101871
9315,1237492
9316,683059
9317,1171747
9318,742701
9319,1081385
9320,751254
9321,685852
9322,686079
9323,1326202
9324,836401
9325,1026654
9326,688790
9327,1225910
9328,1123472
9329,685910
9330,673850
9331,676092
9332,669335
9333,1255258
9334,784087
9335,1222383
9336,685860
9337,1322061
9338,652776
9339,633395
9340,634993
9341,643011
9342,1139525
9343,634198
9344,1001176
9345,715084
9346,646048
9347,1097243
9348,726550
9349,655306
9350,639377
9351,1079713
9352,646945
9353,706659
9354,1047658
9355,635801
9356,633362
9357,636324
9358,1008913
9359,637226
9360,1242971
9361,655754
9362,1024083
9363,988357
9364,678856
9365,638953
9366,635685
9367,632740
9368,630107
9369,1113806
9370,697920
9371,1130995
9372,698682
9373,1030185
9374,1132648
9375,634376
9376,648701
9377,638458
9378,982931
9379,649591
9380,963381
9381,701921
9382,640539
9383,1089036
9384,640996
9385,1130645
9386,686441
9387,640333
9388,635937
9389,1060109
9390,1125655
9391,650357
9392,646336
9393,652731
9394,1089630
9395,645009
9396,1072713
9397,743496
9398,656760
9399,641210
9400,1131675
9401,644527
9402,634952
9403,637890
9404,635965
9405,635199
9406,1180173
9407,1097318
9408,649030
9409,638281
9410,13310625
9411,925036
9412,695208
9413,1324937
9414,686293
9415,1257239
9416,651961
9417,1066845
9418,1228711
9419,646719
9420,627063
9421,636744
9422,638801
9423,1285652
9424,652026
9425,1120048
9426,648619
9427,1098443
9428,706012
9429,643003
9430,642389
9431,701059
9432,637477
9433,1228263
9434,644075
9435,1144337
9436,628508
9437,638492
9438,1208697
9439,664077
9440,661539
9441,659339
9442,647955
9443,645849
9444,1355919
9445,678563
9446,1565299
9447,729702
9448,660756
9449,652805
9450,673743
9451,681291
9452,1179028
9453,654016
9454,667431
9455,1635094
9456,967548
9457,793242
9458,1433032
9459,729487
9460,694191
9461,696597
9462,1133908
9463,1334656
9464,693548
9465,686939
9466,1273996
9467,860120
9468,1326333
9469,702773
9470,674044
9471,1277193
9472,769733
9473,683977
9474,685692
9475,689243
9476,1309907
9477,827365
9478,1469095
9479,721355
9480,778954
9481,1201540
9482,711380
9483,707586
9484,1249877
9485,3311231
9486,821057
9487,1074765
9488,1792049
9489,764838
9490,1358178
9491,854759
9492,737637
9493,1515264
9494,774162
9495,817040
9496,1701683
9497,745231
9498,727246
9499,1216644
9500,810131
9501,1306952
9502,735211
9503,735446
9504,1306034
9505,900522
9506,866390
9507,736508
9508,1223546
9509,816834
9510,727514
9511,1226940
9512,1262093
9513,719781
9514,731614
9515,1199464
9516,801334
9517,1176539
9518,15583044
9519,3205798
9520,1163837
9521,1438104
9522,805598
9523,1779923
9524,995588
9525,788999
9526,1255146
9527,939313
9528,837806
9529,840796
9530,1515030
9531,858628
9532,829396
9533,1486308
9534,912655
9535,1414878
9536,829672
9537,898569
9538,825939
9539,822141
9540,1377736
9541,1390661
9542,895008
9543,820274
9544,814551
9545,816273
9546,814568
9547,1446302
9548,830550
9549,1406861
9550,1064995
9551,1399832
9552,843355
9553,817316
9554,959876
9555,817304
9556,1738809
9557,834427
9558,1424656
9559,904535
9560,847072
9561,825280
9562,825832
9563,825247
9564,834089
9565,1480718
9566,1675800
9567,948434
9568,833578
9569,842861
9570,819063
9571,822074
9572,1459495
9573,824135
9574,1287774
9575,887811
9576,1580395
9577,833504
9578,832358
9579,821737
9580,815730
9581,1729468
9582,2410982
9583,1782614
9584,1524518
9585,837801
9586,831538
9587,829363
9588,1380999
9589,882529
9590,830554
9591,1336556
9592,1482770
9593,831345
9594,834036
9595,7297541
9596,2577133
9597,966686
9598,921604
9599,1609957
9600,14586648
9601,2094715
9602,1982203
9603,5292446
9604,2024714
9605,976974
9606,996895
9607,979565
9608,1758952
9609,1085703
9610,1590176
9611,1063191
9612,958528
9613,1051309
9614,1665063
9615,916256
9616,1604806
9617,1195594
9618,1593287
9619,901544
9620,891420
9621,1501932
9622,996099
9623,858777
9624,1445211
9625,953983
9626,1587362
9627,913665
9628,1445223
9629,1876156
9630,875393
9631,824135
9632,828757
9633,1453567
9634,845464
9635,848781
9636,835481
9637,1366262
9638,1568792
9639,918934
9640,832239
9641,1407965
9642,1155567
9643,830710
9644,1458650
9645,1469696
9646,820665
9647,825041
9648,1738179
9649,910405
9650,835824
9651,1347804
9652,835321
9653,1377654
9654,888449
9655,825931
9656,1308626
9657,1507985
9658,853531
9659,1254536
9660,783745
9661,1451819
9662,777425
9663,1214419
9664,772465
9665,1319943
9666,900616
9667,781896
9668,778377
9669,1226562
9670,870881
9671,1127667
9672,769231
9673,1342039
9674,781607
9675,771632
9676,771875
9677,1293278
9678,788290
9679,1450723
9680,769366
9681,1263559
9682,785459
9683,774406
9684,777824
9685,1270259
9686,767484
9687,1949152
9688,10260179
9689,1648842
9690,893950
9691,825705
9692,800045
9693,792797
9694,1489003
9695,1260766
9696,856589
9697,1818673
9698,793251
9699,722908
9700,720749
9701,2939640
9702,2865890
9703,2028015
9704,854318
9705,767590
9706,742483
9707,1345417
9708,1275702
9709,896772
9710,1474393
9711,881173
9712,1379779
9713,748848
9714,1332526
9715,795417
9716,782876
9717,1428269
9718,1314183
9719,788113
9720,779378
9721,775794
9722,1004925
9723,795611
9724,1276801
9725,773556
9726,1583053
9727,1336110
9728,773585
9729,773659
9730,771336
9731,764081
9732,854480
9733,1280567
9734,1197321
9735,1350114
9736,1343461
9737,771208
9738,778125
9739,784467
9740,1245266
9741,772597
9742,848913
9743,1250346
9744,802332
9745,1332205
9746,720172
9747,730477
9748,732372
9749,721841
9750,1208634
9751,728083
9752,4804363
9753,1399362
9754,762119
9755,747909
9756,730349
9757,728791
9758,725838
9759,1285812
9760,1268809
9761,750257
9762,1246444
9763,758897
9764,738136
9765,732232
9766,733237
9767,1224303
9768,858756
9769,1210518
9770,734721
9771,1548909
9772,729632
9773,703762
9774,685835
9775,675568
9776,2647331
9777,717136
9778,1028986
9779,692490
9780,766000
9781,9732064
9782,1840188
9783,853054
9784,755164
9785,745326
9786,730209
9787,1283493
9788,898523
9789,1689396
9790,813588
9791,736327
9792,1624537
9793,1145535
9794,753232
9795,1050497
9796,691142
9797,987295
9798,720848
9799,676228
9800,1205713
9801,696362
9802,678044
9803,1441626
9804,780882
9805,1047942
9806,721969
9807,1223615
9808,1224320
9809,730892
9810,722558
9811,725018
9812,721722
9813,1333057
9814,728482
9815,737061
9816,1060464
9817,735162
9818,1184742
9819,737365
9820,725293
9821,1142260
9822,1215556
9823,770281
9824,721404
9825,1297748
9826,765259
9827,1081600
9828,749272
9829,681324
9830,1105010
9831,744683
9832,1062956
9833,687484
9834,682325
9835,684278
9836,790639
9837,685399
9838,1200802
9839,687307
9840,1142260
9841,671448
9842,680059
9843,678094
9844,677575
9845,1113934
9846,705159
9847,677476
9848,677101
9849,1293793
9850,699811
9851,2314213
9852,722298
9853,1107144
9854,715125
9855,1115001
9856,747958
9857,1646156
9858,788764
9859,981778
9860,649681
9861,643572
9862,636551
9863,640650
9864,639488
9865,1086256
9866,658478
9867,1539817
9868,752342
9869,822239
9870,653678
9871,633201
9872,638166
9873,639538
9874,1216054
9875,673484
9876,1037152
9877,1076672
9878,1065050
9879,646653
9880,651037
9881,637952
9882,737980
9883,638376
9884,648100
9885,1098348
9886,689350
9887,1031640
9888,1177697
9889,676632
9890,680516
9891,674567
9892,674160
9893,679969
9894,678296
9895,1251216
9896,725908
9897,714866
9898,8993434
9899,1472799
9900,795912
9901,777442
9902,757315
9903,1237920
9904,752577
9905,734634
9906,1088892
9907,2138104
9908,782856
9909,742074
9910,688213
9911,687166
9912,683684
9913,687912
9914,1118833
9915,691356
9916,1215165
9917,752519
9918,991995
9919,764270
9920,688156
9921,684027
9922,679923
9923,1267124
9924,699802
9925,1240763
9926,686763
9927,1154270
9928,1153717
9929,692469
9930,814885
9931,1205310
9932,698489
9933,1090985
9934,753430
9935,693919
9936,690013
9937,1627467
9938,762770
9939,679140
9940,676924
9941,1138268
9942,829908
9943,1034391
9944,933944
9945,662211
9946,648771
9947,1104726
9948,641306
9949,637054
9950,640386
9951,642563
9952,1053307
9953,647873
9954,3186635
9955,1622272
9956,1246742
9957,709835
9958,661741
9959,656249
9960,658631
9961,652801
9962,1101211
9963,836268
9964,1540455
9965,657007
9966,708290
9967,1100239
9968,655915
9969,647749
9970,651556
9971,645804
9972,1106139
9973,648466
9974,637618
9975,2176371
9976,724498
9977,941170
9978,653047
9979,648627
9980,650679
9981,665071
9982,657073
9983,1642682
9984,676537
9985,1224971
9986,859778
9987,671633
9988,642686
9989,641713
9990,644997
9991,650580
9992,1229969
9993,678823
9994,647873
9995,1115599
9996,694649
9997,1070463
9998,760277
9999,738075
