iteration,latency_ns
0,1481212
1,1212977
2,982227
3,1506249
4,950243
5,940185
6,1433118
7,918741
8,930594
9,1004055
10,1361000
11,960354
12,1556440
13,894621
14,877576
15,1345426
16,1248781
17,925885
18,933417
19,1402913
20,903101
21,886448
22,888717
23,1383368
24,904600
25,1402807
26,1307575
27,929345
28,950494
29,894967
30,1354914
31,1388452
32,890213
33,880379
34,877836
35,1257218
36,1344849
37,1043641
38,1509122
39,900711
40,885417
41,886097
42,892380
43,1299553
44,930627
45,974732
46,1351845
47,1367320
48,903916
49,896418
50,1338154
51,1078213
52,885730
53,1333238
54,906013
55,1388148
56,883559
57,1420049
58,879274
59,882608
60,873283
61,869897
62,1311147
63,1221229
64,954041
65,1426402
66,900843
67,1423481
68,1364057
69,940511
70,1375000
71,892129
72,883015
73,877301
74,1385333
75,899408
76,1318204
77,1247693
78,1305622
79,880581
80,882673
81,1271133
82,1284399
83,950362
84,892388
85,8945625
86,1018900
87,1628666
88,1552732
89,922725
90,891074
91,882480
92,882064
93,1377558
94,1423506
95,964943
96,1462363
97,1409864
98,949769
99,881808
100,1292903
101,1084847
102,892013
103,945641
104,1455886
105,881317
106,882022
107,1444840
108,879883
109,873963
110,876662
111,874816
112,1463936
113,1434152
114,898198
115,883592
116,1439636
117,1334261
118,965058
119,1363056
120,897451
121,869901
122,939704
123,1329778
124,880856
125,1316375
126,895615
127,890213
128,3845764
129,1035150
130,1516114
131,1503588
132,923454
133,907830
134,905338
135,1509789
136,1244623
137,1034107
138,1495707
139,905478
140,905128
141,898964
142,1852329
143,1123525
144,912795
145,1431173
146,943297
147,901510
148,1570351
149,1405160
150,906075
151,892697
152,886954
153,1535408
154,3259689
155,2063823
156,971503
157,1529116
158,1353233
159,960007
160,1502521
161,969013
162,903904
163,901094
164,896372
165,1443736
166,1309652
167,913936
168,7954317
169,1868629
170,1429015
171,1143921
172,978696
173,916709
174,901939
175,1426093
176,1277411
177,981770
178,1364853
179,964420
180,1264202
181,940252
182,891742
183,1382701
184,901106
185,887069
186,1339299
187,919355
188,1325374
189,1400879
190,885879
191,936960
192,884226
193,888565
194,1276390
195,1299190
196,973822
197,1271862
198,893962
199,1426262
200,1385906
201,970497
202,1269241
203,841390
204,832709
205,832565
206,821947
207,1213905
208,1175052
209,1062371
210,1431223
211,1296076
212,919684
213,837830
214,831539
215,884791
216,1269291
217,842593
218,835420
219,1258286
220,1404570
221,835597
222,1272171
223,847867
224,837974
225,836619
226,840685
227,1272191
228,856939
229,1553136
230,847150
231,840751
232,1393388
233,830323
234,837088
235,902021
236,1363806
237,855361
238,828148
239,1378255
240,848332
241,1772853
242,1458667
243,839639
244,1079795
245,829005
246,1309346
247,846890
248,1370225
249,887935
250,1283275
251,892364
252,1378350
253,897555
254,1380159
255,887827
256,893814
257,932827
258,881503
259,1416201
260,1396165
261,887419
262,1305102
263,1281989
264,875583
265,8982841
266,1177276
267,967048
268,1466248
269,906900
270,891465
271,971482
272,1520052
273,890032
274,885359
275,884646
276,885458
277,1496329
278,1378918
279,973645
280,1398468
281,958961
282,1282442
283,882257
284,1286505
285,962385
286,898404
287,1295470
288,881886
289,1407549
290,877758
291,1337342
292,899026
293,886724
294,877202
295,932959
296,1404434
297,1352607
298,906232
299,897019
300,1379186
301,962059
302,1288478
303,1381770
304,973353
305,886146
306,841464
307,834257
308,1317532
309,1321821
310,844570
311,1290172
312,922003
313,1286801
314,884631
315,840569
316,1320772
317,841390
318,827669
319,832503
320,1419724
321,895413
322,1284024
323,930911
324,882809
325,3822602
326,1126530
327,882013
328,854352
329,1549309
330,865175
331,1368354
332,1331500
333,2389117
334,1535903
335,1435319
336,915547
337,896883
338,1405716
339,907311
340,1289496
341,1443666
342,919128
343,896632
344,892846
345,885133
346,1299495
347,1412983
348,905906
349,878323
350,1378556
351,1337256
352,8468448
353,1192994
354,982771
355,930635
356,1547109
357,947581
358,1422480
359,1010726
360,1521589
361,903529
362,917010
363,899805
364,1439995
365,1470240
366,926491
367,945875
368,1298090
369,850631
370,846993
371,1325522
372,837203
373,840524
374,836301
375,842828
376,1163750
377,951702
378,1361371
379,840871
380,839474
381,847046
382,1327784
383,841279
384,1267907
385,839779
386,830550
387,829470
388,894490
389,1284272
390,855208
391,1430762
392,835580
393,832436
394,1281746
395,823789
396,821762
397,1618971
398,907052
399,884486
400,885957
401,880028
402,1424663
403,884882
404,1434095
405,957008
406,1281964
407,946695
408,895058
409,1254232
410,1432393
411,896244
412,884181
413,1352932
414,889376
415,1412720
416,1723049
417,908996
418,890456
419,882698
420,873799
421,1269282
422,903043
423,874289
424,1529611
425,1394232
426,946486
427,890818
428,883201
429,1334788
430,944244
431,1487656
432,890130
433,871784
434,1321146
435,1351754
436,930561
437,880432
438,1383352
439,883469
440,882780
441,871986
442,1352121
443,902717
444,1423358
445,1257116
446,914332
447,882154
448,875166
449,1213785
450,890910
451,8783269
452,1072898
453,1373286
454,933507
455,1659662
456,1459738
457,921756
458,900048
459,894514
460,1392643
461,912131
462,943391
463,1437453
464,1277469
465,940672
466,889521
467,1267197
468,1073878
469,847698
470,827687
471,1266992
472,850767
473,1372491
474,943984
475,1331191
476,832202
477,837225
478,841357
479,832132
480,1260338
481,897226
482,844760
483,1387950
484,893570
485,848344
486,1228193
487,838193
488,906726
489,843409
490,834208
491,830702
492,1267292
493,833220
494,860804
495,1391460
496,3958293
497,1079301
498,900052
499,873024
500,1357749
501,1181327
502,873316
503,1305214
504,1215573
505,1346188
506,1442380
507,912692
508,854253
509,842770
510,842325
511,1357000
512,1303372
513,849214
514,1308015
515,1347230
516,827200
517,834884
518,833306
519,1172555
520,922650
521,1311439
522,841097
523,837232
524,1349451
525,844142
526,922436
527,1245175
528,1042105
529,1003603
530,841822
531,1366846
532,859168
533,895511
534,1739629
535,1298140
536,845790
537,845893
538,838428
539,1251113
540,858710
541,2993700
542,9237879
543,1048882
544,1482720
545,1658644
546,1432520
547,983520
548,888746
549,884832
550,1327038
551,899318
552,890827
553,1475522
554,895681
555,1295663
556,886599
557,945163
558,1304946
559,1440081
560,903443
561,883629
562,1434922
563,880436
564,875850
565,1388332
566,1385807
567,947742
568,890489
569,884263
570,1253395
571,945999
572,1501458
573,899162
574,890172
575,1362599
576,1321307
577,931405
578,834286
579,1334335
580,864586
581,841748
582,839371
583,832449
584,1219689
585,1391629
586,859926
587,1404974
588,1317735
589,902170
590,846696
591,1247359
592,908349
593,843928
594,1212252
595,883732
596,1196200
597,1382939
598,839375
599,1188141
600,829453
601,826302
602,832750
603,834752
604,831597
605,1287613
606,1451432
607,841732
608,4760784
609,1153850
610,932654
611,920516
612,1387422
613,1149651
614,1354449
615,907456
616,1448338
617,891284
618,1306182
619,1454909
620,901016
621,873617
622,833273
623,824403
624,1246103
625,1370081
626,860210
627,1301555
628,833414
629,838543
630,1312605
631,899887
632,7511700
633,1032764
634,884832
635,1461938
636,890827
637,1407994
638,867108
639,858410
640,857037
641,853190
642,1267074
643,1370801
644,939893
645,1231423
646,859188
647,1297422
648,1280349
649,842836
650,1257528
651,841819
652,881194
653,837056
654,840232
655,1330948
656,837406
657,1315666
658,1187956
659,1315893
660,845465
661,834971
662,1325764
663,3453882
664,1098665
665,906121
666,1659777
667,879929
668,1343342
669,1075103
670,1410693
671,1003479
672,848423
673,836578
674,1185167
675,865509
676,1375671
677,1006148
678,1309318
679,827690
680,928460
681,1266531
682,1318213
683,875921
684,855324
685,1301044
686,856168
687,1310076
688,1351293
689,867553
690,882590
691,882105
692,885326
693,1409692
694,1346942
695,943094
696,1368878
697,952092
698,1352261
699,871776
700,875928
701,1362491
702,887535
703,890171
704,888808
705,1296792
706,893827
707,1385671
708,1524773
709,879776
710,885227
711,892483
712,889042
713,1342715
714,1338830
715,963493
716,1404368
717,891816
718,1347445
719,867252
720,880790
721,1333367
722,884881
723,886311
724,872731
725,9796087
726,1121672
727,1752055
728,942621
729,928060
730,908489
731,1322857
732,918538
733,910380
734,2500141
735,999049
736,1440303
737,1415508
738,845918
739,843882
740,1167528
741,854990
742,840953
743,845036
744,2069937
745,1359203
746,865846
747,1368977
748,840755
749,844537
750,843614
751,841237
752,1407899
753,1378601
754,928509
755,1400158
756,853247
757,1253795
758,1302359
759,909684
760,1287312
761,850528
762,849238
763,839968
764,1219767
765,863432
766,1301078
767,1464633
768,1233759
769,858035
770,845700
771,851513
772,918048
773,1249176
774,1210596
775,855455
776,1219128
777,1227365
778,910850
779,1345410
780,892112
781,1193238
782,843969
783,840232
784,838225
785,1183613
786,903652
787,1324187
788,847817
789,1269084
790,847458
791,856494
792,899866
793,1217204
794,1408451
795,909569
796,843800
797,1244278
798,841764
799,1233157
800,896154
801,1427020
802,861212
803,838494
804,834023
805,836779
806,839647
807,2593811
808,901235
809,1302969
810,1389165
811,942229
812,856610
813,1273938
814,954569
815,859592
816,846465
817,1174858
818,866222
819,1287864
820,8861653
821,1086531
822,974848
823,894885
824,1363971
825,915461
826,1413296
827,914196
828,1382993
829,927797
830,1419831
831,942201
832,4099930
833,980607
834,928460
835,907888
836,1583102
837,1546907
838,1295169
839,1411842
840,895981
841,896183
842,1461806
843,1378865
844,909096
845,884201
846,1390775
847,3165743
848,2334068
849,2504566
850,1401311
851,2346569
852,2379093
853,2123086
854,1425887
855,1353452
856,2498065
857,1502402
858,2001568
859,2144510
860,1398283
861,2254838
862,1346093
863,1309816
864,2216031
865,2021822
866,2076451
867,1912879
868,2657693
869,1390434
870,1005168
871,1651846
872,1030185
873,1753304
874,1527316
875,923437
876,897411
877,888202
878,1405081
879,1398241
880,943144
881,1516138
882,1437358
883,931876
884,898247
885,894782
886,1373385
887,956954
888,1485538
889,897909
890,891535
891,1580704
892,9553826
893,1688448
894,1100840
895,922416
896,899017
897,1420638
898,916891
899,1355541
900,1930397
901,896080
902,884404
903,881746
904,882331
905,1371828
906,1414108
907,897962
908,883340
909,1550425
910,1365882
911,958722
912,1515846
913,897193
914,879064
915,883695
916,885026
917,1372359
918,1472667
919,997138
920,1505426
921,1401764
922,987092
923,901461
924,1537971
925,902483
926,877869
927,1693220
928,940009
929,1461728
930,881157
931,1333473
932,877713
933,868731
934,847685
935,5415134
936,1553763
937,1157710
938,889060
939,1390525
940,858871
941,849246
942,949657
943,1313565
944,1495311
945,888264
946,886649
947,1482687
948,1463928
949,1122360
950,1455017
951,899772
952,878998
953,884766
954,876856
955,1349702
956,1468007
957,920830
958,1474632
959,1059574
960,893386
961,1317715
962,1371078
963,899904
964,879023
965,1437609
966,878265
967,878994
968,1548633
969,893328
970,896294
971,890880
972,889871
973,1447048
974,1459129
975,893459
976,884614
977,1244632
978,9849373
979,1456331
980,1845659
981,972211
982,914765
983,893863
984,1503810
985,1560103
986,907513
987,1640857
988,1013870
989,861714
990,845757
991,1258405
992,1065066
993,851274
994,842275
995,1267803
996,847006
997,1517918
998,1364712
999,842725
1000,830686
1001,837220
1002,838815
1003,830137
1004,1309931
1005,1250350
1006,855114
1007,1424351
1008,857817
1009,1334520
1010,853156
1011,1281894
1012,845015
1013,836870
1014,830953
1015,849984
1016,1566576
1017,868096
1018,1396675
1019,1294601
1020,838967
1021,836149
1022,834753
1023,825767
1024,830492
1025,1344079
1026,954445
1027,829656
1028,825387
1029,1246980
1030,1375664
1031,924150
1032,1369788
1033,844191
1034,838683
1035,834452
1036,833236
1037,1328633
1038,1413675
1039,839741
1040,827625
1041,1255604
1042,908803
1043,911271
1044,1244277
1045,905841
1046,959055
1047,831171
1048,831823
1049,842420
1050,1228745
1051,909520
1052,1291012
1053,844159
1054,827356
1055,827823
1056,991411
1057,1298918
1058,886826
1059,1452639
1060,842312
1061,1241274
1062,1310587
1063,905672
1064,840425
1065,1456668
1066,938010
1067,854133
1068,1379055
1069,851924
1070,833632
1071,2043720
1072,967861
1073,876539
1074,1018797
1075,890601
1076,1373196
1077,857083
1078,9686612
1079,1086696
1080,1667790
1081,1453896
1082,999379
1083,1390727
1084,1018286
1085,925954
1086,916021
1087,907188
1088,1349500
1089,1490795
1090,920875
1091,1350394
1092,1386978
1093,1028549
1094,941851
1095,1442672
1096,925354
1097,900933
1098,915629
1099,1374189
1100,911929
1101,923696
1102,1620533
1103,1039332
1104,967123
1105,975730
1106,1727771
1107,1593139
1108,1280139
1109,1572138
1110,1038294
1111,1083050
1112,974321
1113,1564500
1114,959637
1115,945764
1116,1356381
1117,1121614
1118,1482526
1119,1526253
1120,1060496
1121,1034033
1122,1372903
1123,1022282
1124,1747770
1125,1123271
1126,1734396
1127,1639861
1128,1074018
1129,1017973
1130,1686133
1131,3289324
1132,1220995
1133,1062829
1134,1797491
1135,1013404
1136,2346741
1137,2079174
1138,3404432
1139,1221205
1140,1796395
1141,1671952
1142,1096214
1143,1770888
1144,5256601
1145,1988932
1146,1152799
1147,1662558
1148,12627182
1149,2364561
1150,1269732
1151,1786317
1152,1986714
1153,1184833
1154,1856079
1155,1179678
1156,1697752
1157,1761613
1158,1147608
1159,1131675
1160,1132252
1161,1856907
1162,1662500
1163,1139681
1164,1726741
1165,1859037
1166,1694498
1167,1298309
1168,1148889
1169,1125038
1170,1556127
1171,1543084
1172,1131004
1173,1518095
1174,1039995
1175,1364700
1176,1475530
1177,1618131
1178,1079535
1179,1068654
1180,1060270
1181,1583086
1182,1152906
1183,1709782
1184,1051391
1185,1120568
1186,1125207
1187,1674144
1188,1769339
1189,1144452
1190,1972587
1191,1747704
1192,1855576
1193,1142062
1194,1134567
1195,1129574
1196,1813242
1197,1807335
1198,1126125
1199,1800000
1200,1796416
1201,1615276
1202,1210625
1203,1355903
1204,1720882
1205,1141790
1206,1557080
1207,1903073
1208,1559320
1209,1060414
1210,1258146
1211,1808821
1212,1057634
1213,1059331
1214,1671379
1215,1057340
1216,1574767
1217,1486284
1218,1237961
1219,1051675
1220,1033135
1221,972104
1222,10441871
1223,1825969
1224,1107865
1225,1640330
1226,1948336
1227,1148176
1228,1037172
1229,1014046
1230,1012366
1231,1547921
1232,1009906
1233,1518384
1234,1628613
1235,1001917
1236,1515977
1237,1071217
1238,1002551
1239,1689281
1240,1010347
1241,998130
1242,1739167
1243,1091995
1244,991827
1245,1415892
1246,1000451
1247,996931
1248,1603471
1249,1011331
1250,1310747
1251,1857674
1252,1058708
1253,1056681
1254,1055742
1255,1744544
1256,1796193
1257,1082588
1258,1323346
1259,1643829
1260,2237756
1261,1172189
1262,1088583
1263,1065910
1264,1590119
1265,1277972
1266,1591923
1267,1735443
1268,1046715
1269,1048804
1270,1048412
1271,1751325
1272,1854835
1273,1083342
1274,1620253
1275,5117602
1276,2087641
1277,1390392
1278,1175484
1279,1724714
1280,1201939
1281,1753407
1282,1164104
1283,1985928
1284,1134098
1285,1586031
1286,1616227
1287,1086445
1288,1066025
1289,1655665
1290,1609916
1291,1192265
1292,10845027
1293,2053078
1294,1174883
1295,2164229
1296,1465077
1297,2016932
1298,1771659
1299,1685590
1300,1126109
1301,1099225
1302,1095002
1303,1598618
1304,1092902
1305,2063249
1306,1840287
1307,1067694
1308,1559828
1309,1145609
1310,1079202
1311,1079392
1312,1783648
1313,1067360
1314,1713252
1315,984839
1316,992910
1317,987476
1318,1588751
1319,1472535
1320,1181578
1321,997328
1322,1488418
1323,1687666
1324,1403647
1325,1057267
1326,1004945
1327,988790
1328,1679307
1329,1006647
1330,1574833
1331,1385061
1332,1461761
1333,1001959
1334,995477
1335,1385774
1336,1539222
1337,1011946
1338,994233
1339,4689639
1340,1999895
1341,1275561
1342,1555774
1343,967688
1344,956143
1345,1648755
1346,971124
1347,969401
1348,1423357
1349,1831940
1350,1612218
1351,953407
1352,962974
1353,949188
1354,947181
1355,1577890
1356,1428430
1357,2027966
1358,1447802
1359,1367093
1360,1456108
1361,936193
1362,939815
1363,935546
1364,923537
1365,9881434
1366,1110226
1367,1823869
1368,978675
1369,1516352
1370,1429760
1371,959999
1372,940362
1373,936432
1374,1414026
1375,1507951
1376,1029690
1377,933548
1378,1452001
1379,1313046
1380,990088
1381,942143
1382,1511952
1383,1008645
1384,1065058
1385,937721
1386,1344589
1387,1278870
1388,1207391
1389,1441729
1390,929675
1391,923388
1392,1129991
1393,974646
1394,998531
1395,1343860
1396,887098
1397,1261805
1398,1370073
1399,891111
1400,1254194
1401,1093631
1402,885742
1403,926717
1404,926671
1405,1529528
1406,1384749
1407,949724
1408,1438495
1409,1780480
1410,961343
1411,997051
1412,1385477
1413,944895
1414,4236947
1415,1240471
1416,1583555
1417,1643626
1418,1000458
1419,961998
1420,942242
1421,1421128
1422,960168
1423,1005329
1424,1545877
1425,1611617
1426,936527
1427,1423765
1428,1019481
1429,1635542
1430,946930
1431,936099
1432,1374090
1433,953910
1434,1530570
1435,1407726
1436,941294
1437,924224
1438,922535
1439,931212
1440,1391044
1441,1546281
1442,1271388
1443,1436719
1444,936292
1445,947281
1446,1297196
1447,11008047
1448,1244430
1449,1587091
1450,951087
1451,1737676
1452,1379722
1453,922852
1454,908539
1455,905486
1456,1550409
1457,950584
1458,903789
1459,1339835
1460,1327722
1461,943222
1462,899219
1463,906672
1464,1261870
1465,1055141
1466,1785291
1467,906215
1468,3949274
1469,2126164
1470,2366995
1471,942822
1472,914209
1473,1320722
1474,1441490
1475,944203
1476,1329951
1477,910455
1478,1405893
1479,1222964
1480,955166
1481,880312
1482,870403
1483,865558
1484,1397162
1485,883209
1486,1531395
1487,905861
1488,1371362
1489,1352740
1490,979994
1491,924451
1492,1358178
1493,922667
1494,914575
1495,924517
1496,2042703
1497,1643576
1498,944066
1499,1526797
1500,1356493
1501,882739
1502,1193061
1503,2534391
1504,1002572
1505,1393857
1506,868957
1507,1279846
1508,876287
1509,1543401
1510,953551
1511,1252361
1512,885759
1513,920282
1514,873729
1515,1388774
1516,877317
1517,865657
1518,859856
1519,1300443
1520,1323351
1521,922160
1522,1509447
1523,874252
1524,871759
1525,858529
1526,862027
1527,1290427
1528,877721
1529,1343770
1530,1409740
1531,933548
1532,947108
1533,872530
1534,7990631
1535,1293537
1536,1692479
1537,924216
1538,1236136
1539,3449127
1540,2117874
1541,1234773
1542,954137
1543,1627117
1544,939518
1545,1035702
1546,1582167
1547,1413700
1548,955669
1549,1098232
1550,1573474
1551,909845
1552,890827
1553,916215
1554,1416824
1555,932242
1556,1388753
1557,1809959
1558,951054
1559,923689
1560,926301
1561,1422134
1562,983216
1563,4782259
1564,1178632
1565,1580926
1566,976895
1567,955718
1568,1424112
1569,1022979
1570,945541
1571,948488
1572,1834544
1573,944553
1574,1597522
1575,1339308
1576,996993
1577,934026
1578,936045
1579,1838223
1580,1185211
1581,942839
1582,1372260
1583,952686
1584,1290233
1585,1296627
1586,986722
1587,926593
1588,935290
1589,927558
1590,1293925
1591,913957
1592,881281
1593,1473578
1594,883130
1595,1236252
1596,1338570
1597,950095
1598,901346
1599,1597922
1600,887375
1601,877659
1602,875022
1603,1415484
1604,884754
1605,1403144
1606,1425599
1607,895466
1608,1021405
1609,1441552
1610,1326284
1611,947367
1612,870169
1613,1174022
1614,881276
1615,1259980
1616,971139
1617,8451147
1618,1215351
1619,971041
1620,1638204
1621,943758
1622,951207
1623,1505047
1624,916569
1625,1395019
1626,892347
1627,1309998
1628,1156998
1629,1456215
1630,916108
1631,897856
1632,896348
1633,1387480
1634,1265978
1635,1537183
1636,889653
1637,963806
1638,892096
1639,897588
1640,1320553
1641,1242629
1642,957260
1643,1488110
1644,910904
1645,1317244
1646,2005099
1647,951541
1648,882780
1649,874705
1650,872385
1651,1473824
1652,1265323
1653,954281
1654,1559638
1655,1443426
1656,970513
1657,893176
1658,1278384
1659,1112912
1660,895870
1661,898614
1662,3904443
1663,1775782
1664,1708572
1665,1444959
1666,995069
1667,910324
1668,905259
1669,1331303
1670,1090104
1671,892384
1672,889401
1673,1418969
1674,899685
1675,892487
1676,1372169
1677,895672
1678,891041
1679,1006819
1680,874722
1681,1335191
1682,1333366
1683,1083915
1684,891609
1685,1461007
1686,1342311
1687,945154
1688,935431
1689,1405724
1690,899001
1691,888767
1692,876690
1693,1303665
1694,887423
1695,1353642
1696,1253226
1697,1372400
1698,884045
1699,877519
1700,1377669
1701,962805
1702,895338
1703,1260370
1704,925147
1705,8112001
1706,1920838
1707,1659336
1708,992223
1709,918687
1710,1362355
1711,971569
1712,1572715
1713,899545
1714,885100
1715,1393491
1716,1492827
1717,1541728
1718,1306552
1719,906590
1720,897126
1721,3438909
1722,1587259
1723,1178422
1724,1590317
1725,934611
1726,1536038
1727,1384328
1728,894424
1729,1316610
1730,965117
1731,897068
1732,1073977
1733,1386784
1734,908927
1735,1366274
1736,1386425
1737,1514770
1738,897662
1739,893488
1740,934644
1741,1412093
1742,1468090
1743,905470
1744,892153
1745,1361787
1746,898190
1747,1316470
1748,1322996
1749,1094524
1750,904114
1751,888375
1752,895998
1753,1375589
1754,935699
1755,1320318
1756,881383
1757,872089
1758,1229944
1759,1491574
1760,935299
1761,1480718
1762,886287
1763,879266
1764,869085
1765,882129
1766,1327636
1767,951318
1768,1512351
1769,1300842
1770,1361651
1771,883876
1772,882591
1773,1480441
1774,938496
1775,885726
1776,1272422
1777,1058865
1778,1426168
1779,880707
1780,1395127
1781,882813
1782,875393
1783,872871
1784,873683
1785,1451156
1786,1666208
1787,858962
1788,836569
1789,1397438
1790,1163359
1791,1248846
1792,897770
1793,848485
1794,8698143
1795,1183737
1796,1450282
1797,912918
1798,987085
1799,1554492
1800,1252011
1801,910130
1802,855608
1803,849572
1804,840772
1805,1263444
1806,1255636
1807,914468
1808,1331030
1809,851479
1810,1368832
1811,1375696
1812,975001
1813,894630
1814,888565
1815,884214
1816,1403751
1817,894947
1818,1412209
1819,913380
1820,1295565
1821,1349282
1822,952805
1823,880428
1824,1314554
1825,1009964
1826,893233
1827,876221
1828,1272315
1829,893031
1830,1331669
1831,1461575
1832,905746
1833,887226
1834,877148
1835,943580
1836,889504
1837,965042
1838,1324895
1839,889516
1840,1312202
1841,1345743
1842,7951243
1843,1668009
1844,964251
1845,921164
1846,910241
1847,1498294
1848,916326
1849,1308703
1850,1138712
1851,7606112
1852,1713659
1853,1406577
1854,968738
1855,1482626
1856,908576
1857,890757
1858,882578
1859,3144850
1860,2308215
1861,1609343
1862,919285
1863,890926
1864,893159
1865,1458489
1866,962051
1867,879892
1868,867898
1869,1363117
1870,879851
1871,1294560
1872,978313
1873,1306512
1874,10185234
1875,1097339
1876,1505768
1877,952328
1878,1559378
1879,870004
1880,857257
1881,1316392
1882,847240
1883,846169
1884,1322806
1885,1529738
1886,858563
1887,845333
1888,1235951
1889,853120
1890,1290097
1891,917026
1892,1353745
1893,839672
1894,1012156
1895,831345
1896,1227777
1897,1303047
1898,893468
1899,870457
1900,1232349
1901,886892
1902,1219470
1903,1537159
1904,880053
1905,872402
1906,860565
1907,864372
1908,1344808
1909,1293385
1910,941265
1911,1338763
1912,897143
1913,1376446
1914,1283826
1915,946238
1916,1331920
1917,899685
1918,884482
1919,966043
1920,1398469
1921,899714
1922,1722349
1923,895536
1924,1377484
1925,1279905
1926,831229
1927,830093
1928,1310562
1929,830278
1930,825824
1931,883860
1932,1347123
1933,847768
1934,1479828
1935,1306619
1936,1295812
1937,844628
1938,841785
1939,841043
1940,1244983
1941,946737
1942,1234084
1943,833471
1944,873324
1945,1320747
1946,1327952
1947,951029
1948,1439916
1949,894848
1950,1070154
1951,883427
1952,1383471
1953,1287514
1954,903385
1955,1368086
1956,898325
1957,1388110
1958,884733
1959,1055449
1960,948479
1961,1410853
1962,882920
1963,877391
1964,1409086
1965,878504
1966,873160
1967,1318728
1968,1474080
1969,884403
1970,8112389
1971,1996142
1972,1032987
1973,876732
1974,849832
1975,1320084
1976,856803
1977,1255542
1978,903814
1979,1211152
1980,1061852
1981,828869
1982,832325
1983,825469
1984,1365342
1985,1345286
1986,856066
1987,1212813
1988,1398076
1989,1436480
1990,911003
1991,834843
1992,930969
1993,1357008
1994,883596
1995,874849
1996,1294473
1997,912181
1998,1403668
1999,1536504
2000,903694
2001,893871
2002,884556
2003,879340
2004,1357251
2005,1414438
2006,902733
2007,886789
2008,1453200
2009,889055
2010,960733
2011,1416275
2012,897036
2013,883201
2014,886204
2015,1361960
2016,897658
2017,1575698
2018,893076
2019,1305758
2020,951986
2021,1332514
2022,887741
2023,1389737
2024,883988
2025,876180
2026,1373393
2027,881755
2028,1233639
2029,1386293
2030,1283934
2031,900756
2032,894218
2033,879710
2034,887667
2035,1503823
2036,1388901
2037,884297
2038,881758
2039,1399650
2040,1370950
2041,953082
2042,880234
2043,1382943
2044,1120802
2045,890316
2046,882154
2047,1426373
2048,1280357
2049,981033
2050,1348590
2051,3953715
2052,1592241
2053,963769
2054,1301790
2055,998823
2056,892734
2057,8749718
2058,1077080
2059,2221511
2060,1036250
2061,1054922
2062,909553
2063,900452
2064,1292166
2065,903578
2066,1330487
2067,891688
2068,876378
2069,1328212
2070,1419089
2071,934413
2072,896867
2073,1459729
2074,901489
2075,883926
2076,891057
2077,1465696
2078,1201890
2079,891996
2080,1997398
2081,994550
2082,895129
2083,880103
2084,882900
2085,1365363
2086,1393746
2087,894724
2088,884622
2089,1605021
2090,1334825
2091,931405
2092,1447167
2093,876039
2094,873218
2095,868788
2096,877766
2097,1290616
2098,976747
2099,947045
2100,1254466
2101,1361366
2102,940260
2103,877852
2104,1182114
2105,921727
2106,1322403
2107,970864
2108,881239
2109,4380759
2110,2025703
2111,1085992
2112,1496263
2113,1015196
2114,899985
2115,891123
2116,1367452
2117,899075
2118,1368057
2119,887876
2120,885718
2121,880523
2122,874808
2123,1558884
2124,1512521
2125,905148
2126,884078
2127,1375568
2128,1348656
2129,967102
2130,1390830
2131,1066916
2132,882479
2133,872344
2134,1334504
2135,877795
2136,1417111
2137,881091
2138,1241793
2139,920096
2140,870103
2141,923087
2142,1177676
2143,923779
2144,8782790
2145,1121322
2146,1468943
2147,1772190
2148,1769454
2149,918196
2150,916894
2151,922000
2152,1629663
2153,907987
2154,1427791
2155,867585
2156,850965
2157,1307373
2158,833088
2159,835968
2160,1221641
2161,1282330
2162,910014
2163,886875
2164,1273369
2165,890312
2166,1344087
2167,1401579
2168,958339
2169,890398
2170,931104
2171,934611
2172,1339315
2173,1583580
2174,911036
2175,880980
2176,1345830
2177,1267898
2178,936036
2179,1422311
2180,1138193
2181,951767
2182,960254
2183,1586505
2184,936375
2185,1500786
2186,948895
2187,1603806
2188,1064967
2189,958536
2190,1518597
2191,1353736
2192,953097
2193,948545
2194,1330684
2195,952109
2196,1559931
2197,1587305
2198,947848
2199,1005094
2200,987562
2201,1801142
2202,1563577
2203,955558
2204,1043081
2205,1610835
2206,954663
2207,1491363
2208,928712
2209,938468
2210,954519
2211,926528
2212,984637
2213,1049525
2214,4933244
2215,1228732
2216,1882378
2217,1047011
2218,1232309
2219,3562796
2220,1471027
2221,1044152
2222,1015480
2223,23023000
2224,1328196
2225,1089494
2226,1046752
2227,1709222
2228,1492777
2229,8621472
2230,2212867
2231,1175159
2232,1886094
2233,1255703
2234,1622486
2235,7497238
2236,3735498
2237,1293253
2238,1127926
2239,1096235
2240,9015848
2241,2763955
2242,2900099
2243,1750226
2244,1106258
2245,1440370
2246,8683344
2247,1869329
2248,1128915
2249,1539689
2250,1702445
2251,1696887
2252,1076297
2253,8568825
2254,1792469
2255,1120979
2256,1766492
2257,1095781
2258,1543660
2259,2027813
2260,19165970
2261,1711257
2262,9323953
2263,1279336
2264,1658314
2265,1854283
2266,1101195
2267,1090165
2268,1088113
2269,9333335
2270,1816163
2271,1202524
2272,1765630
2273,1614019
2274,1978977
2275,1097376
2276,8534662
2277,1965674
2278,1041453
2279,1007957
2280,1508948
2281,1488327
2282,1047745
2283,12300109
2284,1199171
2285,1055083
2286,1736699
2287,1673436
2288,1126059
2289,1462363
2290,10639327
2291,1337911
2292,1077282
2293,1663114
2294,1057031
2295,1630293
2296,8254924
2297,1786260
2298,16768000
2299,1192978
2300,1726357
2301,1299129
2302,2130441
2303,1672043
2304,1064304
2305,7599429
2306,1568381
2307,1119942
2308,981123
2309,1486877
2310,968693
2311,1587865
2312,8399325
2313,1916579
2314,1076557
2315,1022793
2316,1023230
2317,11908440
2318,1138020
2319,1388056
2320,1582871
2321,1516229
2322,1054218
2323,971251
2324,969595
2325,967341
2326,7811147
2327,1851539
2328,992049
2329,1554970
2330,978400
2331,1478452
2332,1564409
2333,4864434
2334,1769664
2335,1009497
2336,972013
2337,5003343
2338,17301112
2339,2482791
2340,2362496
2341,1176724
2342,1109081
2343,1863821
2344,2520585
2345,1254236
2346,1158341
2347,1723231
2348,1194416
2349,1650119
2350,1991124
2351,1267762
2352,1248855
2353,1247710
2354,2200190
2355,1243013
2356,1871983
2357,1888302
2358,1278639
2359,6234012
2360,1799613
2361,1220830
2362,2143060
2363,1217823
2364,1905277
2365,1164607
2366,1856507
2367,1319382
2368,1172035
2369,1846290
2370,1293587
2371,2155499
2372,2037170
2373,1316804
2374,1940285
2375,1240747
2376,2083104
2377,1128606
2378,1833612
2379,2075247
2380,1828087
2381,1140888
2382,1149173
2383,1123649
2384,1822010
2385,2047816
2386,1239165
2387,1824264
2388,1255208
2389,1785691
2390,1255447
2391,1247459
2392,2233430
2393,2029025
2394,1251677
2395,1918840
2396,1211679
2397,1900399
2398,1220175
2399,12879778
2400,1288787
2401,2222826
2402,2039370
2403,1458567
2404,1812888
2405,1356628
2406,2065907
2407,1286323
2408,1945189
2409,1482497
2410,1357292
2411,1167253
2412,1763179
2413,1188475
2414,1595393
2415,1221205
2416,4334672
2417,1196353
2418,2052876
2419,1177033
2420,1172542
2421,1402197
2422,1851765
2423,1930785
2424,1770328
2425,1172757
2426,1729971
2427,1234418
2428,1412517
2429,1884310
2430,1154636
2431,1937027
2432,1688251
2433,1136896
2434,1348647
2435,1884611
2436,1717220
2437,1337346
2438,1901301
2439,1651285
2440,1136961
2441,1966786
2442,1157953
2443,1143500
2444,1141349
2445,1710211
2446,1153207
2447,1829254
2448,1415357
2449,1149804
2450,1700191
2451,1554027
2452,1153911
2453,1084748
2454,2028056
2455,5245221
2456,1295746
2457,1101957
2458,1071283
2459,1647721
2460,1936565
2461,1067167
2462,1854946
2463,13571662
2464,2875588
2465,1808068
2466,1235625
2467,1827510
2468,6852051
2469,1444114
2470,1229841
2471,1821066
2472,1200876
2473,1985442
2474,1508685
2475,1889477
2476,1221563
2477,1888821
2478,1345994
2479,1250722
2480,2155037
2481,1883700
2482,1952877
2483,1295412
2484,1268808
2485,1905084
2486,2119403
2487,1260127
2488,1867715
2489,1937925
2490,2032716
2491,1250181
2492,1332287
2493,1807853
2494,1232902
2495,1998606
2496,1955521
2497,1230685
2498,2306607
2499,1969381
2500,1272302
2501,1647231
2502,1822047
2503,1922866
2504,2179659
2505,1234777
2506,1218787
2507,1818739
2508,1246815
2509,1930266
2510,1381514
2511,1999635
2512,1234150
2513,1862107
2514,1226162
2515,1201445
2516,1736205
2517,2099511
2518,2480863
2519,1249551
2520,1230368
2521,1764085
2522,1320034
2523,195311840
2524,2512778
2525,1893831
2526,995581
2527,945195
2528,913821
2529,1462115
2530,1503213
2531,1032476
2532,904958
2533,1466499
2534,2049497
2535,1045343
2536,1644240
2537,948496
2538,933404
2539,996507
2540,1341092
2541,957066
2542,1491071
2543,954552
2544,1432389
2545,933000
2546,938084
2547,928818
2548,1261944
2549,1032225
2550,937384
2551,1385650
2552,934636
2553,1389223
2554,1346765
2555,1010198
2556,943799
2557,1193317
2558,1349703
2559,886790
2560,886390
2561,1385848
2562,1349517
2563,921765
2564,878178
2565,877688
2566,1483680
2567,1388921
2568,885796
2569,885771
2570,889331
2571,1353769
2572,1358408
2573,1401163
2574,884906
2575,931405
2576,881845
2577,878425
2578,1329184
2579,880045
2580,963666
2581,1453060
2582,890798
2583,1258858
2584,1460331
2585,936036
2586,1397582
2587,895528
2588,880143
2589,878100
2590,1316350
2591,889542
2592,886757
2593,1660173
2594,1341549
2595,1293447
2596,881252
2597,883703
2598,1648418
2599,963810
2600,894222
2601,1165794
2602,971404
2603,1213624
2604,879435
2605,1495780
2606,2506717
2607,1389478
2608,920158
2609,895762
2610,970423
2611,1502949
2612,8169345
2613,1968751
2614,1576852
2615,1268558
2616,1008439
2617,921554
2618,3944449
2619,1037539
2620,1595566
2621,1497305
2622,1745203
2623,961923
2624,975083
2625,956954
2626,995844
2627,1434630
2628,1523686
2629,954886
2630,1343152
2631,1539528
2632,1424568
2633,1013754
2634,1666707
2635,962446
2636,960646
2637,1386795
2638,950185
2639,1881253
2640,1547920
2641,1466037
2642,1193255
2643,902289
2644,889142
2645,1321159
2646,955426
2647,897711
2648,1345768
2649,1311324
2650,1405085
2651,928719
2652,1352306
2653,890724
2654,883567
2655,883930
2656,879908
2657,1380265
2658,1282615
2659,951557
2660,1478089
2661,5892694
2662,11165430
2663,2642873
2664,1215532
2665,939975
2666,1312589
2667,910398
2668,888630
2669,1395061
2670,1461468
2671,902870
2672,888890
2673,1183997
2674,1562147
2675,1361218
2676,2918879
2677,3309109
2678,1571697
2679,1450843
2680,8052986
2681,1832817
2682,1010408
2683,934290
2684,904044
2685,1646164
2686,912935
2687,1377596
2688,974597
2689,1499983
2690,927244
2691,1609393
2692,965322
2693,949690
2694,940244
2695,1577029
2696,1508891
2697,1625655
2698,942518
2699,881218
2700,880078
2701,1214959
2702,944244
2703,876237
2704,1357115
2705,920281
2706,937063
2707,1853245
2708,1020152
2709,892087
2710,880317
2711,874614
2712,881433
2713,1339373
2714,1311592
2715,886212
2716,944796
2717,1371000
2718,1396577
2719,957041
2720,1405398
2721,906751
2722,878648
2723,876980
2724,1241682
2725,1107573
2726,1324962
2727,1485044
2728,1289187
2729,888445
2730,879216
2731,883600
2732,1420169
2733,897863
2734,1067208
2735,1330235
2736,885627
2737,1283233
2738,886258
2739,1522862
2740,883526
2741,883151
2742,885426
2743,975660
2744,1324471
2745,1278817
2746,954754
2747,1283707
2748,881993
2749,1444984
2750,873815
2751,878503
2752,1316840
2753,891527
2754,884321
2755,883859
2756,1272249
2757,887444
2758,882072
2759,1360456
2760,943066
2761,867408
2762,1059977
2763,880988
2764,874404
2765,1325975
2766,1156478
2767,888474
2768,1430271
2769,1385897
2770,1196307
2771,1066680
2772,1319123
2773,9374502
2774,1645134
2775,987126
2776,1617794
2777,952789
2778,928398
2779,1452462
2780,908819
2781,963225
2782,1295029
2783,964231
2784,891190
2785,1350988
2786,913088
2787,888989
2788,1808714
2789,994455
2790,958046
2791,899916
2792,897551
2793,1209339
2794,953510
2795,1381134
2796,893971
2797,875561
2798,1418195
2799,1318064
2800,1011117
2801,1367538
2802,905210
2803,895709
2804,887370
2805,1400994
2806,902590
2807,1283402
2808,1316293
2809,1042434
2810,895738
2811,883266
2812,880947
2813,874355
2814,1329740
2815,1505233
2816,907139
2817,882306
2818,1219121
2819,1458725
2820,933907
2821,1270272
2822,842177
2823,835766
2824,835799
2825,840508
2826,1233264
2827,838543
2828,1117432
2829,1625708
2830,1261211
2831,867766
2832,836845
2833,837587
2834,832367
2835,1427000
2836,838930
2837,829776
2838,829779
2839,1271754
2840,831983
2841,1266592
2842,1404599
2843,856395
2844,838910
2845,3295480
2846,1277890
2847,1469573
2848,1423963
2849,877498
2850,1434857
2851,858537
2852,842032
2853,1233314
2854,1236318
2855,1037807
2856,841583
2857,1254063
2858,845320
2859,1364324
2860,1334883
2861,831436
2862,832577
2863,842626
2864,8212981
2865,996161
2866,1598779
2867,987872
2868,1320998
2869,928592
2870,1346687
2871,1365194
2872,1002065
2873,918127
2874,905639
2875,1385799
2876,1002263
2877,900254
2878,1443810
2879,1285330
2880,952830
2881,893039
2882,886245
2883,1300863
2884,942505
2885,1597374
2886,919808
2887,898037
2888,1306261
2889,1242864
2890,926862
2891,885611
2892,1441919
2893,902458
2894,887486
2895,1056875
2896,1364148
2897,1339900
2898,970699
2899,1376623
2900,1290159
2901,868764
2902,878557
2903,1258566
2904,1508652
2905,908374
2906,872677
2907,1288977
2908,887695
2909,1688160
2910,1445721
2911,878739
2912,917447
2913,885524
2914,1223833
2915,887646
2916,1400841
2917,886430
2918,873440
2919,1321315
2920,1303072
2921,945681
2922,1083787
2923,1445293
2924,842275
2925,832417
2926,830760
2927,1329147
2928,831922
2929,1501639
2930,1355133
2931,1387001
2932,844027
2933,843507
2934,829545
2935,1270189
2936,1092815
2937,841901
2938,830208
2939,1274635
2940,846519
2941,985403
2942,1365367
2943,1244711
2944,887592
2945,844545
2946,840125
2947,838452
2948,1227212
2949,1224695
2950,847685
2951,1167343
2952,826541
2953,1125775
2954,9112155
2955,1146133
2956,928477
2957,880766
2958,1320631
2959,871339
2960,845732
2961,1492134
2962,1400244
2963,916944
2964,873996
2965,879290
2966,1246313
2967,928291
2968,1332275
2969,892055
2970,885001
2971,1478559
2972,1371329
2973,957910
2974,1335365
2975,891226
2976,876513
2977,879974
2978,1294843
2979,889047
2980,882900
2981,1619124
2982,1362339
2983,937347
2984,877214
2985,875619
2986,1194466
2987,930335
2988,1300299
2989,894926
2990,879191
2991,1542037
2992,1344874
2993,882236
2994,1164060
2995,1078197
2996,841798
2997,829087
2998,828827
2999,894329
3000,884503
3001,1320656
3002,923268
3003,1147101
3004,829907
3005,829833
3006,831576
3007,1365404
3008,1230553
3009,847862
3010,882162
3011,1170965
3012,835304
3013,1284972
3014,1272365
3015,912869
3016,860775
3017,840359
3018,840726
3019,1279788
3020,999486
3021,1183836
3022,931785
3023,1289047
3024,1267738
3025,870313
3026,875030
3027,1277803
3028,1260280
3029,1082057
3030,890481
3031,1174858
3032,828469
3033,1263836
3034,1352542
3035,826813
3036,833438
3037,829062
3038,833430
3039,835070
3040,1325835
3041,1408723
3042,825519
3043,826290
3044,1345900
3045,899685
3046,1151971
3047,846016
3048,1303582
3049,979359
3050,827748
3051,836870
3052,1182658
3053,851834
3054,834546
3055,8445103
3056,1017339
3057,1615742
3058,958808
3059,911012
3060,886212
3061,1713824
3062,924872
3063,1341565
3064,1397599
3065,898120
3066,884745
3067,2671920
3068,938282
3069,1369343
3070,918476
3071,1378164
3072,904006
3073,1465210
3074,1357502
3075,942245
3076,886447
3077,881927
3078,1267585
3079,932650
3080,1493547
3081,855860
3082,840887
3083,1280905
3084,840434
3085,1246136
3086,1169893
3087,1043876
3088,862736
3089,834616
3090,841715
3091,1370513
3092,839239
3093,1216912
3094,1365630
3095,931406
3096,1208993
3097,1022526
3098,846033
3099,1552548
3100,907629
3101,842218
3102,1147331
3103,841909
3104,1214008
3105,1248323
3106,1763830
3107,917974
3108,841180
3109,840323
3110,835123
3111,1352533
3112,844937
3113,1152304
3114,904609
3115,1169803
3116,1034886
3117,834834
3118,836067
3119,837599
3120,895861
3121,1397182
3122,847071
3123,830335
3124,1253939
3125,854269
3126,1865782
3127,904950
3128,839626
3129,828160
3130,821469
3131,820591
3132,1300620
3133,845555
3134,1226512
3135,845481
3136,3357150
3137,1872423
3138,912384
3139,1216920
3140,932868
3141,863128
3142,848200
3143,939621
3144,8314958
3145,983146
3146,1810844
3147,1341009
3148,990624
3149,925563
3150,911962
3151,1328443
3152,1132017
3153,907559
3154,900439
3155,1544476
3156,916800
3157,1385185
3158,988684
3159,906792
3160,898021
3161,896549
3162,1392861
3163,942052
3164,992128
3165,1489646
3166,1339617
3167,954025
3168,891140
3169,888961
3170,1335480
3171,950569
3172,1570927
3173,977662
3174,1217773
3175,886118
3176,1410025
3177,1293821
3178,1337021
3179,908041
3180,887535
3181,886954
3182,1482172
3183,931455
3184,887901
3185,1364819
3186,896002
3187,1283035
3188,883786
3189,882393
3190,875751
3191,1591091
3192,1073767
3193,886624
3194,1341306
3195,895445
3196,1312576
3197,936853
3198,1345377
3199,878941
3200,882240
3201,1041840
3202,884507
3203,1300385
3204,1448432
3205,892965
3206,886571
3207,1445450
3208,1306721
3209,934496
3210,1462989
3211,895194
3212,879831
3213,884082
3214,1312008
3215,889517
3216,950762
3217,1365594
3218,1280399
3219,1029472
3220,971577
3221,1321533
3222,1081880
3223,849474
3224,836787
3225,1342756
3226,876143
3227,1208428
3228,833624
3229,1308065
3230,844266
3231,838131
3232,838881
3233,844476
3234,1356901
3235,848637
3236,894147
3237,1259975
3238,894650
3239,1209932
3240,844015
3241,838658
3242,8993372
3243,1016836
3244,933849
3245,925708
3246,1453620
3247,1237059
3248,1575142
3249,902375
3250,900151
3251,1075551
3252,897263
3253,1252814
3254,1329625
3255,975334
3256,1276237
3257,898198
3258,1357032
3259,888408
3260,1501149
3261,976789
3262,892392
3263,890197
3264,888965
3265,1336621
3266,898828
3267,1414899
3268,3957188
3269,1725669
3270,941215
3271,916928
3272,1534390
3273,929449
3274,908320
3275,1306730
3276,1677881
3277,896269
3278,1229528
3279,846107
3280,838633
3281,836446
3282,836124
3283,1303256
3284,865142
3285,1578311
3286,1222960
3287,892508
3288,843915
3289,837941
3290,831539
3291,1497103
3292,908423
3293,843746
3294,1237397
3295,941038
3296,1349266
3297,1219936
3298,899545
3299,1213941
3300,861347
3301,839528
3302,838955
3303,839890
3304,1195586
3305,983562
3306,5372804
3307,1635654
3308,1014644
3309,922217
3310,1547171
3311,930034
3312,893134
3313,892446
3314,1419188
3315,897209
3316,1447337
3317,992144
3318,1268796
3319,1073392
3320,884053
3321,878821
3322,1217790
3323,1393235
3324,919671
3325,891354
3326,8547232
3327,1529953
3328,1066001
3329,938352
3330,896381
3331,1092398
3332,1444465
3333,1442087
3334,981593
3335,1485917
3336,1387722
3337,951825
3338,883843
3339,1467677
3340,1128453
3341,898054
3342,888808
3343,1511792
3344,879628
3345,1314686
3346,957082
3347,886023
3348,899718
3349,983735
3350,1213067
3351,932947
3352,1374649
3353,884581
3354,871961
3355,1338170
3356,1314125
3357,945546
3358,1326997
3359,951359
3360,875760
3361,875327
3362,1334595
3363,889471
3364,1354791
3365,871644
3366,1408233
3367,879624
3368,934961
3369,879435
3370,826236
3371,1214744
3372,833146
3373,906409
3374,1197263
3375,839688
3376,1218926
3377,867083
3378,880045
3379,1183181
3380,885359
3381,835032
3382,834653
3383,825309
3384,1335518
3385,837278
3386,829025
3387,1694110
3388,963040
3389,837220
3390,844175
3391,839461
3392,1275635
3393,1238711
3394,844039
3395,834068
3396,1292058
3397,841983
3398,1429126
3399,846865
3400,1248604
3401,835222
3402,834307
3403,833199
3404,837941
3405,1228798
3406,836767
3407,1317978
3408,896950
3409,1255542
3410,870153
3411,832111
3412,824382
3413,1673419
3414,906524
3415,2238787
3416,956580
3417,1477747
3418,858233
3419,1298935
3420,1149565
3421,856284
3422,845107
3423,840323
3424,835020
3425,7409051
3426,1732608
3427,920508
3428,1432837
3429,864903
3430,926218
3431,1246053
3432,908865
3433,1418277
3434,850977
3435,838378
3436,1209632
3437,851513
3438,1966906
3439,1167116
3440,1044745
3441,841543
3442,832358
3443,1313874
3444,881174
3445,861801
3446,1482089
3447,842728
3448,1562321
3449,875401
3450,881536
3451,1426229
3452,1264709
3453,889764
3454,890102
3455,1298836
3456,881334
3457,1363987
3458,1460455
3459,888491
3460,882982
3461,885553
3462,874618
3463,1474175
3464,1387278
3465,898539
3466,968730
3467,1479309
3468,1331924
3469,936074
3470,1396692
3471,889669
3472,882657
3473,874202
3474,1300599
3475,910785
3476,941187
3477,1332320
3478,839643
3479,4782308
3480,1047810
3481,1522137
3482,1293319
3483,1125656
3484,2143946
3485,861903
3486,1267309
3487,845535
3488,841847
3489,1310055
3490,1321195
3491,855716
3492,832601
3493,836166
3494,841629
3495,1486684
3496,841089
3497,846767
3498,838868
3499,1248975
3500,1459722
3501,1376442
3502,842811
3503,839841
3504,841073
3505,836570
3506,1227954
3507,890835
3508,1423374
3509,838135
3510,928184
3511,1210884
3512,903595
3513,7427332
3514,1321842
3515,1747852
3516,943140
3517,898667
3518,1444069
3519,1396651
3520,1580140
3521,991184
3522,913772
3523,842985
3524,849106
3525,1444506
3526,1240343
3527,865039
3528,843137
3529,1240022
3530,1265611
3531,1497989
3532,1186308
3533,906401
3534,840759
3535,837739
3536,840635
3537,1348933
3538,844126
3539,1225556
3540,1006342
3541,1335208
3542,1269134
3543,840471
3544,837335
3545,1529512
3546,907612
3547,847850
3548,841039
3549,1234920
3550,927339
3551,840376
3552,1291745
3553,1169679
3554,850804
3555,843676
3556,839729
3557,841884
3558,1372759
3559,1132091
3560,944693
3561,1173070
3562,858463
3563,1322453
3564,841934
3565,1660787
3566,914592
3567,844504
3568,840838
3569,842626
3570,1451597
3571,1204535
3572,841389
3573,1262757
3574,1375811
3575,832404
3576,832552
3577,835498
3578,1214391
3579,1063215
3580,1247500
3581,844818
3582,840911
3583,1189781
3584,839956
3585,1266723
3586,835342
3587,1281923
3588,836058
3589,1070236
3590,845073
3591,841550
3592,833018
3593,1235786
3594,1353786
3595,1310335
3596,838151
3597,827764
3598,829536
3599,1696342
3600,896776
3601,826499
3602,832420
3603,1142907
3604,842572
3605,832255
3606,1623466
3607,907530
3608,929230
3609,839466
3610,864384
3611,879550
3612,1398176
3613,7871816
3614,1265748
3615,1580436
3616,1456245
3617,993928
3618,912231
3619,1429950
3620,981914
3621,917262
3622,906055
3623,1332163
3624,896924
3625,891140
3626,1425970
3627,1445689
3628,910727
3629,895833
3630,1576456
3631,1280164
3632,961083
3633,885772
3634,1450007
3635,910826
3636,891293
3637,1835895
3638,1055074
3639,896492
3640,885310
3641,887559
3642,1186762
3643,937857
3644,2368133
3645,921716
3646,894514
3647,1458815
3648,1332061
3649,953333
3650,1401146
3651,909211
3652,3986771
3653,1139858
3654,935526
3655,904650
3656,1448083
3657,920293
3658,1265636
3659,946522
3660,889887
3661,874321
3662,1209335
3663,1017478
3664,897954
3665,1464324
3666,889859
3667,879476
3668,1855061
3669,949773
3670,885829
3671,877123
3672,876089
3673,1346897
3674,847751
3675,829833
3676,1163479
3677,845992
3678,1230644
3679,872084
3680,829239
3681,823834
3682,818886
3683,1666163
3684,838209
3685,837187
3686,1136396
3687,834126
3688,1110592
3689,1330927
3690,836145
3691,840701
3692,835848
3693,4797775
3694,1168485
3695,1413926
3696,1127806
3697,1239338
3698,8067179
3699,1186876
3700,1532429
3701,1108038
3702,1348891
3703,928089
3704,1373521
3705,912148
3706,1411928
3707,1269274
3708,971894
3709,909111
3710,947829
3711,901803
3712,917582
3713,901679
3714,1519108
3715,1338471
3716,966867
3717,900901
3718,886221
3719,1424033
3720,969133
3721,1431845
3722,900447
3723,895140
3724,1260296
3725,1314995
3726,962900
3727,902742
3728,1595635
3729,930038
3730,886982
3731,877470
3732,1403573
3733,1247710
3734,952118
3735,1350650
3736,1282087
3737,995720
3738,877708
3739,1208964
3740,1243560
3741,893125
3742,886365
3743,1166087
3744,870271
3745,1243251
3746,1582088
3747,905495
3748,893559
3749,887728
3750,886883
3751,1383075
3752,1236689
3753,945274
3754,1353703
3755,884721
3756,1474900
3757,1315555
3758,899545
3759,1318336
3760,850680
3761,847817
3762,840566
3763,833986
3764,1243206
3765,1301279
3766,878730
3767,1416489
3768,954956
3769,980373
3770,894712
3771,1385436
3772,891939
3773,878689
3774,877700
3775,1561233
3776,894618
3777,1477310
3778,827872
3779,826491
3780,827974
3781,825622
3782,1314846
3783,829202
3784,1294852
3785,830006
3786,833495
3787,1338850
3788,1297538
3789,934034
3790,1260264
3791,888458
3792,869811
3793,875167
3794,8690723
3795,1300694
3796,1773900
3797,1508367
3798,971251
3799,921847
3800,894514
3801,1886040
3802,981184
3803,910516
3804,1293900
3805,987484
3806,1333194
3807,1267317
3808,913747
3809,850343
3810,848744
3811,849724
3812,1408274
3813,850643
3814,837876
3815,1262147
3816,834542
3817,837674
3818,1166029
3819,845284
3820,1081978
3821,879036
3822,933622
3823,1547417
3824,850026
3825,1424528
3826,841773
3827,1307908
3828,1135342
3829,902466
3830,841489
3831,833487
3832,886748
3833,1232956
3834,833982
3835,833487
3836,1227026
3837,841769
3838,1272566
3839,830418
3840,830315
3841,831094
3842,1583831
3843,863486
3844,827929
3845,823212
3846,1145012
3847,823360
3848,820180
3849,1388893
3850,1309824
3851,862011
3852,834299
3853,895405
3854,846058
3855,1153116
3856,1222594
3857,848109
3858,1220409
3859,1223966
3860,1305630
3861,835264
3862,1225189
3863,835371
3864,831304
3865,812751
3866,787005
3867,1078642
3868,816072
3869,1079449
3870,849667
3871,1275479
3872,864845
3873,1017754
3874,802673
3875,1139578
3876,846227
3877,1251558
3878,855390
3879,833372
3880,1231616
3881,1276670
3882,829799
3883,1476494
3884,847228
3885,835305
3886,871466
3887,876176
3888,1306277
3889,896607
3890,938451
3891,1178538
3892,947021
3893,8824659
3894,1016778
3895,1009729
3896,1776466
3897,961066
3898,944701
3899,1515985
3900,1411179
3901,1020424
3902,3284108
3903,1111907
3904,1515676
3905,955475
3906,942719
3907,1478337
3908,1663279
3909,1310459
3910,1080599
3911,945826
3912,938257
3913,1565110
3914,960791
3915,942081
3916,1547920
3917,955434
3918,1284226
3919,1632131
3920,943383
3921,951924
3922,943041
3923,1405365
3924,1283303
3925,1017334
3926,938344
3927,1588091
3928,2863879
3929,1870479
3930,1775197
3931,1029114
3932,1001262
3933,2012091
3934,1006742
3935,1778077
3936,993862
3937,978449
3938,977365
3939,1654281
3940,1012493
3941,1579497
3942,1021990
3943,1558591
3944,1515153
3945,1077978
3946,1060179
3947,1502921
3948,991534
3949,1100050
3950,1642304
3951,1549787
3952,1063620
3953,1644800
3954,1054378
3955,1051708
3956,1987374
3957,1071938
3958,1111487
3959,1121226
3960,1700270
3961,1647771
3962,1888467
3963,1396837
3964,1139306
3965,1942911
3966,1218927
3967,1749706
3968,1995375
3969,1312358
3970,18333955
3971,1860891
3972,2472973
3973,2049382
3974,1177573
3975,1150270
3976,1693899
3977,1227653
3978,2099057
3979,1180392
3980,1888369
3981,2004060
3982,1863742
3983,1230587
3984,1473363
3985,1768090
3986,1247318
3987,2058310
3988,2018481
3989,1217999
3990,2349572
3991,1254672
3992,1230425
3993,1978681
3994,1955513
3995,1228378
3996,2129044
3997,1185953
3998,1235852
3999,1764724
4000,1140026
4001,1127596
4002,1718414
4003,1820028
4004,1263176
4005,1077578
4006,1069124
4007,1564244
4008,1059199
4009,3427644
4010,1779598
4011,1149165
4012,1060723
4013,1447905
4014,1114651
4015,1657647
4016,1061185
4017,1900704
4018,1060596
4019,1655212
4020,994332
4021,983685
4022,984686
4023,983982
4024,1482939
4025,1154369
4026,1520036
4027,1005003
4028,1600460
4029,982495
4030,984596
4031,1368247
4032,1543566
4033,1224588
4034,981869
4035,1418125
4036,1007796
4037,1572233
4038,1431264
4039,984683
4040,983060
4041,11277266
4042,2100664
4043,1038503
4044,972479
4045,966818
4046,1480569
4047,1658393
4048,1653321
4049,1151164
4050,958211
4051,1443501
4052,1738245
4053,1021364
4054,1016448
4055,1606628
4056,1025908
4057,1775280
4058,1524996
4059,5164200
4060,1221440
4061,1043802
4062,2141111
4063,1044485
4064,1590234
4065,1662566
4066,1009721
4067,1514824
4068,1347041
4069,1103572
4070,1513958
4071,1028072
4072,1010994
4073,1573531
4074,1680798
4075,1007965
4076,992556
4077,1189319
4078,1443517
4079,955389
4080,1483791
4081,945847
4082,1449256
4083,1042772
4084,4905569
4085,2026206
4086,1205083
4087,1018166
4088,1579010
4089,1011237
4090,1801080
4091,1541324
4092,962961
4093,950239
4094,941718
4095,944994
4096,1529467
4097,1402559
4098,1099288
4099,944067
4100,4931386
4101,1734013
4102,1113856
4103,1752343
4104,992514
4105,955945
4106,1575262
4107,1334586
4108,10056592
4109,1089535
4110,996070
4111,1762726
4112,1871339
4113,991807
4114,934442
4115,1271660
4116,901630
4117,1428821
4118,1348462
4119,1440992
4120,1013515
4121,962447
4122,891412
4123,1469614
4124,1332101
4125,976154
4126,1379763
4127,888338
4128,897769
4129,891437
4130,1421599
4131,1128577
4132,895804
4133,884094
4134,1345484
4135,879670
4136,1273217
4137,939934
4138,1341463
4139,1090754
4140,882373
4141,877779
4142,1389989
4143,1294073
4144,956786
4145,1342344
4146,893777
4147,1400771
4148,1044058
4149,899619
4150,973340
4151,894259
4152,897184
4153,879588
4154,1371655
4155,892203
4156,1417977
4157,915539
4158,1405374
4159,895779
4160,887679
4161,1306912
4162,1524877
4163,918353
4164,903343
4165,880774
4166,1548563
4167,1524185
4168,997545
4169,938970
4170,921035
4171,924879
4172,1550755
4173,1339015
4174,1019159
4175,2983247
4176,1047798
4177,1724681
4178,1514395
4179,1291749
4180,1015830
4181,989194
4182,1857051
4183,1581631
4184,1114091
4185,1538498
4186,1580301
4187,1020729
4188,999730
4189,1191721
4190,995523
4191,1022847
4192,1751436
4193,1056965
4194,1652885
4195,1571619
4196,11439306
4197,1432990
4198,1889624
4199,1825269
4200,1109205
4201,1648756
4202,1656691
4203,1791934
4204,1186563
4205,1082497
4206,1663546
4207,1103576
4208,1079210
4209,1620253
4210,1836080
4211,1095270
4212,1078163
4213,1072907
4214,1684955
4215,1823926
4216,1071390
4217,1686912
4218,1840835
4219,1536639
4220,1136035
4221,1076523
4222,1053599
4223,3745296
4224,1874323
4225,1117424
4226,1650857
4227,3613585
4228,1511169
4229,1322897
4230,1080240
4231,1696969
4232,2045900
4233,1096453
4234,1694340
4235,1940224
4236,1732975
4237,1068004
4238,1052779
4239,1055578
4240,4291551
4241,2529682
4242,2113770
4243,1203282
4244,1179452
4245,1754279
4246,1821738
4247,1353633
4248,1757464
4249,1077018
4250,1668108
4251,1726366
4252,1062466
4253,1058795
4254,1271107
4255,1727416
4256,1642992
4257,1062338
4258,1486168
4259,10840651
4260,2134928
4261,1243392
4262,1096313
4263,1665665
4264,1121829
4265,1081369
4266,1658701
4267,1674626
4268,1053892
4269,1129755
4270,1806848
4271,1037106
4272,988020
4273,1609038
4274,1011109
4275,1440171
4276,1835277
4277,1058160
4278,1007657
4279,984790
4280,1484529
4281,1004908
4282,982746
4283,1552819
4284,1671119
4285,1177495
4286,997961
4287,1505978
4288,1402922
4289,998358
4290,1475012
4291,999956
4292,1519599
4293,1741017
4294,992565
4295,978956
4296,977876
4297,981485
4298,1447308
4299,1673505
4300,1009411
4301,1572641
4302,1502493
4303,1062046
4304,988861
4305,1721946
4306,995572
4307,980658
4308,1374296
4309,1177590
4310,1463788
4311,1579554
4312,1005613
4313,1001254
4314,1001044
4315,1810688
4316,1478501
4317,1172423
4318,997961
4319,1532890
4320,1612998
4321,1081785
4322,1519990
4323,1005312
4324,987084
4325,1222486
4326,1473116
4327,1474978
4328,1087154
4329,1526117
4330,1374440
4331,1038883
4332,999829
4333,1736114
4334,999363
4335,979463
4336,986145
4337,1485888
4338,988003
4339,1449549
4340,9776727
4341,1233248
4342,1079049
4343,2135982
4344,1082440
4345,1038504
4346,1469453
4347,1008126
4348,1975657
4349,1066186
4350,1063434
4351,1008389
4352,1458548
4353,1009737
4354,1524621
4355,1007957
4356,1691304
4357,1606780
4358,1821388
4359,1095245
4360,1092942
4361,936082
4362,1566090
4363,937614
4364,1302961
4365,1192191
4366,1602730
4367,934191
4368,931447
4369,933421
4370,1441783
4371,1012885
4372,945982
4373,1334915
4374,936956
4375,1566737
4376,1007488
4377,1424664
4378,950832
4379,935901
4380,934652
4381,929147
4382,5319453
4383,1081813
4384,1579254
4385,1529636
4386,1043485
4387,960045
4388,1621205
4389,1173618
4390,958565
4391,1544682
4392,962545
4393,1474599
4394,1472020
4395,1377493
4396,935790
4397,1173087
4398,1384422
4399,1016902
4400,935341
4401,3791931
4402,1059561
4403,2197425
4404,1691605
4405,987534
4406,937055
4407,930400
4408,931822
4409,1448411
4410,1065886
4411,945290
4412,1609537
4413,1912343
4414,943139
4415,1487973
4416,9413767
4417,1045833
4418,1583078
4419,1435792
4420,1951393
4421,955063
4422,956781
4423,946963
4424,1550850
4425,970362
4426,1016877
4427,1455338
4428,951273
4429,1752088
4430,1519888
4431,965829
4432,892289
4433,888281
4434,1332814
4435,910534
4436,900262
4437,1553730
4438,1641492
4439,985940
4440,1289125
4441,909895
4442,905136
4443,1382132
4444,890415
4445,882579
4446,1217654
4447,1138061
4448,1914085
4449,1089815
4450,899854
4451,895363
4452,887527
4453,891997
4454,1349752
4455,879315
4456,1588042
4457,944092
4458,964461
4459,931929
4460,930351
4461,1286884
4462,1202302
4463,945908
4464,941768
4465,1745071
4466,941438
4467,1660597
4468,1331850
4469,986244
4470,932719
4471,930433
4472,1339641
4473,1425987
4474,938999
4475,936803
4476,1361959
4477,952500
4478,1930727
4479,1005922
4480,945489
4481,933931
4482,1684670
4483,1331323
4484,939580
4485,1449644
4486,939172
4487,1328035
4488,1309149
4489,987109
4490,1104532
4491,1644063
4492,940618
4493,936811
4494,1313063
4495,951314
4496,1292870
4497,1467781
4498,1571731
4499,1002530
4500,936494
4501,933037
4502,1384155
4503,1341817
4504,941866
4505,8610006
4506,1520147
4507,1607736
4508,1381452
4509,1164579
4510,893728
4511,886715
4512,1373088
4513,1615251
4514,994970
4515,1484809
4516,1372433
4517,1113184
4518,890913
4519,1344087
4520,889698
4521,879233
4522,883398
4523,1339098
4524,881582
4525,1640647
4526,991250
4527,1051189
4528,881602
4529,871718
4530,867091
4531,1366966
4532,889327
4533,1314636
4534,892813
4535,3903998
4536,1052879
4537,941978
4538,1734178
4539,914703
4540,896933
4541,893204
4542,893299
4543,1707199
4544,902668
4545,1571681
4546,898037
4547,892388
4548,881750
4549,881713
4550,1475176
4551,1399045
4552,1086902
4553,886155
4554,1327013
4555,1311967
4556,965944
4557,1396235
4558,916132
4559,883576
4560,877544
4561,1446163
4562,905288
4563,867140
4564,1408229
4565,1666591
4566,878915
4567,878273
4568,1359385
4569,878202
4570,1381464
4571,894012
4572,889937
4573,1233207
4574,1379359
4575,968095
4576,1374666
4577,899194
4578,872879
4579,874008
4580,1072387
4581,1562081
4582,1512319
4583,888878
4584,872879
4585,1264882
4586,1352797
4587,926025
4588,1545234
4589,924336
4590,2581368
4591,930199
4592,901786
4593,879250
4594,9558650
4595,1913340
4596,1018810
4597,961499
4598,1165513
4599,1500746
4600,1481237
4601,906903
4602,889516
4603,1381547
4604,1336428
4605,983319
4606,1116382
4607,1506217
4608,888190
4609,873365
4610,876394
4611,1258998
4612,892339
4613,885767
4614,1367060
4615,890180
4616,1095155
4617,881293
4618,1353893
4619,951915
4620,1510209
4621,890975
4622,875401
4623,1335942
4624,1317216
4625,1577824
4626,983240
4627,1385337
4628,884004
4629,871891
4630,1165819
4631,879768
4632,1293521
4633,1860064
4634,888606
4635,880320
4636,878471
4637,878746
4638,868211
4639,1427543
4640,889920
4641,878565
4642,1278239
4643,1589386
4644,1384081
4645,939917
4646,877507
4647,883168
4648,876546
4649,1303830
4650,875549
4651,1291856
4652,1086700
4653,1301514
4654,879509
4655,1089522
4656,890205
4657,1904622
4658,931365
4659,1336613
4660,874655
4661,1365408
4662,967695
4663,888981
4664,1281869
4665,1044069
4666,880192
4667,879541
4668,1296319
4669,907797
4670,1215503
4671,1413403
4672,913187
4673,886278
4674,884524
4675,881050
4676,882747
4677,1532305
4678,901872
4679,887935
4680,1245073
4681,941274
4682,1279155
4683,1325406
4684,965644
4685,869675
4686,868620
4687,870424
4688,1232824
4689,880835
4690,7997397
4691,1006733
4692,1629684
4693,1044688
4694,901712
4695,1435109
4696,908976
4697,893839
4698,888178
4699,3596004
4700,2135586
4701,1710829
4702,949089
4703,917270
4704,897740
4705,896607
4706,1456026
4707,1457456
4708,1012209
4709,1588149
4710,1349525
4711,973558
4712,1363134
4713,1298205
4714,887551
4715,884499
4716,896409
4717,1522128
4718,910636
4719,1484611
4720,1449297
4721,883509
4722,836503
4723,839425
4724,840006
4725,900283
4726,1574091
4727,850100
4728,861698
4729,1322930
4730,1243025
4731,921019
4732,1484850
4733,902207
4734,892631
4735,920595
4736,1507457
4737,1085295
4738,1282677
4739,955055
4740,1448449
4741,886756
4742,882978
4743,882046
4744,1910510
4745,895672
4746,877123
4747,1277638
4748,888458
4749,1791666
4750,1390908
4751,1354647
4752,884985
4753,1046744
4754,883184
4755,882895
4756,1436431
4757,1422208
4758,886773
4759,873115
4760,1364019
4761,881886
4762,1553144
4763,1358429
4764,892463
4765,879125
4766,874268
4767,1305926
4768,880630
4769,868303
4770,1490585
4771,1322242
4772,1405580
4773,885660
4774,871570
4775,1768675
4776,932852
4777,887580
4778,1207687
4779,8598832
4780,1051029
4781,935814
4782,1927208
4783,868792
4784,863783
4785,850870
4786,1409897
4787,1290724
4788,929337
4789,852061
4790,1263094
4791,859391
4792,1384930
4793,846235
4794,1375267
4795,864285
4796,854376
4797,3875449
4798,967275
4799,1085444
4800,1469754
4801,871096
4802,848889
4803,1378853
4804,844579
4805,1188038
4806,898663
4807,1484702
4808,1062330
4809,846676
4810,1244990
4811,842160
4812,1498298
4813,1346773
4814,901786
4815,834353
4816,829664
4817,835354
4818,1450781
4819,834176
4820,1284716
4821,840586
4822,1349686
4823,832268
4824,5036584
4825,1107214
4826,1044828
4827,1603599
4828,907798
4829,887877
4830,1460427
4831,1297147
4832,1586860
4833,979586
4834,1283134
4835,882731
4836,879649
4837,875150
4838,1577952
4839,889772
4840,874874
4841,1457789
4842,905276
4843,1521017
4844,1344883
4845,1259316
4846,883859
4847,880733
4848,1308040
4849,909367
4850,1666793
4851,1662900
4852,924134
4853,841262
4854,842354
4855,840937
4856,1348504
4857,847207
4858,1296467
4859,1043237
4860,1149692
4861,1321851
4862,895536
4863,1294609
4864,923746
4865,9597709
4866,1225165
4867,965051
4868,1560355
4869,1469210
4870,1675763
4871,929782
4872,902231
4873,899128
4874,899034
4875,1377596
4876,1538490
4877,895828
4878,950597
4879,1436180
4880,893571
4881,1245859
4882,1289228
4883,895504
4884,888618
4885,1251253
4886,904856
4887,2001844
4888,1398340
4889,1618646
4890,894708
4891,889525
4892,1244747
4893,930487
4894,1429493
4895,1015872
4896,889055
4897,1376331
4898,1319465
4899,1451972
4900,901539
4901,887889
4902,887353
4903,882055
4904,1513340
4905,898078
4906,946695
4907,1317216
4908,1239742
4909,929856
4910,880769
4911,890254
4912,1273522
4913,948595
4914,933833
4915,1255200
4916,2401081
4917,917027
4918,887251
4919,1528774
4920,872134
4921,876481
4922,935398
4923,1301942
4924,890823
4925,877565
4926,1561067
4927,897427
4928,881973
4929,1387113
4930,1349517
4931,987237
4932,1329271
4933,899937
4934,884955
4935,880271
4936,1312943
4937,888751
4938,1205219
4939,937079
4940,1370018
4941,1008827
4942,875435
4943,872913
4944,871796
4945,1450699
4946,889978
4947,874865
4948,1257342
4949,877651
4950,1340305
4951,1391357
4952,878405
4953,871883
4954,876513
4955,876143
4956,1381988
4957,1599908
4958,953976
4959,8713647
4960,1936977
4961,984732
4962,1615342
4963,922300
4964,847426
4965,838889
4966,1358944
4967,851723
4968,1227974
4969,1346101
4970,1401031
4971,862629
4972,851064
4973,841456
4974,1453484
4975,898519
4976,1274371
4977,889401
4978,850503
4979,1225618
4980,2686826
4981,1382317
4982,1407264
4983,890992
4984,841942
4985,856371
4986,2089586
4987,951013
4988,1685672
4989,1586225
4990,888412
4991,888944
4992,1424218
4993,893629
4994,1373797
4995,892170
4996,1120469
4997,1275145
4998,889912
4999,1898331
5000,1004092
5001,941891
5002,936741
5003,1408459
5004,936943
5005,1060682
5006,1379091
5007,1210279
5008,1649373
5009,916532
5010,926585
5011,1340008
5012,1478917
5013,1011821
5014,929119
5015,1331809
5016,934808
5017,927232
5018,1052100
5019,941982
5020,938385
5021,921151
5022,1436237
5023,949032
5024,929630
5025,1447362
5026,1320335
5027,1528993
5028,928987
5029,931604
5030,1392441
5031,1567895
5032,3891802
5033,1797784
5034,973834
5035,1442627
5036,1408686
5037,1030106
5038,899253
5039,886464
5040,888548
5041,879183
5042,8672866
5043,1700129
5044,1009004
5045,1628522
5046,913998
5047,1247080
5048,1028879
5049,1559176
5050,920821
5051,904090
5052,899672
5053,1388510
5054,1208737
5055,1359377
5056,886888
5057,937589
5058,880432
5059,926025
5060,1762800
5061,1342773
5062,1153054
5063,887889
5064,1451123
5065,1574190
5066,946897
5067,880823
5068,1520889
5069,875401
5070,825354
5071,823846
5072,1270725
5073,842947
5074,832375
5075,1489464
5076,1292182
5077,930442
5078,872364
5079,869642
5080,1251425
5081,918444
5082,1467578
5083,913982
5084,886221
5085,1326087
5086,1317380
5087,986088
5088,1412551
5089,892990
5090,885450
5091,877853
5092,1325786
5093,886657
5094,1435743
5095,895689
5096,1376603
5097,984884
5098,881383
5099,881903
5100,1221276
5101,957057
5102,884939
5103,1575027
5104,903550
5105,882624
5106,1399511
5107,1381362
5108,885743
5109,877230
5110,873094
5111,871026
5112,868187
5113,1367814
5114,1440237
5115,893855
5116,873988
5117,1360012
5118,1357094
5119,950593
5120,1279431
5121,886566
5122,926985
5123,918868
5124,1290616
5125,890555
5126,1399230
5127,884317
5128,952480
5129,877602
5130,879900
5131,877506
5132,1509917
5133,878368
5134,880304
5135,1093882
5136,834967
5137,8393301
5138,1688675
5139,1103094
5140,943069
5141,910398
5142,1365853
5143,949485
5144,968129
5145,1448580
5146,1285243
5147,950119
5148,888639
5149,882747
5150,1218906
5151,940334
5152,1447979
5153,1203909
5154,886900
5155,1837382
5156,976739
5157,1364651
5158,911720
5159,889133
5160,888766
5161,893360
5162,1867689
5163,1412353
5164,886414
5165,879060
5166,1318316
5167,1237158
5168,928793
5169,890431
5170,1591573
5171,905646
5172,881742
5173,893971
5174,1678981
5175,1264738
5176,1148963
5177,1277539
5178,887679
5179,872402
5180,1075428
5181,1585356
5182,1453645
5183,904411
5184,888684
5185,1249197
5186,1371853
5187,960168
5188,1397615
5189,884181
5190,880972
5191,880375
5192,880177
5193,1382342
5194,894856
5195,1379161
5196,1296228
5197,930145
5198,993293
5199,887860
5200,1149552
5201,870119
5202,4808405
5203,1067912
5204,1573580
5205,950671
5206,1515969
5207,907896
5208,909755
5209,904007
5210,902598
5211,1361223
5212,1458296
5213,957676
5214,891177
5215,1276966
5216,895132
5217,1475279
5218,1353588
5219,894205
5220,888206
5221,894725
5222,1520708
5223,7916165
5224,1740004
5225,1477631
5226,894618
5227,860487
5228,854253
5229,847265
5230,1455853
5231,1252160
5232,849618
5233,824258
5234,1208536
5235,1392741
5236,1292215
5237,1221415
5238,855406
5239,837269
5240,840495
5241,837101
5242,1305078
5243,849140
5244,1405946
5245,841369
5246,1305058
5247,913170
5248,856367
5249,840199
5250,838110
5251,904498
5252,828770
5253,828292
5254,1613166
5255,826842
5256,1242164
5257,1372894
5258,844662
5259,845926
5260,843606
5261,849074
5262,1322378
5263,885553
5264,1535684
5265,893344
5266,1315502
5267,932609
5268,888450
5269,887040
5270,1290769
5271,936510
5272,880658
5273,1759331
5274,1059487
5275,1188112
5276,1381856
5277,1334660
5278,873341
5279,883542
5280,882537
5281,868356
5282,1673493
5283,942896
5284,890715
5285,1230928
5286,884288
5287,1277827
5288,1278644
5289,1770072
5290,1090100
5291,895722
5292,876567
5293,1433736
5294,1313961
5295,888939
5296,1357218
5297,924150
5298,1369458
5299,1256757
5300,948422
5301,883884
5302,878907
5303,881067
5304,1334075
5305,882958
5306,1178509
5307,937405
5308,1293018
5309,4567140
5310,3137726
5311,1427235
5312,1336971
5313,2314011
5314,9517292
5315,1557100
5316,1415097
5317,935698
5318,1360332
5319,7245084
5320,1335208
5321,1010515
5322,924348
5323,1628094
5324,1481673
5325,2033483
5326,1045330
5327,894473
5328,888388
5329,1470100
5330,939716
5331,881845
5332,1340400
5333,983467
5334,1240956
5335,1433452
5336,928426
5337,993521
5338,888231
5339,890716
5340,1340251
5341,882957
5342,1365376
5343,940936
5344,1239301
5345,1440468
5346,999144
5347,942736
5348,1447502
5349,938146
5350,937697
5351,925489
5352,1534646
5353,1358813
5354,1406074
5355,3610833
5356,1150196
5357,1905862
5358,986244
5359,1407710
5360,912082
5361,1360822
5362,907855
5363,1390257
5364,900851
5365,1287572
5366,1031306
5367,896266
5368,880790
5369,875970
5370,1486333
5371,1401430
5372,897687
5373,1358829
5374,1383899
5375,1139957
5376,894156
5377,1310289
5378,895194
5379,10310609
5380,1059157
5381,1601474
5382,1064114
5383,1407701
5384,940251
5385,15453805
5386,3536247
5387,1130518
5388,1164487
5389,6095069
5390,3065777
5391,1888207
5392,1530489
5393,993702
5394,960803
5395,1392543
5396,3968061
5397,1289083
5398,1774769
5399,1186942
5400,1070900
5401,1045265
5402,1631274
5403,1612671
5404,1209495
5405,1696277
5406,1575781
5407,1133908
5408,1603447
5409,1030057
5410,1011924
5411,1547686
5412,2142417
5413,1166103
5414,1953779
5415,1748532
5416,1011632
5417,1740860
5418,1246720
5419,1010491
5420,1441642
5421,1008266
5422,1453986
5423,1755619
5424,1471864
5425,1151576
5426,1202599
5427,1023386
5428,1108603
5429,1061427
5430,1553828
5431,1066305
5432,2426432
5433,2236467
5434,3102861
5435,1260848
5436,2051565
5437,1076923
5438,2089960
5439,1096708
5440,1073145
5441,1724446
5442,1079160
5443,1054135
5444,1568105
5445,1059854
5446,1957726
5447,14478891
5448,2792082
5449,2117788
5450,2288236
5451,2511607
5452,2248502
5453,1371217
5454,2374927
5455,1420135
5456,2070551
5457,1256765
5458,1945803
5459,1221320
5460,2065883
5461,1354766
5462,1617142
5463,7471149
5464,2318902
5465,1500853
5466,1311789
5467,2029687
5468,1261133
5469,2436519
5470,1258900
5471,1244212
5472,1836274
5473,1913208
5474,1259712
5475,2139896
5476,2567719
5477,1337367
5478,1243141
5479,1802653
5480,1251677
5481,2448706
5482,1931267
5483,1242955
5484,1216833
5485,1224209
5486,2047832
5487,1428602
5488,1823332
5489,1754366
5490,1231151
5491,1142915
5492,1138119
5493,1724911
5494,1218803
5495,1872844
5496,1145704
5497,1743419
5498,1608713
5499,1711760
5500,1218556
5501,1170503
5502,1535387
5503,1065523
5504,16581458
5505,2462120
5506,9794847
5507,2731908
5508,1285367
5509,1819431
5510,1183712
5511,1860005
5512,1103572
5513,1617501
5514,1087788
5515,1765841
5516,1775432
5517,1200917
5518,1077488
5519,1537093
5520,6779715
5521,2332272
5522,1177602
5523,1129607
5524,1923010
5525,2129035
5526,2173573
5527,2222776
5528,1814849
5529,1297295
5530,1173795
5531,1175035
5532,2080805
5533,2046526
5534,2026441
5535,2126114
5536,1834082
5537,2159875
5538,1355149
5539,2074102
5540,1276785
5541,1948291
5542,1968191
5543,1352974
5544,2461915
5545,3085595
5546,1370316
5547,1232606
5548,2638802
5549,1969576
5550,1200843
5551,1164900
5552,1864274
5553,1457570
5554,2183660
5555,14110179
5556,4964754
5557,2277124
5558,2045550
5559,1233384
5560,1171257
5561,1947714
5562,1894342
5563,1276975
5564,1148143
5565,1576233
5566,1162366
5567,1698284
5568,1166598
5569,1925049
5570,1933088
5571,1559370
5572,1062413
5573,3170893
5574,1133781
5575,1761531
5576,1929821
5577,1067983
5578,1765956
5579,1740275
5580,1448989
5581,1136244
5582,1061032
5583,1136389
5584,1448432
5585,992145
5586,1752949
5587,1367753
5588,1661054
5589,1000500
5590,1399750
5591,1033221
5592,1547204
5593,994875
5594,997384
5595,1326186
5596,980810
5597,1982406
5598,1115006
5599,1004641
5600,978206
5601,980752
5602,1523307
5603,1475605
5604,1355005
5605,1429064
5606,2457942
5607,1513282
5608,1032463
5609,943848
5610,924332
5611,1398402
5612,937590
5613,932411
5614,1417280
5615,1494446
5616,1019044
5617,989668
5618,989512
5619,1900312
5620,1024660
5621,1015068
5622,2468227
5623,1045417
5624,2075689
5625,1020519
5626,995972
5627,14093702
5628,3975218
5629,1346464
5630,1767464
5631,1739151
5632,1109254
5633,1862729
5634,1824977
5635,1022246
5636,1000302
5637,1466330
5638,1024108
5639,1481031
5640,1760658
5641,1007083
5642,988741
5643,991460
5644,993788
5645,1534064
5646,1055177
5647,1434980
5648,995251
5649,1696512
5650,1467480
5651,1069936
5652,1001118
5653,982420
5654,1617801
5655,1462482
5656,1002185
5657,1788893
5658,1617427
5659,938369
5660,941529
5661,934125
5662,1489626
5663,935641
5664,935604
5665,1503733
5666,945657
5667,1378708
5668,1559131
5669,941768
5670,941962
5671,930277
5672,1429757
5673,1302717
5674,1085848
5675,932844
5676,1420103
5677,940128
5678,1410923
5679,1371753
5680,1211391
5681,932761
5682,923656
5683,1034882
5684,1397549
5685,1353761
5686,1014191
5687,1423341
5688,1484574
5689,984102
5690,925616
5691,1635996
5692,1149339
5693,951441
5694,1435125
5695,936836
5696,1368515
5697,1331792
5698,936383
5699,4401970
5700,1827560
5701,9184892
5702,1130834
5703,1010969
5704,961116
5705,1599166
5706,1776553
5707,1440913
5708,942216
5709,924286
5710,917010
5711,1421099
5712,1300744
5713,952336
5714,930092
5715,1488030
5716,957667
5717,1344577
5718,1291647
5719,940284
5720,931055
5721,926779
5722,1437098
5723,949337
5724,976315
5725,1480029
5726,1284873
5727,939748
5728,874849
5729,875092
5730,1160223
5731,918868
5732,1393190
5733,892738
5734,953666
5735,1365895
5736,881408
5737,1466903
5738,1408451
5739,919754
5740,897745
5741,894457
5742,1394636
5743,929737
5744,1388576
5745,890262
5746,1260927
5747,927982
5748,876683
5749,874705
5750,1259988
5751,951136
5752,898062
5753,1362755
5754,890464
5755,1284349
5756,888973
5757,1374390
5758,861030
5759,874424
5760,871038
5761,892598
5762,1531176
5763,1351903
5764,881886
5765,872422
5766,1303850
5767,872245
5768,1725200
5769,948673
5770,990867
5771,938344
5772,881350
5773,1339415
5774,930264
5775,1544801
5776,884321
5777,877016
5778,1378857
5779,1072045
5780,891659
5781,1707793
5782,887559
5783,874688
5784,874338
5785,1511985
5786,907443
5787,882512
5788,1423522
5789,955583
5790,882776
5791,882092
5792,880757
5793,1347684
5794,890901
5795,882178
5796,8254676
5797,1975364
5798,989276
5799,947688
5800,925576
5801,1659880
5802,1605602
5803,985527
5804,963299
5805,1327095
5806,1516204
5807,1521824
5808,1032785
5809,1022093
5810,977200
5811,1479432
5812,889459
5813,881223
5814,1398254
5815,901193
5816,1248101
5817,939341
5818,891028
5819,945686
5820,1228069
5821,964415
5822,898663
5823,1280415
5824,891869
5825,883678
5826,1281127
5827,1417425
5828,918922
5829,892965
5830,884939
5831,879073
5832,1216743
5833,1239927
5834,978713
5835,1318946
5836,892269
5837,1454378
5838,1370551
5839,945488
5840,1397388
5841,897802
5842,891144
5843,877300
5844,1305613
5845,878042
5846,868471
5847,5989933
5848,1935860
5849,2553615
5850,1397756
5851,1021438
5852,911308
5853,1567322
5854,1323751
5855,959496
5856,890263
5857,1382985
5858,3516491
5859,1690471
5860,1672442
5861,994147
5862,1557326
5863,1382066
5864,1519644
5865,904197
5866,1291968
5867,958471
5868,1397137
5869,910917
5870,898239
5871,1347634
5872,892273
5873,938653
5874,1326103
5875,902141
5876,902894
5877,2143621
5878,1007108
5879,1453533
5880,1529969
5881,935303
5882,1421384
5883,908065
5884,1406803
5885,1111153
5886,1413247
5887,913768
5888,906681
5889,897312
5890,1368812
5891,1310125
5892,1463084
5893,989981
5894,896516
5895,891795
5896,888565
5897,1470817
5898,1442990
5899,900476
5900,885998
5901,1391316
5902,1456565
5903,976776
5904,1477957
5905,886295
5906,881944
5907,883947
5908,876777
5909,1398719
5910,911646
5911,952356
5912,1511424
5913,1499563
5914,884622
5915,881940
5916,1517556
5917,879393
5918,877626
5919,873827
5920,1213249
5921,967621
5922,869934
5923,1970140
5924,881796
5925,875006
5926,870490
5927,880605
5928,1280147
5929,895729
5930,879233
5931,1495221
5932,1297036
5933,1407120
5934,937404
5935,932259
5936,1352813
5937,1374975
5938,952451
5939,999404
5940,1350580
5941,933655
5942,1270037
5943,1385984
5944,952587
5945,927974
5946,921885
5947,920953
5948,932584
5949,1805105
5950,910039
5951,10254972
5952,1806370
5953,939164
5954,1375754
5955,1409259
5956,907262
5957,885026
5958,990558
5959,12711612
5960,1943479
5961,2338786
5962,1504560
5963,955665
5964,1650370
5965,1196522
5966,913438
5967,885783
5968,1455914
5969,2266445
5970,1562567
5971,1407541
5972,1476239
5973,904798
5974,890205
5975,1300348
5976,1305424
5977,891972
5978,2070546
5979,1074047
5980,1492126
5981,1364959
5982,1513122
5983,898989
5984,886480
5985,883216
5986,6378244
5987,1368581
5988,1701996
5989,941236
5990,1280147
5991,2201068
5992,984226
5993,911476
5994,5668244
5995,1016226
5996,4239015
5997,1039221
5998,945010
5999,2553768
6000,1446438
6001,1152832
6002,1428623
6003,904139
6004,887897
6005,882278
6006,885425
6007,1686686
6008,7034353
6009,1232107
6010,2187343
6011,1522602
6012,1151226
6013,932399
6014,898506
6015,1536512
6016,916149
6017,894820
6018,1479313
6019,1520345
6020,907419
6021,892454
6022,959534
6023,9697770
6024,2139723
6025,1030836
6026,970390
6027,1700603
6028,2042827
6029,1047535
6030,1019930
6031,948244
6032,945439
6033,1391036
6034,936519
6035,1461881
6036,943304
6037,1484450
6038,1020210
6039,1586617
6040,950193
6041,1461703
6042,949942
6043,935893
6044,933688
6045,1578101
6046,1613340
6047,1602829
6048,1001027
6049,949357
6050,950824
6051,940878
6052,1424066
6053,1066161
6054,949781
6055,952125
6056,1587304
6057,1030919
6058,1402786
6059,1386717
6060,900155
6061,891194
6062,890131
6063,1329605
6064,894708
6065,929387
6066,1431219
6067,1295144
6068,943411
6069,891033
6070,890592
6071,1295272
6072,1328418
6073,883798
6074,880304
6075,1411447
6076,1455267
6077,1356892
6078,1309305
6079,889958
6080,877235
6081,875735
6082,874087
6083,1353250
6084,1466660
6085,910748
6086,891697
6087,1439051
6088,1263136
6089,933614
6090,1455259
6091,906887
6092,946860
6093,889756
6094,1390088
6095,1371947
6096,933548
6097,1403523
6098,963460
6099,1229020
6100,891350
6101,939489
6102,1269459
6103,1255356
6104,897712
6105,881264
6106,1242848
6107,889603
6108,1485645
6109,1286163
6110,948970
6111,894622
6112,879460
6113,879777
6114,8851143
6115,1634302
6116,958174
6117,1478126
6118,1008233
6119,1560549
6120,960238
6121,896953
6122,951441
6123,1218544
6124,880172
6125,883802
6126,1181693
6127,937849
6128,1436077
6129,902474
6130,878124
6131,872093
6132,1359318
6133,936502
6134,1363711
6135,938245
6136,1622527
6137,889179
6138,1601375
6139,880758
6140,876448
6141,941414
6142,883637
6143,1339172
6144,1262781
6145,956612
6146,887654
6147,1402184
6148,885652
6149,1310784
6150,4235917
6151,1287361
6152,1635019
6153,934479
6154,891919
6155,881948
6156,1667996
6157,915695
6158,1457909
6159,1427000
6160,967152
6161,875727
6162,1417825
6163,886221
6164,880230
6165,942336
6166,1417288
6167,877441
6168,1399053
6169,1392325
6170,900381
6171,895936
6172,1420952
6173,884700
6174,1395654
6175,889788
6176,1030305
6177,1251129
6178,1387018
6179,964588
6180,1286435
6181,1063554
6182,1050485
6183,947128
6184,1382840
6185,988102
6186,1406745
6187,892706
6188,878565
6189,1356851
6190,880741
6191,889986
6192,945575
6193,1437481
6194,1391472
6195,883625
6196,1305086
6197,879319
6198,867128
6199,1267576
6200,1298774
6201,1002596
6202,882925
6203,7968206
6204,1743613
6205,3992106
6206,1050525
6207,923907
6208,1538905
6209,1827378
6210,1072140
6211,899578
6212,891787
6213,882129
6214,884705
6215,1334924
6216,1540788
6217,895944
6218,885235
6219,1407524
6220,1436488
6221,902355
6222,4960667
6223,1163186
6224,939716
6225,974222
6226,1434346
6227,1987049
6228,1358738
6229,1447164
6230,939819
6231,883337
6232,1341710
6233,2049580
6234,910471
6235,885994
6236,1349678
6237,904650
6238,1340523
6239,1435113
6240,879876
6241,926721
6242,879645
6243,882689
6244,1321389
6245,1274527
6246,959715
6247,1367600
6248,900015
6249,1344981
6250,1437283
6251,973101
6252,1540933
6253,896516
6254,883868
6255,868162
6256,1273588
6257,883761
6258,877107
6259,1692235
6260,1557945
6261,876847
6262,878899
6263,880412
6264,1315131
6265,1414100
6266,898523
6267,883675
6268,1272673
6269,967119
6270,1511948
6271,1271462
6272,901580
6273,875735
6274,874672
6275,875278
6276,1415171
6277,1406947
6278,942645
6279,889442
6280,1318645
6281,1380826
6282,956052
6283,882298
6284,1502068
6285,906038
6286,900698
6287,1381757
6288,10584224
6289,1793758
6290,1098492
6291,955949
6292,906055
6293,1683884
6294,915238
6295,897600
6296,1429452
6297,942435
6298,1518544
6299,1459829
6300,946427
6301,930433
6302,2765224
6303,1514931
6304,6214544
6305,1084006
6306,1569811
6307,1152754
6308,977922
6309,1540533
6310,894037
6311,882958
6312,887696
6313,871660
6314,1412497
6315,1401261
6316,939943
6317,1372470
6318,1426010
6319,1877508
6320,969290
6321,895458
6322,874479
6323,886933
6324,1294876
6325,941813
6326,1541855
6327,1400219
6328,927219
6329,882570
6330,877919
6331,884185
6332,1413820
6333,1983823
6334,897394
6335,1449376
6336,896685
6337,1385638
6338,1482983
6339,961017
6340,892194
6341,889488
6342,1458456
6343,896372
6344,1348145
6345,1325814
6346,1422410
6347,973122
6348,944553
6349,884148
6350,1343469
6351,997788
6352,903352
6353,1324664
6354,893344
6355,889553
6356,1835528
6357,935217
6358,883386
6359,876530
6360,930322
6361,1321315
6362,916384
6363,890802
6364,1379293
6365,2292299
6366,927162
6367,997970
6368,1013330
6369,1501907
6370,883835
6371,1378540
6372,1683187
6373,941965
6374,1407899
6375,1730037
6376,952101
6377,900282
6378,896249
6379,1428277
6380,939856
6381,1432463
6382,907060
6383,1548321
6384,1476375
6385,902392
6386,896080
6387,1453150
6388,904925
6389,889595
6390,1347626
6391,904711
6392,1377315
6393,1412765
6394,881251
6395,871858
6396,877976
6397,921081
6398,1277271
6399,1288416
6400,885343
6401,1308663
6402,850001
6403,1328423
6404,846202
6405,838094
6406,1550331
6407,852193
6408,832124
6409,829058
6410,835799
6411,1269134
6412,938896
6413,1564475
6414,1239445
6415,834851
6416,897510
6417,826838
6418,1269410
6419,891939
6420,1290423
6421,846692
6422,941986
6423,1397447
6424,863639
6425,1920538
6426,847364
6427,1408624
6428,904852
6429,892013
6430,885376
6431,1407178
6432,886855
6433,870651
6434,1418521
6435,1540372
6436,1335105
6437,896875
6438,1308383
6439,939110
6440,1489464
6441,900010
6442,880477
6443,1278433
6444,1319021
6445,938393
6446,890254
6447,1425735
6448,892599
6449,890069
6450,883106
6451,1305465
6452,896912
6453,1435273
6454,1314221
6455,932675
6456,883563
6457,879509
6458,1280724
6459,926408
6460,1375630
6461,896542
6462,923054
6463,1341190
6464,1358961
6465,944285
6466,10760173
6467,1147834
6468,954762
6469,1390759
6470,942970
6471,905293
6472,1736180
6473,1543697
6474,915849
6475,896455
6476,882314
6477,1278710
6478,958355
6479,898844
6480,885099
6481,1353172
6482,913454
6483,1385980
6484,1464983
6485,908255
6486,890213
6487,885941
6488,887754
6489,1336642
6490,937079
6491,886270
6492,1444346
6493,1265513
6494,874128
6495,845168
6496,835238
6497,998794
6498,1259032
6499,1387933
6500,907435
6501,841241
6502,1204460
6503,859472
6504,1814713
6505,932934
6506,848761
6507,832651
6508,833714
6509,1370752
6510,841815
6511,829042
6512,935489
6513,1285190
6514,1395782
6515,833587
6516,838324
6517,1290324
6518,895870
6519,1367769
6520,853799
6521,838984
6522,833915
6523,1248715
6524,832412
6525,1349373
6526,826467
6527,833797
6528,831774
6529,829932
6530,1378547
6531,837195
6532,1328810
6533,842437
6534,1218354
6535,1326535
6536,1274259
6537,837690
6538,1275392
6539,841596
6540,862864
6541,1260564
6542,878805
6543,1305189
6544,1449812
6545,893402
6546,1356991
6547,878154
6548,943733
6549,1320932
6550,1463772
6551,847582
6552,834427
6553,829907
6554,834073
6555,1219783
6556,1342732
6557,960704
6558,1223072
6559,881684
6560,834485
6561,1594560
6562,838296
6563,7951095
6564,1336889
6565,1624102
6566,1036612
6567,1449734
6568,1194354
6569,964321
6570,890472
6571,1265167
6572,903776
6573,878293
6574,1465852
6575,1518157
6576,894049
6577,890003
6578,1447114
6579,1285338
6580,968751
6581,877111
6582,1334285
6583,885553
6584,1420795
6585,1386644
6586,980187
6587,1009300
6588,880857
6589,1311921
6590,888775
6591,883493
6592,1421132
6593,904180
6594,880865
6595,1393256
6596,935707
6597,1670362
6598,971033
6599,1414944
6600,902919
6601,874865
6602,874387
6603,1350750
6604,1294827
6605,1517073
6606,916400
6607,892999
6608,881049
6609,876621
6610,4065819
6611,1723148
6612,1030065
6613,920924
6614,1378300
6615,1592392
6616,976339
6617,1531148
6618,884700
6619,877234
6620,881994
6621,946428
6622,1413935
6623,1310067
6624,979685
6625,1391394
6626,966513
6627,1448964
6628,888750
6629,1397245
6630,1004298
6631,896014
6632,875631
6633,876213
6634,1329778
6635,887316
6636,1490074
6637,887168
6638,891992
6639,933746
6640,3445814
6641,975342
6642,989244
6643,1522372
6644,896142
6645,1333873
6646,1400746
6647,8153363
6648,1044494
6649,1635868
6650,1440135
6651,1313581
6652,1449969
6653,911110
6654,1427960
6655,900900
6656,890959
6657,1359183
6658,1420543
6659,856102
6660,829404
6661,1223755
6662,875858
6663,1234019
6664,1427350
6665,828292
6666,871952
6667,834575
6668,833974
6669,1234426
6670,829512
6671,1442178
6672,853931
6673,833297
6674,1253989
6675,847373
6676,1345784
6677,1322143
6678,951833
6679,883819
6680,881998
6681,889191
6682,1284028
6683,881190
6684,1480594
6685,906364
6686,1428565
6687,886418
6688,864739
6689,828296
6690,1233718
6691,1327985
6692,858422
6693,841324
6694,1187552
6695,856947
6696,2282332
6697,6395173
6698,4202161
6699,1378531
6700,1728805
6701,876279
6702,843640
6703,827473
6704,1430473
6705,918967
6706,851732
6707,1289063
6708,928600
6709,1433777
6710,1496893
6711,918910
6712,885755
6713,882631
6714,881108
6715,955216
6716,1422134
6717,958380
6718,1496996
6719,1676554
6720,1246321
6721,949175
6722,1449710
6723,1005011
6724,930651
6725,932576
6726,927813
6727,1405279
6728,1598383
6729,1366900
6730,985193
6731,946790
6732,995226
6733,1490869
6734,9934843
6735,1745141
6736,1061795
6737,1513382
6738,1510135
6739,1055273
6740,953572
6741,1023885
6742,1428915
6743,952286
6744,939374
6745,1651879
6746,951364
6747,1480945
6748,1029097
6749,1646004
6750,958755
6751,1393145
6752,897588
6753,873098
6754,873081
6755,1589027
6756,1372335
6757,973575
6758,1557644
6759,1398979
6760,905337
6761,1344214
6762,884782
6763,1422967
6764,883056
6765,1320644
6766,1394979
6767,970955
6768,1193102
6769,1258681
6770,910443
6771,888565
6772,883546
6773,887889
6774,1275092
6775,1250828
6776,1235658
6777,1395197
6778,893039
6779,888409
6780,878219
6781,1319808
6782,1299759
6783,895326
6784,872781
6785,1466021
6786,895120
6787,1356526
6788,1321567
6789,910340
6790,888503
6791,879744
6792,881083
6793,1399066
6794,1489060
6795,888388
6796,872084
6797,1333959
6798,1373813
6799,922683
6800,3936955
6801,1166943
6802,1541930
6803,932176
6804,889575
6805,1467665
6806,897040
6807,1388024
6808,945410
6809,874045
6810,936902
6811,1571838
6812,888516
6813,882129
6814,884449
6815,1387278
6816,1289817
6817,1454576
6818,951466
6819,10174740
6820,2215594
6821,1000953
6822,930483
6823,1419604
6824,1042101
6825,1559234
6826,924010
6827,908901
6828,1499019
6829,1186761
6830,1034074
6831,942489
6832,1557161
6833,943275
6834,1403239
6835,1348227
6836,1262476
6837,957165
6838,960011
6839,953284
6840,1467982
6841,1624513
6842,977542
6843,948327
6844,1533880
6845,944017
6846,946089
6847,1660770
6848,980715
6849,946720
6850,1432946
6851,991654
6852,1539969
6853,1519476
6854,1506444
6855,1003837
6856,989165
6857,1547776
6858,1086552
6859,1590551
6860,963926
6861,1623821
6862,1002976
6863,1070542
6864,2101987
6865,1041343
6866,1028212
6867,1605610
6868,1551629
6869,995625
6870,1729810
6871,995127
6872,1016399
6873,994212
6874,1516068
6875,1077245
6876,1563289
6877,1048219
6878,1722011
6879,1649258
6880,1031055
6881,1100762
6882,1007211
6883,988860
6884,1583691
6885,1065593
6886,1751247
6887,1560709
6888,1722056
6889,1036971
6890,1045817
6891,1889291
6892,1043439
6893,1008761
6894,1004488
6895,1711452
6896,1599801
6897,2023569
6898,2147547
6899,14869434
6900,1617348
6901,2010781
6902,1988016
6903,1311106
6904,2200581
6905,1274012
6906,1252892
6907,2047211
6908,2489890
6909,2096590
6910,1226228
6911,1223768
6912,1857406
6913,1249617
6914,1294493
6915,1982335
6916,2012680
6917,1873874
6918,1138107
6919,1142866
6920,1974071
6921,1169218
6922,1138296
6923,1137551
6924,1845395
6925,1873614
6926,1138494
6927,1133892
6928,1886869
6929,1827073
6930,1259106
6931,1669858
6932,1149602
6933,1098463
6934,5948917
6935,2149430
6936,1239976
6937,1816489
6938,3374228
6939,1278207
6940,1894606
6941,1153788
6942,1731252
6943,1980452
6944,1869321
6945,1141576
6946,1133541
6947,1129582
6948,1800791
6949,1809884
6950,1212409
6951,1678309
6952,1677976
6953,1535980
6954,1128482
6955,1046938
6956,1054465
6957,1781967
6958,1060830
6959,1446211
6960,13839015
6961,1351516
6962,1088414
6963,4929845
6964,1902949
6965,1093997
6966,1024795
6967,1733169
6968,1169881
6969,1767010
6970,1005238
6971,1492666
6972,1566007
6973,1001175
6974,984658
6975,1386075
6976,1070208
6977,1353057
6978,1551183
6979,949024
6980,938393
6981,924101
6982,1401397
6983,1321834
6984,1140051
6985,1021438
6986,1542296
6987,1348331
6988,981704
6989,942955
6990,1686352
6991,954705
6992,1041458
6993,1314443
6994,942201
6995,1483190
6996,1432088
6997,953065
6998,930681
6999,926985
7000,1427206
7001,966463
7002,995947
7003,1569757
7004,1437777
7005,1010449
7006,1241640
7007,934652
7008,926400
7009,1431425
7010,938748
7011,978181
7012,1309441
7013,929354
7014,1843311
7015,1010384
7016,942946
7017,1048033
7018,926392
7019,1506418
7020,946827
7021,1465897
7022,940219
7023,1384444
7024,1356773
7025,936663
7026,1301304
7027,1016012
7028,988621
7029,926659
7030,1369327
7031,933112
7032,937961
7033,1587329
7034,1401834
7035,972973
7036,931439
7037,981955
7038,1787080
7039,1440307
7040,936877
7041,4959044
7042,12439846
7043,1069388
7044,1827123
7045,1086531
7046,1306500
7047,1028492
7048,1450682
7049,1442363
7050,1596628
7051,906067
7052,1362450
7053,959966
7054,898931
7055,898140
7056,887762
7057,1453768
7058,969331
7059,1589455
7060,873967
7061,878537
7062,868253
7063,876505
7064,1460892
7065,1308964
7066,954709
7067,883435
7068,4107119
7069,1820704
7070,981040
7071,1619441
7072,941826
7073,888832
7074,1109925
7075,1353517
7076,1333560
7077,1233792
7078,1373595
7079,905453
7080,891375
7081,1432253
7082,1488665
7083,1031820
7084,942394
7085,1508862
7086,940193
7087,1313285
7088,1674370
7089,943836
7090,1036613
7091,945114
7092,921254
7093,1305065
7094,1241731
7095,965685
7096,889310
7097,879777
7098,2390163
7099,1478909
7100,1316598
7101,977452
7102,884280
7103,872204
7104,879335
7105,918925
7106,1329695
7107,883592
7108,1536446
7109,876605
7110,865336
7111,873317
7112,867441
7113,1283517
7114,1243091
7115,952657
7116,1385857
7117,944165
7118,1234278
7119,1379738
7120,953757
7121,1329815
7122,902792
7123,882038
7124,875207
7125,1294448
7126,873872
7127,10175795
7128,2020315
7129,992326
7130,940417
7131,909858
7132,1563219
7133,906071
7134,890748
7135,1353419
7136,962731
7137,1460999
7138,967642
7139,963885
7140,876246
7141,874540
7142,871660
7143,1369768
7144,895677
7145,1191137
7146,1005077
7147,1288181
7148,958998
7149,1216083
7150,877585
7151,878380
7152,1381954
7153,889612
7154,871598
7155,875513
7156,1298700
7157,890823
7158,880601
7159,1411421
7160,869245
7161,874494
7162,881297
7163,882595
7164,1439434
7165,1523373
7166,916685
7167,889117
7168,1332452
7169,1394945
7170,950177
7171,1373689
7172,891424
7173,887778
7174,1012448
7175,1391254
7176,868764
7177,869349
7178,1329247
7179,1294728
7180,927121
7181,879769
7182,880366
7183,1271948
7184,979545
7185,1494318
7186,898919
7187,874054
7188,1247343
7189,1305338
7190,931282
7191,1311699
7192,1135141
7193,945983
7194,876579
7195,1399177
7196,889327
7197,878483
7198,1387933
7199,1404978
7200,1295803
7201,883262
7202,931257
7203,1277370
7204,1301671
7205,885846
7206,873980
7207,1164421
7208,882203
7209,1320124
7210,1399642
7211,1351557
7212,900859
7213,899141
7214,883847
7215,884646
7216,1294127
7217,1362615
7218,902372
7219,888116
7220,1497062
7221,1335785
7222,910825
7223,8068267
7224,1094957
7225,943045
7226,1539293
7227,924736
7228,1381102
7229,893731
7230,1238555
7231,903731
7232,4123187
7233,1058412
7234,1436220
7235,1008006
7236,875286
7237,839573
7238,1240220
7239,1723902
7240,925815
7241,1218865
7242,852638
7243,902610
7244,824349
7245,1319279
7246,1085736
7247,849362
7248,839013
7249,1610797
7250,853841
7251,1255394
7252,944989
7253,879896
7254,869080
7255,862736
7256,872254
7257,1332896
7258,1508788
7259,886196
7260,867384
7261,1332312
7262,1370097
7263,936251
7264,1383545
7265,914657
7266,886851
7267,875500
7268,1636503
7269,885553
7270,876303
7271,1409584
7272,1401599
7273,884778
7274,880984
7275,1410589
7276,935884
7277,983002
7278,886950
7279,1291647
7280,894131
7281,1289656
7282,1290567
7283,1303347
7284,910600
7285,935473
7286,884127
7287,872579
7288,1307641
7289,1292293
7290,1077693
7291,1327936
7292,1383331
7293,931488
7294,877370
7295,1377028
7296,1048980
7297,890019
7298,878805
7299,1318628
7300,891099
7301,1199010
7302,1432887
7303,928134
7304,933029
7305,880774
7306,833162
7307,1239580
7308,1179719
7309,910859
7310,848826
7311,1115413
7312,1199072
7313,1301214
7314,1080936
7315,1309103
7316,7750112
7317,1159514
7318,886551
7319,1462313
7320,906273
7321,1587799
7322,1297563
7323,904576
7324,842510
7325,838642
7326,1332765
7327,896236
7328,1455387
7329,886732
7330,868595
7331,1421364
7332,1318279
7333,945294
7334,1393788
7335,1100009
7336,882035
7337,874288
7338,1443183
7339,1285429
7340,968054
7341,1290628
7342,944973
7343,1329927
7344,989861
7345,882076
7346,1377476
7347,893744
7348,875813
7349,1282973
7350,4206199
7351,2058141
7352,1040749
7353,938854
7354,905590
7355,894111
7356,1345978
7357,905099
7358,888705
7359,1617777
7360,1397438
7361,1359031
7362,883443
7363,888235
7364,1258002
7365,1252757
7366,888235
7367,877313
7368,1283534
7369,885743
7370,1330115
7371,1379470
7372,905989
7373,884313
7374,885389
7375,877758
7376,1468505
7377,1588009
7378,904374
7379,875491
7380,1353225
7381,1333382
7382,955340
7383,1399395
7384,898033
7385,885351
7386,884597
7387,1881834
7388,1037177
7389,1434494
7390,905502
7391,1246791
7392,1363151
7393,954581
7394,889200
7395,1625160
7396,841323
7397,832083
7398,817880
7399,1286875
7400,866440
7401,1229750
7402,976665
7403,1159861
7404,848711
7405,1027206
7406,9679810
7407,937199
7408,1613863
7409,877869
7410,1280951
7411,926177
7412,831823
7413,837875
7414,838988
7415,1416386
7416,885735
7417,836816
7418,823418
7419,2255893
7420,854969
7421,840294
7422,1352071
7423,843232
7424,838984
7425,834806
7426,1367938
7427,838534
7428,823294
7429,1314224
7430,1181203
7431,888540
7432,833690
7433,830151
7434,838877
7435,1841852
7436,1104302
7437,868735
7438,1286319
7439,883444
7440,884791
7441,1261149
7442,1285042
7443,901320
7444,888248
7445,1084694
7446,1182039
7447,930433
7448,1486370
7449,883106
7450,1319798
7451,1313541
7452,935958
7453,886740
7454,1673060
7455,914892
7456,866906
7457,835869
7458,1275644
7459,844979
7460,837348
7461,1351952
7462,841196
7463,1438149
7464,880655
7465,886480
7466,1265496
7467,930108
7468,1316770
7469,982437
7470,877621
7471,1457270
7472,1489588
7473,998625
7474,1397648
7475,882542
7476,871150
7477,873172
7478,870120
7479,1317834
7480,893938
7481,1368074
7482,1396502
7483,929354
7484,880473
7485,872818
7486,1244611
7487,916186
7488,1488344
7489,887956
7490,870997
7491,1387628
7492,1255324
7493,919218
7494,874582
7495,1427531
7496,901218
7497,873230
7498,872665
7499,1315456
7500,894049
7501,1464257
7502,8314047
7503,1352562
7504,987678
7505,905948
7506,1500729
7507,1573630
7508,912066
7509,882957
7510,1386474
7511,1334359
7512,3583277
7513,1906719
7514,1447686
7515,2366888
7516,2840617
7517,1282323
7518,1762107
7519,910105
7520,1568706
7521,897196
7522,864841
7523,855175
7524,1362565
7525,871232
7526,1381906
7527,987818
7528,892734
7529,875298
7530,873275
7531,870988
7532,1316198
7533,1872292
7534,932769
7535,1381242
7536,1112760
7537,879434
7538,869407
7539,1444750
7540,889784
7541,871190
7542,862250
7543,1362013
7544,1327384
7545,1823892
7546,979611
7547,882920
7548,877066
7549,871994
7550,1442120
7551,957000
7552,1463207
7553,886171
7554,1258900
7555,1348503
7556,949666
7557,872703
7558,1334335
7559,881025
7560,863754
7561,1020536
7562,1347919
7563,900266
7564,1475411
7565,1322292
7566,936869
7567,886019
7568,872438
7569,1196802
7570,985425
7571,1377921
7572,891609
7573,874029
7574,1342245
7575,888750
7576,1339909
7577,1111421
7578,925975
7579,982849
7580,4526252
7581,1052479
7582,877536
7583,8481158
7584,1813486
7585,1448309
7586,949357
7587,870865
7588,920183
7589,1285471
7590,908807
7591,843977
7592,832206
7593,831221
7594,1324133
7595,843808
7596,1201017
7597,892409
7598,970431
7599,858084
7600,938789
7601,862477
7602,915655
7603,895388
7604,1451725
7605,887700
7606,1316008
7607,1444865
7608,935666
7609,872085
7610,1384068
7611,898091
7612,939630
7613,896748
7614,1305996
7615,889505
7616,1609615
7617,1479205
7618,902606
7619,887753
7620,892875
7621,1431540
7622,1419819
7623,884613
7624,872093
7625,1361049
7626,1025163
7627,1532531
7628,1387406
7629,901721
7630,883605
7631,874429
7632,873197
7633,876967
7634,1411072
7635,958738
7636,1488649
7637,892396
7638,1525190
7639,898358
7640,1314636
7641,896088
7642,895033
7643,884832
7644,1459153
7645,889760
7646,1373661
7647,1313800
7648,1440053
7649,897168
7650,889402
7651,1314150
7652,1274120
7653,942921
7654,886390
7655,1306149
7656,881420
7657,1318980
7658,1327149
7659,878092
7660,885083
7661,876336
7662,878722
7663,1285528
7664,894658
7665,1353374
7666,893695
7667,1311212
7668,1403556
7669,880279
7670,1195026
7671,1363060
7672,915337
7673,871701
7674,1182011
7675,838139
7676,1180223
7677,1362640
7678,914431
7679,7993775
7680,1182773
7681,938051
7682,869625
7683,1723800
7684,1030350
7685,1435916
7686,919230
7687,1281548
7688,847607
7689,850796
7690,1353876
7691,863556
7692,848971
7693,844636
7694,1757847
7695,835020
7696,1709865
7697,846145
7698,839725
7699,825041
7700,828197
7701,1359463
7702,863725
7703,943692
7704,1198829
7705,1309939
7706,1367007
7707,891573
7708,1779873
7709,943321
7710,884470
7711,878013
7712,1288659
7713,881915
7714,1246408
7715,1380306
7716,1348833
7717,886365
7718,882879
7719,879225
7720,877742
7721,1327824
7722,1334005
7723,894765
7724,890189
7725,1361852
7726,890052
7727,1699280
7728,952138
7729,947259
7730,1392667
7731,909293
7732,1584136
7733,1391394
7734,989701
7735,894003
7736,1500049
7737,1300509
7738,928794
7739,904815
7740,1555419
7741,1028182
7742,887938
7743,884053
7744,1336638
7745,1240916
7746,951993
7747,1538098
7748,898247
7749,884848
7750,890505
7751,1298325
7752,4018603
7753,1085929
7754,1013808
7755,1576975
7756,926227
7757,1583217
7758,913504
7759,888924
7760,882372
7761,3706023
7762,1479185
7763,10625961
7764,1767427
7765,1117741
7766,1348261
7767,1253144
7768,985568
7769,910014
7770,971964
7771,1490491
7772,900373
7773,1586373
7774,1002927
7775,1452532
7776,891494
7777,883859
7778,884424
7779,1419999
7780,959834
7781,880424
7782,876320
7783,1446043
7784,886155
7785,1334479
7786,970381
7787,883543
7788,882554
7789,965887
7790,1322452
7791,890992
7792,876856
7793,1490952
7794,907245
7795,1257091
7796,1400536
7797,943605
7798,1009581
7799,1366063
7800,911984
7801,883485
7802,879476
7803,1349603
7804,910760
7805,1315341
7806,1273316
7807,995881
7808,883802
7809,878112
7810,1217431
7811,936601
7812,1465827
7813,904786
7814,894342
7815,1376846
7816,1363150
7817,971444
7818,1350181
7819,890366
7820,872612
7821,874523
7822,1279562
7823,899973
7824,872661
7825,1508260
7826,1296343
7827,930285
7828,879467
7829,877791
7830,872015
7831,1290645
7832,1426168
7833,902314
7834,887510
7835,1499423
7836,1385914
7837,952051
7838,1301539
7839,840438
7840,842828
7841,835659
7842,828543
7843,1252847
7844,844303
7845,1267333
7846,935971
7847,2716091
7848,869802
7849,847801
7850,843590
7851,1615164
7852,874437
7853,845617
7854,1280497
7855,849341
7856,1276534
7857,1132335
7858,8171265
7859,1002081
7860,893801
7861,862904
7862,859976
7863,848068
7864,846412
7865,1591136
7866,857644
7867,1301501
7868,1301003
7869,914048
7870,844789
7871,1123180
7872,884379
7873,835197
7874,830858
7875,831028
7876,1427297
7877,1253016
7878,1481471
7879,1346943
7880,865632
7881,848060
7882,833607
7883,840867
7884,1381538
7885,1416036
7886,854475
7887,826727
7888,1267017
7889,891371
7890,1813972
7891,981535
7892,895586
7893,880856
7894,1219866
7895,956102
7896,906801
7897,1504969
7898,1568298
7899,1484809
7900,888816
7901,874915
7902,870906
7903,1562971
7904,889838
7905,883641
7906,882163
7907,1334644
7908,896240
7909,1258797
7910,944503
7911,891477
7912,877997
7913,873057
7914,3017168
7915,1262122
7916,1004360
7917,1275677
7918,915939
7919,4156960
7920,1463986
7921,1417450
7922,905989
7923,959352
7924,850763
7925,1208910
7926,843994
7927,1514676
7928,863552
7929,854537
7930,846737
7931,1676430
7932,844266
7933,1256654
7934,906198
7935,845807
7936,843907
7937,845749
7938,1250754
7939,835161
7940,830175
7941,1323367
7942,1279076
7943,894498
7944,839128
7945,834769
7946,1237241
7947,864487
7948,8372956
7949,1081698
7950,915947
7951,1354824
7952,1383903
7953,962368
7954,858570
7955,857833
7956,1285347
7957,875492
7958,864026
7959,1165728
7960,988910
7961,1260412
7962,1304217
7963,856498
7964,852275
7965,1234076
7966,913252
7967,873176
7968,856498
7969,854096
7970,1302535
7971,841283
7972,837957
7973,1322518
7974,835795
7975,842642
7976,839222
7977,835263
7978,1355244
7979,866102
7980,1343469
7981,837974
7982,830484
7983,1231740
7984,1204893
7985,891082
7986,1240405
7987,890180
7988,829491
7989,832861
7990,897522
7991,1345249
7992,838056
7993,1187527
7994,1298621
7995,1271602
7996,838744
7997,837999
7998,839004
7999,1315387
8000,896162
8001,1227426
8002,838654
8003,830377
8004,1237855
8005,843458
8006,1284325
8007,1187272
8008,899821
8009,851208
8010,900525
8011,838374
8012,1141427
8013,834381
8014,834076
8015,1238946
8016,841423
8017,1396116
8018,834011
8019,837842
8020,835337
8021,1435866
8022,1287007
8023,838646
8024,829314
8025,1204457
8026,859448
8027,1400384
8028,1278133
8029,848262
8030,911670
8031,841382
8032,839717
8033,1238052
8034,852316
8035,1443703
8036,854755
8037,834266
8038,1165526
8039,834154
8040,1335653
8041,1227332
8042,936114
8043,880815
8044,903669
8045,879674
8046,1308469
8047,891333
8048,1241097
8049,950070
8050,8223018
8051,1917600
8052,1069359
8053,1342896
8054,1487623
8055,944920
8056,919561
8057,1352880
8058,916322
8059,1344948
8060,1548934
8061,929329
8062,903027
8063,909915
8064,836643
8065,837229
8066,1227447
8067,1419567
8068,870849
8069,837780
8070,1431442
8071,932419
8072,1379169
8073,1356839
8074,896471
8075,884564
8076,882253
8077,1273184
8078,897085
8079,1464447
8080,1361643
8081,942205
8082,891345
8083,888338
8084,1346147
8085,944837
8086,1477665
8087,890662
8088,891527
8089,1365091
8090,1416341
8091,910442
8092,1323037
8093,905185
8094,897320
8095,890295
8096,889084
8097,3426240
8098,1119566
8099,915460
8100,1555724
8101,1445540
8102,1293257
8103,942797
8104,1482452
8105,915115
8106,854838
8107,827035
8108,1234262
8109,838939
8110,1368873
8111,906323
8112,864746
8113,847055
8114,843013
8115,890662
8116,1381543
8117,851357
8118,826289
8119,827147
8120,1308827
8121,835156
8122,1295371
8123,1234826
8124,907971
8125,851237
8126,842106
8127,840051
8128,1178965
8129,1239651
8130,907537
8131,1139598
8132,1323614
8133,840969
8134,836895
8135,1302627
8136,1249852
8137,854912
8138,844225
8139,843021
8140,1336655
8141,841921
8142,7682000
8143,1762474
8144,933404
8145,881668
8146,866864
8147,1425978
8148,1506954
8149,868780
8150,849799
8151,1278721
8152,900892
8153,1255946
8154,1332905
8155,840191
8156,844768
8157,912058
8158,850042
8159,858855
8160,1257358
8161,1260029
8162,858513
8163,1119163
8164,1278026
8165,934158
8166,1328505
8167,917575
8168,870160
8169,888058
8170,893435
8171,884799
8172,1308819
8173,1243116
8174,957527
8175,1328311
8176,949299
8177,895359
8178,894288
8179,1356571
8180,1172341
8181,908399
8182,892899
8183,1311851
8184,4213446
8185,1840987
8186,957432
8187,918902
8188,902849
8189,894098
8190,1389112
8191,1694370
8192,900130
8193,1272500
8194,921060
8195,1374852
8196,973904
8197,1379396
8198,889521
8199,882974
8200,924467
8201,907378
8202,1346959
8203,1244747
8204,949481
8205,1443283
8206,1349888
8207,879114
8208,878112
8209,1321698
8210,1480858
8211,901226
8212,827208
8213,1145037
8214,834518
8215,1313664
8216,1245592
8217,1286398
8218,861480
8219,885685
8220,831897
8221,832532
8222,1486836
8223,837034
8224,836569
8225,829454
8226,1232234
8227,1259947
8228,881862
8229,1357543
8230,856972
8231,833966
8232,829202
8233,830669
8234,8396153
8235,1075580
8236,1489807
8237,1277754
8238,910006
8239,861615
8240,1210209
8241,1108368
8242,864722
8243,1333878
8244,865818
8245,852345
8246,1342628
8247,1360959
8248,848761
8249,849692
8250,836895
8251,885199
8252,1447094
8253,1195879
8254,941706
8255,1271182
8256,886933
8257,1273209
8258,958277
8259,1648715
8260,1002000
8261,888379
8262,892681
8263,893476
8264,1310603
8265,882743
8266,1351264
8267,897135
8268,1260597
8269,4492682
8270,1489180
8271,932976
8272,912651
8273,885705
8274,889092
8275,1419398
8276,968779
8277,1499065
8278,1310661
8279,964782
8280,1261903
8281,880465
8282,870646
8283,1287621
8284,886521
8285,935353
8286,874111
8287,1453509
8288,876959
8289,1236656
8290,952430
8291,882867
8292,879216
8293,882760
8294,873868
8295,1391138
8296,1326003
8297,874696
8298,867433
8299,1444720
8300,1385185
8301,940998
8302,1326980
8303,898334
8304,972479
8305,909355
8306,1448351
8307,893986
8308,1384909
8309,887802
8310,1235527
8311,925724
8312,874672
8313,867173
8314,1383186
8315,940837
8316,884758
8317,1370834
8318,889821
8319,1308518
8320,887337
8321,1393129
8322,890003
8323,947181
8324,892713
8325,889450
8326,9536941
8327,1923905
8328,1021986
8329,1519500
8330,925666
8331,1436332
8332,1460772
8333,986187
8334,907654
8335,890406
8336,903492
8337,1356463
8338,1367905
8339,979557
8340,1366517
8341,978206
8342,1327372
8343,898523
8344,891519
8345,1318930
8346,896574
8347,891469
8348,885076
8349,1278808
8350,886859
8351,1277885
8352,1032109
8353,904950
8354,884564
8355,894708
8356,886423
8357,1328805
8358,1379211
8359,890633
8360,883583
8361,1448865
8362,1380323
8363,950210
8364,1299112
8365,881594
8366,887795
8367,879674
8368,1281593
8369,899496
8370,886818
8371,1605759
8372,1260222
8373,931793
8374,887424
8375,884655
8376,1318460
8377,954288
8378,1299450
8379,897324
8380,889191
8381,1401822
8382,887424
8383,1315230
8384,1314442
8385,948311
8386,892759
8387,892491
8388,1351067
8389,921102
8390,935221
8391,1509031
8392,1203205
8393,1362697
8394,890840
8395,890658
8396,1246428
8397,1271804
8398,893365
8399,925069
8400,886818
8401,1257985
8402,881008
8403,1316008
8404,1585248
8405,898907
8406,887081
8407,887292
8408,1431273
8409,1399280
8410,854051
8411,838629
8412,1325279
8413,843693
8414,1163148
8415,897580
8416,1263283
8417,878314
8418,833310
8419,827999
8420,822141
8421,1206191
8422,852654
8423,8601226
8424,998221
8425,1724841
8426,862386
8427,833694
8428,1370460
8429,1369124
8430,871306
8431,839276
8432,1255818
8433,845584
8434,1173882
8435,884564
8436,1241064
8437,3354735
8438,1506254
8439,972994
8440,920858
8441,1454271
8442,1025735
8443,1536137
8444,1372029
8445,1024952
8446,905251
8447,1376367
8448,1177223
8449,922169
8450,1765825
8451,952595
8452,1500708
8453,1511066
8454,926383
8455,898676
8456,898807
8457,890535
8458,888021
8459,1452474
8460,1413374
8461,908699
8462,896925
8463,1047778
8464,906557
8465,944912
8466,1529928
8467,968486
8468,947189
8469,949934
8470,1456767
8471,949951
8472,1456731
8473,1673171
8474,957049
8475,958025
8476,949485
8477,1538605
8478,988033
8479,1026518
8480,1461456
8481,967893
8482,1423485
8483,948018
8484,1312696
8485,1341268
8486,955471
8487,967708
8488,1355092
8489,1011043
8490,1507358
8491,1775956
8492,963583
8493,964395
8494,949740
8495,1456952
8496,1597424
8497,1026349
8498,956295
8499,1496267
8500,1004995
8501,1656951
8502,1606813
8503,1014772
8504,1013293
8505,1124527
8506,1698613
8507,1214271
8508,1497140
8509,10791391
8510,2027528
8511,1219071
8512,1055173
8513,1125817
8514,1743304
8515,1645612
8516,1562448
8517,1711971
8518,1022628
8519,1018290
8520,1719543
8521,1277872
8522,1076940
8523,1621543
8524,1084591
8525,1460842
8526,1604419
8527,1139161
8528,1077760
8529,1071035
8530,1827988
8531,1914807
8532,1140492
8533,1744799
8534,1642456
8535,1740111
8536,1231205
8537,1140628
8538,1142762
8539,1660757
8540,1147591
8541,1721838
8542,1760769
8543,1065918
8544,1051935
8545,1056607
8546,1049500
8547,1671890
8548,1055276
8549,1055499
8550,1569135
8551,1528062
8552,1604876
8553,1048429
8554,1059108
8555,1061226
8556,1706561
8557,1904791
8558,1059475
8559,1047082
8560,1668767
8561,1704027
8562,1626907
8563,1081904
8564,1110593
8565,1060245
8566,1445886
8567,1652517
8568,1415723
8569,1719968
8570,996623
8571,1322947
8572,1108265
8573,1558081
8574,995872
8575,1054395
8576,1598536
8577,1757737
8578,1156512
8579,1754601
8580,1092291
8581,1066446
8582,1062714
8583,1442507
8584,17542685
8585,2457230
8586,2072260
8587,1157678
8588,1085024
8589,1078407
8590,1905343
8591,1657973
8592,1091311
8593,1639342
8594,1748013
8595,1551896
8596,1217130
8597,1066932
8598,1046711
8599,1464464
8600,993211
8601,1716923
8602,1512731
8603,1011723
8604,1063014
8605,983920
8606,984180
8607,1780603
8608,1005674
8609,985235
8610,1610801
8611,1511874
8612,1574850
8613,979813
8614,937232
8615,924006
8616,920760
8617,1410437
8618,1483313
8619,929449
8620,911782
8621,2105234
8622,943601
8623,932654
8624,1393916
8625,920829
8626,926058
8627,1355508
8628,938703
8629,1449780
8630,1499122
8631,948730
8632,933564
8633,920537
8634,913393
8635,2099470
8636,932510
8637,922300
8638,1508673
8639,947775
8640,1279579
8641,1424519
8642,2939199
8643,986438
8644,929832
8645,2162656
8646,1063422
8647,950404
8648,1444366
8649,933483
8650,918954
8651,1868109
8652,1075370
8653,1072160
8654,1063619
8655,1502583
8656,933684
8657,1275158
8658,1005773
8659,1529232
8660,1384802
8661,1002860
8662,1028685
8663,1491891
8664,943189
8665,927545
8666,9249375
8667,1738388
8668,1677196
8669,1076322
8670,968647
8671,961928
8672,1614468
8673,1476804
8674,1484986
8675,3870984
8676,2520066
8677,1074204
8678,993904
8679,895614
8680,1474393
8681,1357971
8682,995988
8683,907464
8684,1503221
8685,1434556
8686,987378
8687,885248
8688,1603724
8689,907522
8690,894972
8691,889158
8692,1591766
8693,1385515
8694,947734
8695,2980334
8696,989994
8697,885499
8698,882302
8699,1687925
8700,931323
8701,892220
8702,937029
8703,1384241
8704,890802
8705,1497462
8706,903376
8707,868954
8708,866881
8709,1296558
8710,870218
8711,924055
8712,1538205
8713,898927
8714,1399580
8715,968812
8716,880922
8717,863024
8718,1267511
8719,941326
8720,873634
8721,1429246
8722,885619
8723,873346
8724,1228836
8725,1435157
8726,879728
8727,877297
8728,867960
8729,857615
8730,1554047
8731,944586
8732,1403206
8733,882356
8734,881350
8735,1331105
8736,959949
8737,3805738
8738,1099221
8739,1731537
8740,905906
8741,890188
8742,1403931
8743,989161
8744,1287300
8745,1378358
8746,8820505
8747,1920188
8748,1106300
8749,984906
8750,1490268
8751,979154
8752,1317859
8753,1453167
8754,1013717
8755,947458
8756,1000784
8757,930281
8758,1490754
8759,1330001
8760,966756
8761,1353176
8762,890337
8763,1451275
8764,881817
8765,933086
8766,931616
8767,908910
8768,934219
8769,1332423
8770,942378
8771,1369294
8772,1476668
8773,918658
8774,994806
8775,926074
8776,1292104
8777,937463
8778,1468382
8779,874395
8780,863807
8781,1311868
8782,1349344
8783,1009069
8784,1358832
8785,875570
8786,916174
8787,911645
8788,921863
8789,1307080
8790,917792
8791,977987
8792,1369112
8793,1344235
8794,910850
8795,862752
8796,1235280
8797,927315
8798,872287
8799,873996
8800,879250
8801,1303463
8802,865096
8803,1329576
8804,1633359
8805,873666
8806,868179
8807,861809
8808,1316025
8809,1279747
8810,941307
8811,862497
8812,1334763
8813,885285
8814,1348599
8815,1466882
8816,946287
8817,870753
8818,866110
8819,867107
8820,897110
8821,1453042
8822,1416328
8823,901201
8824,864895
8825,1422578
8826,1316593
8827,955204
8828,894473
8829,1463429
8830,955850
8831,873419
8832,870362
8833,1328109
8834,876658
8835,1358046
8836,1319025
8837,1362911
8838,879299
8839,870989
8840,1356476
8841,8155472
8842,1432031
8843,1736592
8844,1012427
8845,1757943
8846,1441680
8847,974210
8848,951483
8849,941607
8850,1001563
8851,1667947
8852,905202
8853,900139
8854,897654
8855,1486276
8856,989836
8857,1337853
8858,1445886
8859,906005
8860,891646
8861,882154
8862,1382202
8863,902387
8864,1386878
8865,1316301
8866,936234
8867,900113
8868,970798
8869,1477550
8870,1464299
8871,907613
8872,873996
8873,1337017
8874,1497717
8875,1584034
8876,1060134
8877,886588
8878,879290
8879,878948
8880,879534
8881,1281297
8882,873626
8883,1400668
8884,888775
8885,1345921
8886,925287
8887,873910
8888,1266032
8889,1474941
8890,911395
8891,868834
8892,1458881
8893,896212
8894,1336481
8895,1410685
8896,900584
8897,873889
8898,880930
8899,880432
8900,1284131
8901,1470339
8902,884271
8903,872674
8904,3903957
8905,1601725
8906,949373
8907,1479279
8908,961685
8909,899145
8910,884572
8911,1632012
8912,1330973
8913,1623359
8914,889005
8915,881429
8916,880461
8917,867829
8918,1332208
8919,1332604
8920,1018686
8921,1455795
8922,903385
8923,1362281
8924,873526
8925,1256061
8926,947046
8927,8873185
8928,1108022
8929,952913
8930,1522018
8931,1678457
8932,1053039
8933,920182
8934,902701
8935,898379
8936,903953
8937,913241
8938,898758
8939,1589228
8940,971300
8941,1365894
8942,945575
8943,894474
8944,883039
8945,1353646
8946,972845
8947,899310
8948,1410083
8949,977493
8950,925246
8951,1361041
8952,1629268
8953,904407
8954,882731
8955,877519
8956,1352698
8957,919355
8958,923478
8959,1477702
8960,911831
8961,1373822
8962,1365243
8963,878103
8964,1373261
8965,886369
8966,875953
8967,876690
8968,1437658
8969,873498
8970,1395564
8971,886657
8972,1330648
8973,945022
8974,3772320
8975,941319
8976,1730338
8977,900834
8978,890077
8979,1387657
8980,917170
8981,1438354
8982,1445553
8983,958665
8984,894807
8985,870890
8986,868158
8987,1208928
8988,1312502
8989,1146973
8990,890271
8991,1327928
8992,1424837
8993,953902
8994,896451
8995,1502360
8996,887242
8997,882179
8998,873810
8999,1477908
9000,1297847
9001,1547414
9002,974984
9003,1331632
9004,901461
9005,867515
9006,862872
9007,1369319
9008,872562
9009,871450
9010,867375
9011,1460978
9012,1328637
9013,1254907
9014,888289
9015,882154
9016,7891614
9017,1195277
9018,966237
9019,925938
9020,1626899
9021,1458666
9022,985696
9023,899755
9024,884647
9025,883625
9026,1425673
9027,889093
9028,869514
9029,1325390
9030,901222
9031,1467990
9032,1440773
9033,906433
9034,877284
9035,877234
9036,868504
9037,1271421
9038,1480140
9039,880753
9040,874524
9041,1542907
9042,1346864
9043,940770
9044,877293
9045,1385564
9046,879554
9047,875780
9048,878594
9049,1298041
9050,896389
9051,1429266
9052,1310335
9053,922452
9054,871117
9055,863770
9056,1342196
9057,918926
9058,1413433
9059,894815
9060,925337
9061,1338220
9062,1277519
9063,883979
9064,1276933
9065,898256
9066,908457
9067,815438
9068,823941
9069,1286501
9070,1103119
9071,3498564
9072,1574157
9073,950794
9074,856543
9075,840293
9076,1303314
9077,988011
9078,855204
9079,1449368
9080,881301
9081,880279
9082,1822772
9083,959031
9084,888281
9085,887963
9086,868805
9087,2360041
9088,987793
9089,1551814
9090,1409976
9091,1019889
9092,939708
9093,1003911
9094,866539
9095,1693990
9096,1134687
9097,877173
9098,1249494
9099,1397434
9100,962141
9101,1409914
9102,895853
9103,1093235
9104,877445
9105,875216
9106,8913332
9107,1982195
9108,1024000
9109,1638756
9110,1467966
9111,1010874
9112,956361
9113,1683356
9114,954511
9115,943264
9116,1424932
9117,960848
9118,1502394
9119,1467043
9120,953481
9121,940985
9122,1009024
9123,951684
9124,1775177
9125,967098
9126,1305906
9127,897580
9128,1434300
9129,1350362
9130,994884
9131,1384390
9132,884124
9133,877383
9134,869209
9135,1335884
9136,895659
9137,1464732
9138,1313722
9139,976480
9140,904687
9141,890810
9142,1258821
9143,929783
9144,1481855
9145,871417
9146,874038
9147,1324018
9148,1376475
9149,971799
9150,1402185
9151,1735253
9152,921756
9153,884086
9154,1894907
9155,921875
9156,1522512
9157,1392910
9158,912482
9159,887609
9160,882504
9161,876971
9162,1502043
9163,900072
9164,884128
9165,1290818
9166,966723
9167,1394706
9168,1429101
9169,901996
9170,884631
9171,878087
9172,867157
9173,883760
9174,879229
9175,1499810
9176,908202
9177,1480276
9178,863993
9179,871862
9180,871985
9181,1472585
9182,869403
9183,868772
9184,865183
9185,1327689
9186,869703
9187,1332077
9188,936057
9189,882982
9190,875303
9191,877758
9192,877424
9193,1373455
9194,1542120
9195,887370
9196,873490
9197,1269991
9198,1336007
9199,8767175
9200,1749051
9201,970955
9202,926824
9203,907945
9204,1504837
9205,1492736
9206,913285
9207,1369895
9208,1343827
9209,948483
9210,892223
9211,1336304
9212,894877
9213,893427
9214,893653
9215,1414207
9216,902030
9217,1391963
9218,1291395
9219,925230
9220,889796
9221,881017
9222,1171051
9223,3395141
9224,1029373
9225,919429
9226,1472053
9227,903620
9228,1346950
9229,966888
9230,3422453
9231,1028310
9232,929280
9233,890205
9234,1351994
9235,984324
9236,1381613
9237,1311529
9238,1059042
9239,871747
9240,867457
9241,1417948
9242,898725
9243,882311
9244,892800
9245,1371325
9246,877552
9247,1414982
9248,1329374
9249,926482
9250,874931
9251,870210
9252,1230974
9253,946465
9254,1410486
9255,893913
9256,879727
9257,1470100
9258,1376639
9259,973946
9260,1444737
9261,874998
9262,892437
9263,869699
9264,865331
9265,1337878
9266,999573
9267,1365639
9268,891894
9269,1559222
9270,1328595
9271,871545
9272,869217
9273,1360876
9274,869645
9275,919779
9276,872909
9277,1276282
9278,883056
9279,1293513
9280,1402844
9281,883283
9282,922725
9283,873543
9284,1277378
9285,923821
9286,1277288
9287,883394
9288,883341
9289,9409943
9290,1025455
9291,1023964
9292,1019939
9293,895882
9294,891268
9295,870395
9296,1443937
9297,887452
9298,1309807
9299,951248
9300,1395992
9301,871665
9302,868883
9303,876580
9304,1306215
9305,937565
9306,1451667
9307,892640
9308,1285392
9309,1266456
9310,1347890
9311,868664
9312,1330672
9313,882809
9314,892314
9315,925728
9316,870791
9317,1219471
9318,819179
9319,891770
9320,1238262
9321,874132
9322,823410
9323,818285
9324,812607
9325,1172789
9326,877560
9327,1236177
9328,826343
9329,824114
9330,1162213
9331,831955
9332,1247104
9333,1258714
9334,829989
9335,883097
9336,842437
9337,832754
9338,1254314
9339,1457320
9340,932485
9341,1443023
9342,945508
9343,929655
9344,925370
9345,1397430
9346,891218
9347,818881
9348,1197350
9349,827538
9350,1293294
9351,902676
9352,1363530
9353,823327
9354,877527
9355,826393
9356,826306
9357,1320162
9358,874157
9359,859493
9360,1442306
9361,881338
9362,1363320
9363,863238
9364,1333960
9365,941784
9366,1400483
9367,877746
9368,867362
9369,867861
9370,1269628
9371,879307
9372,1486704
9373,924504
9374,883394
9375,873901
9376,874388
9377,1428882
9378,1293962
9379,929639
9380,1341166
9381,875101
9382,1417849
9383,1367785
9384,909334
9385,1386166
9386,882447
9387,871132
9388,868055
9389,888948
9390,1338888
9391,1748516
9392,1617542
9393,937816
9394,919161
9395,1295565
9396,966488
9397,1363847
9398,904851
9399,3739689
9400,1250371
9401,2106540
9402,973315
9403,1391106
9404,924043
9405,899425
9406,890807
9407,886439
9408,1678025
9409,907431
9410,1473903
9411,1398727
9412,982409
9413,884807
9414,1554813
9415,894894
9416,931299
9417,885067
9418,1386915
9419,888833
9420,1418121
9421,1441201
9422,886316
9423,897843
9424,1455107
9425,1270448
9426,945814
9427,888446
9428,1389973
9429,881886
9430,1323878
9431,961523
9432,1275483
9433,883477
9434,881124
9435,933647
9436,873831
9437,1316965
9438,1295388
9439,985948
9440,1318947
9441,2666531
9442,1712992
9443,888380
9444,1363410
9445,893167
9446,873135
9447,883666
9448,882348
9449,1426847
9450,1452997
9451,951454
9452,1364321
9453,882286
9454,880407
9455,879183
9456,1512751
9457,889278
9458,880230
9459,1330462
9460,905334
9461,1353329
9462,1346027
9463,1390290
9464,900241
9465,897320
9466,892191
9467,884346
9468,1298424
9469,1465135
9470,956604
9471,888128
9472,1402893
9473,875591
9474,871619
9475,875969
9476,1401258
9477,890950
9478,876641
9479,877919
9480,9314864
9481,1028887
9482,2094480
9483,1555369
9484,907621
9485,895285
9486,877626
9487,1333383
9488,1336728
9489,914246
9490,925139
9491,1400383
9492,909809
9493,1285648
9494,1462173
9495,920562
9496,885026
9497,891210
9498,876452
9499,1333894
9500,1472264
9501,891411
9502,878924
9503,2805391
9504,1084080
9505,927974
9506,901493
9507,1568381
9508,895396
9509,892149
9510,882500
9511,1377695
9512,895738
9513,1552556
9514,910674
9515,891058
9516,876967
9517,945744
9518,1459652
9519,942642
9520,1366241
9521,893801
9522,886155
9523,1388996
9524,889426
9525,879942
9526,875541
9527,1569588
9528,1028368
9529,880411
9530,939081
9531,1365371
9532,886324
9533,1610872
9534,1327108
9535,929618
9536,889368
9537,873778
9538,1259192
9539,1308176
9540,894650
9541,886439
9542,877432
9543,1363538
9544,1315221
9545,999086
9546,1461848
9547,887300
9548,866415
9549,876967
9550,882714
9551,1308493
9552,896249
9553,945188
9554,1340981
9555,1426035
9556,942798
9557,885854
9558,1394208
9559,1191219
9560,894774
9561,887349
9562,1360844
9563,887861
9564,1420185
9565,1007924
9566,903748
9567,887621
9568,881754
9569,886422
9570,1293739
9571,1337490
9572,896978
9573,884564
9574,1434832
9575,9799267
9576,1445635
9577,1836323
9578,986590
9579,920228
9580,909762
9581,1506987
9582,1608296
9583,1429835
9584,1483111
9585,917797
9586,907076
9587,1301856
9588,1535700
9589,903331
9590,927850
9591,1452664
9592,902214
9593,885784
9594,1411014
9595,883406
9596,874750
9597,873140
9598,869283
9599,1424573
9600,1585088
9601,911407
9602,885092
9603,1355343
9604,1334504
9605,962941
9606,1404644
9607,911748
9608,878924
9609,881634
9610,1340461
9611,901218
9612,889620
9613,1412946
9614,1308477
9615,928860
9616,871401
9617,862888
9618,1229157
9619,974662
9620,1379858
9621,928686
9622,898841
9623,1358718
9624,889191
9625,1531869
9626,893159
9627,1488842
9628,945743
9629,882059
9630,882129
9631,1390352
9632,898206
9633,1393339
9634,1307516
9635,1361025
9636,883666
9637,876304
9638,1316115
9639,1400376
9640,890464
9641,879769
9642,1307220
9643,891000
9644,1364325
9645,1419262
9646,963410
9647,892013
9648,873860
9649,1332716
9650,911555
9651,904901
9652,1547232
9653,890749
9654,1349308
9655,884708
9656,931567
9657,882064
9658,1381666
9659,883591
9660,878537
9661,1281865
9662,901275
9663,1354061
9664,1384422
9665,931636
9666,879307
9667,887881
9668,1008509
9669,9600078
9670,1188652
9671,1578327
9672,929354
9673,1350403
9674,975202
9675,906298
9676,1594844
9677,907143
9678,892170
9679,875253
9680,1323223
9681,888137
9682,888924
9683,1384192
9684,1386594
9685,880329
9686,897963
9687,1406057
9688,909446
9689,964638
9690,891893
9691,1239308
9692,902952
9693,1343666
9694,1364198
9695,1279545
9696,888655
9697,879583
9698,879678
9699,875005
9700,1372742
9701,1333527
9702,880036
9703,1421417
9704,1415154
9705,980649
9706,886439
9707,1363476
9708,911971
9709,881177
9710,882616
9711,1312222
9712,900212
9713,1757053
9714,1578257
9715,1388988
9716,936420
9717,896616
9718,1248504
9719,941570
9720,874111
9721,1247516
9722,931599
9723,1284440
9724,872896
9725,1361527
9726,864372
9727,867911
9728,870255
9729,874095
9730,1155560
9731,930005
9732,1369764
9733,886497
9734,1303121
9735,1375041
9736,1314872
9737,1279183
9738,940841
9739,899504
9740,879027
9741,1300150
9742,876278
9743,864018
9744,1167970
9745,1352958
9746,953790
9747,1179555
9748,877984
9749,874178
9750,871207
9751,1333717
9752,893488
9753,4344461
9754,972388
9755,1374761
9756,8004471
9757,1699420
9758,953164
9759,979042
9760,917179
9761,1345270
9762,926325
9763,1566894
9764,1334244
9765,940705
9766,900253
9767,891910
9768,1346571
9769,941525
9770,1517918
9771,880436
9772,879558
9773,1323696
9774,1239754
9775,930528
9776,884379
9777,1472132
9778,967465
9779,893233
9780,905597
9781,1258607
9782,843850
9783,1311649
9784,844534
9785,1263988
9786,831687
9787,831312
9788,886883
9789,1613022
9790,900748
9791,843491
9792,837130
9793,1432579
9794,833471
9795,840343
9796,1107066
9797,1436262
9798,838601
9799,4209145
9800,928691
9801,865632
9802,855159
9803,1619425
9804,934133
9805,1294852
9806,846074
9807,837657
9808,1311163
9809,1638332
9810,977262
9811,908572
9812,1413976
9813,956093
9814,885886
9815,1870442
9816,953996
9817,886950
9818,879150
9819,872456
9820,871685
9821,1339382
9822,1436097
9823,911423
9824,898540
9825,1345751
9826,1311592
9827,934108
9828,1278878
9829,1189595
9830,899195
9831,933111
9832,1326861
9833,874219
9834,872472
9835,1394743
9836,1253016
9837,921563
9838,884013
9839,885232
9840,1212544
9841,991081
9842,1357048
9843,881483
9844,872208
9845,1388559
9846,889508
9847,8468175
9848,1193930
9849,1603497
9850,913022
9851,858405
9852,856148
9853,935929
9854,1251566
9855,1234629
9856,1476400
9857,940680
9858,1149350
9859,847376
9860,843787
9861,1729988
9862,971869
9863,861459
9864,1246428
9865,852329
9866,1350189
9867,846680
9868,1463896
9869,838885
9870,843445
9871,835115
9872,889418
9873,1290682
9874,852144
9875,1389000
9876,839388
9877,830068
9878,1237174
9879,833047
9880,1255501
9881,1164496
9882,905569
9883,851673
9884,844723
9885,832713
9886,1229070
9887,834134
9888,825193
9889,1235123
9890,846894
9891,1288181
9892,886974
9893,836198
9894,839396
9895,837022
9896,1465169
9897,856824
9898,849165
9899,845106
9900,1356431
9901,839849
9902,1302231
9903,1250556
9904,852353
9905,842177
9906,836487
9907,832935
9908,1369529
9909,1180070
9910,890012
9911,1174001
9912,1413197
9913,910492
9914,1196488
9915,1212841
9916,929502
9917,865542
9918,869090
9919,873675
9920,1417338
9921,887292
9922,1402057
9923,894362
9924,1462873
9925,865632
9926,873460
9927,3552735
9928,1811928
9929,981563
9930,922699
9931,1308292
9932,919709
9933,1434873
9934,1283670
9935,905490
9936,891502
9937,898091
9938,976273
9939,9078481
9940,1777834
9941,1059417
9942,1374089
9943,867903
9944,853474
9945,843103
9946,1423786
9947,1259996
9948,853733
9949,890670
9950,1223875
9951,888928
9952,1370080
9953,1414586
9954,889298
9955,884820
9956,883860
9957,876052
9958,1509418
9959,1451354
9960,897291
9961,884453
9962,1383072
9963,882340
9964,1359546
9965,1346971
9966,894255
9967,941583
9968,880312
9969,1203204
9970,917187
9971,1514849
9972,886505
9973,880416
9974,1240124
9975,1359694
9976,1006148
9977,878867
9978,1366175
9979,888104
9980,883847
9981,880106
9982,1375119
9983,883176
9984,1461769
9985,1316396
9986,996034
9987,880337
9988,870807
9989,1170009
9990,877860
9991,1295519
9992,840017
9993,830323
9994,1186032
9995,835848
9996,1423835
9997,1231105
9998,828976
9999,824357
