iteration,latency_ns
0,1450822
1,1677633
2,853515
3,1346839
4,843021
5,846000
6,848554
7,1296001
8,845440
9,839482
10,2042683
11,934223
12,850162
13,838720
14,835749
15,841959
16,867424
17,1310265
18,1454424
19,1129055
20,1471023
21,793889
22,795553
23,779139
24,1352105
25,824349
26,1291856
27,782287
28,1334941
29,1038615
30,795253
31,787380
32,1335039
33,1198190
34,849515
35,786329
36,784021
37,1350131
38,791034
39,997479
40,776543
41,1252736
42,720898
43,741449
44,1032434
45,777182
46,1131349
47,789505
48,740509
49,732735
50,1368890
51,731210
52,728442
53,729813
54,1189167
55,750059
56,730444
57,1271957
58,1345051
59,730497
60,733109
61,732425
62,1392709
63,735610
64,731939
65,720927
66,729851
67,4890913
68,986492
69,1950458
70,780078
71,708471
72,700956
73,1304320
74,711586
75,1264306
76,771991
77,1090701
78,700882
79,907352
80,10531590
81,1934884
82,879435
83,1501899
84,771744
85,761196
86,755584
87,749207
88,749272
89,827163
90,740905
91,1114083
92,1368800
93,737831
94,744745
95,743756
96,742157
97,746335
98,1080784
99,741012
100,746579
101,1549519
102,836417
103,1212359
104,740237
105,730600
106,741020
107,738276
108,1232972
109,747781
110,736867
111,1410227
112,726505
113,731119
114,727865
115,731828
116,732451
117,1197127
118,737378
119,743129
120,1264754
121,818354
122,1148506
123,803678
124,867264
125,725797
126,4087009
127,904934
128,761979
129,1488913
130,1495286
131,750789
132,735607
133,734646
134,725904
135,724877
136,1270354
137,746611
138,741972
139,1219235
140,736159
141,733954
142,880045
143,694282
144,694347
145,1031928
146,688270
147,678659
148,682247
149,1585599
150,758218
151,694113
152,693742
153,682704
154,742776
155,690829
156,1139095
157,682070
158,682086
159,1164249
160,744827
161,1070307
162,695827
163,691158
164,693358
165,688238
166,688481
167,1342360
168,694870
169,763013
170,1963053
171,1266637
172,762396
173,683759
174,1178372
175,686556
176,1163375
177,1162725
178,686185
179,1117799
180,1022909
181,700532
182,683735
183,686680
184,1207732
185,688856
186,688929
187,1103428
188,920524
189,1231456
190,11721062
191,1504111
192,778624
193,730094
194,1261895
195,730576
196,1411607
197,904122
198,704298
199,687789
200,690648
201,663162
202,1107754
203,686960
204,654127
205,649488
206,1504981
207,740616
208,665256
209,661094
210,813237
211,653616
212,1175769
213,695089
214,683886
215,1153961
216,826335
217,1212409
218,716683
219,691018
220,689201
221,682539
222,862815
223,1233013
224,689185
225,1345191
226,761963
227,692638
228,680945
229,685992
230,680529
231,674093
232,1195228
233,710181
234,744366
235,1774208
236,778332
237,699007
238,684220
239,692119
240,1116719
241,696408
242,689251
243,785995
244,1121932
245,968915
246,1160343
247,768748
248,692011
249,677076
250,1121548
251,691777
252,1194766
253,679766
254,1014220
255,741638
256,1131853
257,747699
258,696243
259,688724
260,1057666
261,1147888
262,693920
263,697076
264,689642
265,692864
266,3550786
267,992466
268,1438512
269,1258908
270,726139
271,708965
272,696589
273,692012
274,1229082
275,704904
276,1532512
277,776411
278,692984
279,1151517
280,682754
281,692320
282,689173
283,682189
284,1190934
285,691158
286,1203621
287,693293
288,854602
289,1172213
290,749355
291,676973
292,686689
293,685424
294,1007244
295,744259
296,1113201
297,753290
298,694813
299,1188426
300,770557
301,688629
302,9551312
303,1498739
304,846796
305,1382935
306,720255
307,1191310
308,701270
309,687434
310,1138569
311,760421
312,1322152
313,700420
314,1163376
315,1038820
316,1211222
317,692465
318,685332
319,689593
320,1009947
321,699242
322,1115302
323,1285285
324,692498
325,675762
326,1077270
327,750299
328,694307
329,686025
330,689012
331,688287
332,1170985
333,1062429
334,764863
335,738853
336,1173779
337,685963
338,694941
339,694212
340,691538
341,1162749
342,693667
343,1320471
344,693231
345,681373
346,1314863
347,771534
348,691002
349,687006
350,686120
351,1257066
352,684846
353,1247393
354,695056
355,687323
356,1138218
357,694496
358,871408
359,681477
360,683285
361,1099798
362,694055
363,1031874
364,1167496
365,685316
366,688991
367,5171892
368,741799
369,682996
370,674909
371,674245
372,1198037
373,1317722
374,709555
375,671114
376,656262
377,657959
378,1310426
379,664428
380,650081
381,989746
382,719736
383,1191594
384,655701
385,644651
386,652492
387,649484
388,648895
389,646242
390,1312519
391,664844
392,983434
393,1502982
394,723823
395,654086
396,656525
397,653838
398,654267
399,1096741
400,654345
401,646558
402,641841
403,1159997
404,639699
405,1124362
406,652595
407,646908
408,646043
409,646827
410,646427
411,1089366
412,640519
413,642928
414,1051383
415,712254
416,8527646
417,995865
418,798166
419,1272088
420,698991
421,685465
422,1042092
423,1085345
424,733583
425,664687
426,1162473
427,678094
428,669096
429,665334
430,732734
431,1069705
432,667909
433,1169263
434,655758
435,1058593
436,730415
437,665005
438,663356
439,659826
440,659957
441,1089873
442,661110
443,873666
444,1168571
445,1464398
446,800098
447,664374
448,660019
449,666953
450,660579
451,1170482
452,659422
453,1066734
454,1638114
455,725796
456,659710
457,652434
458,649806
459,645916
460,1127613
461,650802
462,647654
463,640918
464,1111009
465,640934
466,1180004
467,650316
468,645146
469,641552
470,642381
471,644791
472,646720
473,1144913
474,657716
475,1187292
476,1045920
477,667443
478,658585
479,3157820
480,918292
481,699127
482,672041
483,1291412
484,760116
485,1514510
486,739397
487,664777
488,705670
489,655001
490,656649
491,1094335
492,652261
493,1122051
494,1102316
495,643307
496,1074546
497,666520
498,659096
499,652792
500,653822
501,2019869
502,1130081
503,699609
504,651062
505,644210
506,1102266
507,957832
508,664963
509,655441
510,652764
511,1292426
512,761460
513,1041961
514,656451
515,933078
516,692362
517,704178
518,1059701
519,655891
520,645166
521,646558
522,1127909
523,646646
524,827443
525,1039373
526,692180
527,1052095
528,726249
529,664242
530,970365
531,657938
532,1013239
533,655330
534,661601
535,9110421
536,790206
537,1696854
538,900205
539,672301
540,683095
541,1091245
542,755721
543,1130880
544,1073442
545,679816
546,670422
547,669767
548,665264
549,1131927
550,818569
551,1057761
552,1081253
553,1019514
554,1029653
555,667410
556,664387
557,660160
558,659533
559,658009
560,1137414
561,1546718
562,783659
563,695728
564,1108631
565,781117
566,691434
567,687129
568,1206920
569,693952
570,1119179
571,696321
572,1206744
573,749211
574,981135
575,750480
576,688028
577,686981
578,1178178
579,769750
580,1097495
581,698447
582,1000207
583,731297
584,1266909
585,772494
586,693903
587,1125223
588,747835
589,991645
590,698868
591,698950
592,687331
593,1070303
594,684929
595,1160648
596,772452
597,1120592
598,1132894
599,675457
600,689198
601,682988
602,689420
603,1135206
604,745046
605,1191714
606,698072
607,727370
608,1170754
609,738535
610,733966
611,730682
612,728548
613,1227781
614,751782
615,1141864
616,1092436
617,1061382
618,898676
619,746166
620,736047
621,1136553
622,769012
623,1284894
624,1647376
625,807283
626,743698
627,737975
628,742335
629,1390215
630,758811
631,1106324
632,1272755
633,1639160
634,805602
635,734860
636,739162
637,727811
638,1210954
639,935130
640,1189320
641,725583
642,1173585
643,1431375
644,1132129
645,752355
646,729286
647,1521918
648,12669422
649,1974763
650,928208
651,846577
652,809422
653,800992
654,1432229
655,833496
656,800976
657,1966032
658,842584
659,841745
660,842309
661,821567
662,1498558
663,849716
664,1424956
665,1038121
666,1553433
667,857330
668,849749
669,845589
670,834258
671,1380257
672,1381613
673,924542
674,838770
675,5141473
676,1015431
677,1598969
678,897637
679,1503926
680,3297041
681,1530303
682,900500
683,875248
684,865785
685,1354890
686,859148
687,1960375
688,872010
689,850466
690,854154
691,849239
692,1459623
693,848336
694,1405671
695,902297
696,1411331
697,1078889
698,849927
699,843965
700,850050
701,1522788
702,1602982
703,922300
704,1440238
705,854076
706,899162
707,1333856
708,852810
709,1451807
710,906760
711,1505496
712,842445
713,835206
714,834884
715,1578434
716,1060901
717,1430704
718,863449
719,930462
720,894918
721,1441334
722,857742
723,1755430
724,856511
725,1416403
726,1051173
727,1459738
728,871783
729,1492249
730,946843
731,954243
732,1009481
733,1597984
734,12858910
735,2075165
736,961041
737,895301
738,866695
739,1621550
740,855373
741,1434770
742,1776878
743,885426
744,852387
745,845246
746,844797
747,842728
748,1660132
749,850376
750,1541477
751,845918
752,837397
753,838201
754,840644
755,1481748
756,848336
757,844377
758,1534621
759,1496040
760,3090325
761,915823
762,854747
763,1567070
764,1885245
765,1040753
766,1655979
767,956469
768,849144
769,841522
770,1512694
771,1481529
772,937866
773,1731157
774,829096
775,835020
776,832577
777,1408595
778,845320
779,1435392
780,983594
781,1383829
782,1054325
783,845213
784,874454
785,1474637
786,910842
787,1472342
788,1801204
789,954585
790,912968
791,955339
792,904254
793,1551847
794,1503683
795,1096325
796,1427799
797,922300
798,896047
799,1539195
800,927035
801,898635
802,1823036
803,902919
804,909561
805,903677
806,1366690
807,908317
808,1014871
809,1542833
810,1595054
811,852770
812,847726
813,831699
814,838382
815,829404
816,1445050
817,842160
818,2560850
819,918415
820,838745
821,829899
822,831357
823,829800
824,23643354
825,1530192
826,988782
827,905783
828,883386
829,1642934
830,873585
831,1516731
832,1432855
833,1334084
834,873510
835,858368
836,850940
837,845135
838,1655369
839,842684
840,1761004
841,956435
842,1239733
843,1460665
844,948438
845,1459099
846,842251
847,840302
848,1413700
849,1533961
850,869209
851,3197570
852,4080581
853,3002677
854,3144623
855,1491891
856,3639332
857,2413075
858,1040534
859,961800
860,1709849
861,968841
862,1861966
863,1055391
864,1539380
865,1059582
866,909821
867,897613
868,1627645
869,2638585
870,1049800
871,938789
872,1124947
873,1860100
874,1120893
875,1800820
876,1078563
877,945538
878,1891771
879,984695
880,1024895
881,1956688
882,936123
883,978523
884,1689388
885,1720104
886,952414
887,1468749
888,1273160
889,972907
890,920656
891,916037
892,1587111
893,1086791
894,1538597
895,15721017
896,1045450
897,1944809
898,1037782
899,1685940
900,1915178
901,954952
902,921740
903,916326
904,1539619
905,924315
906,1478369
907,1410091
908,1010100
909,930610
910,918016
911,849675
912,854083
913,876180
914,2465400
915,939823
916,866102
917,1056228
918,1324768
919,855670
920,846391
921,3927256
922,1931724
923,1222680
924,1813477
925,922939
926,1413836
927,1720524
928,879064
929,847121
930,851266
931,832416
932,1638357
933,858286
934,1360061
935,1027004
936,1432587
937,841233
938,839185
939,830628
940,838023
941,1506080
942,852873
943,1553949
944,877210
945,856531
946,846326
947,847504
948,844883
949,1396450
950,914394
951,1504997
952,1227784
953,835288
954,828877
955,831538
956,1523476
957,1421500
958,904724
959,827649
960,1946490
961,863935
962,840434
963,828362
964,1444197
965,835972
966,846318
967,6087641
968,1036003
969,842000
970,1327063
971,1415204
972,10784523
973,976306
974,1660169
975,958169
976,801837
977,791619
978,1460022
979,1412864
980,880654
981,779107
982,1271334
983,972421
984,1460751
985,790617
986,767801
987,1377258
988,795744
989,786214
990,1210604
991,1858176
992,1064126
993,786172
994,1329683
995,919239
996,5263173
997,1863281
998,1366171
999,1264647
1000,1324034
1001,729928
1002,736306
1003,737271
1004,738359
1005,1197386
1006,1213171
1007,854092
1008,1624649
1009,787594
1010,773527
1011,771744
1012,774780
1013,770838
1014,1351450
1015,1219866
1016,765807
1017,1539342
1018,796246
1019,785476
1020,782163
1021,784170
1022,1432846
1023,800626
1024,786407
1025,811503
1026,904131
1027,796538
1028,892162
1029,777912
1030,720213
1031,1099345
1032,737254
1033,936124
1034,3677377
1035,846074
1036,961284
1037,742684
1038,732945
1039,1350773
1040,721965
1041,718726
1042,1233595
1043,1308312
1044,741255
1045,759350
1046,760335
1047,822347
1048,1667086
1049,764010
1050,731820
1051,1267123
1052,1787385
1053,814547
1054,738091
1055,730394
1056,733521
1057,1397632
1058,736443
1059,740604
1060,1141304
1061,800448
1062,737453
1063,1308712
1064,750249
1065,745280
1066,733151
1067,1122059
1068,927170
1069,1352582
1070,1507506
1071,920784
1072,757266
1073,746199
1074,730922
1075,1358544
1076,731111
1077,729052
1078,730827
1079,1397253
1080,1291424
1081,744130
1082,1198359
1083,1383755
1084,735446
1085,740930
1086,1184977
1087,802199
1088,1240586
1089,990389
1090,1273406
1091,814733
1092,1155111
1093,696062
1094,688296
1095,1095529
1096,745515
1097,686363
1098,752837
1099,694850
1100,1291712
1101,681192
1102,685226
1103,687269
1104,691925
1105,1131449
1106,745984
1107,686495
1108,1248060
1109,702950
1110,1162020
1111,728132
1112,849020
1113,697825
1114,687743
1115,1074958
1116,684555
1117,1246960
1118,701698
1119,1155098
1120,747357
1121,700260
1122,686194
1123,684340
1124,1284465
1125,743397
1126,1097195
1127,955422
1128,1267733
1129,699222
1130,704087
1131,685868
1132,691884
1133,1187177
1134,692848
1135,1317130
1136,996157
1137,725549
1138,1290600
1139,695419
1140,687776
1141,689066
1142,686470
1143,1407413
1144,764302
1145,710894
1146,1272624
1147,780853
1148,3936510
1149,778414
1150,810724
1151,708697
1152,692914
1153,2058607
1154,723197
1155,698538
1156,1275520
1157,689065
1158,690639
1159,1232218
1160,763421
1161,1382700
1162,713201
1163,691192
1164,1645361
1165,787433
1166,693812
1167,692514
1168,689239
1169,1128598
1170,686363
1171,1102892
1172,677418
1173,10218669
1174,1310999
1175,1620714
1176,719126
1177,1246037
1178,748066
1179,1318962
1180,717079
1181,691628
1182,1189043
1183,742342
1184,681081
1185,680838
1186,1319683
1187,688230
1188,1252464
1189,700330
1190,688588
1191,1258941
1192,771884
1193,694315
1194,679486
1195,683545
1196,1225906
1197,836149
1198,1239894
1199,692914
1200,1211548
1201,691368
1202,4181726
1203,1656164
1204,1381799
1205,933758
1206,718524
1207,1168917
1208,708389
1209,1151786
1210,781047
1211,689206
1212,687307
1213,1099881
1214,692659
1215,1441243
1216,703325
1217,694471
1218,1163350
1219,1210031
1220,693334
1221,691385
1222,685271
1223,1097104
1224,743830
1225,1087772
1226,845246
1227,742227
1228,1291630
1229,696506
1230,647947
1231,656962
1232,1068374
1233,641758
1234,703518
1235,1398233
1236,651338
1237,1032559
1238,1500639
1239,660014
1240,654865
1241,646225
1242,1073084
1243,718100
1244,1177849
1245,643555
1246,640543
1247,641639
1248,1104302
1249,640325
1250,758555
1251,1046382
1252,683059
1253,651304
1254,1031907
1255,643975
1256,638182
1257,639386
1258,1156556
1259,722859
1260,1095864
1261,654959
1262,1125746
1263,721891
1264,1263902
1265,701801
1266,684402
1267,684950
1268,1194156
1269,768625
1270,1106794
1271,695576
1272,1058037
1273,1295915
1274,693058
1275,679416
1276,677166
1277,674683
1278,1123913
1279,754629
1280,1129920
1281,693330
1282,1039649
1283,846614
1284,691612
1285,8269723
1286,1016106
1287,1458271
1288,931105
1289,672227
1290,1185657
1291,1509249
1292,756129
1293,663104
1294,1095847
1295,650926
1296,1201890
1297,651655
1298,652990
1299,697747
1300,1062079
1301,1138337
1302,673290
1303,658020
1304,1109781
1305,1093589
1306,719975
1307,654873
1308,646349
1309,649607
1310,647741
1311,1304217
1312,1212779
1313,658783
1314,654592
1315,1069799
1316,641186
1317,642282
1318,644642
1319,642694
1320,1677790
1321,872051
1322,670818
1323,1374073
1324,656723
1325,661107
1326,658260
1327,655832
1328,649818
1329,1216768
1330,924311
1331,663022
1332,1207823
1333,728668
1334,1387105
1335,687014
1336,667575
1337,667633
1338,657921
1339,1221843
1340,711804
1341,1224266
1342,789349
1343,769087
1344,726452
1345,2032551
1346,1185727
1347,1809333
1348,803987
1349,714541
1350,749305
1351,715653
1352,5310381
1353,2374045
1354,761006
1355,1629041
1356,718330
1357,715822
1358,695242
1359,1457979
1360,927364
1361,738610
1362,1353914
1363,767203
1364,1654207
1365,743438
1366,744921
1367,756553
1368,1312144
1369,739146
1370,1584149
1371,764521
1372,1581454
1373,818317
1374,737349
1375,737531
1376,733900
1377,1617233
1378,753314
1379,1544827
1380,1059257
1381,1634216
1382,790931
1383,785962
1384,774871
1385,781995
1386,1499464
1387,10927973
1388,2591669
1389,1096399
1390,852304
1391,811289
1392,2001420
1393,940828
1394,3422160
1395,2393558
1396,830035
1397,789209
1398,774937
1399,1399939
1400,769877
1401,1054629
1402,1482559
1403,859901
1404,1513316
1405,798986
1406,858270
1407,1463944
1408,792966
1409,782167
1410,780820
1411,1287996
1412,2917548
1413,1744408
1414,802950
1415,785184
1416,776598
1417,771592
1418,770882
1419,1789750
1420,1235868
1421,3163728
1422,1341198
1423,1391683
1424,2684005
1425,1863326
1426,873107
1427,1579229
1428,814156
1429,798628
1430,1275990
1431,782151
1432,1388007
1433,794462
1434,773515
1435,1668846
1436,784470
1437,781418
1438,784170
1439,1438837
1440,1602660
1441,877292
1442,871515
1443,1504894
1444,1165745
1445,1681070
1446,1463009
1447,1045054
1448,854467
1449,1546062
1450,1386602
1451,853717
1452,839437
1453,7997426
1454,1305304
1455,1973386
1456,1686500
1457,912054
1458,901786
1459,896682
1460,14129560
1461,1581865
1462,4143125
1463,988976
1464,937037
1465,1621090
1466,910336
1467,1814606
1468,857413
1469,1425586
1470,905251
1471,837805
1472,842560
1473,1232411
1474,910818
1475,1421899
1476,1589632
1477,879558
1478,845600
1479,833623
1480,836075
1481,833162
1482,1347869
1483,1307122
1484,1004740
1485,1282438
1486,1057893
1487,829095
1488,765798
1489,1233631
1490,782501
1491,1341524
1492,781257
1493,1273638
1494,777512
1495,1160565
1496,836475
1497,806892
1498,1487487
1499,1770051
1500,934619
1501,1105760
1502,775650
1503,772477
1504,785451
1505,1452981
1506,778867
1507,1373158
1508,859527
1509,1415298
1510,793931
1511,843800
1512,788504
1513,1234913
1514,783552
1515,1283406
1516,837171
1517,1456372
1518,811037
1519,780647
1520,791067
1521,1482353
1522,805393
1523,1311213
1524,768567
1525,1246977
1526,1241967
1527,788364
1528,791998
1529,791808
1530,1279570
1531,1508916
1532,854714
1533,768922
1534,1181586
1535,802608
1536,732837
1537,740847
1538,1181475
1539,730778
1540,1107746
1541,716023
1542,1269728
1543,736380
1544,1223030
1545,750101
1546,738317
1547,737691
1548,738449
1549,1205973
1550,810856
1551,12788028
1552,1184977
1553,1475613
1554,751432
1555,708138
1556,1102826
1557,1110568
1558,762095
1559,692584
1560,690355
1561,1644801
1562,783943
1563,689956
1564,692415
1565,1140369
1566,688003
1567,1132912
1568,736710
1569,682164
1570,682301
1571,995931
1572,1167953
1573,859081
1574,688443
1575,999144
1576,673039
1577,1222099
1578,762865
1579,689610
1580,686564
1581,1508442
1582,781323
1583,703169
1584,751539
1585,699024
1586,1250986
1587,682235
1588,690169
1589,691072
1590,1094829
1591,697854
1592,1214436
1593,702760
1594,698649
1595,1493750
1596,756627
1597,687752
1598,718355
1599,724173
1600,1188380
1601,761641
1602,1260486
1603,741053
1604,1216133
1605,719505
1606,735120
1607,898330
1608,1174899
1609,752041
1610,732661
1611,734708
1612,1262847
1613,1262121
1614,748086
1615,737840
1616,724708
1617,734609
1618,1305202
1619,753690
1620,1187329
1621,1192084
1622,721038
1623,722096
1624,720032
1625,724457
1626,726843
1627,1180321
1628,736587
1629,726171
1630,1228799
1631,719673
1632,2327220
1633,801837
1634,738013
1635,729162
1636,737361
1637,1271820
1638,741383
1639,1410494
1640,729925
1641,818400
1642,737745
1643,734160
1644,734885
1645,1218453
1646,742004
1647,1272332
1648,732780
1649,1175492
1650,1378098
1651,737848
1652,724124
1653,724952
1654,1184433
1655,754661
1656,1208140
1657,799015
1658,735466
1659,734844
1660,1117597
1661,849358
1662,730065
1663,725042
1664,1131275
1665,8895145
1666,946407
1667,741205
1668,1359467
1669,1412662
1670,708524
1671,683977
1672,1082984
1673,1162164
1674,888157
1675,692255
1676,684950
1677,1120258
1678,692889
1679,1101285
1680,700487
1681,685934
1682,685205
1683,714482
1684,690838
1685,4299968
1686,1380653
1687,712748
1688,697879
1689,1370381
1690,694801
1691,781409
1692,1050653
1693,926660
1694,704845
1695,690751
1696,691114
1697,1258331
1698,1112434
1699,1314677
1700,746359
1701,745804
1702,732508
1703,732491
1704,731820
1705,1634315
1706,738944
1707,1504260
1708,1433057
1709,751159
1710,746278
1711,736521
1712,734057
1713,1247396
1714,744856
1715,1389012
1716,1296084
1717,849741
1718,750434
1719,740617
1720,740810
1721,732994
1722,733620
1723,743566
1724,1167158
1725,870680
1726,1210307
1727,744856
1728,735577
1729,743344
1730,736895
1731,742491
1732,1230047
1733,733522
1734,1259509
1735,722039
1736,1457921
1737,753957
1738,692399
1739,682045
1740,690549
1741,1117387
1742,687117
1743,682329
1744,1155415
1745,737012
1746,1063022
1747,684476
1748,730300
1749,678061
1750,687459
1751,1059166
1752,692889
1753,684254
1754,1152683
1755,672792
1756,1269896
1757,719702
1758,696382
1759,695102
1760,682556
1761,1363711
1762,694616
1763,686742
1764,1332159
1765,1163100
1766,719595
1767,685786
1768,687141
1769,681147
1770,684842
1771,1183007
1772,757089
1773,1202476
1774,941867
1775,948903
1776,665182
1777,8952254
1778,937404
1779,1317315
1780,719913
1781,1214551
1782,737320
1783,651152
1784,653241
1785,1207951
1786,840026
1787,652256
1788,648833
1789,649842
1790,1132746
1791,652714
1792,1166948
1793,656896
1794,989166
1795,713152
1796,649521
1797,653752
1798,646316
1799,792518
1800,1209808
1801,657411
1802,1069796
1803,648894
1804,1016510
1805,1121329
1806,658050
1807,654123
1808,649097
1809,657181
1810,654621
1811,1143467
1812,647321
1813,1095085
1814,645845
1815,1056084
1816,663105
1817,655508
1818,648709
1819,657027
1820,980179
1821,655647
1822,660205
1823,1007532
1824,1194581
1825,640609
1826,1158596
1827,659331
1828,644268
1829,649323
1830,650843
1831,647461
1832,1092674
1833,651148
1834,651956
1835,1123617
1836,807910
1837,1135425
1838,667056
1839,646971
1840,642072
1841,648425
1842,643633
1843,1107462
1844,657172
1845,650370
1846,1083730
1847,1195512
1848,761204
1849,723320
1850,655977
1851,650081
1852,652838
1853,650056
1854,1049047
1855,648602
1856,1017129
1857,1209446
1858,661481
1859,657316
1860,654444
1861,652455
1862,744786
1863,644218
1864,1049484
1865,644503
1866,643428
1867,1126311
1868,713436
1869,724293
1870,648343
1871,655429
1872,639892
1873,644939
1874,643621
1875,1261124
1876,662627
1877,1161897
1878,660056
1879,1024083
1880,715805
1881,662104
1882,667472
1883,652059
1884,657724
1885,1267049
1886,665581
1887,1324895
1888,649369
1889,942559
1890,1083354
1891,647544
1892,649760
1893,641166
1894,646534
1895,648577
1896,1101528
1897,1107795
1898,714734
1899,747731
1900,650271
1901,949991
1902,693792
1903,640795
1904,640642
1905,939024
1906,640181
1907,705604
1908,895544
1909,8440768
1910,1353753
1911,780396
1912,1120769
1913,670200
1914,662989
1915,1289463
1916,643913
1917,648945
1918,647238
1919,644965
1920,1135367
1921,650633
1922,1238193
1923,663254
1924,647708
1925,650217
1926,1106971
1927,688831
1928,654000
1929,658441
1930,649748
1931,1002432
1932,1030205
1933,4090061
1934,746912
1935,679441
1936,1392984
1937,771109
1938,671696
1939,660007
1940,647555
1941,650312
1942,1206987
1943,720131
1944,655203
1945,1074246
1946,723737
1947,1102130
1948,836437
1949,662524
1950,657641
1951,1068061
1952,657588
1953,1098319
1954,660662
1955,1018896
1956,1047341
1957,11187728
1958,2592735
1959,735875
1960,710585
1961,1382918
1962,721478
1963,686763
1964,1185286
1965,706740
1966,3940691
1967,802422
1968,1226236
1969,780445
1970,1236796
1971,715051
1972,699308
1973,696939
1974,1141333
1975,761798
1976,1000965
1977,762848
1978,1106073
1979,1007565
1980,686169
1981,675783
1982,673570
1983,1133146
1984,690471
1985,1213925
1986,687232
1987,1113357
1988,883460
1989,706498
1990,673442
1991,645413
1992,1146738
1993,657045
1994,961441
1995,1005597
1996,720399
1997,651598
1998,1177763
1999,674856
2000,660337
2001,703074
2002,648309
2003,1091776
2004,658577
2005,1164554
2006,1032327
2007,943173
2008,648260
2009,642335
2010,648375
2011,7817258
2012,804087
2013,686330
2014,665066
2015,1223487
2016,788187
2017,1109772
2018,654943
2019,646863
2020,645607
2021,655557
2022,646324
2023,648903
2024,1168600
2025,657324
2026,1014961
2027,1043106
2028,650926
2029,648343
2030,699267
2031,656368
2032,658173
2033,655223
2034,958260
2035,644049
2036,1001612
2037,1005287
2038,1229718
2039,656225
2040,654996
2041,649397
2042,651523
2043,1368164
2044,656867
2045,645990
2046,651565
2047,983084
2048,1039649
2049,648289
2050,650856
2051,646418
2052,641120
2053,639621
2054,643749
2055,1057584
2056,741061
2057,1007133
2058,1110919
2059,1092934
2060,656059
2061,644004
2062,640988
2063,637922
2064,640432
2065,1087245
2066,647691
2067,646996
2068,1053331
2069,733171
2070,1074332
2071,827217
2072,656793
2073,653724
2074,656418
2075,648256
2076,1089597
2077,644416
2078,636431
2079,1494911
2080,772580
2081,646200
2082,639154
2083,651005
2084,651321
2085,645784
2086,1110172
2087,656566
2088,650852
2089,1673435
2090,707409
2091,656150
2092,659982
2093,697483
2094,649756
2095,1017018
2096,658635
2097,968585
2098,664152
2099,725421
2100,1020824
2101,663785
2102,650617
2103,652920
2104,645949
2105,648186
2106,642879
2107,1181397
2108,680042
2109,1135499
2110,641437
2111,1212553
2112,659941
2113,656249
2114,652466
2115,656644
2116,641729
2117,1042570
2118,640209
2119,677843
2120,1015463
2121,4002139
2122,783997
2123,684422
2124,660352
2125,652701
2126,648887
2127,1125581
2128,714631
2129,1293488
2130,694673
2131,1067410
2132,997134
2133,717799
2134,672008
2135,1253341
2136,680974
2137,663740
2138,1130575
2139,721631
2140,1076961
2141,661605
2142,645277
2143,864648
2144,4675020
2145,770372
2146,677550
2147,1297183
2148,658123
2149,1461535
2150,794148
2151,664242
2152,665890
2153,1064732
2154,674604
2155,1022785
2156,1034647
2157,711133
2158,660604
2159,657122
2160,1044832
2161,717412
2162,707738
2163,649801
2164,1146862
2165,657069
2166,1060109
2167,695304
2168,648541
2169,641339
2170,952694
2171,691200
2172,708797
2173,1081595
2174,659071
2175,1271961
2176,722542
2177,1035883
2178,646023
2179,644124
2180,653237
2181,1028590
2182,1046636
2183,664328
2184,652108
2185,642632
2186,1052569
2187,943733
2188,1101195
2189,647399
2190,637923
2191,644626
2192,1424086
2193,733698
2194,662413
2195,1053802
2196,716057
2197,1060097
2198,655021
2199,790664
2200,648783
2201,958932
2202,1080208
2203,653649
2204,647111
2205,647790
2206,965751
2207,719888
2208,1157961
2209,666249
2210,975367
2211,871108
2212,653011
2213,722447
2214,657321
2215,990405
2216,718339
2217,1009473
2218,691629
2219,641697
2220,647411
2221,956118
2222,687484
2223,645957
2224,1212788
2225,648392
2226,1016609
2227,639402
2228,650836
2229,647107
2230,643362
2231,639896
2232,1044893
2233,657147
2234,1082255
2235,647485
2236,1237492
2237,1147418
2238,639246
2239,659817
2240,652302
2241,649566
2242,1150949
2243,698488
2244,991036
2245,709134
2246,654453
2247,1062734
2248,633897
2249,686289
2250,649294
2251,641907
2252,1044602
2253,654144
2254,7667579
2255,1547443
2256,1332707
2257,689209
2258,672099
2259,653311
2260,646217
2261,648870
2262,646690
2263,1150821
2264,676227
2265,1144402
2266,728606
2267,1076556
2268,663188
2269,655104
2270,655339
2271,648075
2272,648820
2273,646959
2274,1214090
2275,653530
2276,1014434
2277,1277502
2278,656101
2279,648784
2280,650658
2281,646242
2282,652344
2283,652010
2284,1064690
2285,646324
2286,637251
2287,1059351
2288,723320
2289,654910
2290,647749
2291,739314
2292,653633
2293,652619
2294,1067336
2295,668354
2296,639847
2297,647980
2298,1483515
2299,713032
2300,655305
2301,660019
2302,649900
2303,649678
2304,652376
2305,676721
2306,1156553
2307,647523
2308,1110333
2309,716918
2310,644049
2311,643439
2312,640366
2313,646670
2314,1139821
2315,659566
2316,654016
2317,1167772
2318,1171554
2319,1071551
2320,655581
2321,649006
2322,646468
2323,641808
2324,644124
2325,1099712
2326,651540
2327,655388
2328,1028133
2329,1266724
2330,637061
2331,644482
2332,647922
2333,638331
2334,643683
2335,642789
2336,1097046
2337,659657
2338,647923
2339,642134
2340,1502286
2341,769448
2342,653674
2343,644235
2344,644132
2345,645430
2346,3525143
2347,1449430
2348,741020
2349,1161406
2350,1275627
2351,679012
2352,664464
2353,654931
2354,657576
2355,655112
2356,649063
2357,1343365
2358,659216
2359,641569
2360,1080850
2361,644033
2362,648091
2363,683993
2364,646921
2365,647338
2366,644008
2367,960671
2368,648474
2369,1025846
2370,1093289
2371,1097478
2372,650663
2373,650876
2374,643263
2375,652141
2376,817938
2377,1054584
2378,1530344
2379,813229
2380,662771
2381,1109044
2382,781500
2383,661964
2384,649929
2385,1154838
2386,652281
2387,964086
2388,1006399
2389,713102
2390,755222
2391,705035
2392,712056
2393,1005436
2394,648017
2395,647021
2396,643345
2397,1061659
2398,657036
2399,993178
2400,700931
2401,649838
2402,1428145
2403,715958
2404,674777
2405,648845
2406,1098892
2407,654300
2408,715937
2409,1113472
2410,643831
2411,642068
2412,984456
2413,701970
2414,644787
2415,1348635
2416,657942
2417,641495
2418,1067307
2419,690347
2420,654877
2421,640757
2422,646032
2423,643790
2424,1165357
2425,663323
2426,1054353
2427,735540
2428,956847
2429,985708
2430,682066
2431,643967
2432,647905
2433,637955
2434,646419
2435,1136059
2436,663472
2437,1202681
2438,658000
2439,947099
2440,1263601
2441,649661
2442,652973
2443,647189
2444,1073492
2445,650344
2446,1089337
2447,656863
2448,655998
2449,655322
2450,1177236
2451,1092040
2452,698456
2453,649966
2454,640202
2455,1375820
2456,716806
2457,661029
2458,642574
2459,1066137
2460,988774
2461,690759
2462,656607
2463,661898
2464,979541
2465,690244
2466,653197
2467,1033658
2468,1100531
2469,661345
2470,1030956
2471,635916
2472,650571
2473,643036
2474,641330
2475,644651
2476,3875718
2477,913652
2478,1286908
2479,747740
2480,1123196
2481,675181
2482,662441
2483,654753
2484,652384
2485,1164047
2486,768287
2487,1111310
2488,1113028
2489,651709
2490,24178307
2491,896339
2492,1684626
2493,923907
2494,674740
2495,792113
2496,1224921
2497,738531
2498,6679007
2499,1896414
2500,701348
2501,663596
2502,662722
2503,1309189
2504,666397
2505,644561
2506,1133266
2507,650835
2508,772353
2509,7699138
2510,1602895
2511,825857
2512,1717310
2513,828592
2514,1128610
2515,720482
2516,691500
2517,693528
2518,688555
2519,688860
2520,7204500
2521,748357
2522,3658209
2523,1673727
2524,748062
2525,715529
2526,701286
2527,700644
2528,7080671
2529,748860
2530,1333716
2531,708751
2532,1302977
2533,704248
2534,705806
2535,1051750
2536,744012
2537,682881
2538,1060348
2539,818815
2540,6922950
2541,2328510
2542,711772
2543,1299738
2544,668354
2545,648709
2546,981123
2547,666463
2548,739582
2549,1038985
2550,720082
2551,14210220
2552,812467
2553,692708
2554,1099980
2555,6968036
2556,1408843
2557,685518
2558,653805
2559,1175085
2560,744972
2561,662405
2562,658334
2563,1020895
2564,649537
2565,970505
2566,6859632
2567,790980
2568,1224777
2569,670954
2570,666170
2571,659339
2572,650670
2573,1227821
2574,661482
2575,1057098
2576,656937
2577,651655
2578,651899
2579,7601064
2580,791516
2581,669412
2582,1032369
2583,655866
2584,1044007
2585,657568
2586,650695
2587,641812
2588,925917
2589,660988
2590,8400372
2591,993001
2592,1292199
2593,1293018
2594,803785
2595,1174195
2596,710140
2597,1199385
2598,726340
2599,700557
2600,6675303
2601,755601
2602,702740
2603,695946
2604,1087153
2605,1277111
2606,701034
2607,706011
2608,698958
2609,756635
2610,700968
2611,1099572
2612,6573710
2613,677723
2614,741823
2615,1380435
2616,655033
2617,646101
2618,650526
2619,646320
2620,652166
2621,1140476
2622,655384
2623,938459
2624,6163278
2625,8699169
2626,6905621
2627,874387
2628,677208
2629,868814
2630,1255793
2631,674662
2632,1171961
2633,1137666
2634,666562
2635,658160
2636,652932
2637,645850
2638,6725008
2639,806081
2640,664530
2641,1254863
2642,683055
2643,1479955
2644,747221
2645,758897
2646,659793
2647,1122108
2648,699061
2649,1219928
2650,11228842
2651,931455
2652,1630137
2653,810283
2654,730242
2655,703663
2656,1268063
2657,701978
2658,1038235
2659,687677
2660,2263816
2661,2416832
2662,842382
2663,698908
2664,935489
2665,1539618
2666,1184631
2667,751069
2668,700544
2669,688732
2670,1187964
2671,695048
2672,681279
2673,689465
2674,700869
2675,1265068
2676,776486
2677,1071510
2678,691282
2679,1321097
2680,696758
2681,697957
2682,692498
2683,684063
2684,1238468
2685,690549
2686,1153326
2687,747773
2688,1186823
2689,692131
2690,686252
2691,684546
2692,680611
2693,1128343
2694,679013
2695,1119817
2696,740093
2697,685139
2698,690347
2699,1230796
2700,665816
2701,658915
2702,653319
2703,650118
2704,1081348
2705,711986
2706,1014801
2707,681175
2708,648813
2709,642793
2710,897118
2711,710692
2712,839210
2713,651090
2714,9146715
2715,1089379
2716,1021413
2717,688765
2718,1112764
2719,719460
2720,1238806
2721,672758
2722,663830
2723,1074414
2724,654234
2725,760385
2726,648788
2727,654918
2728,1018846
2729,684237
2730,1292804
2731,695386
2732,682370
2733,681015
2734,1196208
2735,672033
2736,682185
2737,1109798
2738,738367
2739,1141415
2740,752487
2741,686062
2742,687055
2743,1189863
2744,753582
2745,1096263
2746,711161
2747,1068497
2748,747044
2749,1131408
2750,759136
2751,739195
2752,731321
2753,1141209
2754,722233
2755,723695
2756,1156491
2757,724564
2758,732565
2759,732236
2760,1228543
2761,686705
2762,1064991
2763,668226
2764,685453
2765,687851
2766,680347
2767,1197346
2768,699098
2769,690771
2770,684513
2771,1240268
2772,687080
2773,743624
2774,699634
2775,691500
2776,692638
2777,1213463
2778,696964
2779,1067023
2780,1120712
2781,770747
2782,1071345
2783,700297
2784,688497
2785,824283
2786,690520
2787,1109118
2788,739899
2789,1325188
2790,702106
2791,1200333
2792,691826
2793,679651
2794,680829
2795,678304
2796,1235464
2797,771686
2798,678658
2799,992474
2800,1241089
2801,680595
2802,689284
2803,688538
2804,687281
2805,685110
2806,691146
2807,1197713
2808,700969
2809,1261735
2810,776428
2811,1092048
2812,690870
2813,686552
2814,684138
2815,684554
2816,1284263
2817,695843
2818,1012139
2819,1218700
2820,1394508
2821,704842
2822,695267
2823,692749
2824,689972
2825,689165
2826,1129500
2827,688093
2828,1444321
2829,1177681
2830,698122
2831,732944
2832,687628
2833,689993
2834,685048
2835,682947
2836,9004246
2837,1952423
2838,844542
2839,1270036
2840,738927
2841,716526
2842,707445
2843,694883
2844,1246420
2845,872550
2846,707454
2847,1302437
2848,708055
2849,660530
2850,665709
2851,659491
2852,650617
2853,652413
2854,1074423
2855,669429
2856,4567305
2857,1561780
2858,774603
2859,718953
2860,711586
2861,712047
2862,1162019
2863,705426
2864,699415
2865,3036272
2866,1329238
2867,719839
2868,716542
2869,705533
2870,708500
2871,1228477
2872,723411
2873,1830097
2874,812516
2875,1078489
2876,695534
2877,700152
2878,694866
2879,700198
2880,699893
2881,735145
2882,1177763
2883,709848
2884,1212342
2885,1300266
2886,706741
2887,694323
2888,693861
2889,692361
2890,694137
2891,1204794
2892,695386
2893,1488274
2894,1197728
2895,698093
2896,850137
2897,689593
2898,688238
2899,688995
2900,680067
2901,1201557
2902,692044
2903,1578335
2904,794590
2905,689321
2906,682519
2907,685407
2908,828535
2909,684624
2910,1115047
2911,677100
2912,682864
2913,1067971
2914,1147509
2915,1016115
2916,711124
2917,696914
2918,691307
2919,698146
2920,1394476
2921,722282
2922,1121062
2923,688554
2924,1092522
2925,764002
2926,687376
2927,690508
2928,679466
2929,688068
2930,1174858
2931,1288066
2932,739278
2933,644754
2934,647498
2935,958780
2936,1117415
2937,662586
2938,644527
2939,647988
2940,983822
2941,653748
2942,1058531
2943,692012
2944,679425
2945,640753
2946,1133282
2947,668325
2948,654906
2949,659998
2950,8938905
2951,782481
2952,1284510
2953,981078
2954,1121424
2955,742936
2956,1067872
2957,669256
2958,669953
2959,860058
2960,663113
2961,1129681
2962,667748
2963,1249877
2964,1009955
2965,657246
2966,666413
2967,670587
2968,675181
2969,664782
2970,661408
2971,1262246
2972,679391
2973,1177853
2974,694220
2975,1099604
2976,706341
2977,696807
2978,694035
2979,704730
2980,1143215
2981,701904
2982,682070
2983,1247516
2984,744254
2985,1045375
2986,720926
2987,656093
2988,662611
2989,652092
2990,649533
2991,1079692
2992,662050
2993,1178549
2994,1035360
2995,1044650
2996,665902
2997,662310
2998,656076
2999,655363
3000,650992
3001,657659
3002,1213867
3003,656587
3004,1017063
3005,1053925
3006,651524
3007,656509
3008,750871
3009,651532
3010,641837
3011,642768
3012,1112892
3013,656694
3014,948236
3015,1125203
3016,716625
3017,1127765
3018,664292
3019,647156
3020,698785
3021,648895
3022,638582
3023,1050822
3024,657765
3025,1100993
3026,720642
3027,979335
3028,649628
3029,639336
3030,653093
3031,642368
3032,641396
3033,1111940
3034,659883
3035,1108034
3036,658334
3037,1052557
3038,692452
3039,655005
3040,652636
3041,656558
3042,645763
3043,1088043
3044,660411
3045,1110325
3046,695572
3047,1173341
3048,1011764
3049,649006
3050,654560
3051,649908
3052,1012827
3053,654601
3054,1004117
3055,718137
3056,656343
3057,1059792
3058,765065
3059,1002106
3060,665000
3061,654713
3062,656352
3063,1021850
3064,653220
3065,960588
3066,706205
3067,643864
3068,965536
3069,1171711
3070,640309
3071,866378
3072,645113
3073,644400
3074,1132796
3075,650242
3076,698658
3077,652009
3078,662561
3079,11088822
3080,806818
3081,690639
3082,1236301
3083,891902
3084,1335122
3085,707750
3086,694833
3087,1240520
3088,780387
3089,1181100
3090,703911
3091,1144077
3092,1199698
3093,752536
3094,694253
3095,700103
3096,693145
3097,1253094
3098,1203538
3099,772464
3100,695151
3101,1505273
3102,771023
3103,690891
3104,688967
3105,1382474
3106,697804
3107,1145433
3108,680409
3109,1086832
3110,1267202
3111,705327
3112,684616
3113,686017
3114,687752
3115,1106893
3116,873214
3117,1160236
3118,681900
3119,1177203
3120,697187
3121,683215
3122,689807
3123,691649
3124,1118692
3125,708047
3126,1034182
3127,721026
3128,883818
3129,1237916
3130,720551
3131,658338
3132,654749
3133,1114099
3134,666376
3135,651103
3136,1115731
3137,636592
3138,642633
3139,979817
3140,739808
3141,720283
3142,1078588
3143,649558
3144,640679
3145,642501
3146,1090363
3147,632583
3148,647020
3149,639975
3150,704286
3151,641688
3152,1123118
3153,853289
3154,651206
3155,1040881
3156,1056261
3157,690248
3158,647605
3159,640811
3160,1035471
3161,704681
3162,1041223
3163,706918
3164,648738
3165,1213645
3166,645607
3167,1087145
3168,663488
3169,658057
3170,662318
3171,1094315
3172,1438865
3173,725891
3174,650724
3175,1110782
3176,655272
3177,1276946
3178,642344
3179,653349
3180,651939
3181,1073351
3182,1143668
3183,654868
3184,652586
3185,1006099
3186,661205
3187,1119059
3188,646176
3189,744695
3190,1042335
3191,718170
3192,1053076
3193,812660
3194,648273
3195,1045825
3196,730551
3197,1064497
3198,662495
3199,655404
3200,654650
3201,8780116
3202,944137
3203,739722
3204,1359567
3205,1179044
3206,664564
3207,668267
3208,655977
3209,1083033
3210,663188
3211,1136595
3212,676956
3213,670133
3214,662927
3215,1192957
3216,662116
3217,689366
3218,707569
3219,699712
3220,1321859
3221,770478
3222,722451
3223,695151
3224,1169679
3225,682931
3226,684419
3227,749404
3228,680294
3229,1096037
3230,680360
3231,1222445
3232,693211
3233,692279
3234,1158287
3235,733555
3236,691476
3237,687669
3238,684842
3239,1417062
3240,784631
3241,1243660
3242,686890
3243,1136430
3244,690932
3245,684162
3246,684295
3247,696725
3248,1309145
3249,702864
3250,679511
3251,1238736
3252,1377719
3253,722867
3254,735656
3255,734885
3256,731774
3257,1276113
3258,797436
3259,748898
3260,1768671
3261,1471225
3262,746149
3263,746961
3264,739982
3265,1231155
3266,755054
3267,745185
3268,738482
3269,1228621
3270,1382836
3271,869209
3272,769552
3273,772782
3274,783799
3275,1386549
3276,793337
3277,783572
3278,1425377
3279,1439327
3280,814918
3281,787116
3282,1649336
3283,1527283
3284,827740
3285,1369187
3286,860705
3287,1315621
3288,819219
3289,795677
3290,812162
3291,7367870
3292,963242
3293,2347470
3294,966620
3295,1396325
3296,869180
3297,853557
3298,12701242
3299,1327928
3300,1643318
3301,2382821
3302,909688
3303,862756
3304,1375259
3305,855373
3306,833009
3307,1445215
3308,1027330
3309,1578021
3310,843038
3311,834657
3312,836968
3313,1445309
3314,853458
3315,1442153
3316,982639
3317,846659
3318,847339
3319,988119
3320,1389281
3321,900657
3322,899644
3323,1552457
3324,1580910
3325,925238
3326,900130
3327,890316
3328,1219022
3329,1635110
3330,1018389
3331,1645039
3332,909804
3333,907941
3334,900583
3335,906240
3336,1513324
3337,1210802
3338,1539458
3339,921522
3340,898585
3341,887811
3342,891420
3343,1548283
3344,896851
3345,2675006
3346,1367654
3347,1425880
3348,2637183
3349,2904685
3350,3120084
3351,1233075
3352,955031
3353,6740780
3354,2424368
3355,1219211
3356,988629
3357,941339
3358,1561138
3359,1112879
3360,961474
3361,1678796
3362,1915351
3363,926536
3364,903797
3365,926342
3366,923816
3367,1531802
3368,1813176
3369,1012242
3370,1569003
3371,934883
3372,14699806
3373,2957385
3374,1091756
3375,1936487
3376,1053794
3377,1928213
3378,1026671
3379,1149733
3380,1009930
3381,1747886
3382,1015489
3383,1795793
3384,1696949
3385,1097956
3386,1000043
3387,1127943
3388,1754024
3389,1109155
3390,1713577
3391,1671128
3392,995687
3393,990364
3394,986747
3395,2033223
3396,1736303
3397,1150999
3398,1812101
3399,1017396
3400,986154
3401,1839413
3402,1019806
3403,1745512
3404,986207
3405,1676035
3406,983747
3407,970081
3408,964016
3409,1857690
3410,1064790
3411,962702
3412,1815323
3413,984526
3414,970312
3415,1648365
3416,1006408
3417,3870440
3418,1899460
3419,1033983
3420,7928315
3421,1234666
3422,1000508
3423,1732579
3424,945480
3425,932390
3426,1798538
3427,1669550
3428,936164
3429,921431
3430,912594
3431,919252
3432,953955
3433,2154893
3434,1248311
3435,942637
3436,1061173
3437,923289
3438,1656020
3439,916570
3440,1544538
3441,14275367
3442,1296644
3443,2003302
3444,978264
3445,943135
3446,1467644
3447,1674782
3448,1757505
3449,1001393
3450,931608
3451,921641
3452,1465531
3453,1447292
3454,1002449
3455,1394467
3456,1659060
3457,1000524
3458,925711
3459,925588
3460,1822958
3461,1001105
3462,3372378
3463,971284
3464,1700920
3465,923334
3466,1740106
3467,1011694
3468,1586744
3469,936646
3470,911254
3471,1809357
3472,920133
3473,2175659
3474,983529
3475,914686
3476,918460
3477,1544398
3478,1698774
3479,1026502
3480,923841
3481,1447543
3482,1531057
3483,918781
3484,1536120
3485,905078
3486,920483
3487,1689372
3488,1795592
3489,995815
3490,1510584
3491,1408978
3492,974732
3493,911728
3494,917455
3495,2318465
3496,1012481
3497,920500
3498,1618972
3499,909565
3500,926301
3501,1462853
3502,926433
3503,1179855
3504,1672953
3505,1521610
3506,897810
3507,902083
3508,897208
3509,1553063
3510,1913006
3511,942538
3512,1593826
3513,1592060
3514,999202
3515,929004
3516,2212257
3517,996652
3518,1158596
3519,1591696
3520,900031
3521,926375
3522,15057669
3523,6794782
3524,1514807
3525,1046937
3526,2117738
3527,1232362
3528,1923109
3529,972941
3530,939799
3531,930866
3532,928242
3533,1658249
3534,905544
3535,2903750
3536,958017
3537,926292
3538,1743308
3539,1832112
3540,952101
3541,899986
3542,2066550
3543,1117210
3544,922894
3545,1756229
3546,1000653
3547,1772057
3548,1059157
3549,1680666
3550,7837545
3551,1178422
3552,1112929
3553,2644151
3554,978370
3555,943807
3556,1881673
3557,975915
3558,1581162
3559,2139826
3560,1014907
3561,944170
3562,970138
3563,1716247
3564,991987
3565,943910
3566,1777682
3567,1040193
3568,926260
3569,904114
3570,1585388
3571,917018
3572,908716
3573,1716865
3574,1678750
3575,1056747
3576,962067
3577,943799
3578,1869539
3579,928826
3580,1650206
3581,1025381
3582,931113
3583,937672
3584,1164413
3585,1773657
3586,1024173
3587,1862156
3588,1008126
3589,1043064
3590,1051869
3591,16781662
3592,3164634
3593,1190041
3594,1038421
3595,1160355
3596,1820057
3597,1025600
3598,1721443
3599,1903649
3600,1021397
3601,985638
3602,1068349
3603,1591207
3604,1046505
3605,1789692
3606,1698712
3607,1026012
3608,998292
3609,982993
3610,1756645
3611,1002856
3612,1664552
3613,1058441
3614,981346
3615,979244
3616,964490
3617,1622490
3618,1105221
3619,1726692
3620,1746591
3621,1006651
3622,967753
3623,977435
3624,1706313
3625,982404
3626,1807293
3627,1673546
3628,989490
3629,987921
3630,974329
3631,1728875
3632,1909175
3633,1217196
3634,1636564
3635,1415785
3636,991539
3637,1727627
3638,1011056
3639,1115153
3640,1711670
3641,1155749
3642,980772
3643,1738046
3644,977687
3645,1745628
3646,961141
3647,975837
3648,1594082
3649,1895348
3650,995704
3651,2318383
3652,1695598
3653,970538
3654,1555493
3655,1199698
3656,1010165
3657,1446656
3658,1066071
3659,1605074
3660,989849
3661,2288051
3662,1069516
3663,1901082
3664,1090866
3665,899734
3666,891058
3667,1313858
3668,15734610
3669,2876063
3670,1061143
3671,951030
3672,1683513
3673,1737202
3674,1022468
3675,1311901
3676,5620122
3677,1106291
3678,945592
3679,1590501
3680,1013095
3681,2395947
3682,914777
3683,1086618
3684,1560994
3685,904440
3686,897485
3687,1992286
3688,909396
3689,890724
3690,892397
3691,890625
3692,1539528
3693,908098
3694,997002
3695,1665756
3696,973459
3697,904176
3698,903562
3699,1552679
3700,914476
3701,1751260
3702,1542396
3703,915770
3704,983071
3705,892314
3706,900431
3707,1544748
3708,1499654
3709,966838
3710,899100
3711,909252
3712,897954
3713,1633569
3714,910273
3715,1485320
3716,981209
3717,1580844
3718,897110
3719,890489
3720,884535
3721,929164
3722,1814215
3723,1532940
3724,967143
3725,1569254
3726,905153
3727,886505
3728,1489490
3729,960745
3730,965838
3731,891399
3732,1902789
3733,1679615
3734,898017
3735,1383714
3736,992222
3737,901452
3738,994398
3739,1989376
3740,1012737
3741,1482119
3742,1413725
3743,907184
3744,911798
3745,902446
3746,1566510
3747,980723
3748,1411710
3749,11344670
3750,1168331
3751,896557
3752,1696108
3753,885084
3754,1424461
3755,965310
3756,1584903
3757,843264
3758,847380
3759,853733
3760,846227
3761,1414170
3762,846495
3763,1400825
3764,1745310
3765,863210
3766,849667
3767,837863
3768,842934
3769,1260140
3770,847479
3771,830348
3772,1336148
3773,1320339
3774,934693
3775,841204
3776,773844
3777,788373
3778,1301539
3779,1290987
3780,784681
3781,1277037
3782,768831
3783,777467
3784,772596
3785,1044696
3786,795182
3787,1329609
3788,1289594
3789,1551135
3790,849614
3791,844702
3792,833805
3793,830801
3794,1741478
3795,839515
3796,820678
3797,1521218
3798,804581
3799,829338
3800,827975
3801,820617
3802,1454263
3803,1242930
3804,896867
3805,1564970
3806,821226
3807,838262
3808,834365
3809,1297554
3810,845955
3811,835848
3812,7027077
3813,1154110
3814,1721233
3815,914015
3816,859139
3817,1626178
3818,922626
3819,1504828
3820,1396009
3821,777924
3822,791368
3823,784063
3824,782897
3825,1258261
3826,1408662
3827,782019
3828,1372322
3829,784404
3830,776486
3831,783803
3832,780498
3833,1362491
3834,779617
3835,1167199
3836,1532874
3837,776297
3838,780207
3839,12114025
3840,1869556
3841,874693
3842,1524609
3843,1430411
3844,932625
3845,793687
3846,783066
3847,785418
3848,781833
3849,1351293
3850,1354927
3851,1473722
3852,898095
3853,1260882
3854,892216
3855,797172
3856,792983
3857,1216125
3858,786613
3859,1431800
3860,1362731
3861,856758
3862,784858
3863,783972
3864,777829
3865,1469869
3866,1186221
3867,794054
3868,1240747
3869,1348174
3870,793086
3871,782612
3872,780915
3873,781978
3874,1402107
3875,787577
3876,1193938
3877,1361898
3878,756846
3879,746797
3880,736834
3881,738317
3882,1244731
3883,735606
3884,726542
3885,1288944
3886,756347
3887,1240697
3888,722282
3889,723213
3890,731276
3891,724399
3892,1200802
3893,733386
3894,800139
3895,733373
3896,870478
3897,731223
3898,769057
3899,781987
3900,1445610
3901,792991
3902,1676546
3903,869843
3904,1355425
3905,775987
3906,1080491
3907,743274
3908,1194190
3909,742005
3910,728087
3911,1182039
3912,1274911
3913,1127213
3914,727164
3915,730197
3916,741403
3917,801284
3918,1206023
3919,728474
3920,1489464
3921,811873
3922,1259695
3923,741597
3924,732079
3925,722439
3926,722632
3927,1363971
3928,752918
3929,1205751
3930,1593414
3931,809195
3932,735479
3933,732594
3934,729200
3935,1220744
3936,744226
3937,1284935
3938,808986
3939,1268537
3940,816752
3941,740423
3942,736072
3943,10629232
3944,1671560
3945,840187
3946,1360057
3947,1269995
3948,829372
3949,1830155
3950,707359
3951,694261
3952,686083
3953,1118763
3954,1132586
3955,728920
3956,693829
3957,677657
3958,1201965
3959,782189
3960,704104
3961,1098187
3962,700347
3963,1162947
3964,760010
3965,701652
3966,692188
3967,1052001
3968,687385
3969,997269
3970,835102
3971,1049932
3972,1050789
3973,735949
3974,692946
3975,676244
3976,686639
3977,694615
3978,690948
3979,1162740
3980,687743
3981,748111
3982,1282491
3983,684756
3984,693383
3985,688773
3986,687467
3987,705476
3988,1258216
3989,739706
3990,739875
3991,1339348
3992,735046
3993,729418
3994,736142
3995,789950
3996,725018
3997,1242930
3998,737329
3999,740793
4000,1284201
4001,824431
4002,742545
4003,732986
4004,730386
4005,1330939
4006,750513
4007,726533
4008,1140773
4009,855682
4010,1308621
4011,729628
4012,730222
4013,727717
4014,725912
4015,1142664
4016,722084
4017,1203389
4018,810304
4019,1256572
4020,738561
4021,726419
4022,721849
4023,727539
4024,716308
4025,1234092
4026,741110
4027,1324463
4028,795652
4029,1213212
4030,686647
4031,692164
4032,686989
4033,678733
4034,684352
4035,694628
4036,4919483
4037,1283393
4038,804832
4039,727102
4040,706539
4041,698357
4042,825931
4043,688975
4044,1105636
4045,693528
4046,683033
4047,1405188
4048,703795
4049,686445
4050,684731
4051,683961
4052,8312864
4053,1548946
4054,787301
4055,1281355
4056,1322176
4057,707211
4058,698187
4059,684019
4060,681188
4061,686103
4062,1375519
4063,705896
4064,688163
4065,1178446
4066,769857
4067,1261026
4068,697425
4069,686631
4070,691110
4071,693788
4072,1155885
4073,710565
4074,1325835
4075,775720
4076,1315197
4077,691096
4078,687797
4079,688596
4080,679779
4081,1130790
4082,717762
4083,698785
4084,1217678
4085,825833
4086,1144929
4087,796806
4088,685679
4089,691031
4090,678564
4091,1119365
4092,691933
4093,689198
4094,773717
4095,690784
4096,1141295
4097,1288787
4098,1211304
4099,702316
4100,1156713
4101,1186246
4102,702394
4103,3652330
4104,952151
4105,1473569
4106,742091
4107,711220
4108,690397
4109,1099638
4110,701941
4111,1268755
4112,700355
4113,1059067
4114,1199311
4115,772597
4116,691249
4117,691517
4118,685473
4119,1220459
4120,697496
4121,1171759
4122,678296
4123,1125574
4124,1011982
4125,693619
4126,693549
4127,699403
4128,1211717
4129,693717
4130,1186114
4131,675774
4132,683611
4133,1158278
4134,769601
4135,698447
4136,702213
4137,698776
4138,694937
4139,1538020
4140,675074
4141,695241
4142,683919
4143,1103338
4144,696898
4145,1410466
4146,696832
4147,698546
4148,1157858
4149,934195
4150,748770
4151,700388
4152,646921
4153,1789292
4154,672614
4155,650720
4156,650019
4157,1071427
4158,735796
4159,1004233
4160,717807
4161,651256
4162,703469
4163,1209191
4164,8282067
4165,882022
4166,1365009
4167,1280542
4168,762667
4169,709044
4170,696556
4171,748198
4172,694496
4173,1225139
4174,832960
4175,809814
4176,1270992
4177,675140
4178,679717
4179,676681
4180,680924
4181,1155609
4182,751028
4183,1255876
4184,693082
4185,682786
4186,1099036
4187,915840
4188,693066
4189,683553
4190,2641180
4191,1393989
4192,719352
4193,699803
4194,1235596
4195,1263926
4196,760615
4197,697673
4198,1114449
4199,729220
4200,1186650
4201,705731
4202,653731
4203,1054151
4204,722204
4205,1119698
4206,658000
4207,653538
4208,752375
4209,2339634
4210,869282
4211,699127
4212,1154620
4213,768076
4214,1144295
4215,727246
4216,684295
4217,685510
4218,1220200
4219,691352
4220,1705300
4221,690339
4222,1140496
4223,678445
4224,696004
4225,685910
4226,684286
4227,1120217
4228,696465
4229,1521333
4230,697611
4231,690479
4232,1645056
4233,733530
4234,690162
4235,686239
4236,1055713
4237,735705
4238,1102163
4239,902994
4240,4020428
4241,1453822
4242,778365
4243,701368
4244,691381
4245,683228
4246,1158122
4247,830892
4248,1201004
4249,695995
4250,1141217
4251,772539
4252,1058737
4253,709246
4254,1108529
4255,739990
4256,1070240
4257,746570
4258,686095
4259,1142120
4260,752293
4261,700240
4262,690137
4263,688629
4264,679408
4265,685794
4266,1481076
4267,10493129
4268,1120951
4269,1372515
4270,816710
4271,714165
4272,713638
4273,1149602
4274,717243
4275,1153743
4276,983945
4277,1161089
4278,699324
4279,692831
4280,694088
4281,692172
4282,1360601
4283,701896
4284,1077896
4285,646493
4286,642501
4287,708043
4288,672923
4289,652586
4290,650625
4291,645076
4292,650089
4293,1090590
4294,779613
4295,1226763
4296,660357
4297,1154410
4298,670117
4299,649843
4300,645471
4301,647148
4302,644132
4303,1052541
4304,649488
4305,1124543
4306,1132747
4307,679952
4308,718248
4309,1463495
4310,651482
4311,652145
4312,646934
4313,1137480
4314,648186
4315,1212215
4316,674657
4317,704672
4318,1185294
4319,719579
4320,645990
4321,652969
4322,647021
4323,641412
4324,1095509
4325,641556
4326,1130703
4327,657700
4328,1015328
4329,706700
4330,745305
4331,660385
4332,691051
4333,1159964
4334,698294
4335,686804
4336,679985
4337,1257174
4338,776757
4339,1128384
4340,690338
4341,680764
4342,679660
4343,747398
4344,1189068
4345,684080
4346,1323668
4347,699633
4348,1255394
4349,690689
4350,687459
4351,687726
4352,689708
4353,1210316
4354,746574
4355,691307
4356,1248497
4357,1194870
4358,681591
4359,690639
4360,688678
4361,687265
4362,1168567
4363,694306
4364,693853
4365,695509
4366,1618110
4367,1250495
4368,694958
4369,687912
4370,687620
4371,684530
4372,1184816
4373,1175443
4374,687945
4375,1276526
4376,770384
4377,702674
4378,646510
4379,648042
4380,647346
4381,1099749
4382,642867
4383,645014
4384,1025925
4385,1050542
4386,698583
4387,654387
4388,647271
4389,645788
4390,696445
4391,653010
4392,7564939
4393,931076
4394,777672
4395,1262187
4396,726810
4397,688530
4398,659422
4399,651766
4400,653591
4401,653608
4402,1156544
4403,662368
4404,1206916
4405,659278
4406,1109979
4407,879233
4408,652821
4409,647688
4410,640898
4411,647288
4412,1126134
4413,660176
4414,718623
4415,1078658
4416,654494
4417,1151617
4418,708002
4419,653555
4420,652924
4421,654140
4422,1074546
4423,683977
4424,730551
4425,1072898
4426,655441
4427,1182155
4428,662627
4429,660167
4430,652017
4431,730518
4432,1093943
4433,693301
4434,1109011
4435,710964
4436,647519
4437,658866
4438,1056780
4439,833941
4440,665598
4441,657205
4442,651177
4443,644557
4444,1246547
4445,647140
4446,647148
4447,645170
4448,1164809
4449,707025
4450,1197473
4451,669610
4452,652929
4453,1182789
4454,645430
4455,653237
4456,721177
4457,657164
4458,3868763
4459,1850995
4460,811079
4461,1242172
4462,693181
4463,658989
4464,701936
4465,649966
4466,647102
4467,649933
4468,1107297
4469,648186
4470,1053324
4471,738642
4472,1109596
4473,670401
4474,655858
4475,659425
4476,651322
4477,684748
4478,1156939
4479,642850
4480,1150871
4481,1124745
4482,718458
4483,1033333
4484,645887
4485,642443
4486,640342
4487,641429
4488,646031
4489,1065086
4490,653925
4491,1130411
4492,651775
4493,1113881
4494,741036
4495,657020
4496,650275
4497,653221
4498,1090070
4499,709831
4500,636159
4501,1450801
4502,1164331
4503,654540
4504,659195
4505,645714
4506,647095
4507,649026
4508,645841
4509,651919
4510,1332118
4511,992099
4512,704113
4513,8174219
4514,977332
4515,717881
4516,1230117
4517,726146
4518,651565
4519,648401
4520,1113691
4521,741020
4522,1158925
4523,649055
4524,646559
4525,653147
4526,649600
4527,645479
4528,644531
4529,1185966
4530,653975
4531,1112987
4532,651915
4533,1143467
4534,661189
4535,645825
4536,636406
4537,640551
4538,645257
4539,1012753
4540,652537
4541,836458
4542,1569913
4543,716625
4544,661564
4545,648627
4546,648870
4547,646736
4548,648895
4549,1162213
4550,653657
4551,652071
4552,1202487
4553,724358
4554,708764
4555,645821
4556,645768
4557,646517
4558,1035891
4559,650040
4560,636452
4561,641981
4562,1111334
4563,774649
4564,1099193
4565,655384
4566,649307
4567,649323
4568,708516
4569,1162424
4570,682832
4571,1170182
4572,689164
4573,1286154
4574,699696
4575,688172
4576,687525
4577,685703
4578,685366
4579,684254
4580,1233417
4581,648276
4582,1174681
4583,1116670
4584,658544
4585,651511
4586,649855
4587,648400
4588,1112134
4589,663751
4590,653691
4591,663138
4592,1171150
4593,641722
4594,1131610
4595,653205
4596,649113
4597,640206
4598,644997
4599,648396
4600,1076857
4601,652425
4602,645446
4603,1146846
4604,1117304
4605,1140093
4606,659883
4607,656274
4608,651535
4609,648829
4610,1170322
4611,645215
4612,1052796
4613,727926
4614,971795
4615,818222
4616,655590
4617,696379
4618,652500
4619,644272
4620,1139265
4621,651021
4622,651305
4623,642117
4624,1120308
4625,689758
4626,1019229
4627,656286
4628,656604
4629,653530
4630,689161
4631,657547
4632,1034107
4633,652174
4634,644692
4635,1445277
4636,702312
4637,649270
4638,643184
4639,644837
4640,639591
4641,654684
4642,1013598
4643,700549
4644,665247
4645,658478
4646,9672748
4647,821168
4648,1375185
4649,701838
4650,662318
4651,1102608
4652,944318
4653,1160772
4654,679482
4655,1188364
4656,793918
4657,664366
4658,647506
4659,1136652
4660,1088072
4661,649121
4662,1427008
4663,701586
4664,1236668
4665,650444
4666,647350
4667,642336
4668,718359
4669,1207881
4670,736846
4671,1242906
4672,666401
4673,657843
4674,1237607
4675,779692
4676,653369
4677,649797
4678,649196
4679,974938
4680,759132
4681,640790
4682,1022324
4683,3803117
4684,1348689
4685,682185
4686,656901
4687,643287
4688,646583
4689,1255241
4690,668625
4691,693449
4692,691562
4693,1268088
4694,685206
4695,687043
4696,688147
4697,689408
4698,679606
4699,1210753
4700,696185
4701,733101
4702,1257008
4703,742025
4704,1329320
4705,699160
4706,687591
4707,686964
4708,683376
4709,1122772
4710,705155
4711,1283550
4712,824188
4713,1199109
4714,714738
4715,691826
4716,684471
4717,681917
4718,688036
4719,1234904
4720,702155
4721,1287151
4722,1689783
4723,837990
4724,698925
4725,686461
4726,685658
4727,1127060
4728,693750
4729,692263
4730,1191837
4731,682069
4732,694405
4733,1122768
4734,756643
4735,754225
4736,681542
4737,679074
4738,1206892
4739,708340
4740,1201964
4741,681217
4742,1090548
4743,753063
4744,1230327
4745,701760
4746,702163
4747,751926
4748,1201841
4749,764517
4750,1143397
4751,700824
4752,1098884
4753,1325847
4754,702353
4755,689407
4756,1193200
4757,769449
4758,1088794
4759,819891
4760,8727507
4761,976228
4762,729447
4763,1456668
4764,708970
4765,761674
4766,1195842
4767,692506
4768,681452
4769,681905
4770,679540
4771,1164739
4772,826116
4773,1285882
4774,1203933
4775,707091
4776,693301
4777,697149
4778,698241
4779,695859
4780,1267144
4781,706877
4782,1726246
4783,1324917
4784,778966
4785,695699
4786,678387
4787,653332
4788,646736
4789,645376
4790,1134329
4791,660065
4792,645236
4793,1210604
4794,723271
4795,1076314
4796,652611
4797,651729
4798,679181
4799,1165250
4800,689894
4801,1126150
4802,939774
4803,695085
4804,1145659
4805,748519
4806,693878
4807,735313
4808,683652
4809,1669999
4810,783222
4811,1157484
4812,689601
4813,1188273
4814,680837
4815,683466
4816,684975
4817,690154
4818,1243285
4819,707112
4820,1213035
4821,694327
4822,706362
4823,1062330
4824,710091
4825,691484
4826,685770
4827,683483
4828,4314570
4829,1035030
4830,1351862
4831,1448395
4832,734935
4833,716501
4834,689103
4835,691694
4836,698332
4837,1192146
4838,652957
4839,654411
4840,1051194
4841,1171471
4842,657019
4843,646753
4844,649245
4845,645723
4846,646142
4847,640861
4848,1063401
4849,652459
4850,714021
4851,1132871
4852,713972
4853,1075144
4854,652994
4855,647889
4856,645405
4857,641808
4858,640778
4859,1124193
4860,670604
4861,1022971
4862,700540
4863,723538
4864,1107215
4865,861994
4866,658478
4867,651767
4868,647173
4869,1116781
4870,652545
4871,1036880
4872,659104
4873,1015880
4874,650983
4875,705303
4876,8538827
4877,752812
4878,687698
4879,1390904
4880,1227324
4881,764163
4882,682832
4883,678728
4884,1114494
4885,1248822
4886,695592
4887,686181
4888,1115521
4889,791376
4890,1107866
4891,4941360
4892,1376500
4893,757851
4894,712196
4895,705904
4896,1235275
4897,692572
4898,686321
4899,1280699
4900,1143533
4901,706605
4902,696680
4903,703668
4904,683310
4905,686965
4906,1195043
4907,733538
4908,1199302
4909,691542
4910,736389
4911,1137019
4912,688481
4913,678044
4914,680867
4915,682580
4916,691744
4917,695225
4918,764620
4919,902066
4920,1160565
4921,687661
4922,680093
4923,674822
4924,1171426
4925,694805
4926,1161921
4927,740909
4928,690508
4929,679561
4930,1071176
4931,1314126
4932,713815
4933,698422
4934,1179996
4935,764472
4936,1074690
4937,688229
4938,1077570
4939,745606
4940,1055874
4941,684941
4942,729344
4943,687269
4944,1260671
4945,781735
4946,1073417
4947,689119
4948,1009581
4949,736995
4950,1180775
4951,697862
4952,704541
4953,1034160
4954,740530
4955,1113481
4956,1171224
4957,867861
4958,741020
4959,1133332
4960,697941
4961,688888
4962,1000694
4963,670731
4964,1245617
4965,771138
4966,688513
4967,685535
4968,1224794
4969,694999
4970,686630
4971,1076232
4972,1151646
4973,755523
4974,692976
4975,682589
4976,687385
4977,1098323
4978,746302
4979,1153685
4980,681448
4981,682177
4982,1147307
4983,675659
4984,686004
4985,686816
4986,686379
4987,1281787
4988,690957
4989,8607686
4990,1018080
4991,1344198
4992,754798
4993,678321
4994,664827
4995,661992
4996,1212318
4997,654234
4998,1141155
4999,915857
5000,1180799
5001,753607
5002,1116822
5003,671497
5004,656628
5005,655574
5006,1110333
5007,1034050
5008,1137266
5009,657036
5010,1062602
5011,1077269
5012,647955
5013,652607
5014,705554
5015,1020074
5016,648116
5017,1021780
5018,812133
5019,664535
5020,656233
5021,1027564
5022,655582
5023,657114
5024,653163
5025,941129
5026,652611
5027,1079536
5028,662887
5029,1066511
5030,1151229
5031,718875
5032,652030
5033,654753
5034,648009
5035,647857
5036,1038771
5037,781809
5038,958907
5039,1193597
5040,658458
5041,1136718
5042,652117
5043,650712
5044,650827
5045,644910
5046,644132
5047,651824
5048,1135256
5049,1144987
5050,662561
5051,649447
5052,1139759
5053,685502
5054,649941
5055,658049
5056,651478
5057,651548
5058,1068028
5059,643086
5060,1210900
5061,682964
5062,1102204
5063,692407
5064,699078
5065,653052
5066,654662
5067,693157
5068,1210835
5069,690673
5070,1621971
5071,1259534
5072,688587
5073,700548
5074,698624
5075,696783
5076,1266167
5077,691451
5078,1143405
5079,1582451
5080,1361210
5081,738123
5082,733711
5083,737807
5084,734902
5085,1220554
5086,796432
5087,721759
5088,1947891
5089,777775
5090,1252708
5091,806426
5092,736192
5093,734173
5094,734242
5095,1236309
5096,733134
5097,1273024
5098,741403
5099,737411
5100,801034
5101,1254194
5102,844220
5103,744605
5104,738285
5105,733571
5106,731713
5107,1319556
5108,1137988
5109,723938
5110,738227
5111,11964565
5112,1503032
5113,806249
5114,1224472
5115,1749603
5116,893068
5117,755132
5118,765943
5119,789971
5120,1357906
5121,795912
5122,1266456
5123,872846
5124,1453929
5125,784532
5126,867251
5127,770211
5128,777157
5129,1361412
5130,792595
5131,1728154
5132,864706
5133,786143
5134,785567
5135,780347
5136,778678
5137,1335130
5138,811754
5139,1173848
5140,889233
5141,1710092
5142,861101
5143,782204
5144,780771
5145,786703
5146,1374341
5147,847306
5148,1346683
5149,855625
5150,1270700
5151,909219
5152,6269655
5153,989009
5154,1653168
5155,1611926
5156,1414627
5157,954973
5158,2060011
5159,5806378
5160,3217363
5161,1775482
5162,3085425
5163,1774299
5164,928217
5165,916940
5166,906590
5167,1542581
5168,1136965
5169,912050
5170,1556264
5171,1592726
5172,931414
5173,907847
5174,918250
5175,1530188
5176,904979
5177,1641575
5178,2023261
5179,934232
5180,921991
5181,908992
5182,1500886
5183,1423131
5184,1643210
5185,999309
5186,1528630
5187,915470
5188,905622
5189,18235327
5190,2068412
5191,1796297
5192,906100
5193,886517
5194,848142
5195,1595532
5196,1532240
5197,852144
5198,831679
5199,1335419
5200,835597
5201,842025
5202,1237340
5203,838188
5204,1556313
5205,853107
5206,1396223
5207,888461
5208,828786
5209,830406
5210,1325732
5211,901988
5212,1612310
5213,848258
5214,1601321
5215,872303
5216,796291
5217,789934
5218,782872
5219,1304793
5220,1214626
5221,843240
5222,1187107
5223,779118
5224,933527
5225,774154
5226,773198
5227,776103
5228,1249729
5229,843005
5230,1477521
5231,1189637
5232,827546
5233,773750
5234,763668
5235,844570
5236,1221196
5237,736620
5238,1147600
5239,730836
5240,1163207
5241,804054
5242,1011871
5243,722039
5244,727119
5245,720457
5246,1223607
5247,729034
5248,811412
5249,731206
5250,1217229
5251,719855
5252,725755
5253,732854
5254,727111
5255,1216359
5256,730959
5257,2488234
5258,2848771
5259,786305
5260,887753
5261,740529
5262,731111
5263,5497083
5264,1772610
5265,960308
5266,774286
5267,1344236
5268,701418
5269,691670
5270,683870
5271,797033
5272,1508520
5273,1161018
5274,730674
5275,1371486
5276,766020
5277,709320
5278,701369
5279,692856
5280,1414285
5281,9358273
5282,1789036
5283,1385086
5284,888281
5285,772790
5286,731671
5287,730114
5288,725413
5289,1264058
5290,744032
5291,1166169
5292,728928
5293,1332010
5294,765439
5295,735405
5296,733320
5297,734795
5298,1228761
5299,735519
5300,731086
5301,1639799
5302,1242984
5303,1080491
5304,744922
5305,1304686
5306,1250243
5307,734423
5308,1263333
5309,734148
5310,723604
5311,1379578
5312,746726
5313,741198
5314,826694
5315,1178706
5316,737975
5317,1216108
5318,786152
5319,725105
5320,726624
5321,1178039
5322,740942
5323,734473
5324,728644
5325,809232
5326,1131473
5327,1279739
5328,747299
5329,685543
5330,686536
5331,1133817
5332,696939
5333,696622
5334,679894
5335,1128737
5336,1241946
5337,692555
5338,1142437
5339,1186608
5340,682428
5341,686713
5342,691191
5343,688909
5344,1110081
5345,699325
5346,1207563
5347,680628
5348,1122920
5349,754971
5350,682214
5351,686169
5352,686639
5353,680566
5354,1196851
5355,1068489
5356,726954
5357,681064
5358,689457
5359,1075300
5360,935448
5361,699065
5362,693668
5363,694640
5364,1138798
5365,768094
5366,1158670
5367,741868
5368,1107866
5369,805763
5370,701451
5371,688587
5372,741053
5373,1241995
5374,695064
5375,1184483
5376,679013
5377,1082704
5378,796975
5379,701941
5380,686523
5381,683326
5382,1298428
5383,752309
5384,1206476
5385,689057
5386,1081468
5387,1142437
5388,664630
5389,655874
5390,649909
5391,644194
5392,651849
5393,1136219
5394,1047081
5395,756384
5396,764233
5397,1450472
5398,8110563
5399,936684
5400,1347919
5401,740715
5402,1314735
5403,708500
5404,709394
5405,1164220
5406,767933
5407,1177746
5408,706481
5409,1136463
5410,1085914
5411,750064
5412,695159
5413,696984
5414,698879
5415,701092
5416,1155498
5417,1122257
5418,778653
5419,1120572
5420,807201
5421,691122
5422,651647
5423,644090
5424,654869
5425,1143867
5426,668000
5427,1266517
5428,672346
5429,1070521
5430,647939
5431,658668
5432,650193
5433,708673
5434,1138140
5435,711286
5436,990348
5437,1061461
5438,1072268
5439,655676
5440,653773
5441,655466
5442,645924
5443,640510
5444,638438
5445,641412
5446,1120658
5447,646728
5448,1024767
5449,726023
5450,654065
5451,659240
5452,647069
5453,658429
5454,644742
5455,644292
5456,1100305
5457,649113
5458,699374
5459,1085444
5460,1162073
5461,662792
5462,646679
5463,647074
5464,650567
5465,643798
5466,1113630
5467,643473
5468,712599
5469,1129508
5470,1087846
5471,649504
5472,644149
5473,649974
5474,3201909
5475,720206
5476,664740
5477,661708
5478,1369026
5479,655738
5480,658325
5481,1264680
5482,652121
5483,651557
5484,647733
5485,648887
5486,1060757
5487,656451
5488,1173981
5489,653064
5490,978573
5491,708966
5492,656192
5493,706980
5494,663048
5495,651453
5496,1027169
5497,650947
5498,1144296
5499,728911
5500,1221246
5501,1256387
5502,675482
5503,664642
5504,654914
5505,722500
5506,1144497
5507,652764
5508,925831
5509,1205821
5510,710441
5511,1106979
5512,684999
5513,662743
5514,661045
5515,656636
5516,653513
5517,8241203
5518,1435524
5519,798693
5520,1146248
5521,774624
5522,684612
5523,687743
5524,699168
5525,1225177
5526,704792
5527,1068754
5528,748667
5529,691476
5530,687409
5531,1205796
5532,756042
5533,695484
5534,825915
5535,669355
5536,1146611
5537,647865
5538,1025715
5539,654073
5540,945686
5541,702411
5542,660896
5543,654803
5544,655054
5545,703742
5546,1079292
5547,645739
5548,1055363
5549,1026419
5550,1011051
5551,1017565
5552,659690
5553,657827
5554,654301
5555,649727
5556,649942
5557,1147875
5558,663146
5559,656208
5560,1245258
5561,983146
5562,649529
5563,662804
5564,656225
5565,662244
5566,663203
5567,661354
5568,1229891
5569,675457
5570,1059845
5571,1209026
5572,642360
5573,655916
5574,648351
5575,646789
5576,646217
5577,649174
5578,1083285
5579,645145
5580,646901
5581,933993
5582,1267391
5583,658412
5584,652726
5585,651667
5586,656727
5587,651037
5588,649599
5589,1103712
5590,655916
5591,923825
5592,965231
5593,691574
5594,648536
5595,650073
5596,704331
5597,660645
5598,651148
5599,1405361
5600,643596
5601,1151357
5602,1113522
5603,724630
5604,1141534
5605,659446
5606,645195
5607,656369
5608,697516
5609,652500
5610,1085007
5611,641037
5612,1118985
5613,650485
5614,1143541
5615,643349
5616,647433
5617,652426
5618,654000
5619,646971
5620,1050053
5621,695843
5622,1119665
5623,650761
5624,1042417
5625,1044201
5626,645623
5627,654152
5628,651247
5629,919804
5630,656101
5631,958128
5632,710466
5633,726340
5634,979075
5635,663567
5636,1007446
5637,9593861
5638,1399951
5639,797931
5640,1090891
5641,793259
5642,679050
5643,676540
5644,1116242
5645,1133826
5646,732009
5647,668098
5648,1017264
5649,726793
5650,666084
5651,1044201
5652,673702
5653,664468
5654,668552
5655,1162959
5656,650753
5657,664946
5658,659962
5659,703737
5660,1490441
5661,1080014
5662,716349
5663,656686
5664,992721
5665,712163
5666,1148522
5667,667723
5668,651767
5669,650909
5670,1118504
5671,970613
5672,1054353
5673,652669
5674,1149742
5675,709472
5676,938854
5677,697532
5678,650667
5679,645496
5680,1042871
5681,704817
5682,656315
5683,1126369
5684,649097
5685,1095220
5686,656526
5687,655726
5688,640317
5689,654107
5690,1192332
5691,705838
5692,1071081
5693,1088430
5694,724305
5695,1163738
5696,660823
5697,657473
5698,653179
5699,3037673
5700,796225
5701,676949
5702,1210393
5703,657399
5704,1312271
5705,1196546
5706,673426
5707,668852
5708,667583
5709,905185
5710,656920
5711,1160883
5712,1137316
5713,710457
5714,655339
5715,1251558
5716,677097
5717,657671
5718,654634
5719,655726
5720,1125956
5721,656744
5722,1152086
5723,650094
5724,1022995
5725,1064476
5726,709444
5727,658025
5728,702456
5729,1122005
5730,650691
5731,948632
5732,1061115
5733,694640
5734,646608
5735,644132
5736,935983
5737,692440
5738,648235
5739,646769
5740,1015447
5741,723922
5742,734811
5743,1080142
5744,651157
5745,647716
5746,1078716
5747,697187
5748,709868
5749,1084789
5750,650444
5751,1150891
5752,724774
5753,1068349
5754,656579
5755,9310221
5756,911419
5757,719785
5758,681851
5759,677801
5760,1164813
5761,784590
5762,1142000
5763,674497
5764,1037136
5765,719752
5766,1213850
5767,670699
5768,659916
5769,1065762
5770,727461
5771,997970
5772,652376
5773,647020
5774,652627
5775,1075469
5776,1064205
5777,654634
5778,655899
5779,704071
5780,1107964
5781,654349
5782,657823
5783,654688
5784,653496
5785,1040053
5786,712241
5787,986467
5788,712027
5789,661288
5790,1121296
5791,652178
5792,704697
5793,652520
5794,656014
5795,1089972
5796,669858
5797,953407
5798,653097
5799,718046
5800,1095126
5801,643506
5802,647530
5803,641664
5804,648742
5805,727085
5806,645010
5807,1057740
5808,651029
5809,1017968
5810,1067208
5811,1036546
5812,651598
5813,651881
5814,654016
5815,4008649
5816,755325
5817,1333992
5818,700206
5819,1228757
5820,678049
5821,1134226
5822,656896
5823,669058
5824,656249
5825,661671
5826,1150458
5827,719451
5828,989519
5829,949608
5830,1021294
5831,620277
5832,628055
5833,618328
5834,622761
5835,615872
5836,759383
5837,628468
5838,1023189
5839,662837
5840,960028
5841,1058848
5842,954998
5843,614418
5844,612555
5845,618599
5846,622040
5847,621228
5848,1193168
5849,627421
5850,945690
5851,1115521
5852,632501
5853,1023733
5854,664370
5855,610314
5856,614760
5857,617578
5858,610363
5859,1084826
5860,620458
5861,618056
5862,617198
5863,1131091
5864,676701
5865,1022307
5866,615275
5867,617973
5868,621830
5869,618550
5870,615851
5871,613862
5872,616861
5873,1079613
5874,614933
5875,1131238
5876,620281
5877,629646
5878,622807
5879,7753363
5880,738610
5881,641890
5882,1181751
5883,705443
5884,1720079
5885,1337993
5886,674708
5887,662001
5888,661823
5889,665692
5890,660662
5891,1114565
5892,652624
5893,657543
5894,1213088
5895,748115
5896,1076087
5897,662553
5898,662879
5899,659170
5900,663809
5901,656603
5902,1086065
5903,651103
5904,1517275
5905,761357
5906,714598
5907,655120
5908,653505
5909,652978
5910,645804
5911,1198952
5912,661815
5913,970336
5914,1016618
5915,697351
5916,645244
5917,1149264
5918,662734
5919,701402
5920,654267
5921,651881
5922,1002011
5923,658977
5924,3011276
5925,851802
5926,1306326
5927,757913
5928,1230887
5929,680887
5930,665050
5931,668947
5932,1194309
5933,744728
5934,1096675
5935,668832
5936,982882
5937,1032509
5938,725998
5939,659405
5940,662578
5941,1182868
5942,654160
5943,967926
5944,660971
5945,616679
5946,616717
5947,947593
5948,1076054
5949,694422
5950,621340
5951,616758
5952,614488
5953,1090808
5954,614834
5955,614859
5956,626407
5957,610021
5958,1069997
5959,658112
5960,998147
5961,686598
5962,626519
5963,1058832
5964,620091
5965,617133
5966,619510
5967,660955
5968,624800
5969,1036777
5970,622526
5971,1168917
5972,638231
5973,917607
5974,999469
5975,660526
5976,619988
5977,619436
5978,616457
5979,607937
5980,1113625
5981,669775
5982,960696
5983,662862
5984,613886
5985,1081307
5986,611867
5987,620457
5988,621801
5989,620775
5990,612263
5991,974848
5992,616135
5993,1039961
5994,934517
5995,1201783
5996,711075
5997,1095728
5998,673149
5999,623989
6000,616952
6001,926502
6002,627017
6003,615781
6004,7538237
6005,740250
6006,708591
6007,1119797
6008,628381
6009,624170
6010,618674
6011,1074723
6012,640304
6013,1017149
6014,859934
6015,652595
6016,647296
6017,1026918
6018,651437
6019,655211
6020,652228
6021,939848
6022,651235
6023,1039142
6024,728676
6025,1059426
6026,1101825
6027,676120
6028,617042
6029,609997
6030,611109
6031,615711
6032,1021681
6033,627940
6034,616783
6035,613639
6036,996556
6037,1220690
6038,626642
6039,624998
6040,622481
6041,619193
6042,617578
6043,1058873
6044,615093
6045,604438
6046,607517
6047,972940
6048,1151991
6049,627619
6050,658610
6051,617302
6052,615353
6053,1051943
6054,1068329
6055,620165
6056,978494
6057,645046
6058,741214
6059,954656
6060,617652
6061,618204
6062,616540
6063,614607
6064,667229
6065,983133
6066,619729
6067,614809
6068,616766
6069,1100465
6070,618225
6071,617830
6072,618192
6073,618867
6074,620874
6075,619629
6076,1103161
6077,630968
6078,1006684
6079,1032727
6080,661078
6081,669487
6082,1018677
6083,611233
6084,609997
6085,615015
6086,614389
6087,610071
6088,1074789
6089,616136
6090,1006107
6091,1007285
6092,626074
6093,616684
6094,621932
6095,611274
6096,614154
6097,616733
6098,1065358
6099,615646
6100,617195
6101,686363
6102,614562
6103,1018133
6104,675247
6105,613219
6106,613586
6107,616033
6108,612173
6109,1091917
6110,614154
6111,966781
6112,984732
6113,1079964
6114,621863
6115,613194
6116,619729
6117,616230
6118,664720
6119,610986
6120,990747
6121,613544
6122,615580
6123,969701
6124,869340
6125,1015188
6126,622757
6127,624071
6128,619110
6129,613511
6130,612448
6131,1095398
6132,618039
6133,608601
6134,609053
6135,943807
6136,916408
6137,615336
6138,610763
6139,607936
6140,609738
6141,612221
6142,603672
6143,605914
6144,8800787
6145,1013412
6146,1197869
6147,770990
6148,1207123
6149,670995
6150,661482
6151,652466
6152,654551
6153,1271536
6154,669635
6155,1021545
6156,1095414
6157,669742
6158,665157
6159,660542
6160,661564
6161,717008
6162,649830
6163,3414341
6164,1391229
6165,713786
6166,1126962
6167,873601
6168,672899
6169,660468
6170,699147
6171,1223759
6172,667785
6173,1077879
6174,729747
6175,1023296
6176,710799
6177,657547
6178,648553
6179,647873
6180,657114
6181,1208214
6182,779292
6183,647960
6184,1057934
6185,668128
6186,677942
6187,628216
6188,621504
6189,612931
6190,611657
6191,610429
6192,603677
6193,1048103
6194,619971
6195,993829
6196,608258
6197,964461
6198,620590
6199,621434
6200,619074
6201,612333
6202,610949
6203,614418
6204,1092943
6205,615695
6206,1032685
6207,615329
6208,937524
6209,3184217
6210,1138135
6211,653390
6212,640415
6213,628249
6214,632624
6215,633243
6216,1061535
6217,702546
6218,1060542
6219,675140
6220,618501
6221,614698
6222,1059158
6223,627487
6224,936057
6225,616791
6226,610145
6227,1036773
6228,607628
6229,948867
6230,612155
6231,608530
6232,609363
6233,656999
6234,618002
6235,961466
6236,612798
6237,610990
6238,961309
6239,611134
6240,955405
6241,666422
6242,612947
6243,613490
6244,610363
6245,612337
6246,616214
6247,1125907
6248,1087116
6249,683693
6250,613771
6251,605931
6252,946604
6253,678283
6254,611884
6255,609350
6256,610866
6257,1053991
6258,672326
6259,958145
6260,670534
6261,625344
6262,978749
6263,617463
6264,955607
6265,675214
6266,617133
6267,612708
6268,885660
6269,11670657
6270,993178
6271,711648
6272,678436
6273,1508738
6274,709921
6275,678271
6276,1161390
6277,677851
6278,668316
6279,665524
6280,668910
6281,653496
6282,658676
6283,659182
6284,1056982
6285,689256
6286,652331
6287,1156759
6288,643572
6289,647646
6290,647733
6291,647901
6292,655915
6293,654036
6294,1517391
6295,722273
6296,723670
6297,1025501
6298,1663077
6299,679079
6300,645096
6301,649084
6302,642715
6303,639645
6304,1058160
6305,650728
6306,1586299
6307,888606
6308,653147
6309,709955
6310,647840
6311,646217
6312,1190296
6313,677670
6314,656945
6315,1191722
6316,722508
6317,1140026
6318,666570
6319,667274
6320,647902
6321,648416
6322,704850
6323,976319
6324,653815
6325,1093865
6326,699115
6327,989202
6328,707894
6329,645706
6330,645990
6331,645055
6332,638660
6333,1015740
6334,647774
6335,1133958
6336,696065
6337,647840
6338,640943
6339,1038252
6340,822952
6341,653790
6342,641219
6343,645657
6344,646744
6345,1084677
6346,1131985
6347,725883
6348,748720
6349,1424470
6350,741127
6351,660835
6352,653407
6353,2149632
6354,1330218
6355,671016
6356,650687
6357,654403
6358,1135075
6359,648528
6360,1603665
6361,671333
6362,650234
6363,1139907
6364,721136
6365,640568
6366,1043373
6367,658721
6368,1447127
6369,769148
6370,654551
6371,647341
6372,1120069
6373,1204074
6374,649636
6375,651156
6376,652174
6377,1000533
6378,652644
6379,1168756
6380,656575
6381,649661
6382,703177
6383,1139322
6384,725962
6385,984588
6386,658033
6387,1041532
6388,1066244
6389,694146
6390,655273
6391,646266
6392,1079120
6393,1195438
6394,655313
6395,8221778
6396,1073450
6397,752861
6398,1271107
6399,806031
6400,1257182
6401,753640
6402,1169169
6403,664411
6404,653233
6405,646233
6406,1099019
6407,651873
6408,1306627
6409,666083
6410,658882
6411,1185225
6412,725623
6413,653279
6414,642591
6415,649006
6416,643674
6417,1115047
6418,836726
6419,662096
6420,1202467
6421,655651
6422,1094912
6423,703017
6424,643539
6425,644511
6426,1082935
6427,1127090
6428,652714
6429,645524
6430,641104
6431,1054329
6432,702555
6433,1150265
6434,657180
6435,1109415
6436,716114
6437,1068646
6438,726608
6439,652426
6440,651103
6441,1109336
6442,993681
6443,685601
6444,702778
6445,645203
6446,616490
6447,611460
6448,959995
6449,1035355
6450,612663
6451,616783
6452,610660
6453,1062149
6454,610504
6455,620688
6456,612773
6457,1017907
6458,685770
6459,1038685
6460,681436
6461,754678
6462,612028
6463,945011
6464,650682
6465,615254
6466,613334
6467,609153
6468,607867
6469,1018258
6470,665742
6471,1173144
6472,798599
6473,1099831
6474,671909
6475,626951
6476,619048
6477,611567
6478,612110
6479,1078361
6480,628385
6481,614439
6482,613812
6483,1378568
6484,765617
6485,609906
6486,609638
6487,644527
6488,643889
6489,1317179
6490,692354
6491,650415
6492,1165650
6493,1193613
6494,732175
6495,653950
6496,646138
6497,705002
6498,648466
6499,1510329
6500,646884
6501,651672
6502,1114560
6503,646430
6504,1051341
6505,812742
6506,668671
6507,642607
6508,649793
6509,649883
6510,1140624
6511,649966
6512,643917
6513,1168406
6514,718240
6515,717981
6516,643027
6517,642023
6518,643328
6519,640288
6520,1149618
6521,709077
6522,1071625
6523,1112678
6524,657539
6525,8210842
6526,1046509
6527,728652
6528,1274606
6529,686119
6530,1312518
6531,675766
6532,669730
6533,666385
6534,1405847
6535,821436
6536,673022
6537,661749
6538,1134065
6539,1095336
6540,656467
6541,666084
6542,653715
6543,1021957
6544,657148
6545,1019205
6546,719695
6547,664856
6548,703025
6549,1151501
6550,1246140
6551,666261
6552,654857
6553,1081089
6554,710086
6555,655128
6556,1142713
6557,653790
6558,654667
6559,1064732
6560,748885
6561,662738
6562,660517
6563,661003
6564,649636
6565,1072985
6566,651461
6567,1131820
6568,663777
6569,1104124
6570,1120151
6571,649648
6572,696054
6573,662417
6574,1041643
6575,644284
6576,1024017
6577,675688
6578,620652
6579,1066298
6580,625488
6581,1060369
6582,631916
6583,619555
6584,679206
6585,1093428
6586,1134498
6587,634247
6588,618316
6589,622443
6590,1076305
6591,629428
6592,938686
6593,673038
6594,610112
6595,612885
6596,964799
6597,678914
6598,662243
6599,626139
6600,1005971
6601,616078
6602,613041
6603,1069334
6604,646929
6605,986928
6606,674237
6607,614232
6608,1064101
6609,630675
6610,638100
6611,617364
6612,1326462
6613,686210
6614,1038260
6615,616086
6616,641858
6617,650600
6618,1068497
6619,1143256
6620,667179
6621,656843
6622,643085
6623,1139767
6624,705340
6625,644350
6626,646341
6627,647127
6628,646695
6629,992206
6630,709435
6631,3337621
6632,759140
6633,738634
6634,1272986
6635,745655
6636,661655
6637,664102
6638,1109959
6639,668251
6640,1148255
6641,653806
6642,650613
6643,648643
6644,8514584
6645,1155494
6646,720951
6647,675490
6648,821460
6649,1201560
6650,655796
6651,645030
6652,759355
6653,670789
6654,659203
6655,662454
6656,656583
6657,1224176
6658,666830
6659,1093486
6660,707235
6661,646077
6662,1149132
6663,674188
6664,654510
6665,644383
6666,656744
6667,658796
6668,1132669
6669,652652
6670,1216945
6671,662635
6672,1180465
6673,658857
6674,654375
6675,1432244
6676,710305
6677,1076404
6678,1060360
6679,719661
6680,658128
6681,1019794
6682,645739
6683,651964
6684,711780
6685,654259
6686,1056129
6687,704405
6688,1096667
6689,654370
6690,722673
6691,1111553
6692,656920
6693,652462
6694,648627
6695,656500
6696,647609
6697,704747
6698,1110910
6699,651384
6700,1042261
6701,1157521
6702,662949
6703,655453
6704,646905
6705,647490
6706,640786
6707,641421
6708,651783
6709,1092617
6710,689778
6711,1270441
6712,1284316
6713,661889
6714,646386
6715,650551
6716,653690
6717,646562
6718,1034292
6719,652084
6720,651289
6721,648384
6722,1400738
6723,718095
6724,1021256
6725,643773
6726,642360
6727,648359
6728,640457
6729,1146018
6730,669231
6731,644325
6732,648116
6733,1238403
6734,641788
6735,709275
6736,654280
6737,649883
6738,649941
6739,649830
6740,1094541
6741,657637
6742,652718
6743,1104223
6744,713070
6745,651366
6746,647614
6747,647263
6748,644140
6749,705979
6750,1026415
6751,646373
6752,648318
6753,646097
6754,1156355
6755,646278
6756,648602
6757,649879
6758,635138
6759,638557
6760,642793
6761,1105999
6762,706798
6763,651667
6764,1209121
6765,731614
6766,1141918
6767,668544
6768,658494
6769,661206
6770,1078398
6771,636110
6772,648478
6773,1179163
6774,699922
6775,645998
6776,9190553
6777,1124853
6778,729010
6779,682795
6780,1384324
6781,752367
6782,1015497
6783,711587
6784,662368
6785,659443
6786,1136755
6787,709176
6788,1163461
6789,668090
6790,730008
6791,666212
6792,652071
6793,644507
6794,653213
6795,647947
6796,1116426
6797,660744
6798,662685
6799,652145
6800,1169865
6801,757204
6802,649072
6803,647679
6804,652352
6805,656644
6806,653027
6807,1103564
6808,663306
6809,655359
6810,1152856
6811,1116286
6812,665614
6813,652001
6814,701092
6815,651663
6816,649294
6817,647992
6818,1097401
6819,650811
6820,1015176
6821,642364
6822,1069672
6823,649933
6824,642838
6825,643905
6826,643481
6827,654560
6828,1076388
6829,651655
6830,930920
6831,663583
6832,621026
6833,1043204
6834,621253
6835,602930
6836,607278
6837,614669
6838,611167
6839,1023774
6840,624743
6841,1059986
6842,611084
6843,1398933
6844,681922
6845,1279002
6846,631496
6847,617236
6848,619445
6849,1006523
6850,1113222
6851,604628
6852,609700
6853,603870
6854,1195941
6855,1050930
6856,645277
6857,610623
6858,608106
6859,611562
6860,1018047
6861,1017899
6862,659364
6863,613854
6864,617578
6865,928097
6866,702596
6867,672601
6868,854928
6869,3291356
6870,1306759
6871,1220533
6872,743113
6873,674975
6874,667040
6875,1324512
6876,678428
6877,657155
6878,657391
6879,653097
6880,1321307
6881,733925
6882,1104182
6883,649096
6884,1089543
6885,734382
6886,661585
6887,740893
6888,659566
6889,1104853
6890,1141358
6891,659323
6892,666413
6893,652133
6894,1046002
6895,161573547
6896,769172
6897,662301
6898,1664515
6899,1292915
6900,651981
6901,966019
6902,688971
6903,1098735
6904,646007
6905,635842
6906,626028
6907,632138
6908,1064765
6909,701030
6910,1077158
6911,637939
6912,976557
6913,675457
6914,688852
6915,989260
6916,630918
6917,625143
6918,626049
6919,1086363
6920,706044
6921,1049961
6922,642822
6923,626172
6924,1012753
6925,636180
6926,4587114
6927,783544
6928,665181
6929,1048301
6930,740208
6931,1037338
6932,699176
6933,1097219
6934,650008
6935,635455
6936,668325
6937,631488
6938,679486
6939,736953
6940,1117082
6941,673322
6942,1176313
6943,1141547
6944,670051
6945,646719
6946,648821
6947,646217
6948,1113020
6949,739586
6950,1052665
6951,715747
6952,657386
6953,653859
6954,1196381
6955,660778
6956,648610
6957,656612
6958,1078060
6959,726459
6960,1044956
6961,703786
6962,1063315
6963,1156087
6964,1164838
6965,655211
6966,646736
6967,645113
6968,1112896
6969,639036
6970,650064
6971,655314
6972,645974
6973,703358
6974,720791
6975,1110461
6976,729076
6977,1183786
6978,670418
6979,648202
6980,655957
6981,651647
6982,655129
6983,657498
6984,654412
6985,1061946
6986,1071411
6987,1033230
6988,709394
6989,659616
6990,650955
6991,649999
6992,650345
6993,651400
6994,653316
6995,1126175
6996,657320
6997,655314
6998,1545288
6999,713638
7000,652611
7001,652837
7002,647391
7003,657316
7004,655981
7005,1052437
7006,648660
7007,651639
7008,1317022
7009,656636
7010,653753
7011,706032
7012,652846
7013,659071
7014,654865
7015,987427
7016,618275
7017,7995341
7018,1441837
7019,702715
7020,664704
7021,649504
7022,648524
7023,645051
7024,642661
7025,1088625
7026,642859
7027,627170
7028,1075226
7029,1162935
7030,627495
7031,628579
7032,619729
7033,623845
7034,629543
7035,628212
7036,621385
7037,1058564
7038,623651
7039,619379
7040,1409435
7041,676648
7042,671287
7043,623218
7044,622885
7045,616544
7046,617796
7047,1368585
7048,621689
7049,626968
7050,1093610
7051,722183
7052,635405
7053,623763
7054,634540
7055,621142
7056,687533
7057,2114657
7058,639393
7059,1136912
7060,637845
7061,1399490
7062,650267
7063,627264
7064,619395
7065,616264
7066,619090
7067,1082057
7068,666512
7069,1120218
7070,831683
7071,1161192
7072,676594
7073,663464
7074,671950
7075,671060
7076,1000760
7077,673665
7078,666227
7079,666611
7080,1441963
7081,805121
7082,1153960
7083,702506
7084,710985
7085,703754
7086,702431
7087,1066244
7088,703375
7089,1214308
7090,1412435
7091,717561
7092,709365
7093,703107
7094,701323
7095,704178
7096,1091529
7097,698863
7098,695501
7099,1189411
7100,1314744
7101,689692
7102,733781
7103,699860
7104,692354
7105,1257284
7106,701150
7107,700166
7108,1178005
7109,790490
7110,1223681
7111,703260
7112,710416
7113,711780
7114,763669
7115,704462
7116,1228526
7117,712414
7118,1182398
7119,1284032
7120,700313
7121,697067
7122,693009
7123,695089
7124,1234888
7125,834439
7126,714932
7127,1858218
7128,889166
7129,1277997
7130,764773
7131,747440
7132,733254
7133,736941
7134,1368017
7135,748573
7136,1211004
7137,729521
7138,1191169
7139,739590
7140,745944
7141,9787431
7142,997467
7143,815013
7144,788129
7145,4433843
7146,1742105
7147,826182
7148,764595
7149,753372
7150,1108685
7151,742895
7152,4907576
7153,1670007
7154,808145
7155,780379
7156,742231
7157,1366072
7158,770084
7159,751839
7160,1252975
7161,1494206
7162,783618
7163,783511
7164,778818
7165,783527
7166,1288902
7167,795904
7168,786984
7169,1428347
7170,872010
7171,1529685
7172,807906
7173,798355
7174,802768
7175,1589665
7176,853231
7177,841130
7178,1444280
7179,828535
7180,3006184
7181,994365
7182,1511239
7183,856774
7184,1584771
7185,1377880
7186,931237
7187,856918
7188,907847
7189,1385436
7190,850763
7191,1356064
7192,830900
7193,915345
7194,1502662
7195,848604
7196,833413
7197,922963
7198,1379915
7199,867449
7200,1272599
7201,787911
7202,1335418
7203,797696
7204,795253
7205,1322291
7206,1409102
7207,864092
7208,796765
7209,1346329
7210,842226
7211,1438219
7212,789790
7213,773709
7214,1303562
7215,787812
7216,798858
7217,1516949
7218,860185
7219,1405456
7220,847372
7221,1351499
7222,1381481
7223,833562
7224,847228
7225,2061717
7226,926050
7227,839354
7228,1412868
7229,867433
7230,855040
7231,10249524
7232,1174751
7233,1723634
7234,858793
7235,921806
7236,1410713
7237,875364
7238,811853
7239,803880
7240,1156891
7241,811692
7242,2684717
7243,960271
7244,823966
7245,1448061
7246,801729
7247,743629
7248,738214
7249,1682937
7250,830546
7251,754579
7252,740460
7253,1110119
7254,883106
7255,1052932
7256,733674
7257,746602
7258,1139924
7259,798038
7260,1109905
7261,735553
7262,1264182
7263,834711
7264,765406
7265,805561
7266,744625
7267,1163124
7268,745021
7269,1255360
7270,745115
7271,738684
7272,1171100
7273,799810
7274,740439
7275,745124
7276,731235
7277,1220703
7278,735672
7279,1255402
7280,737538
7281,731519
7282,1177326
7283,784347
7284,741671
7285,728870
7286,738610
7287,1151443
7288,800876
7289,1185027
7290,712558
7291,1185748
7292,779008
7293,1037523
7294,708236
7295,689968
7296,688151
7297,970394
7298,1066380
7299,747011
7300,698381
7301,1022233
7302,1047065
7303,741893
7304,698229
7305,688707
7306,1253935
7307,701339
7308,1360019
7309,699864
7310,686862
7311,1422966
7312,1554694
7313,714449
7314,689787
7315,1932577
7316,1198400
7317,704186
7318,695307
7319,1124049
7320,827608
7321,698455
7322,691830
7323,701336
7324,1042463
7325,733674
7326,1201804
7327,779049
7328,1224060
7329,699819
7330,695311
7331,693531
7332,756602
7333,1056561
7334,10254617
7335,876406
7336,1518170
7337,1276967
7338,793696
7339,741193
7340,729529
7341,734424
7342,1195022
7343,723440
7344,781154
7345,1145325
7346,1335258
7347,719497
7348,707103
7349,706007
7350,697170
7351,1170021
7352,711747
7353,1050864
7354,1214114
7355,752997
7356,1722106
7357,717259
7358,713535
7359,700437
7360,705142
7361,1144546
7362,699943
7363,693676
7364,1241319
7365,679041
7366,785797
7367,702456
7368,684612
7369,692943
7370,1111083
7371,690228
7372,1136183
7373,1121038
7374,777702
7375,1083837
7376,696420
7377,690841
7378,801985
7379,996148
7380,1295144
7381,1137455
7382,1179621
7383,1504416
7384,725046
7385,701133
7386,698270
7387,687541
7388,701871
7389,1171727
7390,694825
7391,667374
7392,644902
7393,1153693
7394,649323
7395,647832
7396,650777
7397,643110
7398,643559
7399,650316
7400,1113296
7401,659207
7402,713955
7403,1060365
7404,894901
7405,1009028
7406,670398
7407,664094
7408,659298
7409,659672
7410,661935
7411,1129315
7412,655590
7413,1068605
7414,755407
7415,1180968
7416,654420
7417,652796
7418,654494
7419,654094
7420,1097128
7421,708039
7422,1104359
7423,666513
7424,720357
7425,1117222
7426,641223
7427,771657
7428,660571
7429,651815
7430,652739
7431,652536
7432,1103980
7433,651597
7434,1391604
7435,1142301
7436,654493
7437,653810
7438,651461
7439,694137
7440,663212
7441,651222
7442,1018809
7443,661848
7444,650283
7445,1090347
7446,645801
7447,1140220
7448,658680
7449,647799
7450,651424
7451,795199
7452,1127497
7453,669685
7454,1120592
7455,1141279
7456,658878
7457,7611883
7458,971123
7459,713593
7460,679425
7461,1276966
7462,674864
7463,1133710
7464,707450
7465,646921
7466,648870
7467,1235370
7468,1236873
7469,647280
7470,655132
7471,1097425
7472,669833
7473,716271
7474,1080508
7475,647622
7476,646731
7477,1072243
7478,720423
7479,718693
7480,661675
7481,649858
7482,1182859
7483,658420
7484,663641
7485,664509
7486,655429
7487,657341
7488,1106308
7489,1089795
7490,786588
7491,1096910
7492,806875
7493,654935
7494,1089502
7495,663113
7496,1092477
7497,658461
7498,660361
7499,654729
7500,1590160
7501,731997
7502,659413
7503,650951
7504,706156
7505,647865
7506,1252435
7507,710993
7508,698809
7509,1093285
7510,763285
7511,1135157
7512,714417
7513,695551
7514,695064
7515,693450
7516,752202
7517,678205
7518,1111536
7519,694104
7520,1212677
7521,694842
7522,697685
7523,693644
7524,690013
7525,691184
7526,1088299
7527,694496
7528,1153380
7529,1184421
7530,743999
7531,1192954
7532,705571
7533,694146
7534,685440
7535,686614
7536,683017
7537,1119789
7538,1208989
7539,740023
7540,1229717
7541,759215
7542,654902
7543,653950
7544,647642
7545,654437
7546,1030494
7547,679910
7548,1108467
7549,649138
7550,1083136
7551,705995
7552,1111445
7553,645471
7554,649138
7555,644247
7556,991118
7557,956361
7558,648998
7559,660814
7560,3843321
7561,937433
7562,1225440
7563,680945
7564,659314
7565,649105
7566,1023877
7567,740427
7568,1138721
7569,662899
7570,998967
7571,655615
7572,717795
7573,20166508
7574,1602652
7575,723229
7576,1232370
7577,758193
7578,901947
7579,1058923
7580,720778
7581,742244
7582,1036752
7583,670397
7584,6983318
7585,1364123
7586,722785
7587,692271
7588,1189839
7589,729150
7590,1298762
7591,679692
7592,693474
7593,714095
7594,1024289
7595,5334433
7596,840351
7597,725404
7598,1490486
7599,755115
7600,675560
7601,665281
7602,1075337
7603,668453
7604,730950
7605,1010582
7606,664642
7607,3788973
7608,776729
7609,1283628
7610,677711
7611,668218
7612,1151135
7613,647753
7614,655454
7615,659660
7616,653257
7617,1177647
7618,670525
7619,1146809
7620,1184717
7621,731524
7622,1048408
7623,661848
7624,652133
7625,654831
7626,647329
7627,656530
7628,1039138
7629,703082
7630,1371284
7631,3391466
7632,1244706
7633,709468
7634,684018
7635,680528
7636,673591
7637,1068539
7638,748008
7639,665816
7640,667254
7641,1209146
7642,662301
7643,655557
7644,660604
7645,658643
7646,657794
7647,660118
7648,1080207
7649,660159
7650,653992
7651,1349250
7652,739088
7653,1118359
7654,673833
7655,669800
7656,660571
7657,660937
7658,660477
7659,1070756
7660,1125442
7661,671828
7662,790012
7663,717478
7664,659257
7665,7981641
7666,773854
7667,773181
7668,684059
7669,1246222
7670,1153944
7671,728969
7672,1161064
7673,653934
7674,636213
7675,640375
7676,637635
7677,638767
7678,1050394
7679,754608
7680,1035784
7681,1047538
7682,1229532
7683,682209
7684,675478
7685,668786
7686,667485
7687,671506
7688,1088423
7689,672676
7690,669401
7691,1663844
7692,745173
7693,675490
7694,670538
7695,1014718
7696,1189229
7697,670212
7698,659900
7699,658853
7700,1121296
7701,645656
7702,1270683
7703,685234
7704,664827
7705,659607
7706,658754
7707,656212
7708,651989
7709,1484240
7710,679449
7711,744954
7712,1159334
7713,656554
7714,656101
7715,713897
7716,654535
7717,650184
7718,1171150
7719,728824
7720,1129940
7721,712991
7722,1063953
7723,733547
7724,666665
7725,673166
7726,664312
7727,668329
7728,1215717
7729,656603
7730,1108817
7731,648544
7732,1106876
7733,717025
7734,656187
7735,654123
7736,664584
7737,652545
7738,1151971
7739,648837
7740,1172893
7741,653060
7742,1109312
7743,1148077
7744,662903
7745,654086
7746,648244
7747,646781
7748,1092650
7749,664815
7750,3164919
7751,808701
7752,696371
7753,682202
7754,1397121
7755,689576
7756,667089
7757,663340
7758,1030984
7759,1045157
7760,715653
7761,659961
7762,728767
7763,1080306
7764,902383
7765,673908
7766,671943
7767,666595
7768,1024812
7769,750900
7770,1147315
7771,709930
7772,668757
7773,665540
7774,1207192
7775,664637
7776,663916
7777,1074015
7778,731622
7779,1095349
7780,666179
7781,661040
7782,663431
7783,11407540
7784,833574
7785,703931
7786,784186
7787,1098089
7788,1231147
7789,745803
7790,632509
7791,622642
7792,1020725
7793,632959
7794,1094232
7795,635838
7796,630795
7797,630197
7798,1125165
7799,1065358
7800,628006
7801,884095
7802,670599
7803,625579
7804,1068670
7805,632665
7806,614826
7807,613132
7808,1059051
7809,632995
7810,1002040
7811,718899
7812,620474
7813,631351
7814,1022806
7815,1086651
7816,880469
7817,662186
7818,649018
7819,1003755
7820,656607
7821,973208
7822,710008
7823,661840
7824,765777
7825,1067517
7826,757039
7827,654119
7828,649690
7829,645244
7830,1015011
7831,1114763
7832,713349
7833,654329
7834,651589
7835,1001563
7836,1172869
7837,661189
7838,650802
7839,654115
7840,1077496
7841,738099
7842,1023448
7843,658268
7844,648862
7845,650992
7846,1110057
7847,661457
7848,648092
7849,702131
7850,1081159
7851,724474
7852,1008860
7853,644008
7854,653081
7855,646448
7856,1091262
7857,663113
7858,657901
7859,660151
7860,1254698
7861,775600
7862,733852
7863,666385
7864,660579
7865,1060966
7866,705562
7867,1127205
7868,666253
7869,655153
7870,1067019
7871,648911
7872,645438
7873,650658
7874,1044070
7875,652961
7876,917463
7877,709386
7878,649224
7879,649431
7880,914315
7881,1046208
7882,698756
7883,655285
7884,665532
7885,653464
7886,651445
7887,1068482
7888,727333
7889,622967
7890,615250
7891,1098670
7892,695645
7893,621187
7894,617426
7895,627504
7896,623598
7897,1018191
7898,671584
7899,943523
7900,739236
7901,634643
7902,992973
7903,610013
7904,613091
7905,617767
7906,784989
7907,996701
7908,662309
7909,618443
7910,1048309
7911,629473
7912,1073203
7913,8214901
7914,841872
7915,682717
7916,660064
7917,727353
7918,1691432
7919,805088
7920,689683
7921,1081019
7922,673911
7923,668036
7924,1498495
7925,2290556
7926,692140
7927,667324
7928,691917
7929,1098867
7930,859321
7931,1212812
7932,661712
7933,656014
7934,666244
7935,659978
7936,659228
7937,1104936
7938,719678
7939,657357
7940,1140488
7941,727729
7942,1106024
7943,654601
7944,664662
7945,663657
7946,653336
7947,1093169
7948,711025
7949,1122961
7950,1115887
7951,723085
7952,662681
7953,651387
7954,656805
7955,659360
7956,663154
7957,1092967
7958,677900
7959,1049422
7960,736533
7961,1044102
7962,720729
7963,716583
7964,653674
7965,652080
7966,650275
7967,1033580
7968,660159
7969,655153
7970,657547
7971,1179386
7972,700256
7973,1013849
7974,654618
7975,3709286
7976,813546
7977,679569
7978,665214
7979,1172105
7980,1213372
7981,667909
7982,1186447
7983,658919
7984,714264
7985,660670
7986,656880
7987,1134872
7988,674052
7989,653966
7990,1115080
7991,647741
7992,1127843
7993,656603
7994,652767
7995,651709
7996,650633
7997,693520
7998,1040119
7999,652108
8000,656311
8001,1145391
8002,1092563
8003,1129104
8004,665535
8005,660789
8006,651684
8007,647712
8008,1135618
8009,723019
8010,647053
8011,709480
8012,1076968
8013,802413
8014,1042174
8015,619411
8016,613026
8017,614253
8018,613846
8019,614673
8020,1087479
8021,691768
8022,1026531
8023,616029
8024,983360
8025,784804
8026,626506
8027,617520
8028,617470
8029,617915
8030,1000915
8031,708958
8032,991748
8033,7719427
8034,1316738
8035,782951
8036,650597
8037,630758
8038,1048219
8039,696832
8040,1165324
8041,710865
8042,1020820
8043,688097
8044,630148
8045,1105891
8046,624573
8047,627219
8048,623053
8049,622691
8050,617153
8051,1142890
8052,669095
8053,638264
8054,1213493
8055,1168579
8056,659776
8057,655054
8058,649269
8059,649212
8060,1218284
8061,732051
8062,1089749
8063,669108
8064,1151666
8065,712233
8066,1129858
8067,661028
8068,655108
8069,1122788
8070,650719
8071,1228143
8072,648619
8073,1028780
8074,707787
8075,645907
8076,697025
8077,654737
8078,644103
8079,1117457
8080,644206
8081,1096375
8082,640308
8083,1022402
8084,692477
8085,1060603
8086,721541
8087,647197
8088,647345
8089,1171492
8090,1124028
8091,651227
8092,655417
8093,650818
8094,2677016
8095,1326300
8096,681023
8097,647638
8098,708055
8099,1112583
8100,736327
8101,1127440
8102,655458
8103,1087479
8104,714256
8105,1171661
8106,652100
8107,650571
8108,1125915
8109,657296
8110,1208074
8111,653690
8112,657699
8113,654906
8114,1446747
8115,720984
8116,656768
8117,647959
8118,1055594
8119,1018987
8120,701566
8121,650185
8122,696540
8123,655338
8124,653547
8125,1062268
8126,651412
8127,1217056
8128,661181
8129,1215288
8130,1108484
8131,641841
8132,646616
8133,642636
8134,1118421
8135,655631
8136,1119356
8137,678086
8138,658976
8139,658486
8140,1074982
8141,726365
8142,1002148
8143,648870
8144,1057044
8145,700915
8146,652224
8147,1177585
8148,655446
8149,653072
8150,644136
8151,1081546
8152,641981
8153,648886
8154,653114
8155,646662
8156,1168229
8157,660695
8158,9203349
8159,803159
8160,649138
8161,634742
8162,1300237
8163,657415
8164,661617
8165,1184449
8166,720951
8167,1070640
8168,897460
8169,666496
8170,657634
8171,1267293
8172,738189
8173,1142494
8174,663479
8175,656426
8176,1048611
8177,3294392
8178,957758
8179,714339
8180,677422
8181,1293756
8182,743455
8183,674728
8184,673982
8185,1146380
8186,669046
8187,1192023
8188,691184
8189,1101364
8190,1072453
8191,3065979
8192,2657694
8193,1217406
8194,746904
8195,1229214
8196,699362
8197,680607
8198,1141295
8199,664526
8200,662293
8201,732743
8202,663624
8203,1058527
8204,670270
8205,1364692
8206,679338
8207,663056
8208,1235608
8209,734555
8210,659339
8211,655281
8212,655129
8213,705459
8214,1099176
8215,1428594
8216,761122
8217,1175431
8218,659088
8219,651128
8220,645063
8221,644820
8222,643992
8223,639385
8224,1127563
8225,693058
8226,1130979
8227,716304
8228,1139726
8229,662899
8230,653423
8231,648050
8232,653204
8233,648161
8234,1113188
8235,655632
8236,1007438
8237,706338
8238,1168154
8239,1093820
8240,843030
8241,664987
8242,652083
8243,651573
8244,652125
8245,1093428
8246,1144629
8247,709955
8248,651824
8249,1059882
8250,1133855
8251,665602
8252,648870
8253,1032780
8254,1041231
8255,1068556
8256,673492
8257,618254
8258,617878
8259,1042887
8260,652796
8261,619477
8262,1121083
8263,622823
8264,1170046
8265,692197
8266,619115
8267,1057032
8268,651808
8269,611513
8270,612766
8271,611509
8272,606507
8273,8020816
8274,747798
8275,739706
8276,1039035
8277,658185
8278,2137272
8279,1223784
8280,795442
8281,696799
8282,682783
8283,1114828
8284,684747
8285,1112785
8286,728202
8287,671650
8288,671440
8289,1307904
8290,669029
8291,664572
8292,661675
8293,660979
8294,1190787
8295,741057
8296,1078423
8297,670546
8298,1096617
8299,870712
8300,1169070
8301,668531
8302,1514873
8303,1386273
8304,664939
8305,1150978
8306,651078
8307,1113732
8308,657691
8309,656855
8310,651354
8311,805385
8312,1139845
8313,656101
8314,1015336
8315,1007669
8316,700635
8317,661976
8318,730291
8319,667983
8320,654432
8321,654375
8322,651248
8323,1132990
8324,651597
8325,1152404
8326,647539
8327,1101706
8328,711001
8329,1122591
8330,665597
8331,666034
8332,653683
8333,1007999
8334,1047514
8335,781409
8336,649146
8337,643134
8338,1071843
8339,1127807
8340,656027
8341,650600
8342,644944
8343,975861
8344,647596
8345,974839
8346,695946
8347,656430
8348,728285
8349,1029085
8350,1063702
8351,658853
8352,649649
8353,1101068
8354,653072
8355,1167417
8356,647873
8357,649447
8358,646963
8359,1504960
8360,825445
8361,664778
8362,658219
8363,1073442
8364,726818
8365,1104565
8366,703412
8367,644903
8368,638912
8369,1068357
8370,1105690
8371,654853
8372,760673
8373,643370
8374,1088138
8375,638264
8376,645657
8377,652294
8378,645907
8379,1050493
8380,708154
8381,1094500
8382,653958
8383,649381
8384,1095971
8385,713404
8386,655520
8387,648895
8388,652051
8389,1096597
8390,655054
8391,1108426
8392,734275
8393,1137658
8394,697042
8395,667592
8396,653991
8397,8380336
8398,924793
8399,718541
8400,1711509
8401,796204
8402,673631
8403,1113394
8404,664510
8405,653892
8406,2946022
8407,1401245
8408,730192
8409,799126
8410,671901
8411,1281404
8412,1161167
8413,668638
8414,667374
8415,658722
8416,657308
8417,658309
8418,1085542
8419,661935
8420,1081789
8421,1214588
8422,741923
8423,655079
8424,658371
8425,655767
8426,649162
8427,1060723
8428,658486
8429,1009465
8430,1076045
8431,701937
8432,1037507
8433,761476
8434,649958
8435,644309
8436,641104
8437,646146
8438,1219063
8439,651457
8440,1051433
8441,650855
8442,1062194
8443,719360
8444,661379
8445,654016
8446,716250
8447,655264
8448,1097178
8449,851187
8450,996326
8451,609593
8452,611093
8453,607830
8454,1088418
8455,618336
8456,618559
8457,615782
8458,996627
8459,668543
8460,942550
8461,661115
8462,606874
8463,605893
8464,618039
8465,936552
8466,668745
8467,623057
8468,626860
8469,625278
8470,1016090
8471,678378
8472,1057484
8473,650485
8474,980423
8475,700425
8476,648878
8477,1118586
8478,659166
8479,651013
8480,655656
8481,1052854
8482,726113
8483,1068366
8484,665915
8485,1043538
8486,697198
8487,707985
8488,1053966
8489,661115
8490,655380
8491,655483
8492,703902
8493,645396
8494,652850
8495,1000084
8496,694607
8497,650316
8498,1441243
8499,735940
8500,662227
8501,1099914
8502,639563
8503,651437
8504,641850
8505,646102
8506,641578
8507,948059
8508,643597
8509,648466
8510,705587
8511,1228144
8512,643044
8513,647799
8514,611435
8515,770644
8516,619300
8517,975149
8518,618534
8519,617846
8520,1022587
8521,688291
8522,994983
8523,627553
8524,6898579
8525,1440864
8526,717671
8527,663039
8528,715269
8529,1097536
8530,741523
8531,1125265
8532,744378
8533,1097779
8534,673134
8535,665984
8536,659306
8537,947548
8538,646686
8539,962162
8540,755474
8541,656921
8542,980060
8543,1100466
8544,639448
8545,645808
8546,654251
8547,645314
8548,1101084
8549,707668
8550,982404
8551,705257
8552,656661
8553,1141650
8554,646864
8555,658115
8556,650168
8557,645838
8558,1122475
8559,677389
8560,653905
8561,649480
8562,1052170
8563,724791
8564,1139763
8565,664201
8566,694899
8567,646241
8568,641450
8569,637511
8570,1096560
8571,659104
8572,1151217
8573,657674
8574,1148955
8575,650626
8576,646695
8577,642978
8578,646987
8579,1182505
8580,726694
8581,1024219
8582,1130579
8583,1167112
8584,644693
8585,647877
8586,642385
8587,645228
8588,648788
8589,1060813
8590,640835
8591,715529
8592,1024273
8593,1010676
8594,1283699
8595,663851
8596,653929
8597,647898
8598,646864
8599,645771
8600,672140
8601,657748
8602,657110
8603,1095245
8604,1123690
8605,649162
8606,654378
8607,643222
8608,644989
8609,650535
8610,820402
8611,1076544
8612,653369
8613,933338
8614,1102942
8615,727687
8616,1130159
8617,668840
8618,659685
8619,659541
8620,649788
8621,650176
8622,1106097
8623,660806
8624,1523608
8625,738643
8626,662524
8627,652817
8628,684797
8629,644173
8630,649398
8631,644268
8632,1149416
8633,645755
8634,643917
8635,1150731
8636,1178484
8637,650835
8638,646546
8639,652677
8640,646653
8641,650436
8642,662594
8643,679322
8644,653530
8645,721186
8646,656830
8647,1474385
8648,1224588
8649,653958
8650,647873
8651,642859
8652,646435
8653,651160
8654,1610974
8655,1223652
8656,1535762
8657,890209
8658,724458
8659,1247005
8660,785632
8661,701595
8662,700458
8663,703820
8664,1166602
8665,689948
8666,1205697
8667,936136
8668,705266
8669,1171480
8670,926902
8671,690565
8672,689861
8673,684496
8674,1170565
8675,701001
8676,1209553
8677,754262
8678,689626
8679,1216100
8680,734058
8681,693969
8682,689008
8683,687986
8684,684900
8685,1159448
8686,1278202
8687,718574
8688,1174800
8689,765461
8690,694397
8691,1173486
8692,662639
8693,1155416
8694,649999
8695,1047456
8696,792270
8697,1226318
8698,669533
8699,663467
8700,660476
8701,743587
8702,654868
8703,1080125
8704,1063542
8705,663056
8706,723831
8707,1155032
8708,649002
8709,654502
8710,650382
8711,652533
8712,1119200
8713,710766
8714,653814
8715,651873
8716,1151291
8717,732903
8718,1094372
8719,657007
8720,645385
8721,655997
8722,658383
8723,654193
8724,1092456
8725,670662
8726,1252464
8727,654441
8728,1079696
8729,646394
8730,649756
8731,651606
8732,645364
8733,642673
8734,1043773
8735,3425478
8736,974136
8737,1313640
8738,669516
8739,666862
8740,656031
8741,653835
8742,643060
8743,651074
8744,1120707
8745,661758
8746,664435
8747,1088015
8748,955591
8749,1114424
8750,646468
8751,658931
8752,643464
8753,634845
8754,647906
8755,664403
8756,644960
8757,1323207
8758,720634
8759,1390908
8760,849659
8761,645932
8762,649455
8763,1006149
8764,663138
8765,618443
8766,1056137
8767,618703
8768,996548
8769,7620462
8770,911135
8771,1304653
8772,700767
8773,684203
8774,1200481
8775,690891
8776,1567614
8777,784561
8778,1102340
8779,668284
8780,659986
8781,655429
8782,657089
8783,658429
8784,651507
8785,961276
8786,659483
8787,1194766
8788,709662
8789,663154
8790,662116
8791,660588
8792,660102
8793,654877
8794,1028315
8795,656377
8796,668803
8797,1080088
8798,709333
8799,648347
8800,641923
8801,637881
8802,698719
8803,652109
8804,1116316
8805,670278
8806,1043081
8807,653505
8808,718491
8809,1139866
8810,660369
8811,648957
8812,647094
8813,648627
8814,646225
8815,691851
8816,1046595
8817,657279
8818,652384
8819,1093622
8820,710914
8821,648837
8822,645059
8823,642257
8824,642904
8825,643831
8826,639126
8827,1099687
8828,647399
8829,714936
8830,2024843
8831,740134
8832,654058
8833,658178
8834,654453
8835,1155090
8836,684035
8837,1005378
8838,994176
8839,687323
8840,704598
8841,642385
8842,1101142
8843,720584
8844,655486
8845,652936
8846,1072540
8847,648195
8848,1057704
8849,689008
8850,640350
8851,646826
8852,1065090
8853,1186036
8854,671959
8855,650291
8856,652429
8857,1077788
8858,665660
8859,1081385
8860,646225
8861,1113180
8862,700911
8863,638590
8864,1167994
8865,665565
8866,648569
8867,1076972
8868,1068572
8869,690804
8870,653633
8871,644845
8872,1150520
8873,661206
8874,1089136
8875,655912
8876,650349
8877,694030
8878,1047968
8879,642904
8880,654580
8881,647329
8882,649162
8883,653756
8884,3842452
8885,11105792
8886,1150075
8887,1376364
8888,716601
8889,672556
8890,671032
8891,1093469
8892,728594
8893,1129471
8894,741647
8895,1087990
8896,674200
8897,654787
8898,853132
8899,658841
8900,652962
8901,1128486
8902,658635
8903,653905
8904,1124860
8905,737555
8906,667624
8907,667097
8908,658424
8909,671016
8910,659322
8911,1222136
8912,656871
8913,1094961
8914,717350
8915,1100564
8916,711162
8917,656483
8918,654679
8919,654176
8920,652755
8921,1113354
8922,667192
8923,649332
8924,1128507
8925,704648
8926,1079527
8927,719060
8928,655322
8929,654041
8930,657222
8931,650082
8932,1111129
8933,656678
8934,1119868
8935,712390
8936,709752
8937,666652
8938,1070146
8939,654749
8940,647235
8941,643357
8942,648302
8943,1048730
8944,665816
8945,1115224
8946,716641
8947,656986
8948,1030201
8949,1192348
8950,660867
8951,651972
8952,1105620
8953,982557
8954,653666
8955,650873
8956,2609809
8957,670760
8958,659924
8959,1639688
8960,771624
8961,1665846
8962,654787
8963,651882
8964,645413
8965,643831
8966,1106308
8967,667843
8968,653056
8969,656768
8970,1217089
8971,626869
8972,1090981
8973,621286
8974,626267
8975,624158
8976,618229
8977,623498
8978,1031392
8979,637931
8980,992490
8981,801182
8982,1072453
8983,1107457
8984,701434
8985,650634
8986,645187
8987,650625
8988,643708
8989,1090207
8990,653221
8991,1146001
8992,3250715
8993,1062042
8994,680092
8995,1198334
8996,655841
8997,646167
8998,642978
8999,647931
9000,1075510
9001,662018
9002,7657839
9003,806517
9004,1350312
9005,693058
9006,674983
9007,679099
9008,675066
9009,1260404
9010,1184033
9011,683215
9012,1108718
9013,669055
9014,657691
9015,671015
9016,673887
9017,672940
9018,1157649
9019,713502
9020,1175740
9021,789381
9022,1251191
9023,652347
9024,645557
9025,648252
9026,656262
9027,655508
9028,1077969
9029,1010545
9030,717251
9031,655132
9032,1151225
9033,704281
9034,650551
9035,649715
9036,654893
9037,1217555
9038,675848
9039,1070965
9040,838019
9041,667114
9042,660167
9043,1115488
9044,657357
9045,659145
9046,703646
9047,667745
9048,1060600
9049,655697
9050,1222495
9051,659413
9052,816954
9053,652668
9054,1128844
9055,642652
9056,658227
9057,1110844
9058,753582
9059,1016935
9060,714948
9061,647036
9062,1150830
9063,650609
9064,1144361
9065,657102
9066,656059
9067,654234
9068,1078464
9069,1030139
9070,1174079
9071,658770
9072,649006
9073,1156631
9074,738779
9075,662235
9076,653081
9077,650419
9078,652219
9079,1033263
9080,653312
9081,1203353
9082,659908
9083,1155547
9084,726484
9085,1112501
9086,720588
9087,650172
9088,651181
9089,1060052
9090,1126612
9091,666891
9092,654444
9093,663188
9094,1151048
9095,654300
9096,652265
9097,654955
9098,652904
9099,1115228
9100,701768
9101,1029072
9102,794981
9103,1069862
9104,654242
9105,651598
9106,3210623
9107,732566
9108,686680
9109,1254751
9110,737035
9111,1128182
9112,835881
9113,1119204
9114,711162
9115,664543
9116,714288
9117,666043
9118,1441943
9119,8037671
9120,1247541
9121,1405716
9122,796700
9123,675329
9124,663764
9125,664572
9126,664312
9127,1163935
9128,658127
9129,664893
9130,1105933
9131,1236532
9132,659962
9133,675090
9134,661886
9135,653715
9136,657790
9137,654725
9138,1118359
9139,672292
9140,654922
9141,1080025
9142,712113
9143,662017
9144,695134
9145,622123
9146,616803
9147,620182
9148,1046904
9149,629060
9150,948215
9151,1115458
9152,688447
9153,691134
9154,1056471
9155,621838
9156,620869
9157,664345
9158,622365
9159,1054263
9160,621158
9161,686470
9162,967102
9163,630099
9164,1022971
9165,678345
9166,626877
9167,617401
9168,617294
9169,611040
9170,952253
9171,720325
9172,967263
9173,661213
9174,621430
9175,608127
9176,938167
9177,690252
9178,630400
9179,624516
9180,619407
9181,1032872
9182,620590
9183,1086124
9184,655994
9185,990463
9186,668202
9187,618682
9188,1095109
9189,620825
9190,613083
9191,620792
9192,1048626
9193,617409
9194,1062532
9195,683124
9196,624735
9197,611394
9198,1087470
9199,658017
9200,669446
9201,1032781
9202,631792
9203,1163548
9204,669668
9205,616733
9206,621212
9207,608011
9208,743591
9209,681810
9210,658309
9211,1065651
9212,1078271
9213,674481
9214,1077711
9215,627997
9216,619873
9217,615786
9218,617475
9219,615542
9220,989804
9221,607492
9222,974976
9223,720309
9224,672503
9225,1019237
9226,616828
9227,619498
9228,618518
9229,617326
9230,618583
9231,966513
9232,617458
9233,1015724
9234,1071469
9235,706164
9236,1020564
9237,682622
9238,615929
9239,622188
9240,619061
9241,645187
9242,1146186
9243,662701
9244,1040786
9245,821938
9246,1252732
9247,655458
9248,667633
9249,704339
9250,651861
9251,1005019
9252,667966
9253,667188
9254,1093487
9255,1956349
9256,760327
9257,731980
9258,709332
9259,712843
9260,703552
9261,1300385
9262,720049
9263,705513
9264,1358239
9265,1225036
9266,732343
9267,707277
9268,706214
9269,701731
9270,693248
9271,1179856
9272,696095
9273,717923
9274,1267309
9275,787693
9276,690932
9277,687434
9278,688621
9279,1126051
9280,700384
9281,708323
9282,1140629
9283,785443
9284,1512430
9285,3656277
9286,960234
9287,780965
9288,2472499
9289,771612
9290,1383973
9291,875533
9292,1277527
9293,807445
9294,1378951
9295,755787
9296,742911
9297,1298227
9298,822149
9299,1243260
9300,805446
9301,740419
9302,1219483
9303,818289
9304,734152
9305,757624
9306,1896015
9307,781216
9308,743455
9309,748951
9310,734618
9311,1274214
9312,1253832
9313,1000142
9314,818181
9315,1306393
9316,788525
9317,776251
9318,1308629
9319,794248
9320,778933
9321,1252147
9322,4866667
9323,978741
9324,885483
9325,867173
9326,1489304
9327,849378
9328,1375136
9329,1804586
9330,859617
9331,831163
9332,826928
9333,838218
9334,819236
9335,1355895
9336,1340663
9337,1001204
9338,1442672
9339,837858
9340,832234
9341,800897
9342,1523686
9343,1241681
9344,786798
9345,1229556
9346,792493
9347,788595
9348,9805270
9349,1277741
9350,1532276
9351,1707739
9352,1433477
9353,918650
9354,810069
9355,789031
9356,792456
9357,1491105
9358,1452087
9359,799822
9360,1268462
9361,785591
9362,884499
9363,783083
9364,792949
9365,1311237
9366,1360847
9367,861867
9368,807411
9369,1409139
9370,902174
9371,1442364
9372,841616
9373,840224
9374,1413395
9375,970114
9376,835774
9377,1936849
9378,882574
9379,849040
9380,1399564
9381,1395572
9382,835750
9383,838918
9384,905812
9385,835135
9386,836009
9387,1350172
9388,1239531
9389,1453265
9390,777702
9391,778014
9392,775892
9393,788933
9394,866324
9395,778529
9396,1336456
9397,1345248
9398,766713
9399,781384
9400,773062
9401,769675
9402,1281445
9403,780923
9404,1315164
9405,1366851
9406,841612
9407,1308938
9408,804659
9409,796172
9410,793486
9411,1379512
9412,795611
9413,1338422
9414,1350506
9415,801767
9416,1388860
9417,743924
9418,732657
9419,732986
9420,730650
9421,1216755
9422,798174
9423,738049
9424,1409073
9425,791281
9426,730185
9427,730390
9428,1179526
9429,732978
9430,809207
9431,1243499
9432,1152226
9433,786506
9434,1243318
9435,754175
9436,858653
9437,744575
9438,1294601
9439,727614
9440,741448
9441,1170363
9442,793226
9443,1280835
9444,735153
9445,1170116
9446,1319094
9447,736542
9448,747254
9449,9164678
9450,1115990
9451,1723894
9452,946696
9453,1288984
9454,854319
9455,779552
9456,772201
9457,759799
9458,1326906
9459,1238151
9460,719954
9461,1343284
9462,708385
9463,691360
9464,688814
9465,691888
9466,693375
9467,684027
9468,1194004
9469,785022
9470,1169655
9471,831382
9472,1202265
9473,706473
9474,708088
9475,692890
9476,688613
9477,1118075
9478,699501
9479,1177404
9480,1305667
9481,1242683
9482,745672
9483,732257
9484,733455
9485,737052
9486,1236120
9487,737633
9488,1141683
9489,2164720
9490,934636
9491,760035
9492,784170
9493,1465914
9494,791986
9495,1296199
9496,878648
9497,1286467
9498,1332044
9499,802784
9500,4365461
9501,1062079
9502,1880190
9503,1629705
9504,1451140
9505,1086375
9506,1470240
9507,1364555
9508,879662
9509,1339609
9510,802875
9511,795920
9512,1778617
9513,988725
9514,797704
9515,1383425
9516,821782
9517,739463
9518,737600
9519,740060
9520,1250738
9521,742895
9522,1257540
9523,753277
9524,838946
9525,1346934
9526,772823
9527,791190
9528,1202566
9529,776873
9530,1528907
9531,805182
9532,790523
9533,1307287
9534,1519937
9535,856515
9536,783885
9537,1341660
9538,835337
9539,1408118
9540,786572
9541,1359117
9542,1308007
9543,902475
9544,785867
9545,775835
9546,1654866
9547,965735
9548,796588
9549,1448345
9550,767735
9551,755263
9552,748057
9553,1153953
9554,936729
9555,1238999
9556,752301
9557,744341
9558,1269047
9559,785439
9560,743063
9561,736736
9562,744135
9563,1238612
9564,800189
9565,1342364
9566,753697
9567,797828
9568,1174874
9569,728677
9570,737003
9571,1205846
9572,735013
9573,1318497
9574,920620
9575,731708
9576,1462969
9577,692547
9578,679684
9579,1185553
9580,744860
9581,1241809
9582,691097
9583,1126439
9584,1162143
9585,731931
9586,688068
9587,772036
9588,684822
9589,1153652
9590,1204139
9591,693611
9592,689017
9593,1105122
9594,1145429
9595,740694
9596,689259
9597,685065
9598,1161760
9599,693845
9600,1261879
9601,695551
9602,688720
9603,1173606
9604,742767
9605,681649
9606,684513
9607,683071
9608,689819
9609,1163986
9610,1166791
9611,697837
9612,685201
9613,1186135
9614,685547
9615,682774
9616,687838
9617,688394
9618,1107025
9619,746792
9620,1201267
9621,703770
9622,742240
9623,1166037
9624,1203587
9625,861961
9626,744056
9627,750184
9628,1477195
9629,1279426
9630,734576
9631,729026
9632,1292541
9633,804515
9634,727148
9635,731972
9636,736241
9637,1165493
9638,691785
9639,1222914
9640,687524
9641,675626
9642,1116085
9643,730443
9644,753434
9645,721964
9646,739302
9647,1224946
9648,780293
9649,1166701
9650,1032994
9651,1267502
9652,742619
9653,750677
9654,739681
9655,736583
9656,1279612
9657,1128961
9658,799904
9659,1249543
9660,1256432
9661,9578752
9662,789827
9663,724610
9664,721627
9665,1256704
9666,728182
9667,1389000
9668,693626
9669,708707
9670,710725
9671,702782
9672,695921
9673,1211082
9674,705834
9675,704808
9676,1279520
9677,815738
9678,1241542
9679,814667
9680,694294
9681,684690
9682,688102
9683,1274614
9684,695299
9685,1150516
9686,785315
9687,1159404
9688,702163
9689,693828
9690,688991
9691,741062
9692,3957526
9693,817369
9694,1316025
9695,1627373
9696,797408
9697,700812
9698,750546
9699,706523
9700,700338
9701,704763
9702,1140051
9703,705913
9704,700264
9705,1180684
9706,757682
9707,698422
9708,693367
9709,694055
9710,681991
9711,752742
9712,673743
9713,1020116
9714,1073528
9715,715393
9716,647972
9717,1121730
9718,666545
9719,647938
9720,651140
9721,653315
9722,1164335
9723,701669
9724,1131560
9725,1087133
9726,1038891
9727,1103412
9728,648236
9729,644396
9730,640774
9731,640156
9732,1167751
9733,657749
9734,1098368
9735,692914
9736,649991
9737,645129
9738,1082675
9739,940182
9740,661004
9741,647588
9742,645281
9743,1217753
9744,647214
9745,1127238
9746,650292
9747,1042941
9748,1026354
9749,3603746
9750,735866
9751,657658
9752,653353
9753,1265603
9754,662396
9755,740027
9756,1528202
9757,751448
9758,666487
9759,655866
9760,655070
9761,656645
9762,1141976
9763,662552
9764,1172399
9765,651416
9766,985906
9767,702851
9768,1106600
9769,8105533
9770,910760
9771,1483470
9772,715212
9773,682548
9774,1116122
9775,742186
9776,665355
9777,1176374
9778,748601
9779,663331
9780,1124704
9781,652401
9782,711236
9783,656435
9784,644667
9785,1121556
9786,663130
9787,1133381
9788,1238778
9789,667382
9790,1149087
9791,749915
9792,1103721
9793,719085
9794,657028
9795,646760
9796,1094805
9797,1137868
9798,658688
9799,647960
9800,1064638
9801,1036517
9802,694504
9803,654820
9804,642385
9805,647399
9806,694641
9807,1064740
9808,712130
9809,1151308
9810,655994
9811,1107721
9812,1184256
9813,653740
9814,652149
9815,651305
9816,1075852
9817,1170639
9818,653999
9819,638574
9820,643826
9821,650090
9822,1065799
9823,1072416
9824,636765
9825,646678
9826,645825
9827,1417120
9828,706691
9829,653204
9830,757249
9831,1103411
9832,1119393
9833,657407
9834,671876
9835,664328
9836,1099419
9837,655590
9838,1089214
9839,660921
9840,647143
9841,643374
9842,1157842
9843,726987
9844,1034202
9845,703107
9846,1048034
9847,716415
9848,706123
9849,1040839
9850,648932
9851,638068
9852,639942
9853,1217777
9854,702131
9855,650527
9856,999169
9857,695946
9858,695135
9859,1129487
9860,663052
9861,643390
9862,651939
9863,1283427
9864,637260
9865,647465
9866,1027400
9867,755597
9868,1212247
9869,660246
9870,648655
9871,636254
9872,985033
9873,1127976
9874,644503
9875,650551
9876,648252
9877,1068671
9878,1024326
9879,1164966
9880,674580
9881,687133
9882,1146421
9883,741539
9884,684933
9885,678898
9886,681332
9887,688296
9888,1189571
9889,1119084
9890,749932
9891,1225337
9892,10825267
9893,903369
9894,724791
9895,693869
9896,688703
9897,681274
9898,1395963
9899,691662
9900,1216434
9901,691694
9902,669409
9903,3271575
9904,763627
9905,1406309
9906,1215441
9907,813546
9908,1190020
9909,758955
9910,707268
9911,773692
9912,698489
9913,1829661
9914,664642
9915,656447
9916,1090124
9917,1118285
9918,660678
9919,659088
9920,649307
9921,656505
9922,646385
9923,703853
9924,1107260
9925,644577
9926,1107906
9927,648009
9928,1131943
9929,647012
9930,648586
9931,651004
9932,646588
9933,644754
9934,1105579
9935,701744
9936,1096300
9937,649681
9938,1239968
9939,664894
9940,649942
9941,648602
9942,649747
9943,651940
9944,1060360
9945,645759
9946,640824
9947,1261854
9948,1090841
9949,661886
9950,652100
9951,648158
9952,644383
9953,643806
9954,646484
9955,1180128
9956,656768
9957,1116645
9958,1167652
9959,647498
9960,694763
9961,642591
9962,643028
9963,641306
9964,1004113
9965,649566
9966,649681
9967,1071703
9968,655445
9969,1273889
9970,642241
9971,653279
9972,651404
9973,642814
9974,1149775
9975,655833
9976,651243
9977,643255
9978,1045199
9979,1128429
9980,654251
9981,652409
9982,655454
9983,647350
9984,651272
9985,1103217
9986,647968
9987,691418
9988,1040947
9989,648359
9990,1166066
9991,678955
9992,659187
9993,657432
9994,648174
9995,651346
9996,1129290
9997,652619
9998,650601
9999,647103
