iteration,latency_ns
0,4645813
1,1049607
2,938039
3,1386034
4,949740
5,789596
6,1393857
7,913446
8,785307
9,791277
10,1229866
11,912836
12,1406803
13,1592298
14,810942
15,782238
16,773074
17,12177013
18,878672
19,788582
20,1572023
21,1702160
22,811395
23,776429
24,768155
25,1333173
26,774454
27,767298
28,1298234
29,1087727
30,1574952
31,813686
32,829231
33,822565
34,1354222
35,1274969
36,940400
37,1379087
38,817460
39,823446
40,908416
41,1291823
42,773758
43,1330845
44,775654
45,761040
46,1330713
47,758184
48,778188
49,1242840
50,833129
51,1326820
52,774858
53,776683
54,1311085
55,838378
56,1078061
57,771682
58,1190910
59,1530019
60,944001
61,781583
62,776848
63,1196525
64,720819
65,723498
66,725565
67,725017
68,1037276
69,711278
70,1382660
71,771941
72,792513
73,1149037
74,725990
75,725569
76,727519
77,728693
78,741890
79,1164430
80,1323969
81,706716
82,718117
83,786720
84,723976
85,727053
86,1178743
87,733728
88,1147076
89,1637463
90,791850
91,725644
92,720263
93,712884
94,783973
95,1171385
96,720037
97,716399
98,1361016
99,809665
100,1156812
101,730501
102,730906
103,722299
104,719369
105,807135
106,1314760
107,1789543
108,814819
109,750286
110,736084
111,748275
112,1278977
113,757722
114,736277
115,1365862
116,789267
117,731404
118,1325043
119,830719
120,732182
121,716048
122,1174817
123,1256976
124,744642
125,12341611
126,2467835
127,1077006
128,829931
129,1446887
130,787981
131,787470
132,777458
133,5096260
134,1665026
135,892978
136,1585706
137,806406
138,785192
139,850829
140,769506
141,1380809
142,790403
143,784623
144,1233689
145,866345
146,1348965
147,776465
148,772716
149,776972
150,955417
151,1417255
152,786221
153,1364832
154,767710
155,1257898
156,770067
157,769000
158,762296
159,1314567
160,847212
161,1208049
162,832140
163,763133
164,1201103
165,854677
166,783091
167,1296281
168,786951
169,1192405
170,906508
171,781751
172,1439352
173,845538
174,1468452
175,811911
176,793477
177,1560986
178,820525
179,789946
180,1527192
181,813629
182,1926866
183,1501001
184,780293
185,785607
186,780561
187,776230
188,773425
189,1351368
190,773149
191,1456731
192,1349513
193,822491
194,772778
195,766981
196,1339946
197,777693
198,783066
199,776206
200,1303603
201,832259
202,818474
203,829639
204,1615844
205,824872
206,1331558
207,1049426
208,1558171
209,834571
210,831489
211,822079
212,1401817
213,1333181
214,829681
215,1414821
216,971140
217,3506990
218,946946
219,826211
220,14599317
221,998683
222,1732105
223,1665253
224,912803
225,896566
226,1497791
227,988214
228,893452
229,877544
230,1551715
231,1277218
232,890221
233,1527769
234,964102
235,894345
236,882958
237,1947174
238,987822
239,972199
240,1650140
241,1380154
242,889653
243,826450
244,1458271
245,890263
246,1435401
247,934068
248,1505558
249,913870
250,820130
251,821329
252,817312
253,1386116
254,846828
255,1544480
256,840718
257,895170
258,816126
259,831254
260,820386
261,1819064
262,902709
263,1622972
264,878120
265,892929
266,895227
267,1549914
268,928987
269,945624
270,1677959
271,1752693
272,3655465
273,1089427
274,935225
275,886818
276,1423674
277,1568995
278,969850
279,888998
280,890189
281,877984
282,1463661
283,883101
284,877210
285,1584503
286,1371494
287,8909038
288,1781748
289,955348
290,908209
291,1734911
292,1618939
293,994081
294,887539
295,874479
296,1487380
297,12804924
298,1101204
299,2345703
300,1093338
301,920908
302,884107
303,1560808
304,1692821
305,1006449
306,882957
307,2085725
308,925687
309,843515
310,1423497
311,1523851
312,894239
313,815243
314,1396861
315,867635
316,1437790
317,822066
318,827336
319,1466001
320,819067
321,824292
322,824551
323,1446925
324,1380274
325,885684
326,1533134
327,1430152
328,883844
329,819397
330,1500580
331,878277
332,1321615
333,838617
334,1521440
335,816954
336,797119
337,760236
338,1264507
339,775698
340,765592
341,1409023
342,776890
343,1332740
344,824176
345,765786
346,773494
347,1302622
348,774018
349,1693356
350,832643
351,1164220
352,769284
353,770536
354,776478
355,769115
356,762510
357,1102690
358,761089
359,1201696
360,1443760
361,766078
362,779576
363,770161
364,780528
365,1402633
366,777895
367,1480491
368,832585
369,1259897
370,767883
371,766185
372,766169
373,765309
374,757657
375,1260931
376,832441
377,839800
378,1421759
379,1366405
380,776297
381,770327
382,759239
383,758868
384,1414838
385,1210476
386,900282
387,747707
388,1209203
389,740736
390,727527
391,724796
392,728165
393,734379
394,1283781
395,1244892
396,1113559
397,9611627
398,1120420
399,1527089
400,775176
401,745725
402,1316066
403,735948
404,1652212
405,812978
406,732595
407,721136
408,721927
409,1544658
410,717461
411,1224712
412,709876
413,1209632
414,731663
415,722591
416,729228
417,721557
418,718743
419,1272307
420,806991
421,1321711
422,719320
423,1274618
424,721714
425,708014
426,712431
427,1180148
428,740892
429,1270692
430,833858
431,705938
432,675457
433,1072589
434,677558
435,677113
436,1107523
437,1060060
438,724416
439,670253
440,663785
441,657197
442,663908
443,1226017
444,729847
445,676697
446,684361
447,1226203
448,668523
449,670636
450,674085
451,662932
452,1149338
453,725553
454,1309173
455,679297
456,1056924
457,1197210
458,679223
459,667567
460,677455
461,1070397
462,677983
463,1069861
464,680595
465,3769267
466,829454
467,1492056
468,718331
469,711595
470,708607
471,1785555
472,800642
473,723823
474,783140
475,1173709
476,1114729
477,745647
478,665622
479,673685
480,1147995
481,727201
482,1157785
483,739854
484,672960
485,1198520
486,666134
487,677517
488,677170
489,677369
490,1111907
491,682750
492,1140076
493,1181430
494,696622
495,1260605
496,713481
497,789761
498,667356
499,664864
500,1149548
501,681188
502,1108537
503,664060
504,1080186
505,757818
506,10508765
507,986755
508,1376611
509,805087
510,692131
511,1337174
512,686070
513,736175
514,1091261
515,689725
516,677377
517,671766
518,1072247
519,671737
520,1111161
521,1153598
522,682704
523,1103749
524,665429
525,677534
526,678036
527,677031
528,673994
529,1044161
530,1006400
531,1081695
532,1196184
533,657914
534,631244
535,630214
536,634495
537,630659
538,628446
539,629345
540,983492
541,639983
542,998538
543,708850
544,994097
545,682239
546,755445
547,636583
548,644470
549,642384
550,1008332
551,646315
552,973649
553,1075428
554,1031928
555,621084
556,775653
557,648005
558,634466
559,1561385
560,705620
561,635133
562,635756
563,1170808
564,623194
565,632900
566,635369
567,637178
568,634985
569,633321
570,1094038
571,694895
572,638158
573,1069269
574,790499
575,998365
576,4256052
577,823982
578,715508
579,687043
580,738424
581,1204358
582,781920
583,1140719
584,677414
585,678361
586,680690
587,671354
588,670100
589,681884
590,1150846
591,679206
592,721396
593,1354800
594,697771
595,689247
596,678980
597,673834
598,680010
599,678967
600,1116411
601,687867
602,675469
603,1625390
604,805454
605,677744
606,669273
607,671074
608,669050
609,1102926
610,676236
611,668507
612,1129632
613,1502418
614,745429
615,668247
616,719587
617,674180
618,675709
619,1235271
620,672721
621,1123204
622,1078567
623,745355
624,7850742
625,793819
626,675584
627,652455
628,634936
629,1191804
630,647692
631,1289129
632,732718
633,645381
634,1225280
635,634969
636,633589
637,632130
638,690849
639,640647
640,1146883
641,646810
642,629930
643,629110
644,1127959
645,633663
646,635529
647,626959
648,626675
649,1018541
650,833343
651,979830
652,680047
653,635352
654,1108261
655,619601
656,628727
657,627676
658,684937
659,1115211
660,673174
661,670838
662,673005
663,1274775
664,798549
665,1330643
666,819706
667,667015
668,669986
669,669648
670,1183527
671,1342604
672,754159
673,1140365
674,668193
675,677056
676,712212
677,664914
678,662017
679,675910
680,1447769
681,742018
682,6158590
683,776194
684,1319189
685,698072
686,689985
687,730600
688,1274396
689,742351
690,1219816
691,760772
692,1152672
693,785645
694,712270
695,718380
696,717041
697,1124234
698,765143
699,1296236
700,795360
701,1170054
702,1240425
703,724482
704,726694
705,726291
706,1221291
707,717169
708,1354890
709,809656
710,720399
711,715043
712,1280308
713,729455
714,723288
715,1299845
716,718339
717,1297835
718,712538
719,1764794
720,793526
721,714784
722,718735
723,721788
724,716152
725,1194198
726,1263218
727,709064
728,1167681
729,1208976
730,781776
731,717008
732,713094
733,710700
734,1160046
735,722393
736,8744111
737,1413943
738,741313
739,704422
740,691509
741,682976
742,678823
743,682647
744,702019
745,1268746
746,685811
747,1219615
748,694072
749,678299
750,679182
751,677649
752,680850
753,1103490
754,1111153
755,740435
756,678880
757,1444061
758,2378804
759,751807
760,1331072
761,687508
762,1201412
763,681056
764,677443
765,678102
766,1142503
767,749693
768,1231307
769,678757
770,672746
771,1145993
772,760686
773,667736
774,669475
775,1062281
776,1126591
777,743212
778,690293
779,1084372
780,672280
781,744542
782,847731
783,674221
784,895008
785,1289487
786,675976
787,1185336
788,689396
789,1238237
790,755724
791,1113411
792,674670
793,668424
794,676018
795,1552197
796,757430
797,688913
798,683228
799,1167240
800,822346
801,1106283
802,671658
803,1154649
804,775213
805,1113365
806,676203
807,681090
808,680982
809,1204189
810,679668
811,674361
812,1141885
813,738131
814,681617
815,1202986
816,681567
817,672841
818,1123917
819,719706
820,685984
821,676755
822,681159
823,676705
824,1238279
825,1190824
826,688942
827,682605
828,1282590
829,680409
830,676313
831,678164
832,674110
833,1144712
834,680343
835,1062314
836,1250639
837,680121
838,673590
839,676495
840,670158
841,675156
842,670703
843,1159164
844,686713
845,1108150
846,1106995
847,729554
848,680080
849,672317
850,668136
851,671024
852,679725
853,682956
854,684430
855,9697852
856,1083722
857,1442665
858,737419
859,695633
860,688822
861,1188549
862,699196
863,1307072
864,746117
865,681616
866,675214
867,1221683
868,715595
869,691208
870,678394
871,677665
872,1182023
873,841822
874,1164648
875,689729
876,1349291
877,690364
878,683248
879,674554
880,677945
881,1145626
882,674155
883,1221959
884,758720
885,1189538
886,3984274
887,720144
888,1247904
889,699865
890,667707
891,672004
892,832210
893,686972
894,682391
895,1232169
896,680298
897,674426
898,678258
899,685197
900,1231690
901,778563
902,1093186
903,684682
904,1254462
905,681567
906,671486
907,674501
908,668589
909,1363645
910,682717
911,1220727
912,670414
913,1187494
914,682214
915,837196
916,677183
917,668733
918,673718
919,1100391
920,689812
921,1171575
922,733043
923,1089337
924,745940
925,687970
926,688666
927,1224583
928,689041
929,1188870
930,727415
931,678840
932,687648
933,1151176
934,755873
935,691785
936,686589
937,1084430
938,755902
939,1093169
940,728261
941,681216
942,672033
943,1112356
944,1162407
945,673162
946,675741
947,1255917
948,742676
949,676161
950,672792
951,723077
952,1143340
953,717820
954,1028517
955,740802
956,687414
957,1113646
958,661070
959,676161
960,676037
961,679494
962,1148296
963,722443
964,666846
965,637956
966,1133097
967,707626
968,975165
969,643765
970,652084
971,643254
972,645355
973,648018
974,8175055
975,1348507
976,803328
977,1150553
978,662585
979,895668
980,658696
981,642022
982,646777
983,640853
984,1143533
985,657584
986,1060488
987,1018785
988,1032644
989,647140
990,642937
991,631125
992,687487
993,643295
994,1037581
995,646319
996,1019382
997,1128569
998,715360
999,1099748
1000,648409
1001,640934
1002,644342
1003,633803
1004,637527
1005,1202825
1006,645112
1007,719904
1008,643596
1009,1287979
1010,639270
1011,647469
1012,655297
1013,641071
1014,1258900
1015,653538
1016,1101961
1017,712867
1018,674736
1019,677072
1020,1140579
1021,666042
1022,689996
1023,1120588
1024,733871
1025,1013297
1026,725672
1027,673590
1028,1179712
1029,740609
1030,1223421
1031,670138
1032,680252
1033,678287
1034,1072370
1035,729278
1036,1074773
1037,676063
1038,668712
1039,1207790
1040,740023
1041,726809
1042,687154
1043,1054428
1044,685160
1045,1239716
1046,680228
1047,668712
1048,670562
1049,1189196
1050,745775
1051,1099501
1052,683042
1053,1154489
1054,913137
1055,687183
1056,681373
1057,676697
1058,1139005
1059,675231
1060,1104075
1061,737604
1062,683335
1063,686907
1064,1269847
1065,685493
1066,680949
1067,680105
1068,681901
1069,1267630
1070,1178463
1071,736970
1072,683400
1073,1062874
1074,1173552
1075,677600
1076,724424
1077,678534
1078,680170
1079,1151130
1080,665157
1081,673149
1082,1027671
1083,730419
1084,1155963
1085,683903
1086,687315
1087,1099629
1088,742210
1089,1030300
1090,633329
1091,1031079
1092,683759
1093,635336
1094,1079453
1095,646970
1096,639085
1097,638496
1098,958763
1099,638434
1100,9759966
1101,4293924
1102,963591
1103,1228345
1104,802916
1105,671539
1106,648433
1107,1089246
1108,728685
1109,1043719
1110,741873
1111,653999
1112,643094
1113,999845
1114,1110494
1115,656776
1116,638891
1117,641894
1118,720037
1119,645265
1120,633403
1121,646661
1122,637016
1123,1249333
1124,705002
1125,947157
1126,648062
1127,989627
1128,1114396
1129,691382
1130,643600
1131,641364
1132,1038346
1133,699494
1134,1026143
1135,763190
1136,650551
1137,963645
1138,712237
1139,966595
1140,678889
1141,650637
1142,644412
1143,876757
1144,654309
1145,819199
1146,1120007
1147,639959
1148,1179938
1149,642517
1150,646777
1151,645137
1152,639423
1153,646604
1154,1097013
1155,649673
1156,1115446
1157,644519
1158,1155155
1159,700433
1160,1079284
1161,641763
1162,626699
1163,625546
1164,1033881
1165,1199377
1166,646414
1167,635917
1168,632843
1169,1144085
1170,719200
1171,1007129
1172,641849
1173,1141238
1174,688588
1175,637111
1176,1120901
1177,643193
1178,637639
1179,631479
1180,728264
1181,643448
1182,637128
1183,635855
1184,642768
1185,937141
1186,721269
1187,1123496
1188,2593201
1189,1303875
1190,708525
1191,641211
1192,655166
1193,639621
1194,637556
1195,1173396
1196,783877
1197,676294
1198,646789
1199,1080834
1200,1083310
1201,650258
1202,655824
1203,639579
1204,1028257
1205,636259
1206,1101821
1207,648870
1208,686429
1209,641722
1210,1128886
1211,752025
1212,1128667
1213,681168
1214,1152214
1215,745923
1216,1146779
1217,680863
1218,692412
1219,1145828
1220,701842
1221,869068
1222,7786011
1223,892792
1224,1215923
1225,801058
1226,673484
1227,648149
1228,1190279
1229,658729
1230,1058841
1231,661750
1232,1093914
1233,695884
1234,648561
1235,1402609
1236,655380
1237,641050
1238,1194033
1239,638800
1240,981778
1241,681884
1242,635018
1243,629287
1244,626132
1245,1286468
1246,645063
1247,638376
1248,687138
1249,966381
1250,1060513
1251,683025
1252,631652
1253,635394
1254,1090981
1255,678749
1256,631331
1257,1105113
1258,642125
1259,642694
1260,1070550
1261,634850
1262,671090
1263,674662
1264,675609
1265,671757
1266,1084080
1267,716975
1268,1217131
1269,674526
1270,1154052
1271,675935
1272,2173030
1273,742450
1274,687776
1275,679968
1276,1592059
1277,773619
1278,680628
1279,1227196
1280,675308
1281,678440
1282,679845
1283,728977
1284,1124251
1285,645207
1286,1028434
1287,917402
1288,1076874
1289,720601
1290,896261
1291,649698
1292,649372
1293,1995215
1294,1180465
1295,1434807
1296,726225
1297,646752
1298,1132528
1299,708834
1300,1044185
1301,652508
1302,637527
1303,642620
1304,1034140
1305,1175802
1306,645966
1307,636299
1308,632566
1309,1034717
1310,707243
1311,1138531
1312,652937
1313,1019831
1314,701463
1315,696391
1316,1050229
1317,707730
1318,642435
1319,632851
1320,1168724
1321,637362
1322,628743
1323,1014755
1324,683767
1325,638611
1326,1111697
1327,645830
1328,638129
1329,636065
1330,1116987
1331,630704
1332,640927
1333,640663
1334,646006
1335,641948
1336,3177996
1337,7871857
1338,756067
1339,1267453
1340,756462
1341,660526
1342,654485
1343,639880
1344,1138354
1345,702827
1346,1098731
1347,714920
1348,641640
1349,1098068
1350,631665
1351,636493
1352,636527
1353,639616
1354,1058956
1355,655882
1356,646109
1357,709068
1358,1246020
1359,709592
1360,1198359
1361,650325
1362,639488
1363,636526
1364,641054
1365,937471
1366,671725
1367,635879
1368,1022168
1369,642418
1370,1130843
1371,678036
1372,647935
1373,639439
1374,634775
1375,634417
1376,1050295
1377,634289
1378,1109769
1379,713725
1380,1063698
1381,714924
1382,1112744
1383,649574
1384,646485
1385,653600
1386,647119
1387,1174644
1388,640758
1389,1092122
1390,644457
1391,1050159
1392,625847
1393,642834
1394,635352
1395,642669
1396,1034437
1397,695547
1398,675758
1399,1190543
1400,675844
1401,1608737
1402,741815
1403,675284
1404,674205
1405,666373
1406,670612
1407,1191211
1408,676404
1409,1043559
1410,642360
1411,936519
1412,1028496
1413,677575
1414,646579
1415,641067
1416,641284
1417,633077
1418,1055985
1419,674394
1420,1036089
1421,687298
1422,696815
1423,1007903
1424,640268
1425,638084
1426,632274
1427,639245
1428,1079502
1429,639180
1430,1017018
1431,1059669
1432,689820
1433,744225
1434,1006181
1435,642253
1436,633720
1437,641614
1438,640901
1439,637708
1440,1095213
1441,1010499
1442,680096
1443,634891
1444,1186856
1445,652001
1446,677793
1447,635286
1448,638150
1449,954866
1450,633679
1451,647930
1452,1063776
1453,627487
1454,916911
1455,935983
1456,674250
1457,631619
1458,631413
1459,1069676
1460,643213
1461,647667
1462,1076606
1463,624867
1464,636229
1465,642624
1466,961804
1467,1000863
1468,632632
1469,7812260
1470,963637
1471,688118
1472,1298568
1473,649010
1474,638252
1475,1119323
1476,706032
1477,1065577
1478,718750
1479,638355
1480,1064155
1481,641755
1482,1206768
1483,635813
1484,631273
1485,636843
1486,1007355
1487,1102114
1488,648734
1489,642451
1490,641363
1491,1064155
1492,659994
1493,1067258
1494,605910
1495,622431
1496,947272
1497,601679
1498,1005431
1499,611002
1500,602498
1501,717148
1502,979149
1503,1065935
1504,689433
1505,645780
1506,639279
1507,1028377
1508,703074
1509,1100416
1510,670084
1511,656834
1512,1022645
1513,764171
1514,1162547
1515,643831
1516,643457
1517,638978
1518,964597
1519,1100375
1520,642376
1521,636382
1522,632810
1523,968854
1524,657658
1525,997545
1526,738503
1527,636827
1528,605469
1529,966471
1530,982289
1531,658754
1532,615736
1533,615226
1534,606491
1535,1027091
1536,655907
1537,608303
1538,607084
1539,641664
1540,673063
1541,627775
1542,963748
1543,1121021
1544,622980
1545,1001027
1546,616547
1547,603734
1548,616436
1549,614772
1550,607125
1551,601477
1552,1096366
1553,616700
1554,959179
1555,1055132
1556,589475
1557,599742
1558,605688
1559,594270
1560,597200
1561,598328
1562,599532
1563,1024017
1564,608414
1565,606207
1566,1055256
1567,1146058
1568,631488
1569,618048
1570,614924
1571,614406
1572,609016
1573,611810
1574,613532
1575,983879
1576,607595
1577,3697478
1578,1439377
1579,663806
1580,625497
1581,614549
1582,608674
1583,614454
1584,1009185
1585,620071
1586,2725609
1587,9706859
1588,1591989
1589,678951
1590,644478
1591,619655
1592,618558
1593,614208
1594,1131482
1595,615386
1596,1049850
1597,625192
1598,916866
1599,1021080
1600,660904
1601,989351
1602,630285
1603,612292
1604,609754
1605,616573
1606,610121
1607,974448
1608,1014467
1609,953234
1610,628216
1611,619914
1612,613701
1613,609378
1614,608888
1615,1438520
1616,619938
1617,617170
1618,1203019
1619,933726
1620,1004117
1621,615963
1622,606907
1623,600616
1624,601868
1625,613680
1626,613718
1627,610409
1628,1120259
1629,643522
1630,919989
1631,1107713
1632,633654
1633,639983
1634,646492
1635,638904
1636,641104
1637,643518
1638,1236062
1639,638524
1640,1045701
1641,1117012
1642,711339
1643,987584
1644,642475
1645,640073
1646,639117
1647,631866
1648,638751
1649,1095711
1650,638466
1651,1123246
1652,634486
1653,1109101
1654,697611
1655,640123
1656,645933
1657,643564
1658,635933
1659,1071638
1660,647346
1661,3568511
1662,742141
1663,747822
1664,1329382
1665,664794
1666,638141
1667,629477
1668,732051
1669,1045944
1670,655487
1671,722472
1672,1012543
1673,649430
1674,1234554
1675,708957
1676,651037
1677,647614
1678,650127
1679,1142556
1680,696239
1681,1061122
1682,713362
1683,643370
1684,1070372
1685,627227
1686,633815
1687,683570
1688,639270
1689,1073705
1690,695065
1691,633688
1692,1354564
1693,1222552
1694,670208
1695,650428
1696,645430
1697,644149
1698,641005
1699,639966
1700,1044609
1701,645887
1702,638854
1703,932922
1704,1139273
1705,650476
1706,653529
1707,650460
1708,644074
1709,649204
1710,631496
1711,7573979
1712,1358882
1713,798805
1714,1173219
1715,649368
1716,613450
1717,690607
1718,617042
1719,614240
1720,619996
1721,978791
1722,618884
1723,990706
1724,1031202
1725,925159
1726,670117
1727,607735
1728,603083
1729,605567
1730,601484
1731,692255
1732,1070714
1733,612877
1734,1003025
1735,598556
1736,982161
1737,666504
1738,669248
1739,1001629
1740,616433
1741,609956
1742,608089
1743,991192
1744,726139
1745,864153
1746,647720
1747,613836
1748,962364
1749,1083725
1750,656842
1751,646604
1752,697463
1753,975297
1754,660299
1755,1051172
1756,689696
1757,695130
1758,639213
1759,1034041
1760,706881
1761,642051
1762,646893
1763,632917
1764,643464
1765,1098933
1766,699946
1767,922885
1768,640811
1769,971366
1770,1007413
1771,689292
1772,641891
1773,639295
1774,1024532
1775,1025076
1776,668016
1777,644144
1778,732668
1779,999086
1780,680162
1781,637363
1782,1058914
1783,1422604
1784,1058630
1785,692094
1786,655833
1787,655380
1788,648676
1789,651062
1790,1147007
1791,653179
1792,1077570
1793,1094150
1794,691818
1795,1144959
1796,653814
1797,648140
1798,648796
1799,642566
1800,637849
1801,690137
1802,651297
1803,944643
1804,960003
1805,647915
1806,4089522
1807,851834
1808,681773
1809,658178
1810,641046
1811,634928
1812,1196130
1813,642282
1814,1067826
1815,706868
1816,1174647
1817,649817
1818,646023
1819,644301
1820,640592
1821,636707
1822,1160619
1823,648318
1824,1146211
1825,647403
1826,1076693
1827,641009
1828,798813
1829,656525
1830,646299
1831,1012720
1832,662252
1833,9103037
1834,985639
1835,1608152
1836,705385
1837,661032
1838,646357
1839,645598
1840,1198718
1841,669100
1842,642657
1843,1163516
1844,783441
1845,1105236
1846,648717
1847,642344
1848,2415468
1849,691031
1850,655775
1851,645792
1852,646731
1853,1183786
1854,643370
1855,1197939
1856,662392
1857,646629
1858,644495
1859,644367
1860,641244
1861,643465
1862,1121181
1863,682927
1864,655433
1865,1160194
1866,775464
1867,1164916
1868,654436
1869,651655
1870,654729
1871,647914
1872,650708
1873,1082283
1874,729344
1875,1062713
1876,651248
1877,1063422
1878,703580
1879,687862
1880,640049
1881,1066244
1882,635970
1883,638570
1884,1094517
1885,628500
1886,635228
1887,1047877
1888,695699
1889,637906
1890,1025295
1891,660007
1892,694875
1893,642093
1894,1133200
1895,713712
1896,1063689
1897,652310
1898,1075453
1899,692436
1900,1100367
1901,648961
1902,657181
1903,1135417
1904,709016
1905,1225930
1906,637915
1907,989388
1908,689948
1909,637161
1910,1105587
1911,645269
1912,635566
1913,644700
1914,1068349
1915,728001
1916,1163166
1917,653563
1918,639448
1919,639489
1920,1013235
1921,1127629
1922,658569
1923,649195
1924,1052508
1925,983567
1926,693248
1927,645615
1928,641371
1929,1044095
1930,694640
1931,640202
1932,1096992
1933,712015
1934,1109653
1935,709662
1936,994307
1937,635158
1938,635530
1939,641639
1940,637865
1941,701084
1942,1231946
1943,1134964
1944,656896
1945,646102
1946,1076598
1947,879394
1948,641866
1949,636526
1950,629238
1951,637243
1952,697297
1953,1097470
1954,715500
1955,678477
1956,1146195
1957,665627
1958,674048
1959,680562
1960,673565
1961,1127328
1962,9006141
1963,878347
1964,1425801
1965,1280934
1966,726723
1967,779316
1968,692815
1969,687208
1970,1162548
1971,686717
1972,1125817
1973,819562
1974,694665
1975,697376
1976,687191
1977,686882
1978,684830
1979,762551
1980,1171476
1981,686058
1982,1108216
1983,736797
1984,682053
1985,690318
1986,1468159
1987,1848008
1988,800131
1989,705571
1990,684686
1991,1167525
1992,1194816
1993,773812
1994,696614
1995,692086
1996,684121
1997,684212
1998,1111487
1999,682993
2000,801437
2001,1268784
2002,793411
2003,1666184
2004,696602
2005,681093
2006,688847
2007,685890
2008,687516
2009,1229280
2010,680701
2011,1148889
2012,1274717
2013,717486
2014,680512
2015,675985
2016,681142
2017,673681
2018,1170508
2019,692489
2020,683442
2021,1091447
2022,1162346
2023,736393
2024,3641457
2025,828737
2026,706968
2027,1286574
2028,733691
2029,694649
2030,1134160
2031,912164
2032,1195137
2033,702456
2034,685427
2035,689577
2036,689523
2037,1152621
2038,692897
2039,1104833
2040,684978
2041,1232712
2042,698047
2043,744052
2044,689391
2045,689296
2046,655573
2047,645747
2048,1141358
2049,646419
2050,1071559
2051,704582
2052,1114074
2053,656896
2054,648541
2055,653011
2056,700557
2057,645730
2058,955430
2059,640601
2060,1090264
2061,662569
2062,1174541
2063,669895
2064,652265
2065,649484
2066,649430
2067,649199
2068,1098628
2069,701517
2070,650287
2071,650955
2072,1452045
2073,704500
2074,645632
2075,8459919
2076,774009
2077,690355
2078,1165485
2079,673298
2080,1247434
2081,679177
2082,1166865
2083,1175117
2084,670570
2085,663974
2086,651973
2087,1052087
2088,659158
2089,1289970
2090,656644
2091,639896
2092,982466
2093,1098249
2094,703671
2095,650156
2096,697511
2097,646023
2098,636308
2099,1490115
2100,726385
2101,654988
2102,1050204
2103,648449
2104,985511
2105,696564
2106,649220
2107,643221
2108,1148320
2109,743562
2110,1033448
2111,716024
2112,638051
2113,1160570
2114,721928
2115,996923
2116,644487
2117,644231
2118,642541
2119,1062087
2120,1476165
2121,716308
2122,642644
2123,1144757
2124,717120
2125,1130065
2126,646299
2127,639238
2128,647152
2129,1117020
2130,1108030
2131,654086
2132,686206
2133,1061024
2134,1052994
2135,733863
2136,678036
2137,668939
2138,1198272
2139,687653
2140,1196682
2141,702810
2142,699304
2143,692328
2144,1254743
2145,672639
2146,684958
2147,1144135
2148,740884
2149,1124741
2150,736043
2151,690198
2152,1324875
2153,661560
2154,667065
2155,677834
2156,733422
2157,669141
2158,1141563
2159,689738
2160,1272105
2161,693887
2162,1214233
2163,750109
2164,1115162
2165,689782
2166,1076054
2167,781653
2168,1095521
2169,704751
2170,647020
2171,1091929
2172,708616
2173,978165
2174,649941
2175,639122
2176,648223
2177,1063941
2178,652660
2179,1140501
2180,712464
2181,653884
2182,1078332
2183,633312
2184,643855
2185,636130
2186,638619
2187,1037222
2188,639604
2189,636719
2190,636712
2191,1020008
2192,1080269
2193,1120868
2194,661543
2195,652133
2196,653238
2197,651783
2198,641762
2199,10257856
2200,4967029
2201,1585113
2202,724297
2203,680990
2204,660645
2205,654630
2206,1116802
2207,658029
2208,644556
2209,642599
2210,1164203
2211,1124852
2212,701302
2213,645772
2214,642311
2215,640510
2216,988041
2217,703795
2218,637671
2219,1023753
2220,1042376
2221,658495
2222,1153117
2223,642467
2224,648821
2225,686874
2226,643724
2227,642072
2228,1131671
2229,651865
2230,1136496
2231,649513
2232,641648
2233,1097379
2234,666067
2235,651936
2236,661173
2237,651296
2238,693799
2239,3130199
2240,890164
2241,1194902
2242,1187721
2243,657683
2244,661750
2245,656262
2246,654502
2247,707837
2248,1147492
2249,1067612
2250,708719
2251,646822
2252,1163503
2253,638434
2254,638615
2255,635294
2256,638120
2257,630700
2258,1083734
2259,644866
2260,714417
2261,643064
2262,1106073
2263,639312
2264,645616
2265,641301
2266,647045
2267,1027799
2268,648602
2269,640181
2270,645817
2271,1222235
2272,662528
2273,1112109
2274,646390
2275,645780
2276,643823
2277,648165
2278,648619
2279,2244340
2280,665709
2281,737922
2282,649196
2283,1191326
2284,725780
2285,1022946
2286,646135
2287,636192
2288,637915
2289,1101780
2290,1225960
2291,663793
2292,645388
2293,1071436
2294,1177903
2295,702892
2296,651395
2297,654259
2298,1120122
2299,647107
2300,1186056
2301,643781
2302,758176
2303,638796
2304,1158213
2305,719118
2306,1068077
2307,708818
2308,1096205
2309,1885567
2310,1041915
2311,639521
2312,644993
2313,633449
2314,11145815
2315,960271
2316,745791
2317,710589
2318,1251945
2319,1028677
2320,781574
2321,1196233
2322,1234212
2323,1151926
2324,693643
2325,682709
2326,1150578
2327,737645
2328,1154163
2329,1237883
2330,1917542
2331,747806
2332,728305
2333,722665
2334,722258
2335,724976
2336,729261
2337,1257099
2338,1137542
2339,2186296
2340,766729
2341,731840
2342,730415
2343,724498
2344,732067
2345,722195
2346,1217348
2347,1059524
2348,1638991
2349,801923
2350,737151
2351,2644357
2352,839087
2353,1177511
2354,747650
2355,1266918
2356,825037
2357,1307834
2358,742627
2359,726534
2360,730192
2361,725005
2362,1460755
2363,1465778
2364,825552
2365,738877
2366,728931
2367,1210493
2368,2613773
2369,865088
2370,1252456
2371,830525
2372,1217254
2373,728100
2374,1174961
2375,811552
2376,840936
2377,727053
2378,726975
2379,1272731
2380,797161
2381,1127032
2382,727741
2383,1300805
2384,725755
2385,718462
2386,718833
2387,710222
2388,1331310
2389,1223953
2390,844505
2391,1234880
2392,830088
2393,1525400
2394,787828
2395,781158
2396,1283451
2397,854756
2398,1303187
2399,767611
2400,1242103
2401,779242
2402,763516
2403,773618
2404,1260734
2405,772420
2406,1223813
2407,1309074
2408,782398
2409,1195731
2410,773231
2411,769943
2412,774874
2413,773668
2414,773602
2415,1423514
2416,1308106
2417,781216
2418,14417167
2419,1939169
2420,920343
2421,855299
2422,6768018
2423,2234501
2424,990982
2425,915078
2426,907027
2427,1758053
2428,926083
2429,1499917
2430,1822974
2431,930141
2432,900900
2433,898659
2434,897226
2435,1569485
2436,895169
2437,876765
2438,1613648
2439,890176
2440,883303
2441,889328
2442,888499
2443,1485459
2444,887543
2445,2077926
2446,1040535
2447,911003
2448,903138
2449,891968
2450,1486943
2451,935138
2452,2140349
2453,1002589
2454,1532186
2455,842143
2456,824114
2457,823422
2458,1247944
2459,828000
2460,1385927
2461,1316421
2462,956522
2463,1463059
2464,824954
2465,832375
2466,824015
2467,1293982
2468,999589
2469,833875
2470,1345954
2471,997904
2472,831736
2473,1535836
2474,837129
2475,1401447
2476,816884
2477,1350617
2478,902445
2479,1530027
2480,891630
2481,831122
2482,800156
2483,1412023
2484,846108
2485,773264
2486,1236462
2487,996718
2488,784318
2489,771987
2490,1415567
2491,866687
2492,1298201
2493,763158
2494,1217081
2495,768204
2496,1324471
2497,768077
2498,753289
2499,1166515
2500,845971
2501,1287127
2502,772362
2503,762543
2504,1327079
2505,778212
2506,767697
2507,1153776
2508,10065175
2509,1750192
2510,1849433
2511,1001595
2512,838357
2513,815244
2514,790902
2515,1271746
2516,784170
2517,1355117
2518,858958
2519,1157590
2520,846437
2521,837327
2522,1285463
2523,721656
2524,1193670
2525,790729
2526,725528
2527,727897
2528,1579711
2529,1113489
2530,801058
2531,1310764
2532,752635
2533,1145511
2534,775439
2535,728491
2536,722591
2537,720308
2538,1212108
2539,771752
2540,1327763
2541,739825
2542,1214386
2543,721273
2544,724041
2545,1207255
2546,737522
2547,731511
2548,729142
2549,1187375
2550,735169
2551,1213950
2552,723637
2553,732833
2554,762127
2555,1083326
2556,732368
2557,677501
2558,971692
2559,1148159
2560,689263
2561,1065202
2562,677439
2563,681753
2564,687352
2565,684471
2566,1192826
2567,689860
2568,679449
2569,679837
2570,1163544
2571,765436
2572,963666
2573,687920
2574,681448
2575,675449
2576,676895
2577,1149985
2578,745511
2579,1080982
2580,1266064
2581,739413
2582,679939
2583,675832
2584,684196
2585,683458
2586,675782
2587,1117362
2588,680957
2589,682004
2590,1158200
2591,721277
2592,1119302
2593,680566
2594,687273
2595,672737
2596,667876
2597,670830
2598,1146738
2599,763079
2600,1154059
2601,686371
2602,4859272
2603,1986035
2604,782687
2605,732508
2606,736534
2607,4883625
2608,1695766
2609,1283431
2610,897910
2611,752705
2612,741123
2613,1323029
2614,734205
2615,729772
2616,722937
2617,1357440
2618,802965
2619,1314117
2620,731099
2621,1193279
2622,809814
2623,1043308
2624,732393
2625,716098
2626,1072112
2627,780429
2628,720819
2629,1346654
2630,1129339
2631,783585
2632,719085
2633,726785
2634,732525
2635,1059553
2636,736080
2637,725730
2638,730064
2639,1237834
2640,854392
2641,1140563
2642,719410
2643,680253
2644,673953
2645,681032
2646,1167627
2647,686923
2648,1133274
2649,672763
2650,1268784
2651,672412
2652,693738
2653,672989
2654,669157
2655,1150945
2656,697471
2657,683953
2658,676294
2659,1071114
2660,744885
2661,970806
2662,685206
2663,684162
2664,746928
2665,4068031
2666,788834
2667,1358273
2668,715261
2669,692061
2670,1262802
2671,694697
2672,756360
2673,1146285
2674,745783
2675,1040938
2676,697565
2677,755321
2678,1139899
2679,760360
2680,1040085
2681,677121
2682,680958
2683,678420
2684,1044931
2685,681518
2686,1223401
2687,699823
2688,677575
2689,678543
2690,1188195
2691,672264
2692,675284
2693,678267
2694,675296
2695,1148416
2696,731436
2697,1187416
2698,679346
2699,678288
2700,1138638
2701,748996
2702,681089
2703,680253
2704,671448
2705,671992
2706,1124111
2707,679936
2708,1257289
2709,685778
2710,1282973
2711,673314
2712,676672
2713,675700
2714,676055
2715,1202491
2716,684666
2717,1135977
2718,681748
2719,672202
2720,1173560
2721,8272335
2722,1573816
2723,841926
2724,716588
2725,1340803
2726,710164
2727,692197
2728,1145441
2729,767414
2730,1016325
2731,681695
2732,1076149
2733,744613
2734,1082741
2735,770771
2736,700330
2737,1145383
2738,752066
2739,1063125
2740,688422
2741,681308
2742,1124185
2743,734617
2744,682086
2745,1125759
2746,735837
2747,1062256
2748,677818
2749,669322
2750,676792
2751,678102
2752,1141196
2753,739228
2754,1106501
2755,1137859
2756,689844
2757,1159844
2758,741720
2759,677975
2760,644317
2761,638236
2762,994625
2763,699353
2764,638937
2765,1041894
2766,643748
2767,985873
2768,671967
2769,640560
2770,639613
2771,687582
2772,642282
2773,922650
2774,639003
2775,996976
2776,953609
2777,1010149
2778,634466
2779,1622260
2780,670961
2781,645916
2782,644342
2783,1195850
2784,699617
2785,1171652
2786,656409
2787,1090335
2788,687760
2789,637325
2790,639315
2791,643156
2792,643815
2793,1069820
2794,652620
2795,1171727
2796,648462
2797,999614
2798,1042212
2799,682136
2800,639109
2801,636349
2802,643221
2803,635001
2804,1141291
2805,657119
2806,1122182
2807,645730
2808,1056170
2809,1220797
2810,640358
2811,633271
2812,636600
2813,1126332
2814,644774
2815,1066273
2816,637977
2817,632691
2818,640189
2819,931447
2820,691423
2821,646633
2822,639797
2823,639707
2824,638174
2825,3110472
2826,1504664
2827,701232
2828,672878
2829,1285219
2830,659520
2831,651152
2832,643975
2833,640057
2834,1053200
2835,705088
2836,1065202
2837,20050894
2838,1177598
2839,1913312
2840,680010
2841,6217123
2842,3435872
2843,927113
2844,739330
2845,803567
2846,1200357
2847,777875
2848,1057967
2849,6891748
2850,919857
2851,1438470
2852,725219
2853,702019
2854,1249218
2855,710585
2856,1190115
2857,697586
2858,4882100
2859,2082648
2860,1436138
2861,735404
2862,695020
2863,1118276
2864,1194379
2865,1150739
2866,683199
2867,1103411
2868,3763333
2869,1323985
2870,736743
2871,703878
2872,1138873
2873,726047
2874,1215152
2875,769264
2876,679660
2877,1211840
2878,696354
2879,680356
2880,672268
2881,672227
2882,1114935
2883,767096
2884,1105715
2885,696799
2886,1059516
2887,1194733
2888,687150
2889,686746
2890,676079
2891,684831
2892,1117362
2893,1308910
2894,692288
2895,679597
2896,1245699
2897,1252003
2898,703762
2899,690281
2900,1080648
2901,678119
2902,1196827
2903,776462
2904,702118
2905,688847
2906,1115397
2907,1245382
2908,703383
2909,686833
2910,1190490
2911,714709
2912,953432
2913,685243
2914,644651
2915,635991
2916,959274
2917,950687
2918,700424
2919,724828
2920,1066788
2921,711697
2922,1089296
2923,679960
2924,671869
2925,678197
2926,983343
2927,994987
2928,672956
2929,8815104
2930,1603509
2931,870865
2932,1182365
2933,714524
2934,691653
2935,1030000
2936,745697
2937,1097433
2938,688303
2939,687920
2940,1153919
2941,673315
2942,679388
2943,681576
2944,676104
2945,1341149
2946,692716
2947,1175608
2948,676887
2949,679289
2950,1106593
2951,753380
2952,678761
2953,681048
2954,685081
2955,683100
2956,1077142
2957,733876
2958,1179320
2959,653983
2960,979323
2961,635937
2962,638936
2963,636600
2964,638014
2965,641050
2966,1030687
2967,648392
2968,1019357
2969,658083
2970,969541
2971,970336
2972,693837
2973,638244
2974,641956
2975,634577
2976,642225
2977,1138169
2978,703342
2979,1028219
2980,891383
2981,1090256
2982,730996
2983,645664
2984,639213
2985,644429
2986,636432
2987,1060389
2988,639624
2989,1112962
2990,651906
2991,926268
2992,1044671
2993,676520
2994,640992
2995,684781
2996,638726
2997,642591
2998,1193337
2999,643918
3000,1035735
3001,653555
3002,3298941
3003,1432178
3004,769758
3005,657230
3006,641194
3007,644771
3008,1125516
3009,639789
3010,1158068
3011,653283
3012,1213051
3013,718611
3014,1119822
3015,651202
3016,651841
3017,655516
3018,1051300
3019,1436632
3020,731016
3021,651903
3022,1061115
3023,1092251
3024,642183
3025,639114
3026,639287
3027,639570
3028,637243
3029,1111227
3030,982145
3031,698224
3032,646851
3033,1048379
3034,640494
3035,647387
3036,647136
3037,648763
3038,643296
3039,1063546
3040,646389
3041,1058993
3042,642545
3043,997710
3044,934401
3045,630796
3046,640205
3047,640346
3048,7698468
3049,1566148
3050,727386
3051,1114894
3052,1318484
3053,662310
3054,657147
3055,651882
3056,649261
3057,1211061
3058,670517
3059,646583
3060,644878
3061,1054971
3062,1140685
3063,634483
3064,640993
3065,645817
3066,635797
3067,635895
3068,636275
3069,1132334
3070,703251
3071,955273
3072,1022645
3073,712060
3074,996297
3075,635270
3076,630952
3077,636901
3078,633111
3079,627747
3080,1063483
3081,661206
3082,1081686
3083,1458041
3084,701047
3085,640976
3086,640584
3087,634652
3088,636518
3089,640770
3090,1091001
3091,651783
3092,1008039
3093,1130542
3094,724869
3095,1083952
3096,651573
3097,648829
3098,638702
3099,642854
3100,636308
3101,1058264
3102,643378
3103,1079903
3104,642628
3105,1186152
3106,634215
3107,638343
3108,688642
3109,642298
3110,645949
3111,694788
3112,636518
3113,1016737
3114,640486
3115,1058766
3116,680001
3117,634655
3118,635146
3119,634862
3120,636332
3121,1165258
3122,653942
3123,1265368
3124,643843
3125,636176
3126,639278
3127,1110259
3128,637354
3129,640107
3130,640823
3131,639159
3132,1124470
3133,700038
3134,1059426
3135,723716
3136,1139359
3137,718475
3138,641981
3139,638825
3140,640852
3141,640407
3142,1081233
3143,654626
3144,641062
3145,638615
3146,1185171
3147,781351
3148,1025163
3149,643078
3150,635175
3151,639010
3152,634190
3153,970114
3154,667942
3155,652879
3156,1026328
3157,1127807
3158,638693
3159,640498
3160,697582
3161,656361
3162,643934
3163,641306
3164,1022683
3165,639632
3166,644895
3167,1046093
3168,985160
3169,691241
3170,646567
3171,644762
3172,640651
3173,685275
3174,1034346
3175,651515
3176,674126
3177,680381
3178,1166004
3179,667843
3180,1114375
3181,10399439
3182,801478
3183,717275
3184,695064
3185,1210806
3186,854862
3187,1078431
3188,649455
3189,977159
3190,713452
3191,652285
3192,634610
3193,1057419
3194,656369
3195,646118
3196,1034268
3197,650885
3198,648108
3199,693696
3200,1390071
3201,716204
3202,646176
3203,647918
3204,971651
3205,1134361
3206,729137
3207,657481
3208,649307
3209,655479
3210,642323
3211,1468617
3212,711854
3213,642953
3214,986698
3215,647923
3216,997838
3217,691657
3218,643505
3219,636934
3220,1021705
3221,697286
3222,645924
3223,1094005
3224,691945
3225,643498
3226,636431
3227,1094977
3228,632517
3229,637907
3230,643159
3231,634537
3232,1034511
3233,4050563
3234,1404521
3235,727387
3236,685997
3237,1301452
3238,694347
3239,696247
3240,1098117
3241,747324
3242,680701
3243,1553302
3244,822165
3245,685893
3246,756652
3247,690647
3248,690858
3249,685242
3250,684732
3251,1154204
3252,684196
3253,679878
3254,1200959
3255,770504
3256,1122001
3257,695686
3258,678906
3259,680084
3260,682572
3261,1172189
3262,696214
3263,1017297
3264,1107692
3265,1468263
3266,699683
3267,738235
3268,696651
3269,687224
3270,1081764
3271,642014
3272,639262
3273,1038767
3274,1039282
3275,695930
3276,645277
3277,649372
3278,636288
3279,636752
3280,635096
3281,1064530
3282,626535
3283,640960
3284,986054
3285,761316
3286,1069594
3287,846469
3288,749507
3289,685074
3290,675589
3291,675309
3292,687105
3293,1198392
3294,674538
3295,749388
3296,1112583
3297,678794
3298,676706
3299,680669
3300,674872
3301,8820200
3302,972536
3303,1288482
3304,831378
3305,1221593
3306,703655
3307,694277
3308,742017
3309,692659
3310,685040
3311,1126319
3312,727922
3313,2281100
3314,860478
3315,1153573
3316,827155
3317,688530
3318,741742
3319,689757
3320,1213624
3321,688374
3322,1103754
3323,1168415
3324,680854
3325,1105933
3326,683677
3327,686363
3328,682325
3329,684422
3330,739022
3331,1155358
3332,1027038
3333,2285644
3334,1564240
3335,792320
3336,695711
3337,683092
3338,1095789
3339,755898
3340,1137818
3341,731230
3342,677883
3343,681526
3344,1108401
3345,1169712
3346,692556
3347,675090
3348,1074266
3349,1047683
3350,1219919
3351,673850
3352,1089597
3353,752626
3354,1107849
3355,756709
3356,685769
3357,687859
3358,1250680
3359,757892
3360,1048721
3361,687833
3362,1116571
3363,733472
3364,677541
3365,1250289
3366,680562
3367,689392
3368,744996
3369,1122117
3370,686655
3371,671452
3372,668350
3373,1082411
3374,796028
3375,1061448
3376,746570
3377,1222738
3378,737168
3379,732109
3380,728013
3381,720416
3382,1305173
3383,737489
3384,1343007
3385,877775
3386,1202442
3387,734737
3388,731931
3389,722669
3390,725899
3391,734440
3392,3217417
3393,2892333
3394,1014059
3395,873720
3396,761357
3397,731664
3398,1291242
3399,802364
3400,1307681
3401,1720582
3402,954648
3403,795801
3404,784083
3405,772453
3406,1480548
3407,791776
3408,13891036
3409,2031137
3410,1708472
3411,925650
3412,837085
3413,1435232
3414,1341228
3415,892825
3416,1649246
3417,1031997
3418,835906
3419,789040
3420,1238184
3421,780726
3422,790869
3423,5481352
3424,1658751
3425,890983
3426,860762
3427,837048
3428,1494244
3429,822021
3430,919189
3431,1479321
3432,1098933
3433,790086
3434,791619
3435,1328418
3436,1332497
3437,1316989
3438,1632580
3439,833269
3440,807090
3441,1040902
3442,940511
3443,824641
3444,790552
3445,1417581
3446,934083
3447,804919
3448,818445
3449,778311
3450,789060
3451,1579687
3452,802850
3453,1764844
3454,1521951
3455,806843
3456,814947
3457,802974
3458,789625
3459,812751
3460,1735266
3461,1568838
3462,1489308
3463,866069
3464,810918
3465,796230
3466,788344
3467,769041
3468,1517831
3469,1210963
3470,1048697
3471,1456677
3472,771101
3473,771200
3474,786872
3475,1425801
3476,797284
3477,777499
3478,1306677
3479,1762030
3480,905029
3481,863391
3482,859271
3483,847957
3484,873390
3485,1700360
3486,1486717
3487,924031
3488,1065453
3489,846000
3490,764677
3491,1458456
3492,776894
3493,767430
3494,1370282
3495,1290905
3496,782637
3497,771372
3498,916272
3499,825705
3500,12748075
3501,1833304
3502,1726890
3503,841089
3504,806793
3505,788397
3506,1336308
3507,785356
3508,783119
3509,1454839
3510,1728398
3511,833055
3512,789893
3513,790395
3514,783172
3515,777879
3516,1601790
3517,1401814
3518,1412126
3519,782105
3520,791067
3521,783560
3522,784095
3523,784302
3524,1297616
3525,778603
3526,1406779
3527,830311
3528,1279731
3529,744811
3530,734526
3531,741939
3532,738643
3533,1254239
3534,743253
3535,745095
3536,1502385
3537,732282
3538,726851
3539,726740
3540,725236
3541,718014
3542,1334265
3543,724383
3544,717659
3545,1323808
3546,834880
3547,1508627
3548,752211
3549,724123
3550,717680
3551,737761
3552,723151
3553,1330923
3554,1286162
3555,811070
3556,729479
3557,720902
3558,713243
3559,931105
3560,1339089
3561,714701
3562,676236
3563,1137554
3564,738716
3565,1128203
3566,688200
3567,674629
3568,676236
3569,672194
3570,674654
3571,6280285
3572,1469997
3573,1612355
3574,926342
3575,874227
3576,752301
3577,734852
3578,1429760
3579,741750
3580,1219474
3581,1355801
3582,724783
3583,714606
3584,730950
3585,788756
3586,947701
3587,1363826
3588,680228
3589,1174105
3590,1611254
3591,801985
3592,688069
3593,698732
3594,687414
3595,1203650
3596,705913
3597,1614547
3598,745289
3599,11178569
3600,904419
3601,1378585
3602,769375
3603,739698
3604,739471
3605,1246536
3606,746813
3607,1535795
3608,816298
3609,736809
3610,735549
3611,733464
3612,733278
3613,1259299
3614,741020
3615,732450
3616,1173025
3617,1303883
3618,879232
3619,684430
3620,687928
3621,682589
3622,793485
3623,1108215
3624,692189
3625,687335
3626,1143014
3627,1449220
3628,699778
3629,777792
3630,766313
3631,677167
3632,674336
3633,1163833
3634,683100
3635,1144126
3636,1175501
3637,766297
3638,1054428
3639,694290
3640,692102
3641,5897882
3642,1075844
3643,740863
3644,1420519
3645,1157343
3646,1114428
3647,718409
3648,702789
3649,701558
3650,703486
3651,1344631
3652,716892
3653,1749195
3654,810473
3655,702831
3656,689746
3657,821461
3658,737399
3659,1139515
3660,691233
3661,681884
3662,1135149
3663,736525
3664,1078670
3665,745264
3666,682201
3667,679075
3668,678391
3669,826767
3670,1528589
3671,682997
3672,1406720
3673,795442
3674,1097754
3675,776989
3676,689065
3677,680302
3678,674913
3679,682865
3680,1468568
3681,1274725
3682,676302
3683,1086985
3684,855884
3685,690054
3686,678571
3687,675065
3688,1184396
3689,693569
3690,1149314
3691,1331678
3692,670921
3693,1165819
3694,692345
3695,679190
3696,673866
3697,676755
3698,675827
3699,682329
3700,1399280
3701,679936
3702,1094841
3703,892639
3704,682420
3705,677802
3706,673755
3707,676454
3708,9148350
3709,1486778
3710,777549
3711,1682083
3712,781595
3713,715685
3714,703894
3715,699819
3716,707268
3717,1437650
3718,720605
3719,709386
3720,1245745
3721,771875
3722,1116300
3723,697150
3724,693276
3725,687533
3726,688299
3727,1094570
3728,854220
3729,689993
3730,1243952
3731,758267
3732,687080
3733,684505
3734,681081
3735,753657
3736,680355
3737,1200172
3738,687665
3739,679993
3740,1306553
3741,792748
3742,660431
3743,643888
3744,640675
3745,646628
3746,1097025
3747,650633
3748,671983
3749,1110325
3750,719888
3751,1126167
3752,651655
3753,791330
3754,649064
3755,634759
3756,641314
3757,644453
3758,1175888
3759,651037
3760,642397
3761,1149610
3762,739438
3763,644960
3764,646414
3765,645146
3766,642933
3767,838102
3768,1163779
3769,694096
3770,800205
3771,1110708
3772,738140
3773,697619
3774,693400
3775,684101
3776,688806
3777,681617
3778,1202326
3779,893826
3780,673508
3781,1336333
3782,753756
3783,1118813
3784,675012
3785,672095
3786,682387
3787,676586
3788,1167458
3789,687645
3790,680203
3791,1301395
3792,779625
3793,678448
3794,678914
3795,681653
3796,669042
3797,676310
3798,1123748
3799,676974
3800,685152
3801,1148205
3802,740080
3803,1344244
3804,705913
3805,686960
3806,681493
3807,689610
3808,678547
3809,1183721
3810,685168
3811,740534
3812,1047081
3813,4754271
3814,763355
3815,711182
3816,704005
3817,1420774
3818,727687
3819,695629
3820,1540591
3821,8277098
3822,998625
3823,1265570
3824,707886
3825,739809
3826,1095134
3827,1047090
3828,720893
3829,644124
3830,644895
3831,1079935
3832,1137390
3833,642685
3834,642030
3835,645195
3836,1129286
3837,789444
3838,715920
3839,648895
3840,640535
3841,1103531
3842,704775
3843,1182674
3844,648911
3845,650448
3846,1073660
3847,712072
3848,1321011
3849,663080
3850,640984
3851,637025
3852,1062849
3853,711891
3854,1082506
3855,647176
3856,637280
3857,704537
3858,1023296
3859,642208
3860,643237
3861,1220986
3862,707486
3863,651849
3864,1116856
3865,645850
3866,1173115
3867,628784
3868,637964
3869,637359
3870,638063
3871,638986
3872,1190535
3873,653715
3874,704463
3875,1310698
3876,714408
3877,1031029
3878,642793
3879,651511
3880,645804
3881,643230
3882,1051910
3883,648376
3884,639311
3885,1126331
3886,796835
3887,1159201
3888,640683
3889,648977
3890,648499
3891,647675
3892,647095
3893,1057308
3894,1037869
3895,1046422
3896,1115397
3897,1228831
3898,655676
3899,643395
3900,641788
3901,639382
3902,728692
3903,1128230
3904,656571
3905,1123579
3906,639900
3907,1131650
3908,636019
3909,638198
3910,633004
3911,690973
3912,1085275
3913,688299
3914,1039088
3915,655124
3916,699337
3917,1064197
3918,627301
3919,645776
3920,641697
3921,640485
3922,635245
3923,1088587
3924,713061
3925,1010182
3926,696511
3927,1092411
3928,1142696
3929,637025
3930,646896
3931,638620
3932,640008
3933,1083161
3934,697516
3935,1042871
3936,761081
3937,654564
3938,1099506
3939,652491
3940,651050
3941,648845
3942,648202
3943,647877
3944,1429110
3945,643757
3946,955632
3947,1095781
3948,698204
3949,663097
3950,9384909
3951,1514292
3952,712739
3953,678530
3954,661831
3955,1431004
3956,1215388
3957,674637
3958,661960
3959,658705
3960,651231
3961,652937
3962,870161
3963,1107708
3964,657028
3965,1036753
3966,967584
3967,1068399
3968,658684
3969,650407
3970,652392
3971,655112
3972,650778
3973,1008180
3974,756421
3975,1101026
3976,749062
3977,661564
3978,651709
3979,653204
3980,652487
3981,639554
3982,644932
3983,999573
3984,639974
3985,638632
3986,1044972
3987,750550
3988,641445
3989,645293
3990,642307
3991,643843
3992,643637
3993,1127217
3994,655149
3995,962528
3996,647606
3997,1264223
3998,654494
3999,642682
4000,734593
4001,719621
4002,645397
4003,1108381
4004,653340
4005,637655
4006,634886
4007,1131642
4008,717914
4009,1078213
4010,648149
4011,647288
4012,645204
4013,646077
4014,1136994
4015,651322
4016,634903
4017,1637887
4018,749899
4019,642871
4020,634845
4021,632810
4022,636065
4023,631883
4024,635076
4025,1034173
4026,822198
4027,646324
4028,1240178
4029,661440
4030,652170
4031,641734
4032,646431
4033,643724
4034,639789
4035,1125640
4036,642150
4037,638660
4038,638071
4039,1208074
4040,686783
4041,3221273
4042,823039
4043,674711
4044,1144872
4045,655714
4046,651062
4047,1114416
4048,813278
4049,1072140
4050,858216
4051,655656
4052,650617
4053,645911
4054,649171
4055,1125170
4056,644041
4057,633345
4058,1034203
4059,1189966
4060,637561
4061,701170
4062,644465
4063,635064
4064,610660
4065,684339
4066,1103737
4067,619403
4068,601531
4069,601670
4070,1103721
4071,1029336
4072,624429
4073,8276212
4074,756780
4075,645698
4076,629468
4077,1140670
4078,695460
4079,619127
4080,1098525
4081,686754
4082,611970
4083,610479
4084,609470
4085,612571
4086,606392
4087,604769
4088,1066487
4089,636576
4090,613969
4091,1195067
4092,840446
4093,1141827
4094,613829
4095,608085
4096,603244
4097,603660
4098,601695
4099,1076223
4100,608324
4101,1122360
4102,665149
4103,610726
4104,1131869
4105,620557
4106,606726
4107,608790
4108,610219
4109,607409
4110,1048581
4111,613614
4112,609527
4113,1070240
4114,668774
4115,612909
4116,1013535
4117,627380
4118,691925
4119,606351
4120,603491
4121,604023
4122,1239675
4123,671650
4124,1005316
4125,607879
4126,608798
4127,607784
4128,1002350
4129,613301
4130,620273
4131,617104
4132,1259308
4133,623890
4134,1038286
4135,616560
4136,1006408
4137,661935
4138,611670
4139,1103411
4140,609444
4141,604471
4142,602564
4143,1058799
4144,602638
4145,1213414
4146,676042
4147,636258
4148,641923
4149,1082976
4150,709308
4151,649179
4152,649088
4153,1380133
4154,652607
4155,1169938
4156,636274
4157,681324
4158,634467
4159,1009683
4160,1112405
4161,645113
4162,638830
4163,1181487
4164,1171368
4165,1131465
4166,639901
4167,655190
4168,647498
4169,1177985
4170,638088
4171,638035
4172,635603
4173,635974
4174,1152304
4175,711635
4176,1065247
4177,686305
4178,638871
4179,641964
4180,1022394
4181,887836
4182,680681
4183,641923
4184,1072379
4185,704306
4186,996784
4187,644548
4188,635117
4189,638409
4190,1057065
4191,1099992
4192,642818
4193,632987
4194,700206
4195,1112039
4196,706094
4197,983603
4198,644812
4199,980476
4200,700968
4201,634969
4202,1030090
4203,652327
4204,646834
4205,639822
4206,8396148
4207,1376953
4208,750278
4209,648593
4210,707067
4211,1179946
4212,658202
4213,635958
4214,634269
4215,1006993
4216,637915
4217,979775
4218,678073
4219,633811
4220,630807
4221,1052590
4222,678711
4223,1087916
4224,636250
4225,622732
4226,1198256
4227,690137
4228,973039
4229,670208
4230,609429
4231,615460
4232,939584
4233,623342
4234,682024
4235,2601075
4236,1103103
4237,688151
4238,616832
4239,614121
4240,610623
4241,607418
4242,614240
4243,1074780
4244,612205
4245,1346394
4246,1320504
4247,686322
4248,620784
4249,609585
4250,604884
4251,615337
4252,1071258
4253,627812
4254,994616
4255,681819
4256,618299
4257,1054086
4258,596643
4259,608967
4260,707581
4261,611192
4262,1054094
4263,623243
4264,613227
4265,606985
4266,954528
4267,1039978
4268,1018435
4269,655965
4270,613627
4271,609804
4272,610079
4273,605633
4274,1186774
4275,646575
4276,1008463
4277,4063610
4278,738495
4279,1204383
4280,721033
4281,793469
4282,659039
4283,637721
4284,1101063
4285,682622
4286,1039398
4287,711908
4288,628216
4289,1134901
4290,609078
4291,609762
4292,612044
4293,612304
4294,609201
4295,1198314
4296,614154
4297,1077166
4298,606940
4299,605209
4300,614398
4301,1092250
4302,612836
4303,612019
4304,600888
4305,985478
4306,612634
4307,969702
4308,1059297
4309,1050612
4310,1033456
4311,666360
4312,614616
4313,609646
4314,608876
4315,605527
4316,1031371
4317,651021
4318,609972
4319,1147250
4320,1197160
4321,621483
4322,620919
4323,619045
4324,617635
4325,622794
4326,894551
4327,615839
4328,668004
4329,620725
4330,9742361
4331,841423
4332,647758
4333,1282685
4334,633691
4335,841480
4336,665556
4337,1206290
4338,670488
4339,1256077
4340,747608
4341,1193905
4342,678770
4343,657139
4344,671374
4345,649706
4346,1108393
4347,857405
4348,1264635
4349,725072
4350,1170800
4351,767467
4352,664831
4353,658981
4354,667423
4355,650893
4356,1151193
4357,651029
4358,1191812
4359,704186
4360,698937
4361,1207617
4362,886237
4363,754621
4364,692213
4365,1305885
4366,1265768
4367,834444
4368,720304
4369,700264
4370,1366299
4371,1426604
4372,1067612
4373,735442
4374,1319279
4375,768134
4376,1205573
4377,708125
4378,692473
4379,1087277
4380,1001361
4381,1219347
4382,697178
4383,1095748
4384,1180432
4385,739080
4386,684740
4387,676660
4388,681006
4389,1121923
4390,1348569
4391,799785
4392,718400
4393,1194384
4394,1300183
4395,977802
4396,742359
4397,753289
4398,842585
4399,829762
4400,1388803
4401,1302342
4402,803242
4403,730753
4404,731441
4405,727939
4406,1222453
4407,726801
4408,1334771
4409,736071
4410,731528
4411,1498929
4412,732792
4413,735680
4414,1183078
4415,815194
4416,1617542
4417,782086
4418,724692
4419,1554080
4420,1478575
4421,1045866
4422,784714
4423,786732
4424,1289237
4425,875442
4426,777112
4427,1339925
4428,877692
4429,1389857
4430,870354
4431,900707
4432,1306384
4433,1346555
4434,853074
4435,1277234
4436,1268215
4437,769733
4438,772799
4439,760974
4440,771987
4441,14014012
4442,2111299
4443,939807
4444,887140
4445,851047
4446,1696417
4447,863543
4448,1593814
4449,847743
4450,1954962
4451,878405
4452,827665
4453,816174
4454,823608
4455,2369938
4456,1263811
4457,1591272
4458,1275689
4459,886439
4460,902882
4461,884911
4462,1761663
4463,1587490
4464,1591775
4465,8221996
4466,1126929
4467,1009712
4468,968577
4469,2016808
4470,983669
4471,1367567
4472,991477
4473,2107635
4474,1717508
4475,984188
4476,1643259
4477,977913
4478,983158
4479,1623285
4480,1604209
4481,1940232
4482,986541
4483,1540821
4484,1064958
4485,976838
4486,1599121
4487,1498842
4488,1030536
4489,1557384
4490,878293
4491,893904
4492,901844
4493,899405
4494,1626874
4495,1859709
4496,913471
4497,1576168
4498,880984
4499,907790
4500,1470372
4501,900014
4502,1534773
4503,986793
4504,1832615
4505,893871
4506,899561
4507,897654
4508,889995
4509,1513567
4510,897914
4511,2655567
4512,1080462
4513,832445
4514,826660
4515,826409
4516,13035155
4517,2250855
4518,999745
4519,1011756
4520,850652
4521,1283274
4522,792975
4523,780627
4524,1296660
4525,847743
4526,1442957
4527,784561
4528,782983
4529,992012
4530,1232989
4531,776214
4532,1380566
4533,775085
4534,1194935
4535,776008
4536,765209
4537,768703
4538,769919
4539,759903
4540,1511899
4541,779889
4542,1558616
4543,806349
4544,721433
4545,724024
4546,718372
4547,1206558
4548,734230
4549,726393
4550,1502896
4551,745589
4552,1276217
4553,793963
4554,777066
4555,781500
4556,1314427
4557,780771
4558,776313
4559,1229969
4560,824918
4561,1419666
4562,773758
4563,736183
4564,723679
4565,715772
4566,721178
4567,1271277
4568,801829
4569,1175777
4570,784186
4571,6435118
4572,1108598
4573,1407096
4574,770211
4575,1404434
4576,818684
4577,1273555
4578,730592
4579,1330104
4580,743471
4581,738058
4582,1317681
4583,810316
4584,801754
4585,736273
4586,724457
4587,1722530
4588,4444134
4589,1748965
4590,786279
4591,1278441
4592,912536
4593,1524143
4594,732620
4595,702324
4596,690656
4597,1188936
4598,1294196
4599,692337
4600,693083
4601,1126699
4602,755593
4603,1359969
4604,728643
4605,1296801
4606,1193118
4607,735046
4608,10794695
4609,2198154
4610,996660
4611,816884
4612,1336510
4613,819640
4614,1114655
4615,729822
4616,726290
4617,3747974
4618,994933
4619,877795
4620,1536805
4621,1493564
4622,760554
4623,736307
4624,722649
4625,712740
4626,1245736
4627,1293101
4628,724132
4629,1075329
4630,1367806
4631,719484
4632,673179
4633,666751
4634,1087318
4635,670789
4636,1198375
4637,692679
4638,684781
4639,1083034
4640,703107
4641,681031
4642,722628
4643,4278012
4644,833632
4645,1293780
4646,721713
4647,693659
4648,1041363
4649,1391382
4650,703601
4651,701764
4652,1125281
4653,751638
4654,1033881
4655,762972
4656,701579
4657,1225358
4658,772753
4659,1114017
4660,744884
4661,717412
4662,1171266
4663,735965
4664,1169972
4665,812648
4666,1189966
4667,694579
4668,685000
4669,721112
4670,1393854
4671,2932541
4672,1794352
4673,930870
4674,1248629
4675,694504
4676,686977
4677,686396
4678,679853
4679,679166
4680,1216998
4681,734251
4682,1305667
4683,1856409
4684,796860
4685,687093
4686,739034
4687,696939
4688,1108937
4689,701134
4690,1421231
4691,727815
4692,1782111
4693,738671
4694,725965
4695,725335
4696,727128
4697,724951
4698,1272410
4699,1320973
4700,789308
4701,1274499
4702,713185
4703,677904
4704,669895
4705,671332
4706,1056360
4707,2229611
4708,947816
4709,747072
4710,1317072
4711,727832
4712,794202
4713,716406
4714,1498738
4715,782674
4716,717095
4717,715104
4718,700239
4719,1193180
4720,1333140
4721,747629
4722,697376
4723,1453994
4724,692741
4725,695744
4726,677892
4727,1098607
4728,737889
4729,1030696
4730,765473
4731,692144
4732,1108133
4733,753747
4734,1116904
4735,688361
4736,679206
4737,677632
4738,1087747
4739,684904
4740,1166750
4741,687826
4742,1201429
4743,760768
4744,1126678
4745,684051
4746,786304
4747,695233
4748,1115738
4749,685799
4750,1210444
4751,686321
4752,1062363
4753,663381
4754,675054
4755,704207
4756,680388
4757,1123818
4758,776981
4759,1105797
4760,999420
4761,1135684
4762,1176700
4763,688699
4764,681365
4765,674480
4766,673430
4767,1140933
4768,742726
4769,1205462
4770,698616
4771,677146
4772,1195603
4773,704063
4774,690088
4775,687372
4776,675885
4777,1196093
4778,688580
4779,686326
4780,1184899
4781,766520
4782,693668
4783,682396
4784,873180
4785,871190
4786,1177252
4787,676515
4788,1094508
4789,1129867
4790,1138511
4791,687492
4792,722773
4793,683792
4794,685897
4795,683248
4796,1024467
4797,685518
4798,677266
4799,1046653
4800,660386
4801,1125743
4802,678939
4803,679902
4804,674789
4805,675498
4806,1033196
4807,689486
4808,637453
4809,1098958
4810,639270
4811,1180458
4812,668655
4813,653344
4814,646814
4815,644577
4816,650444
4817,1067402
4818,688156
4819,707363
4820,1015789
4821,964741
4822,1075757
4823,651729
4824,639814
4825,643189
4826,641129
4827,647848
4828,9355644
4829,1703315
4830,738952
4831,1162515
4832,799060
4833,691377
4834,679124
4835,668873
4836,1110980
4837,672704
4838,657637
4839,1114239
4840,710441
4841,1010734
4842,728112
4843,666001
4844,663537
4845,743805
4846,666698
4847,1025665
4848,658107
4849,1202397
4850,1086041
4851,1049611
4852,722426
4853,649706
4854,649414
4855,646852
4856,644700
4857,1105089
4858,648755
4859,1058053
4860,693540
4861,642970
4862,1005811
4863,710498
4864,649257
4865,644911
4866,980867
4867,652595
4868,639559
4869,1130106
4870,646703
4871,964882
4872,694455
4873,643295
4874,1015757
4875,649076
4876,643481
4877,643296
4878,964506
4879,647387
4880,1025732
4881,689948
4882,680570
4883,640704
4884,949835
4885,2780303
4886,885952
4887,691892
4888,650028
4889,649599
4890,750059
4891,651857
4892,712200
4893,657741
4894,1118993
4895,659492
4896,952780
4897,729027
4898,1223047
4899,3619752
4900,2202361
4901,694924
4902,673973
4903,1275067
4904,668144
4905,651548
4906,647239
4907,1204712
4908,727234
4909,1041791
4910,644779
4911,651149
4912,702015
4913,642583
4914,1081723
4915,665355
4916,652532
4917,651762
4918,1173098
4919,718100
4920,1097034
4921,662512
4922,702893
4923,652256
4924,649138
4925,700433
4926,1291617
4927,731697
4928,672029
4929,1293661
4930,696782
4931,682036
4932,672891
4933,656550
4934,670587
4935,1247380
4936,680657
4937,729002
4938,1150965
4939,923450
4940,1442965
4941,968825
4942,1146730
4943,721334
4944,9856009
4945,870729
4946,1779194
4947,845197
4948,791458
4949,708022
4950,705204
4951,1727375
4952,789938
4953,741799
4954,1856565
4955,835857
4956,762226
4957,745767
4958,830616
4959,730266
4960,1304620
4961,735396
4962,733864
4963,1151925
4964,792900
4965,1420000
4966,735841
4967,732038
4968,729463
4969,736084
4970,1323190
4971,780940
4972,788397
4973,1384583
4974,769754
4975,773618
4976,776486
4977,780618
4978,1309783
4979,819405
4980,846737
4981,1407973
4982,847380
4983,1511866
4984,781735
4985,780338
4986,782522
4987,774859
4988,1346431
4989,798932
4990,1510177
4991,773762
4992,1294114
4993,785208
4994,787281
4995,775637
4996,788504
4997,1328295
4998,793131
4999,1466206
5000,1741001
5001,1121874
5002,783140
5003,770496
5004,1260362
5005,769622
5006,1354136
5007,860973
5008,1699046
5009,946996
5010,797202
5011,785352
5012,791870
5013,1343733
5014,1234011
5015,848143
5016,804498
5017,1339996
5018,876270
5019,1510242
5020,806233
5021,804139
5022,1421239
5023,864566
5024,1279294
5025,1311567
5026,857599
5027,1409353
5028,791499
5029,896480
5030,1312308
5031,5165144
5032,1640248
5033,890105
5034,1757045
5035,839564
5036,11271131
5037,1466297
5038,1785992
5039,857095
5040,1666723
5041,929272
5042,938513
5043,1217966
5044,797647
5045,1233924
5046,861912
5047,807209
5048,1167895
5049,857936
5050,1355701
5051,829623
5052,918542
5053,1521943
5054,1472667
5055,949583
5056,864195
5057,1503449
5058,844719
5059,845699
5060,1442883
5061,1560866
5062,1036781
5063,860989
5064,1491916
5065,841522
5066,844644
5067,831073
5068,1661471
5069,1739600
5070,956773
5071,1791649
5072,932200
5073,970085
5074,836166
5075,1637944
5076,1357218
5077,889241
5078,950923
5079,885043
5080,2048553
5081,1308394
5082,1642538
5083,1491311
5084,847380
5085,832474
5086,1871188
5087,858710
5088,827702
5089,1334764
5090,850195
5091,1466022
5092,899228
5093,827897
5094,1583078
5095,854990
5096,847253
5097,830183
5098,1541390
5099,1513464
5100,873963
5101,831481
5102,1464576
5103,826092
5104,917879
5105,824679
5106,1354684
5107,833532
5108,917195
5109,1407743
5110,1494058
5111,1233639
5112,998197
5113,942629
5114,1551637
5115,838588
5116,836688
5117,1355512
5118,922033
5119,1384188
5120,14911278
5121,1516068
5122,933630
5123,1545349
5124,913537
5125,949332
5126,1621242
5127,1561162
5128,850050
5129,833916
5130,829058
5131,1415006
5132,843516
5133,1338830
5134,1383430
5135,1498747
5136,836928
5137,843298
5138,841386
5139,1404854
5140,832774
5141,862443
5142,1635242
5143,1589991
5144,869098
5145,850718
5146,848896
5147,1412723
5148,842992
5149,1351375
5150,1785390
5151,943959
5152,829364
5153,828592
5154,826450
5155,834559
5156,2238177
5157,1658582
5158,982387
5159,853540
5160,934438
5161,1420535
5162,838234
5163,1414446
5164,1344218
5165,882673
5166,1447897
5167,833190
5168,825688
5169,909470
5170,1511165
5171,1477211
5172,967778
5173,1684234
5174,912181
5175,893027
5176,1452993
5177,1006004
5178,1580832
5179,1354226
5180,908473
5181,835580
5182,827002
5183,7764759
5184,1894787
5185,1041458
5186,895190
5187,1450765
5188,1733963
5189,869967
5190,841187
5191,1490519
5192,847867
5193,1392544
5194,911687
5195,1600778
5196,859959
5197,854805
5198,1470759
5199,12266291
5200,1690291
5201,931505
5202,892380
5203,885516
5204,861191
5205,1460554
5206,1034536
5207,1642773
5208,846972
5209,844361
5210,842461
5211,838258
5212,1474883
5213,1548155
5214,918584
5215,942798
5216,1499196
5217,843347
5218,812273
5219,944269
5220,1587020
5221,1420865
5222,890815
5223,839305
5224,1721133
5225,833479
5226,833339
5227,825421
5228,1541802
5229,1907255
5230,1497264
5231,866086
5232,927397
5233,843907
5234,1490292
5235,826644
5236,1406844
5237,1278355
5238,898976
5239,1374415
5240,844158
5241,848546
5242,941203
5243,1487763
5244,1552560
5245,1875773
5246,1404537
5247,952101
5248,1748507
5249,1058354
5250,1584561
5251,883287
5252,1613892
5253,1094322
5254,904316
5255,897340
5256,1466079
5257,1848032
5258,1558007
5259,961993
5260,1540516
5261,902070
5262,880296
5263,1483169
5264,966158
5265,880658
5266,1026201
5267,1669159
5268,906793
5269,890056
5270,1665863
5271,1007438
5272,900835
5273,900460
5274,2137094
5275,999609
5276,890774
5277,1466985
5278,1541069
5279,1010561
5280,942888
5281,1095092
5282,1567470
5283,1701044
5284,895244
5285,1345607
5286,836524
5287,12930772
5288,1280942
5289,1684485
5290,2077229
5291,911798
5292,865517
5293,845951
5294,1415072
5295,1432454
5296,871426
5297,1665405
5298,1407874
5299,900332
5300,837941
5301,836018
5302,1294468
5303,884421
5304,1611164
5305,841036
5306,1462556
5307,850285
5308,834884
5309,830393
5310,843104
5311,1301773
5312,1278240
5313,913562
5314,1454707
5315,941447
5316,839857
5317,821037
5318,1468522
5319,836182
5320,1335657
5321,1418936
5322,1502789
5323,823369
5324,821972
5325,927174
5326,1412501
5327,1341578
5328,795582
5329,1412522
5330,862831
5331,1091483
5332,776259
5333,768744
5334,778480
5335,4700668
5336,1736271
5337,1428162
5338,808660
5339,787812
5340,794112
5341,810686
5342,1293002
5343,800287
5344,788599
5345,1306784
5346,1026485
5347,1901619
5348,785126
5349,771620
5350,886794
5351,776403
5352,1397570
5353,760714
5354,1282199
5355,837150
5356,1302350
5357,784606
5358,786222
5359,1419971
5360,1070055
5361,780103
5362,775460
5363,1324936
5364,840727
5365,1426789
5366,780755
5367,1385441
5368,1343082
5369,835662
5370,879884
5371,1263415
5372,831563
5373,1364914
5374,780923
5375,1254883
5376,869258
5377,10790477
5378,917051
5379,1589027
5380,1161987
5381,828577
5382,809508
5383,1460615
5384,785743
5385,797144
5386,794029
5387,1366748
5388,1367687
5389,899455
5390,1507156
5391,1390223
5392,855707
5393,781286
5394,768167
5395,1240846
5396,1259518
5397,861524
5398,1232844
5399,790613
5400,773816
5401,825799
5402,778394
5403,780437
5404,1283303
5405,788615
5406,1355005
5407,1338480
5408,798298
5409,865909
5410,790457
5411,779526
5412,1319346
5413,796835
5414,1232510
5415,1333392
5416,780672
5417,775229
5418,781299
5419,771929
5420,931768
5421,5881966
5422,1728373
5423,869407
5424,1501182
5425,896447
5426,814894
5427,805471
5428,1278379
5429,793436
5430,1333753
5431,958590
5432,1216904
5433,789283
5434,776741
5435,857215
5436,1179596
5437,741263
5438,721408
5439,719871
5440,1264186
5441,719694
5442,728013
5443,719896
5444,727947
5445,727807
5446,1299631
5447,738499
5448,734164
5449,1663766
5450,800683
5451,733480
5452,719727
5453,725487
5454,716102
5455,1229371
5456,725121
5457,718623
5458,1339794
5459,1270114
5460,775835
5461,741382
5462,728685
5463,733653
5464,1240129
5465,737411
5466,1160104
5467,1740618
5468,960353
5469,744201
5470,736158
5471,748144
5472,1169399
5473,728849
5474,723522
5475,1243210
5476,739520
5477,8808693
5478,1134543
5479,839421
5480,779592
5481,1563787
5482,776906
5483,1282364
5484,815512
5485,747220
5486,1220612
5487,821136
5488,743674
5489,736809
5490,1209826
5491,751489
5492,1264705
5493,740381
5494,741824
5495,1217732
5496,995304
5497,758460
5498,736719
5499,736954
5500,1168724
5501,1179378
5502,804766
5503,781443
5504,728944
5505,1710479
5506,736290
5507,727584
5508,729476
5509,1092506
5510,730592
5511,1261570
5512,725883
5513,733101
5514,1301514
5515,4956201
5516,3731547
5517,929824
5518,1464023
5519,847673
5520,769082
5521,749408
5522,1168455
5523,857994
5524,747332
5525,742536
5526,1473268
5527,1331323
5528,1030411
5529,741337
5530,1162696
5531,788690
5532,1350012
5533,746401
5534,735882
5535,1447151
5536,798397
5537,731095
5538,827043
5539,739039
5540,1427778
5541,1177854
5542,699827
5543,1259835
5544,778035
5545,687084
5546,685333
5547,690772
5548,1207312
5549,801104
5550,1129537
5551,1095027
5552,1178801
5553,688773
5554,686939
5555,689816
5556,686387
5557,1158991
5558,680669
5559,1238736
5560,740299
5561,684158
5562,677447
5563,1196752
5564,745622
5565,675276
5566,684789
5567,1127683
5568,735078
5569,684158
5570,1213583
5571,691369
5572,678374
5573,1239540
5574,681617
5575,690652
5576,683467
5577,1127296
5578,682881
5579,1165357
5580,10137791
5581,1119468
5582,1441910
5583,739780
5584,778756
5585,708908
5586,1199809
5587,768847
5588,1190618
5589,800205
5590,1175410
5591,705760
5592,702580
5593,694821
5594,690713
5595,695810
5596,758200
5597,1170751
5598,700358
5599,1189822
5600,702456
5601,1221625
5602,687752
5603,685778
5604,682696
5605,684361
5606,1191973
5607,686412
5608,734762
5609,1210283
5610,1260923
5611,685910
5612,681501
5613,690508
5614,683776
5615,1090425
5616,690545
5617,682959
5618,680203
5619,1284140
5620,1125965
5621,687458
5622,686004
5623,684060
5624,681142
5625,687970
5626,1234756
5627,687376
5628,1297790
5629,690764
5630,1310595
5631,736566
5632,694932
5633,695266
5634,692255
5635,1104273
5636,681341
5637,1187721
5638,695951
5639,677731
5640,1068733
5641,728989
5642,676421
5643,681933
5644,734243
5645,1121873
5646,749054
5647,1041256
5648,753298
5649,680303
5650,1137258
5651,676978
5652,669623
5653,671844
5654,676162
5655,1178484
5656,756504
5657,685835
5658,1141968
5659,1204033
5660,694714
5661,692106
5662,691686
5663,686833
5664,686544
5665,692465
5666,680277
5667,683977
5668,1196711
5669,1542045
5670,696700
5671,693013
5672,812883
5673,683573
5674,676788
5675,1121412
5676,682095
5677,680138
5678,1370864
5679,1313747
5680,704162
5681,680607
5682,672528
5683,679593
5684,681476
5685,1191318
5686,694591
5687,1136240
5688,1210575
5689,670896
5690,678663
5691,730283
5692,676611
5693,672041
5694,1129096
5695,686235
5696,1154863
5697,693021
5698,1179208
5699,680731
5700,678585
5701,672548
5702,668787
5703,674703
5704,742239
5705,8252802
5706,818408
5707,1557867
5708,1250363
5709,758839
5710,690866
5711,685769
5712,678453
5713,1182365
5714,688390
5715,686388
5716,1317726
5717,688522
5718,814666
5719,3819623
5720,1388015
5721,719962
5722,695905
5723,688213
5724,689366
5725,1187053
5726,1224921
5727,687888
5728,679293
5729,682874
5730,679725
5731,668477
5732,681583
5733,1161159
5734,688822
5735,1147662
5736,1131082
5737,686791
5738,741638
5739,686854
5740,682531
5741,673632
5742,1138062
5743,711458
5744,1114004
5745,1119513
5746,737646
5747,1200361
5748,686338
5749,671325
5750,736476
5751,669965
5752,674344
5753,1154448
5754,1111648
5755,735355
5756,680253
5757,1195339
5758,688781
5759,686540
5760,678205
5761,681080
5762,1379869
5763,691624
5764,1157978
5765,672104
5766,1130254
5767,1192315
5768,689424
5769,690220
5770,684723
5771,681748
5772,1142507
5773,694739
5774,1257750
5775,674823
5776,1225094
5777,655557
5778,641462
5779,646604
5780,643481
5781,636065
5782,1049266
5783,645512
5784,637054
5785,1124058
5786,1244788
5787,1693731
5788,673418
5789,651120
5790,649076
5791,639773
5792,638504
5793,1160422
5794,641820
5795,1555242
5796,734486
5797,714598
5798,652467
5799,655005
5800,642644
5801,1097578
5802,639130
5803,640675
5804,645088
5805,1106811
5806,634911
5807,1145115
5808,641066
5809,635129
5810,633872
5811,702147
5812,1149935
5813,695287
5814,1229070
5815,757496
5816,694454
5817,684805
5818,1279554
5819,700899
5820,676479
5821,682346
5822,679993
5823,1135647
5824,765675
5825,9177429
5826,795393
5827,1320697
5828,1278239
5829,840911
5830,1250841
5831,1272455
5832,700198
5833,694307
5834,688447
5835,687426
5836,1253808
5837,687443
5838,687817
5839,1238184
5840,1155947
5841,688493
5842,706337
5843,698579
5844,685938
5845,1117374
5846,694607
5847,746595
5848,691353
5849,1109905
5850,759709
5851,695225
5852,688798
5853,694850
5854,693928
5855,701896
5856,1081295
5857,690462
5858,1248430
5859,829812
5860,1231625
5861,703222
5862,696948
5863,684999
5864,690965
5865,684941
5866,679465
5867,1126270
5868,690631
5869,756710
5870,1071996
5871,692019
5872,756763
5873,690647
5874,690874
5875,690153
5876,683919
5877,1105018
5878,688357
5879,750261
5880,1127308
5881,683969
5882,674698
5883,677006
5884,678444
5885,730419
5886,1128202
5887,695934
5888,1236655
5889,775007
5890,1115639
5891,767513
5892,695794
5893,688090
5894,689700
5895,682721
5896,1292627
5897,1178233
5898,747188
5899,678646
5900,685790
5901,1224168
5902,692831
5903,686779
5904,677451
5905,682906
5906,1106803
5907,757229
5908,1171801
5909,657757
5910,1041025
5911,737395
5912,645850
5913,643757
5914,1022068
5915,647107
5916,641079
5917,1108937
5918,631067
5919,642773
5920,1043155
5921,746661
5922,641079
5923,701274
5924,639389
5925,1150447
5926,1038903
5927,681843
5928,645422
5929,641714
5930,639798
5931,638133
5932,1030753
5933,680129
5934,1044111
5935,715772
5936,1165440
5937,691694
5938,677727
5939,680487
5940,677542
5941,683182
5942,1002400
5943,683343
5944,1138387
5945,1274910
5946,816224
5947,1061481
5948,688262
5949,683841
5950,9314035
5951,996351
5952,711026
5953,658899
5954,1385766
5955,1179526
5956,669903
5957,649455
5958,639521
5959,643473
5960,706584
5961,647556
5962,1135457
5963,652273
5964,1057843
5965,911102
5966,1228769
5967,652644
5968,644837
5969,648800
5970,642636
5971,635480
5972,1086189
5973,694343
5974,1391748
5975,1091612
5976,1054906
5977,686738
5978,650184
5979,638116
5980,640836
5981,641565
5982,1194458
5983,652314
5984,1038763
5985,1117766
5986,653336
5987,1078571
5988,692670
5989,643365
5990,633856
5991,644511
5992,643180
5993,1062862
5994,659665
5995,1195071
5996,649121
5997,1116282
5998,1334318
5999,693091
6000,647737
6001,640811
6002,636357
6003,1073628
6004,662585
6005,1079420
6006,710230
6007,639262
6008,1134428
6009,783852
6010,1076239
6011,645615
6012,641330
6013,641404
6014,1013329
6015,640696
6016,1130064
6017,645195
6018,631179
6019,634351
6020,1108561
6021,680829
6022,646402
6023,646595
6024,1086758
6025,638920
6026,1097079
6027,668308
6028,650060
6029,641227
6030,1194041
6031,719550
6032,1135289
6033,677372
6034,705353
6035,1347090
6036,666096
6037,641487
6038,647123
6039,1096399
6040,636460
6041,706708
6042,1048428
6043,640967
6044,1011611
6045,1067542
6046,696692
6047,653336
6048,650596
6049,647572
6050,651037
6051,2569000
6052,754740
6053,658795
6054,640568
6055,1121709
6056,643736
6057,689420
6058,653072
6059,650939
6060,3688451
6061,1572789
6062,768521
6063,1589068
6064,8391773
6065,960963
6066,768295
6067,729397
6068,1399618
6069,1163528
6070,672017
6071,658935
6072,653558
6073,1493231
6074,753752
6075,659442
6076,663088
6077,1044284
6078,1141032
6079,712674
6080,660217
6081,658219
6082,1016861
6083,656702
6084,1089077
6085,669174
6086,660806
6087,658511
6088,1095509
6089,1054914
6090,636827
6091,1022818
6092,854862
6093,1068061
6094,723682
6095,659380
6096,651256
6097,1094866
6098,1114235
6099,644635
6100,649294
6101,649900
6102,986116
6103,655215
6104,1154625
6105,703762
6106,641388
6107,1126661
6108,717300
6109,1065127
6110,661321
6111,642751
6112,641812
6113,1070170
6114,1418739
6115,753743
6116,649941
6117,1125264
6118,718689
6119,1036106
6120,643662
6121,648886
6122,640861
6123,1046863
6124,1028162
6125,655347
6126,653032
6127,642616
6128,1033683
6129,723320
6130,1921803
6131,696416
6132,658177
6133,1157237
6134,642591
6135,1223212
6136,652208
6137,647004
6138,641891
6139,1162280
6140,647572
6141,647650
6142,997888
6143,698900
6144,647856
6145,1152502
6146,653365
6147,650559
6148,655021
6149,1138754
6150,642117
6151,649504
6152,714816
6153,641833
6154,1100919
6155,648132
6156,1273118
6157,655066
6158,648895
6159,642826
6160,1107833
6161,658449
6162,652422
6163,650172
6164,1117902
6165,651906
6166,1077199
6167,648812
6168,648862
6169,643320
6170,1066821
6171,625728
6172,638013
6173,640374
6174,979940
6175,3287966
6176,716918
6177,1229198
6178,671003
6179,653954
6180,8263205
6181,985177
6182,1307381
6183,701175
6184,666105
6185,660946
6186,1151666
6187,1252172
6188,1093050
6189,735170
6190,660044
6191,647865
6192,649233
6193,647062
6194,643605
6195,1145301
6196,653155
6197,1050831
6198,961218
6199,1129290
6200,652368
6201,644861
6202,737930
6203,688279
6204,1186728
6205,696907
6206,693178
6207,677649
6208,1243816
6209,684550
6210,690087
6211,691669
6212,685485
6213,693325
6214,699559
6215,701694
6216,1180638
6217,1177322
6218,1438585
6219,752050
6220,695962
6221,690734
6222,682391
6223,688369
6224,1211432
6225,774479
6226,689185
6227,1286006
6228,738210
6229,1225548
6230,686981
6231,683792
6232,682589
6233,671716
6234,1151040
6235,699460
6236,1182575
6237,728899
6238,1190959
6239,825379
6240,734300
6241,730884
6242,727486
6243,1261310
6244,735565
6245,1267808
6246,715529
6247,1672677
6248,806513
6249,724635
6250,726167
6251,735664
6252,743023
6253,1243017
6254,1297600
6255,711961
6256,1806823
6257,780705
6258,812994
6259,737671
6260,718549
6261,844645
6262,787001
6263,1325123
6264,747592
6265,1292087
6266,725260
6267,729237
6268,720156
6269,1127110
6270,1199125
6271,737832
6272,1132252
6273,804152
6274,2046032
6275,868772
6276,840067
6277,2068511
6278,2521265
6279,2912394
6280,1622189
6281,2094756
6282,940503
6283,1417750
6284,790161
6285,1326799
6286,1241723
6287,793902
6288,11919833
6289,1969328
6290,950004
6291,830776
6292,812920
6293,1259819
6294,893385
6295,1289821
6296,4621649
6297,1713969
6298,842976
6299,798030
6300,791952
6301,784520
6302,1329873
6303,777474
6304,773025
6305,1389783
6306,773870
6307,872064
6308,810156
6309,849061
6310,1408957
6311,831901
6312,1327636
6313,1529005
6314,950581
6315,836227
6316,829915
6317,894514
6318,1340029
6319,847640
6320,836705
6321,1685396
6322,1432826
6323,923095
6324,833854
6325,827505
6326,816608
6327,1346711
6328,875093
6329,1473170
6330,976323
6331,1505232
6332,889670
6333,885190
6334,893134
6335,878573
6336,1679652
6337,991184
6338,1426386
6339,890077
6340,886171
6341,881557
6342,883118
6343,1643840
6344,908568
6345,1697526
6346,968437
6347,980084
6348,964523
6349,1641805
6350,1010120
6351,983710
6352,1609900
6353,8243989
6354,1491195
6355,1014826
6356,1905652
6357,1711661
6358,1038755
6359,929070
6360,1459227
6361,1691024
6362,925897
6363,1719395
6364,977744
6365,859568
6366,848258
6367,1333359
6368,1054473
6369,11823624
6370,1112736
6371,1617909
6372,894098
6373,2011543
6374,979100
6375,864565
6376,1430279
6377,905939
6378,850136
6379,845560
6380,1432430
6381,870865
6382,1379046
6383,791837
6384,780255
6385,1313005
6386,777116
6387,781215
6388,1206962
6389,789208
6390,1412019
6391,794449
6392,774397
6393,1350902
6394,1360926
6395,848856
6396,787619
6397,771377
6398,1255134
6399,6631086
6400,1056186
6401,903212
6402,820299
6403,807922
6404,875792
6405,1357378
6406,802340
6407,792187
6408,1476684
6409,811054
6410,799192
6411,782757
6412,799344
6413,790144
6414,1429703
6415,1386392
6416,818333
6417,1312881
6418,725083
6419,722208
6420,722999
6421,723292
6422,1209932
6423,737270
6424,1166638
6425,1520604
6426,783082
6427,743587
6428,731630
6429,732417
6430,728433
6431,736146
6432,1283303
6433,1238448
6434,882129
6435,1229037
6436,800869
6437,719719
6438,718508
6439,713490
6440,1289513
6441,715962
6442,1249720
6443,736323
6444,1244941
6445,717251
6446,720259
6447,720856
6448,1248670
6449,735104
6450,722850
6451,727988
6452,1260206
6453,1185756
6454,734081
6455,724041
6456,728367
6457,721235
6458,716349
6459,1288490
6460,1209714
6461,728458
6462,1237760
6463,717766
6464,717395
6465,728985
6466,715389
6467,712159
6468,723369
6469,9586395
6470,1460191
6471,817538
6472,1506815
6473,749475
6474,750723
6475,755750
6476,1292166
6477,760426
6478,764398
6479,1213805
6480,979252
6481,1311666
6482,802665
6483,752182
6484,736360
6485,1118565
6486,701224
6487,704598
6488,705262
6489,1318823
6490,712274
6491,1199302
6492,685048
6493,687912
6494,744304
6495,688069
6496,1091426
6497,687545
6498,688958
6499,1145383
6500,1281820
6501,697668
6502,700425
6503,697319
6504,698147
6505,1169621
6506,753907
6507,700643
6508,1109871
6509,4479126
6510,937598
6511,737139
6512,1239239
6513,779123
6514,704899
6515,1205664
6516,804684
6517,1093597
6518,752429
6519,1182962
6520,681736
6521,684694
6522,689737
6523,1206809
6524,704397
6525,1267210
6526,4406193
6527,1220306
6528,817370
6529,724572
6530,703820
6531,1374415
6532,1337767
6533,763631
6534,710012
6535,664551
6536,1113840
6537,1140002
6538,660200
6539,649348
6540,1187655
6541,709366
6542,649423
6543,711009
6544,653860
6545,1068052
6546,730118
6547,682279
6548,1223129
6549,703115
6550,1154513
6551,676252
6552,682411
6553,687970
6554,680896
6555,1244521
6556,704809
6557,1355936
6558,710622
6559,693746
6560,1191470
6561,1232404
6562,687727
6563,688020
6564,1114861
6565,731881
6566,1128911
6567,751699
6568,680380
6569,1148506
6570,755259
6571,1029246
6572,685267
6573,685399
6574,689049
6575,9369694
6576,1237413
6577,859984
6578,1202701
6579,1270106
6580,706506
6581,704174
6582,701191
6583,696263
6584,1120024
6585,759408
6586,1115545
6587,706482
6588,700952
6589,1189571
6590,710066
6591,751490
6592,703770
6593,703845
6594,1098562
6595,695258
6596,1114675
6597,1108294
6598,687199
6599,687249
6600,690323
6601,687059
6602,688860
6603,686726
6604,1293723
6605,696193
6606,1128127
6607,649360
6608,1112682
6609,704145
6610,638236
6611,635117
6612,641462
6613,639464
6614,1141399
6615,639287
6616,1084314
6617,1057810
6618,702530
6619,989569
6620,650769
6621,642327
6622,648503
6623,635694
6624,637391
6625,1110131
6626,649397
6627,1134160
6628,697434
6629,1158027
6630,645388
6631,639381
6632,638830
6633,640511
6634,638863
6635,1057456
6636,651783
6637,1146504
6638,639897
6639,1349896
6640,657188
6641,894424
6642,648928
6643,640675
6644,641273
6645,1156738
6646,692556
6647,1198858
6648,736385
6649,1182600
6650,647482
6651,639946
6652,640066
6653,700112
6654,646068
6655,1077979
6656,639389
6657,644791
6658,716365
6659,1089564
6660,707771
6661,1012233
6662,640040
6663,639913
6664,632477
6665,638627
6666,1227574
6667,649447
6668,1086898
6669,675676
6670,1320075
6671,749894
6672,676018
6673,676235
6674,677225
6675,674287
6676,674991
6677,670756
6678,1110898
6679,1227323
6680,741490
6681,676351
6682,672342
6683,673265
6684,675675
6685,719422
6686,1230142
6687,677686
6688,674806
6689,1128231
6690,1703915
6691,711075
6692,680619
6693,692424
6694,680678
6695,680471
6696,1175938
6697,692399
6698,1150640
6699,1303681
6700,701575
6701,9166743
6702,973175
6703,744695
6704,794305
6705,713354
6706,1390550
6707,709930
6708,1384983
6709,704005
6710,694278
6711,696330
6712,695225
6713,690005
6714,1148597
6715,705266
6716,752853
6717,682470
6718,1242810
6719,739900
6720,1151340
6721,698138
6722,687224
6723,687265
6724,682329
6725,693218
6726,685465
6727,1109542
6728,743649
6729,1217839
6730,701763
6731,683602
6732,676194
6733,679968
6734,1165316
6735,688151
6736,685074
6737,1153232
6738,759474
6739,682696
6740,766866
6741,686656
6742,3402957
6743,706288
6744,672169
6745,1239098
6746,740192
6747,659063
6748,644745
6749,708842
6750,1169877
6751,657991
6752,654762
6753,651808
6754,1061798
6755,1013370
6756,700622
6757,641956
6758,658688
6759,960621
6760,705068
6761,655627
6762,1104890
6763,668185
6764,650452
6765,654840
6766,1206500
6767,663925
6768,656978
6769,645380
6770,644931
6771,1144440
6772,651684
6773,1116620
6774,697450
6775,966999
6776,974650
6777,683117
6778,647606
6779,645462
6780,638767
6781,635179
6782,1049801
6783,704899
6784,1208609
6785,651321
6786,1097837
6787,685156
6788,636015
6789,636444
6790,635991
6791,636753
6792,1117972
6793,645042
6794,1189917
6795,644478
6796,984147
6797,1038853
6798,684596
6799,697219
6800,644408
6801,638735
6802,647547
6803,1062330
6804,642793
6805,1192946
6806,656669
6807,1058445
6808,1076240
6809,639855
6810,644935
6811,641557
6812,1196632
6813,1070010
6814,645047
6815,635105
6816,633745
6817,1073529
6818,647613
6819,1046855
6820,632777
6821,948302
6822,7985667
6823,1079770
6824,1557779
6825,719838
6826,663871
6827,1197160
6828,737254
6829,662788
6830,665465
6831,1155168
6832,1010425
6833,1151641
6834,656418
6835,640844
6836,1151885
6837,745758
6838,713267
6839,652392
6840,652570
6841,644107
6842,1116707
6843,643060
6844,1176700
6845,649381
6846,1072272
6847,645591
6848,637227
6849,639447
6850,635756
6851,641552
6852,1216146
6853,639996
6854,1130242
6855,652524
6856,1005906
6857,1083511
6858,641145
6859,634886
6860,639790
6861,1006791
6862,649467
6863,1008023
6864,772831
6865,649015
6866,1070397
6867,704186
6868,1033942
6869,641561
6870,637169
6871,640301
6872,1066537
6873,654943
6874,998885
6875,634433
6876,644984
6877,1049273
6878,718141
6879,1050076
6880,640794
6881,647984
6882,643605
6883,1053129
6884,868739
6885,645355
6886,642954
6887,1079992
6888,720581
6889,1082321
6890,650745
6891,645129
6892,634495
6893,1013989
6894,1213261
6895,648627
6896,638434
6897,1068877
6898,1116056
6899,703976
6900,640440
6901,690429
6902,1137727
6903,1107973
6904,645277
6905,638124
6906,635447
6907,1037181
6908,644161
6909,1203356
6910,646930
6911,1061861
6912,704120
6913,751073
6914,639674
6915,1216660
6916,735532
6917,1114177
6918,739508
6919,1266262
6920,692238
6921,1137113
6922,726542
6923,1108525
6924,733179
6925,684958
6926,686825
6927,1265974
6928,750904
6929,1036864
6930,696523
6931,1140475
6932,742326
6933,1057897
6934,670266
6935,671407
6936,1176757
6937,688044
6938,1132578
6939,664160
6940,1075173
6941,736385
6942,1115764
6943,690273
6944,685073
6945,686754
6946,1080825
6947,8642913
6948,1462701
6949,807787
6950,1329584
6951,710659
6952,702876
6953,697042
6954,697450
6955,1240195
6956,719279
6957,691282
6958,1141901
6959,752243
6960,1176239
6961,3390938
6962,787800
6963,708022
6964,1387368
6965,747547
6966,1153524
6967,803464
6968,1106440
6969,770796
6970,700915
6971,694463
6972,691167
6973,654836
6974,662982
6975,1078020
6976,647540
6977,1106675
6978,639427
6979,1163202
6980,651523
6981,644651
6982,690932
6983,646719
6984,1321344
6985,695575
6986,1224217
6987,729051
6988,966414
6989,703268
6990,635335
6991,646988
6992,640650
6993,652685
6994,1134963
6995,653859
6996,1034293
6997,1084682
6998,632550
6999,912173
7000,696890
7001,638561
7002,635579
7003,642418
7004,631203
7005,1007520
7006,641261
7007,1207279
7008,714037
7009,644086
7010,635822
7011,936720
7012,722435
7013,648375
7014,642174
7015,1185249
7016,655833
7017,935398
7018,1065149
7019,699184
7020,712682
7021,656513
7022,1578500
7023,932485
7024,712983
7025,689358
7026,1019749
7027,2558881
7028,715335
7029,1271380
7030,691876
7031,1530983
7032,774512
7033,690471
7034,676479
7035,1228402
7036,689795
7037,1162184
7038,762069
7039,995338
7040,774265
7041,1186238
7042,679742
7043,673784
7044,676594
7045,1065156
7046,684545
7047,1091504
7048,671596
7049,671456
7050,671790
7051,3957436
7052,980707
7053,8528399
7054,908230
7055,862221
7056,718499
7057,688822
7058,687727
7059,1321073
7060,1299429
7061,702724
7062,689193
7063,1214012
7064,758053
7065,1103321
7066,656723
7067,1024165
7068,722500
7069,701203
7070,664378
7071,648516
7072,1026477
7073,639064
7074,1140253
7075,714346
7076,654885
7077,655660
7078,968413
7079,695876
7080,1089144
7081,654696
7082,647976
7083,1094125
7084,1079610
7085,645446
7086,641038
7087,699811
7088,1025698
7089,649228
7090,1081830
7091,640482
7092,635154
7093,628451
7094,1086062
7095,1011896
7096,631438
7097,1060497
7098,688724
7099,701491
7100,1090738
7101,651329
7102,646003
7103,649723
7104,2540646
7105,1289862
7106,675918
7107,644952
7108,647246
7109,971643
7110,1554752
7111,672820
7112,642199
7113,1230302
7114,722525
7115,1086791
7116,644717
7117,1057868
7118,699609
7119,641689
7120,1109740
7121,725116
7122,650980
7123,1094013
7124,1119328
7125,636926
7126,641890
7127,647556
7128,953266
7129,672593
7130,643621
7131,1141699
7132,645376
7133,642468
7134,1128309
7135,654745
7136,676404
7137,680010
7138,672713
7139,673583
7140,1112611
7141,681851
7142,1218073
7143,691579
7144,1152663
7145,672462
7146,744110
7147,683355
7148,689527
7149,1014133
7150,641763
7151,1012593
7152,691331
7153,637379
7154,950729
7155,965141
7156,635970
7157,637297
7158,635261
7159,1033749
7160,654209
7161,1018554
7162,968890
7163,701282
7164,637194
7165,959937
7166,966991
7167,635487
7168,633556
7169,636996
7170,1042796
7171,634425
7172,1076841
7173,1072296
7174,713922
7175,649014
7176,1019147
7177,8665179
7178,1934909
7179,734115
7180,670739
7181,1133966
7182,676153
7183,1254026
7184,797136
7185,1066504
7186,657774
7187,655689
7188,654688
7189,933045
7190,655206
7191,651012
7192,1077504
7193,652244
7194,932922
7195,695249
7196,706325
7197,1097339
7198,652322
7199,641985
7200,643197
7201,1079087
7202,722047
7203,933037
7204,653930
7205,1031054
7206,713168
7207,722483
7208,1068638
7209,705954
7210,647387
7211,1117823
7212,726801
7213,654794
7214,647366
7215,968239
7216,690603
7217,652467
7218,1021068
7219,738638
7220,656822
7221,1113971
7222,660662
7223,656838
7224,655582
7225,660403
7226,1017137
7227,694603
7228,963629
7229,1083177
7230,1055685
7231,656488
7232,650168
7233,648717
7234,639204
7235,704429
7236,648651
7237,1053006
7238,656265
7239,652199
7240,1089971
7241,642859
7242,1118050
7243,657028
7244,651346
7245,654704
7246,657497
7247,653056
7248,1168187
7249,643213
7250,640098
7251,1040592
7252,685217
7253,1076013
7254,644025
7255,647320
7256,650658
7257,666076
7258,644853
7259,1068695
7260,650292
7261,1121206
7262,1080965
7263,986046
7264,652936
7265,643872
7266,646130
7267,644914
7268,650324
7269,640666
7270,1120003
7271,646031
7272,1032084
7273,735528
7274,645364
7275,1116992
7276,644008
7277,634383
7278,643254
7279,638063
7280,649195
7281,1107428
7282,1063694
7283,683845
7284,646098
7285,643873
7286,1042422
7287,703527
7288,648742
7289,641813
7290,1051795
7291,651157
7292,1045380
7293,700874
7294,639035
7295,643148
7296,1013713
7297,682395
7298,710680
7299,1050979
7300,640609
7301,635599
7302,639678
7303,1066891
7304,630486
7305,638809
7306,638767
7307,959299
7308,642727
7309,8226207
7310,952467
7311,1212017
7312,764155
7313,1005287
7314,675742
7315,718986
7316,664835
7317,1078081
7318,660225
7319,1161917
7320,664814
7321,1036410
7322,1155584
7323,658956
7324,665231
7325,652739
7326,1012275
7327,704516
7328,1015155
7329,703057
7330,646217
7331,1052916
7332,717663
7333,1061902
7334,655359
7335,644486
7336,647692
7337,1018933
7338,649641
7339,1047122
7340,771118
7341,609218
7342,1032929
7343,596871
7344,614187
7345,600900
7346,604221
7347,607558
7348,1012852
7349,621142
7350,1035442
7351,1046978
7352,618418
7353,1070891
7354,663875
7355,606474
7356,598473
7357,599643
7358,599272
7359,968268
7360,647815
7361,602061
7362,1084216
7363,610009
7364,662240
7365,1061658
7366,622262
7367,657675
7368,615377
7369,604398
7370,987386
7371,610582
7372,968816
7373,663876
7374,608847
7375,1019057
7376,597525
7377,601184
7378,611883
7379,604793
7380,607150
7381,1022955
7382,625229
7383,875686
7384,1158497
7385,1401447
7386,658511
7387,650147
7388,647997
7389,642822
7390,644049
7391,1051959
7392,637168
7393,636250
7394,1082840
7395,1165835
7396,719336
7397,1058680
7398,644157
7399,639732
7400,644560
7401,637161
7402,648491
7403,1114952
7404,633688
7405,1082823
7406,690030
7407,1115302
7408,642030
7409,639205
7410,634458
7411,634223
7412,642760
7413,1046125
7414,650943
7415,1075251
7416,955113
7417,650151
7418,4263415
7419,812100
7420,691476
7421,669672
7422,665976
7423,654437
7424,649809
7425,1189987
7426,670604
7427,1251314
7428,650493
7429,1058387
7430,8164149
7431,775081
7432,689201
7433,1134011
7434,742013
7435,1140335
7436,664015
7437,1258521
7438,686759
7439,664226
7440,656904
7441,658400
7442,659359
7443,1128837
7444,663039
7445,653205
7446,658572
7447,720201
7448,1113440
7449,651103
7450,647993
7451,646353
7452,639884
7453,646612
7454,1104314
7455,709530
7456,1150002
7457,650246
7458,1017722
7459,706741
7460,642773
7461,643538
7462,651140
7463,642125
7464,1085914
7465,640795
7466,1047741
7467,4113167
7468,1836826
7469,811647
7470,675317
7471,674134
7472,659557
7473,665507
7474,1154744
7475,1289924
7476,718640
7477,659289
7478,645916
7479,1072210
7480,913220
7481,663966
7482,1020820
7483,673047
7484,724882
7485,1123340
7486,641759
7487,650604
7488,659347
7489,738334
7490,708097
7491,1112167
7492,648779
7493,1147892
7494,719352
7495,1061967
7496,650407
7497,1105323
7498,703618
7499,691006
7500,1151201
7501,660579
7502,647271
7503,1096869
7504,685551
7505,647824
7506,644024
7507,636233
7508,634734
7509,1058330
7510,694389
7511,1184969
7512,755609
7513,1108702
7514,1190173
7515,648577
7516,654041
7517,645528
7518,1010985
7519,642476
7520,1173301
7521,667316
7522,648734
7523,643975
7524,1184318
7525,730650
7526,1020417
7527,650839
7528,992399
7529,1103078
7530,693837
7531,640489
7532,634223
7533,1076482
7534,1113230
7535,641380
7536,714021
7537,643666
7538,1090021
7539,645512
7540,1010960
7541,703869
7542,645282
7543,644721
7544,1025241
7545,693215
7546,635414
7547,636934
7548,634417
7549,683491
7550,7411185
7551,1421689
7552,1379161
7553,720226
7554,683879
7555,671398
7556,673583
7557,670916
7558,661926
7559,1210559
7560,668939
7561,1274416
7562,915139
7563,1477319
7564,667583
7565,647271
7566,649640
7567,1126719
7568,664267
7569,654840
7570,646023
7571,1055886
7572,1186860
7573,640325
7574,649966
7575,649538
7576,642694
7577,1165687
7578,654358
7579,648709
7580,644136
7581,1064580
7582,1135029
7583,1120333
7584,646657
7585,649648
7586,641359
7587,639332
7588,639076
7589,692774
7590,1115949
7591,652937
7592,1136512
7593,649809
7594,1303010
7595,644560
7596,645949
7597,649381
7598,647539
7599,642030
7600,642257
7601,1085032
7602,727201
7603,1198944
7604,5397505
7605,717177
7606,677484
7607,656360
7608,647728
7609,721240
7610,1252489
7611,712571
7612,1208478
7613,701735
7614,1231567
7615,679742
7616,679523
7617,682589
7618,679280
7619,1132845
7620,691339
7621,739006
7622,1215960
7623,1213232
7624,680421
7625,677929
7626,679659
7627,682729
7628,691735
7629,695744
7630,684163
7631,685163
7632,3516775
7633,1279117
7634,772794
7635,698019
7636,685300
7637,686227
7638,1277238
7639,720147
7640,693668
7641,683264
7642,1324714
7643,671003
7644,687249
7645,691776
7646,793691
7647,814205
7648,1235086
7649,687871
7650,737914
7651,1544114
7652,1228143
7653,780540
7654,683516
7655,674423
7656,670789
7657,674880
7658,1056463
7659,672729
7660,1023444
7661,755783
7662,10393312
7663,783326
7664,683841
7665,671390
7666,1339786
7667,664007
7668,660126
7669,662776
7670,1113238
7671,991308
7672,1076664
7673,666034
7674,659330
7675,654374
7676,656027
7677,645397
7678,1062202
7679,709419
7680,651960
7681,1207955
7682,732125
7683,992297
7684,659347
7685,648977
7686,653707
7687,992894
7688,645480
7689,1030379
7690,1068691
7691,781166
7692,717885
7693,1065601
7694,652245
7695,650192
7696,647556
7697,648717
7698,1007859
7699,651540
7700,650745
7701,646039
7702,1261598
7703,643967
7704,696160
7705,643683
7706,647700
7707,645413
7708,641850
7709,1269785
7710,639418
7711,640366
7712,1036303
7713,1221362
7714,643942
7715,658928
7716,653901
7717,698147
7718,1054036
7719,650102
7720,646979
7721,642566
7722,1006968
7723,1479824
7724,745112
7725,668873
7726,660291
7727,651940
7728,650312
7729,651450
7730,1089234
7731,781126
7732,637020
7733,1182542
7734,1116435
7735,640420
7736,733575
7737,1077385
7738,800041
7739,648927
7740,864405
7741,1105142
7742,733547
7743,1115508
7744,756025
7745,693499
7746,685300
7747,915749
7748,720086
7749,1277366
7750,1367135
7751,684772
7752,1304217
7753,956473
7754,684397
7755,679808
7756,677299
7757,678222
7758,1197321
7759,686730
7760,1241785
7761,687969
7762,1177277
7763,751942
7764,684559
7765,678708
7766,677752
7767,1123546
7768,684192
7769,1155316
7770,1216009
7771,1164690
7772,703090
7773,691768
7774,687908
7775,732232
7776,683953
7777,1180581
7778,716440
7779,1232070
7780,827035
7781,1317170
7782,735346
7783,726546
7784,732467
7785,724095
7786,726113
7787,10574040
7788,1741050
7789,771637
7790,1320268
7791,714429
7792,708347
7793,709744
7794,1227575
7795,703198
7796,1213414
7797,761373
7798,760351
7799,702225
7800,1190934
7801,703465
7802,692370
7803,684616
7804,701525
7805,1174549
7806,688604
7807,1034338
7808,3359445
7809,840450
7810,711830
7811,686483
7812,682420
7813,683660
7814,1049422
7815,691583
7816,676903
7817,1194725
7818,896974
7819,1301765
7820,705369
7821,677039
7822,676672
7823,675091
7824,1138066
7825,686437
7826,1204902
7827,747789
7828,1147682
7829,1009230
7830,734618
7831,688238
7832,684966
7833,1171187
7834,681040
7835,1041206
7836,1189653
7837,686470
7838,1107552
7839,690706
7840,681929
7841,680162
7842,684208
7843,3877600
7844,1443686
7845,849935
7846,1225663
7847,688596
7848,1256873
7849,762367
7850,743018
7851,689696
7852,1169634
7853,1268982
7854,771093
7855,1132437
7856,741320
7857,1094627
7858,739562
7859,680084
7860,677818
7861,1308258
7862,859497
7863,1179909
7864,906055
7865,678218
7866,1087891
7867,1181706
7868,679660
7869,678671
7870,675885
7871,683928
7872,1291857
7873,762630
7874,1091398
7875,674686
7876,1304547
7877,689552
7878,679268
7879,671180
7880,679095
7881,1205244
7882,769321
7883,1061510
7884,700416
7885,1145338
7886,1102283
7887,681896
7888,668930
7889,674789
7890,679029
7891,1115129
7892,1193197
7893,667032
7894,672997
7895,667728
7896,8608901
7897,1036538
7898,832952
7899,1259390
7900,802784
7901,1162197
7902,673999
7903,663661
7904,664646
7905,967283
7906,1076239
7907,728507
7908,659450
7909,1138836
7910,728578
7911,1363620
7912,665181
7913,805211
7914,649512
7915,1122401
7916,730633
7917,663121
7918,1044000
7919,652075
7920,1079103
7921,754101
7922,646250
7923,642335
7924,1156849
7925,702555
7926,1031071
7927,709073
7928,650609
7929,1066380
7930,712443
7931,1097684
7932,651857
7933,652297
7934,723394
7935,1025596
7936,648742
7937,1268685
7938,661156
7939,645438
7940,639740
7941,1155131
7942,638693
7943,642319
7944,644272
7945,1027565
7946,687302
7947,1129009
7948,659599
7949,684690
7950,685617
7951,1179040
7952,679198
7953,688345
7954,682012
7955,680244
7956,1085843
7957,695699
7958,1227558
7959,697228
7960,683157
7961,1205940
7962,925353
7963,683726
7964,674200
7965,677406
7966,1185442
7967,732594
7968,1378704
7969,682268
7970,1153005
7971,694706
7972,682197
7973,678061
7974,1099205
7975,673834
7976,1252278
7977,696136
7978,682337
7979,1027647
7980,1065511
7981,730489
7982,741176
7983,679425
7984,684633
7985,1125639
7986,725496
7987,1188385
7988,691340
7989,674872
7990,1169963
7991,677702
7992,798240
7993,733204
7994,746125
7995,1109204
7996,671357
7997,1210550
7998,682683
7999,1158637
8000,674971
8001,680480
8002,671765
8003,675082
8004,1134914
8005,698414
8006,729553
8007,1093989
8008,1278742
8009,680421
8010,687558
8011,683409
8012,680137
8013,684270
8014,1111083
8015,677702
8016,675247
8017,1147163
8018,1208285
8019,666191
8020,658639
8021,7911097
8022,951062
8023,702179
8024,672972
8025,1262583
8026,674579
8027,1395019
8028,674526
8029,652343
8030,653093
8031,647547
8032,652562
8033,650753
8034,1269793
8035,654226
8036,648293
8037,1204041
8038,735783
8039,1098476
8040,652760
8041,647943
8042,644239
8043,652343
8044,654193
8045,657634
8046,647815
8047,1879110
8048,740039
8049,669928
8050,658025
8051,655644
8052,659623
8053,654407
8054,1185748
8055,648993
8056,645438
8057,1073500
8058,672890
8059,3816157
8060,909680
8061,690191
8062,671391
8063,658948
8064,1304567
8065,654049
8066,646406
8067,1694427
8068,748778
8069,669063
8070,655738
8071,646777
8072,645355
8073,1158464
8074,658194
8075,641153
8076,707108
8077,1139676
8078,656435
8079,1040926
8080,1244472
8081,650369
8082,650444
8083,1088150
8084,1043542
8085,1152808
8086,658116
8087,928323
8088,646328
8089,642163
8090,2344319
8091,654886
8092,1104149
8093,648491
8094,644379
8095,640111
8096,1140661
8097,634495
8098,1064934
8099,1328163
8100,823125
8101,695418
8102,652512
8103,650567
8104,1117580
8105,641305
8106,1189311
8107,631974
8108,998732
8109,699971
8110,647971
8111,638883
8112,637160
8113,641512
8114,1133307
8115,657238
8116,1144765
8117,639254
8118,1017812
8119,691365
8120,1104095
8121,659747
8122,640910
8123,645706
8124,1040766
8125,1058387
8126,754913
8127,649801
8128,642653
8129,1014574
8130,690771
8131,1035705
8132,713646
8133,647119
8134,986075
8135,9768709
8136,809042
8137,707730
8138,679692
8139,1339378
8140,1307582
8141,782946
8142,658758
8143,1141547
8144,644857
8145,646735
8146,649039
8147,646023
8148,1079655
8149,664696
8150,644049
8151,641812
8152,1211963
8153,722142
8154,1099588
8155,651692
8156,644708
8157,649641
8158,644165
8159,1061008
8160,709753
8161,639839
8162,1263275
8163,893653
8164,650510
8165,778035
8166,647296
8167,646476
8168,709473
8169,1338146
8170,1279443
8171,775690
8172,3150271
8173,1480532
8174,683294
8175,656661
8176,650316
8177,717840
8178,1282854
8179,744378
8180,1092518
8181,638302
8182,635805
8183,1064390
8184,724223
8185,706214
8186,647337
8187,1055742
8188,1289813
8189,683742
8190,691670
8191,685967
8192,1122715
8193,675453
8194,1212519
8195,690389
8196,678671
8197,1336217
8198,840488
8199,677508
8200,674946
8201,673851
8202,1085679
8203,678934
8204,1246152
8205,697805
8206,1082230
8207,1210509
8208,728384
8209,690088
8210,690747
8211,752383
8212,685901
8213,1461143
8214,752680
8215,682144
8216,1204729
8217,673776
8218,681023
8219,682040
8220,732760
8221,1187202
8222,689440
8223,1266959
8224,696799
8225,1113134
8226,1204691
8227,677332
8228,694851
8229,688712
8230,696922
8231,1198516
8232,679322
8233,1211630
8234,681007
8235,674839
8236,1127497
8237,727972
8238,675189
8239,676236
8240,674035
8241,676577
8242,1095505
8243,688126
8244,1241513
8245,674456
8246,1255410
8247,680397
8248,698023
8249,686791
8250,684521
8251,1176889
8252,695138
8253,689099
8254,1032369
8255,9994458
8256,883760
8257,1478917
8258,749907
8259,715796
8260,706547
8261,708957
8262,1206945
8263,1457604
8264,703803
8265,702588
8266,688089
8267,3765064
8268,1453224
8269,792789
8270,953271
8271,1781934
8272,1529289
8273,756396
8274,822408
8275,729496
8276,1265393
8277,749639
8278,745449
8279,729797
8280,1300648
8281,1312420
8282,746326
8283,744378
8284,745524
8285,804824
8286,729669
8287,1233231
8288,785793
8289,1484957
8290,856494
8291,781863
8292,788064
8293,782431
8294,1231205
8295,802266
8296,1390846
8297,857623
8298,1814363
8299,862254
8300,779778
8301,775567
8302,769181
8303,1310318
8304,772411
8305,831238
8306,938616
8307,1322658
8308,859254
8309,792237
8310,785459
8311,789357
8312,1336593
8313,780021
8314,1357873
8315,809092
8316,1499983
8317,933231
8318,842135
8319,837306
8320,1306487
8321,824551
8322,1445100
8323,894967
8324,833681
8325,1587573
8326,839915
8327,831757
8328,823138
8329,1417095
8330,1417783
8331,889810
8332,826422
8333,1473722
8334,936259
8335,916553
8336,834695
8337,1630450
8338,1532940
8339,881973
8340,842317
8341,1477462
8342,838444
8343,820826
8344,928703
8345,1459738
8346,1358606
8347,880947
8348,830735
8349,1480548
8350,836886
8351,825857
8352,824204
8353,828325
8354,1953704
8355,14972581
8356,2349510
8357,1045516
8358,1072362
8359,949023
8360,1712135
8361,1702898
8362,3115173
8363,1092918
8364,2064939
8365,2113890
8366,2671986
8367,3054961
8368,2960204
8369,2368301
8370,1861489
8371,977349
8372,949798
8373,920875
8374,919697
8375,1665805
8376,1478752
8377,1861237
8378,926771
8379,924516
8380,1129232
8381,1884487
8382,999243
8383,1512693
8384,2165391
8385,924970
8386,915313
8387,923557
8388,926013
8389,920389
8390,1738656
8391,1796395
8392,904159
8393,928077
8394,913285
8395,1570676
8396,933919
8397,6490171
8398,2286782
8399,1339967
8400,1012073
8401,994220
8402,5038182
8403,1050102
8404,987402
8405,2090780
8406,996754
8407,2023009
8408,1155803
8409,2133539
8410,1095649
8411,2169458
8412,1070883
8413,1854468
8414,1724450
8415,989779
8416,18525151
8417,2214128
8418,7698092
8419,2371347
8420,1076247
8421,953325
8422,1742616
8423,1569316
8424,1762796
8425,1046945
8426,931229
8427,923816
8428,1478909
8429,1664417
8430,999989
8431,915930
8432,1582142
8433,915980
8434,909705
8435,1555308
8436,1024960
8437,1320965
8438,1428722
8439,977217
8440,1563849
8441,985388
8442,1612453
8443,992363
8444,897687
8445,900130
8446,1411154
8447,896550
8448,1596052
8449,918440
8450,1717441
8451,905552
8452,1537525
8453,983150
8454,898556
8455,1541477
8456,905536
8457,1394690
8458,1000809
8459,906726
8460,902792
8461,1446533
8462,949205
8463,1938221
8464,1625300
8465,905057
8466,1016721
8467,906953
8468,1472082
8469,884713
8470,889813
8471,2063658
8472,985626
8473,894424
8474,877107
8475,879023
8476,1523879
8477,894222
8478,884782
8479,1863932
8480,975952
8481,909721
8482,889525
8483,884605
8484,1403622
8485,999177
8486,1445367
8487,1348248
8488,954338
8489,899607
8490,897328
8491,889764
8492,1497948
8493,898799
8494,993434
8495,1741870
8496,1440414
8497,907579
8498,24341344
8499,4601325
8500,1656860
8501,1418442
8502,2345279
8503,10992436
8504,1951723
8505,1391011
8506,2500566
8507,2730092
8508,1367781
8509,1488109
8510,2531313
8511,1382601
8512,3650171
8513,1589389
8514,1567112
8515,2907751
8516,2538495
8517,1498570
8518,2641502
8519,1429200
8520,2541717
8521,1532421
8522,2415765
8523,1778378
8524,2462722
8525,9059686
8526,3957003
8527,3893586
8528,1227405
8529,1012674
8530,949950
8531,1746477
8532,973385
8533,1772910
8534,1034367
8535,930845
8536,945941
8537,1094022
8538,18611669
8539,3018527
8540,2321803
8541,1042212
8542,1847377
8543,1102715
8544,978029
8545,919111
8546,2597128
8547,1434404
8548,933264
8549,1026687
8550,913598
8551,926832
8552,1582274
8553,1914152
8554,921489
8555,1611893
8556,998048
8557,919980
8558,925646
8559,1420552
8560,1710396
8561,1908194
8562,941009
8563,900772
8564,891210
8565,882912
8566,1711850
8567,1593620
8568,1741120
8569,906054
8570,884437
8571,881507
8572,890473
8573,1557417
8574,900221
8575,1643420
8576,1571640
8577,958590
8578,893241
8579,873868
8580,1499822
8581,897654
8582,910138
8583,1931596
8584,927067
8585,887148
8586,979796
8587,963225
8588,1602990
8589,888395
8590,2094958
8591,1095188
8592,1029860
8593,997183
8594,1810589
8595,1002823
8596,1741503
8597,1838045
8598,958083
8599,916322
8600,1055833
8601,1519484
8602,1307018
8603,1944447
8604,1907502
8605,1172106
8606,932308
8607,1702853
8608,969492
8609,2268134
8610,1905536
8611,912268
8612,896096
8613,904683
8614,901704
8615,1767208
8616,901881
8617,1634876
8618,14565070
8619,1433439
8620,969475
8621,914151
8622,1855898
8623,1404010
8624,1560491
8625,889084
8626,889413
8627,887193
8628,877268
8629,1612017
8630,914468
8631,1635316
8632,2464638
8633,928595
8634,900550
8635,899186
8636,1542893
8637,1518524
8638,1648006
8639,1595549
8640,931797
8641,896735
8642,896958
8643,1616302
8644,884630
8645,874025
8646,1547624
8647,905552
8648,904316
8649,886472
8650,1464315
8651,895067
8652,7047772
8653,2280020
8654,1074909
8655,1009078
8656,981346
8657,1616747
8658,961400
8659,1720836
8660,1743283
8661,948220
8662,949926
8663,1584664
8664,999655
8665,972071
8666,1633845
8667,1029814
8668,1504136
8669,881207
8670,895182
8671,885570
8672,1503321
8673,1713742
8674,5130922
8675,2537770
8676,3500002
8677,2391592
8678,1024261
8679,983278
8680,1737041
8681,1329514
8682,1022686
8683,1769957
8684,3175631
8685,1405456
8686,21660232
8687,2019903
8688,2588624
8689,2054326
8690,1085939
8691,1029398
8692,1842388
8693,1006775
8694,991324
8695,1782218
8696,1783380
8697,992870
8698,1972043
8699,1774369
8700,1678082
8701,1994745
8702,1104718
8703,939782
8704,1462268
8705,1609578
8706,889937
8707,891025
8708,1459099
8709,1698914
8710,924377
8711,895780
8712,1551954
8713,891696
8714,892504
8715,1560491
8716,988382
8717,996322
8718,1574483
8719,1630277
8720,919470
8721,904131
8722,907772
8723,1517139
8724,977600
8725,1756970
8726,944342
8727,887712
8728,896414
8729,897687
8730,914843
8731,891873
8732,1614744
8733,971959
8734,902508
8735,1060154
8736,1540496
8737,897987
8738,893509
8739,1555654
8740,1328971
8741,961626
8742,904015
8743,881511
8744,1704269
8745,912173
8746,1545383
8747,881408
8748,1397949
8749,952212
8750,887930
8751,875208
8752,1835450
8753,1539869
8754,948335
8755,883666
8756,885994
8757,1531819
8758,888190
8759,880630
8760,1704269
8761,1108401
8762,901754
8763,891169
8764,1974120
8765,917982
8766,820591
8767,1258035
8768,16336680
8769,1880116
8770,1070974
8771,1422422
8772,5979444
8773,1095159
8774,1609124
8775,877585
8776,1492558
8777,935975
8778,1509521
8779,878029
8780,1702276
8781,999346
8782,866695
8783,841641
8784,1467418
8785,1421982
8786,932605
8787,1615573
8788,4343790
8789,2320632
8790,3733961
8791,996660
8792,872261
8793,7592684
8794,1270782
8795,2180541
8796,1107647
8797,946836
8798,923236
8799,905680
8800,1581746
8801,1018888
8802,1524152
8803,977650
8804,1622733
8805,910990
8806,901518
8807,913533
8808,896912
8809,4085167
8810,1624702
8811,1132788
8812,915502
8813,942946
8814,1614905
8815,1070925
8816,1670951
8817,1468617
8818,1378156
8819,923824
8820,957593
8821,2944765
8822,280348827
8823,1885414
8824,2219991
8825,1050530
8826,1240677
8827,786213
8828,744807
8829,1794455
8830,861702
8831,751481
8832,738268
8833,1247952
8834,823904
8835,822751
8836,741766
8837,732809
8838,1482156
8839,808829
8840,738099
8841,1231266
8842,1252237
8843,748989
8844,726851
8845,793724
8846,738119
8847,1083087
8848,739059
8849,1139067
8850,1124635
8851,6447890
8852,1090935
8853,806497
8854,763680
8855,1260984
8856,767719
8857,859007
8858,4511717
8859,1398402
8860,835791
8861,747665
8862,1187004
8863,812294
8864,1210790
8865,754694
8866,1257149
8867,1420511
8868,737213
8869,709229
8870,1048288
8871,744172
8872,1148188
8873,1337499
8874,706230
8875,1272946
8876,769107
8877,1196455
8878,696959
8879,686437
8880,688654
8881,1118359
8882,690042
8883,1142713
8884,696271
8885,1101079
8886,1074818
8887,690990
8888,693309
8889,756454
8890,752634
8891,688798
8892,1097821
8893,761995
8894,1054539
8895,755618
8896,1023021
8897,690264
8898,690532
8899,685634
8900,1122009
8901,751052
8902,1200560
8903,690030
8904,692465
8905,1200954
8906,760303
8907,678741
8908,677809
8909,673706
8910,670838
8911,1113044
8912,676347
8913,1184932
8914,682614
8915,993903
8916,1099258
8917,681954
8918,10346079
8919,953304
8920,1401027
8921,1382239
8922,773717
8923,735429
8924,1366018
8925,812179
8926,726463
8927,725714
8928,721301
8929,1636918
8930,819648
8931,731515
8932,1203089
8933,1193745
8934,779469
8935,796749
8936,736459
8937,1181128
8938,723910
8939,1225774
8940,721858
8941,716724
8942,1233524
8943,740369
8944,721816
8945,719612
8946,901003
8947,1123336
8948,732274
8949,1337866
8950,741044
8951,1214567
8952,730188
8953,725562
8954,1060665
8955,783383
8956,1212301
8957,793024
8958,1208560
8959,1273559
8960,689552
8961,687929
8962,691946
8963,686891
8964,1059775
8965,733220
8966,1072606
8967,681835
8968,1242913
8969,704590
8970,686980
8971,685860
8972,691637
8973,691492
8974,689309
8975,1106700
8976,676121
8977,1234846
8978,1111355
8979,695324
8980,692102
8981,4149510
8982,905680
8983,735639
8984,705118
8985,1308394
8986,1272571
8987,763895
8988,1112022
8989,777528
8990,690841
8991,691682
8992,1197424
8993,703585
8994,1212529
8995,786144
8996,1066780
8997,729216
8998,1043122
8999,729170
9000,688781
9001,683248
9002,1195899
9003,686029
9004,1056990
9005,724317
9006,677509
9007,668556
9008,1191627
9009,677818
9010,686614
9011,676941
9012,724799
9013,1120209
9014,750418
9015,1203072
9016,693676
9017,967909
9018,751324
9019,694801
9020,686470
9021,3118506
9022,725598
9023,1213488
9024,654502
9025,8337977
9026,953551
9027,1327751
9028,709905
9029,667237
9030,1081780
9031,1177746
9032,681241
9033,670431
9034,670838
9035,1054889
9036,719963
9037,1267251
9038,688988
9039,676730
9040,1070006
9041,1082275
9042,739071
9043,686750
9044,679585
9045,1074938
9046,1203431
9047,739178
9048,695884
9049,1142891
9050,689358
9051,1111656
9052,759944
9053,679494
9054,683310
9055,1033465
9056,4331182
9057,801227
9058,705962
9059,1189069
9060,1160331
9061,737901
9062,699654
9063,1073841
9064,751279
9065,688946
9066,1317517
9067,693132
9068,693144
9069,1352463
9070,684426
9071,686396
9072,1049937
9073,738635
9074,683483
9075,1448321
9076,777515
9077,675741
9078,1372033
9079,674303
9080,687141
9081,677282
9082,673216
9083,1124305
9084,687628
9085,989342
9086,1207774
9087,696746
9088,1072053
9089,729108
9090,684175
9091,676672
9092,677574
9093,1249741
9094,685600
9095,1103856
9096,1009238
9097,1059318
9098,778563
9099,1144913
9100,693408
9101,762185
9102,691389
9103,1119096
9104,681238
9105,1200427
9106,690071
9107,691225
9108,1113370
9109,744671
9110,689540
9111,688579
9112,690585
9113,783098
9114,1168011
9115,685592
9116,1202541
9117,772144
9118,1150858
9119,690128
9120,685115
9121,693787
9122,695897
9123,682209
9124,1125227
9125,734012
9126,1276851
9127,749990
9128,1126579
9129,695184
9130,688394
9131,688308
9132,1111639
9133,689148
9134,1091360
9135,687167
9136,686528
9137,1509723
9138,713630
9139,683025
9140,689668
9141,9589609
9142,1585665
9143,1036765
9144,770211
9145,1296451
9146,1254681
9147,784858
9148,710416
9149,802056
9150,1187981
9151,742845
9152,1325258
9153,748610
9154,741629
9155,1289587
9156,737621
9157,738519
9158,1177862
9159,865880
9160,1429719
9161,753175
9162,738515
9163,1344322
9164,832243
9165,1099217
9166,744638
9167,1133690
9168,1273988
9169,826800
9170,736315
9171,730584
9172,1160565
9173,1292268
9174,746871
9175,738877
9176,1144406
9177,788842
9178,1221238
9179,734197
9180,1186728
9181,1244727
9182,680450
9183,689016
9184,687121
9185,1096057
9186,694298
9187,1027194
9188,1082457
9189,697499
9190,1166119
9191,1124090
9192,695328
9193,694075
9194,1125079
9195,750410
9196,677192
9197,1491772
9198,751555
9199,687805
9200,1138650
9201,686021
9202,687978
9203,767694
9204,688798
9205,1017087
9206,677187
9207,1047522
9208,1186633
9209,700512
9210,1247124
9211,1147574
9212,684925
9213,689107
9214,747958
9215,683573
9216,1008888
9217,680570
9218,1175007
9219,686705
9220,1104075
9221,1135157
9222,670904
9223,673730
9224,674019
9225,1012777
9226,734049
9227,1085002
9228,850730
9229,649035
9230,641347
9231,1064262
9232,708781
9233,1011237
9234,642179
9235,971762
9236,703602
9237,642224
9238,1160582
9239,648174
9240,639010
9241,641507
9242,1024829
9243,705818
9244,1126241
9245,659875
9246,991563
9247,1126628
9248,712356
9249,648235
9250,652492
9251,1187915
9252,658049
9253,968825
9254,653060
9255,643563
9256,645385
9257,8080116
9258,1127040
9259,1377637
9260,767142
9261,3350627
9262,1452998
9263,767681
9264,720802
9265,701969
9266,706621
9267,1226050
9268,772872
9269,1266077
9270,703082
9271,1167628
9272,699111
9273,697207
9274,1224921
9275,756322
9276,695175
9277,692556
9278,751839
9279,1154929
9280,759700
9281,990875
9282,692321
9283,677060
9284,677575
9285,1145218
9286,692815
9287,1136125
9288,647440
9289,643955
9290,642686
9291,981869
9292,647280
9293,647980
9294,652191
9295,989066
9296,642442
9297,989108
9298,767083
9299,649834
9300,1115664
9301,716844
9302,920174
9303,654259
9304,639200
9305,644853
9306,1184668
9307,670352
9308,1198540
9309,657390
9310,648771
9311,705743
9312,1083178
9313,634330
9314,651428
9315,641243
9316,1065334
9317,645986
9318,1227521
9319,668235
9320,649101
9321,646786
9322,1208033
9323,816888
9324,1210571
9325,657324
9326,648516
9327,1021899
9328,716077
9329,655458
9330,639629
9331,940601
9332,713486
9333,1599533
9334,724062
9335,741556
9336,655507
9337,675140
9338,1117193
9339,764455
9340,1279479
9341,684563
9342,685695
9343,688522
9344,680421
9345,1116637
9346,684254
9347,682387
9348,763857
9349,1193848
9350,725998
9351,1122611
9352,684323
9353,681658
9354,683248
9355,683821
9356,1121227
9357,697521
9358,680154
9359,1126471
9360,796126
9361,734617
9362,675585
9363,1193543
9364,679610
9365,676721
9366,678543
9367,674794
9368,1131791
9369,755424
9370,1159124
9371,689956
9372,766778
9373,684311
9374,683108
9375,682869
9376,690759
9377,1140171
9378,1106390
9379,1018253
9380,8894894
9381,912280
9382,736101
9383,705184
9384,688262
9385,679099
9386,1372573
9387,695938
9388,1279612
9389,759820
9390,1205220
9391,692725
9392,680829
9393,678473
9394,1202669
9395,701611
9396,1156948
9397,1226487
9398,699778
9399,1124836
9400,686495
9401,675024
9402,686787
9403,680154
9404,1157908
9405,687677
9406,1128672
9407,731527
9408,1117914
9409,1350131
9410,693861
9411,688649
9412,678069
9413,679408
9414,1107680
9415,765177
9416,1073051
9417,738185
9418,1058289
9419,729574
9420,761863
9421,700849
9422,682795
9423,1025472
9424,757257
9425,2869195
9426,805001
9427,1075502
9428,743315
9429,768951
9430,751893
9431,683751
9432,1007512
9433,1090977
9434,634935
9435,652467
9436,640679
9437,1013969
9438,642801
9439,1029629
9440,886780
9441,657390
9442,696037
9443,1116596
9444,633053
9445,640725
9446,640292
9447,636810
9448,1153334
9449,696819
9450,1045409
9451,817530
9452,973476
9453,1004492
9454,687508
9455,652969
9456,646316
9457,640827
9458,647173
9459,970003
9460,644569
9461,940853
9462,701561
9463,637688
9464,1070529
9465,633445
9466,647770
9467,640749
9468,689482
9469,922754
9470,690853
9471,637849
9472,987781
9473,1028702
9474,654168
9475,960749
9476,687401
9477,641825
9478,641754
9479,646349
9480,641684
9481,988572
9482,655429
9483,917513
9484,951919
9485,1014257
9486,644021
9487,650518
9488,641965
9489,643815
9490,638793
9491,644552
9492,637012
9493,1036814
9494,648247
9495,9548667
9496,1474516
9497,808223
9498,691900
9499,668387
9500,660303
9501,1125190
9502,3383646
9503,729220
9504,1307081
9505,764237
9506,678102
9507,2718654
9508,812232
9509,680582
9510,669223
9511,1115454
9512,1081629
9513,668234
9514,644569
9515,703148
9516,1135248
9517,642776
9518,648244
9519,645825
9520,649916
9521,1060575
9522,697920
9523,998171
9524,695201
9525,642467
9526,1069853
9527,635269
9528,691599
9529,646806
9530,639731
9531,1004146
9532,688011
9533,1044948
9534,654617
9535,710057
9536,1003639
9537,628628
9538,646175
9539,645599
9540,644033
9541,645339
9542,1077418
9543,647906
9544,905211
9545,1073058
9546,642311
9547,968519
9548,679775
9549,639888
9550,643609
9551,654044
9552,646752
9553,1048964
9554,659413
9555,691348
9556,645063
9557,1024977
9558,727857
9559,996857
9560,652076
9561,656541
9562,645495
9563,648862
9564,645076
9565,1083227
9566,644877
9567,1050060
9568,708183
9569,977493
9570,682865
9571,643679
9572,647337
9573,637832
9574,638063
9575,1088032
9576,686029
9577,1033984
9578,833183
9579,1070636
9580,688481
9581,653015
9582,636568
9583,637017
9584,639831
9585,1031232
9586,637832
9587,1116043
9588,1043958
9589,661074
9590,972479
9591,680578
9592,649591
9593,642200
9594,707911
9595,651004
9596,938480
9597,663690
9598,921538
9599,964078
9600,1026217
9601,631359
9602,646946
9603,640217
9604,642084
9605,635715
9606,644359
9607,701903
9608,1025612
9609,647621
9610,901024
9611,1034025
9612,1115838
9613,611670
9614,616733
9615,609366
9616,605032
9617,605082
9618,882080
9619,612700
9620,8399395
9621,931958
9622,1426822
9623,831238
9624,678378
9625,675643
9626,670336
9627,663180
9628,1129290
9629,692847
9630,1150327
9631,1072906
9632,774339
9633,679523
9634,666722
9635,714482
9636,662392
9637,664185
9638,1215742
9639,673669
9640,1111681
9641,733546
9642,1063677
9643,725746
9644,655491
9645,656595
9646,649010
9647,653447
9648,1104614
9649,660843
9650,654469
9651,1102851
9652,708599
9653,648886
9654,728449
9655,653138
9656,654666
9657,649492
9658,650823
9659,1113394
9660,772395
9661,1145651
9662,640610
9663,1081945
9664,701344
9665,1102658
9666,661189
9667,650435
9668,657032
9669,1053369
9670,1068345
9671,688563
9672,692506
9673,653917
9674,1166515
9675,1109781
9676,663064
9677,639427
9678,649958
9679,644902
9680,655487
9681,1110779
9682,643563
9683,646683
9684,1065325
9685,1168352
9686,648149
9687,646056
9688,643889
9689,641631
9690,681798
9691,1101756
9692,718174
9693,1038804
9694,698999
9695,656459
9696,1023272
9697,778999
9698,663443
9699,653369
9700,1136195
9701,655430
9702,1063591
9703,834934
9704,659912
9705,642920
9706,1051548
9707,830908
9708,667439
9709,651841
9710,706589
9711,1153768
9712,653098
9713,1023823
9714,924294
9715,642089
9716,647580
9717,1252192
9718,661164
9719,704648
9720,677191
9721,648569
9722,1319140
9723,1264643
9724,788665
9725,706741
9726,696037
9727,1444696
9728,695386
9729,688588
9730,683590
9731,683408
9732,1171549
9733,686565
9734,4080479
9735,10771153
9736,1039072
9737,811890
9738,1466581
9739,1284049
9740,833396
9741,835473
9742,744811
9743,1862988
9744,978832
9745,756450
9746,1319173
9747,763631
9748,1329975
9749,755547
9750,1238196
9751,747319
9752,1280056
9753,751361
9754,739405
9755,734452
9756,1208033
9757,1220830
9758,741952
9759,740600
9760,1207700
9761,871005
9762,1283538
9763,755011
9764,740484
9765,746772
9766,1327149
9767,752585
9768,755189
9769,1228848
9770,740501
9771,1416403
9772,817402
9773,732190
9774,734642
9775,1298819
9776,811370
9777,1191025
9778,741198
9779,1257248
9780,739323
9781,730131
9782,719579
9783,1262308
9784,740192
9785,1398295
9786,847079
9787,801491
9788,1401290
9789,870420
9790,788298
9791,1278598
9792,1602112
9793,787441
9794,791817
9795,778035
9796,1834214
9797,867610
9798,783717
9799,1281305
9800,1340631
9801,795109
9802,851809
9803,1313450
9804,792764
9805,1374382
9806,822927
9807,793803
9808,1524856
9809,911085
9810,781525
9811,796155
9812,850586
9813,1381452
9814,1485876
9815,798961
9816,1353650
9817,914777
9818,787210
9819,785500
9820,1265813
9821,842292
9822,1603064
9823,815791
9824,929708
9825,1379169
9826,878772
9827,836589
9828,842881
9829,1421965
9830,1433774
9831,1091690
9832,1443492
9833,1368845
9834,19842931
9835,3655626
9836,1410090
9837,2213052
9838,1017396
9839,1842305
9840,1044004
9841,981283
9842,912651
9843,1774863
9844,2008279
9845,1164364
9846,1508928
9847,908016
9848,8790668
9849,1468868
9850,2024332
9851,3191546
9852,978341
9853,1039908
9854,1899929
9855,1570465
9856,903987
9857,1745042
9858,1490594
9859,958396
9860,880456
9861,1758260
9862,922968
9863,908432
9864,1586752
9865,1013791
9866,1328368
9867,897752
9868,1464867
9869,1081513
9870,883102
9871,1404006
9872,817205
9873,1425315
9874,813118
9875,826421
9876,892211
9877,1458741
9878,899945
9879,827571
9880,4655096
9881,1793140
9882,991201
9883,1917493
9884,1017095
9885,845242
9886,1357494
9887,821428
9888,822449
9889,1392317
9890,824988
9891,1355190
9892,1611081
9893,926268
9894,1447872
9895,823002
9896,811136
9897,809714
9898,1430881
9899,828040
9900,883295
9901,1340028
9902,865826
9903,813999
9904,1162239
9905,841048
9906,1508067
9907,1333251
9908,1147954
9909,791804
9910,779729
9911,880675
9912,1244895
9913,776922
9914,1388682
9915,765098
9916,1313965
9917,763981
9918,760212
9919,763656
9920,766964
9921,760821
9922,1329205
9923,1367786
9924,880717
9925,1396840
9926,769729
9927,768052
9928,771393
9929,765848
9930,1276975
9931,771876
9932,1381572
9933,861986
9934,724602
9935,725009
9936,720486
9937,710379
9938,714766
9939,1160503
9940,723069
9941,722401
9942,1265253
9943,724416
9944,793695
9945,722550
9946,725092
9947,733921
9948,1038487
9949,717973
9950,929312
9951,1296792
9952,1251422
9953,729372
9954,715417
9955,771340
9956,715175
9957,714507
9958,1282075
9959,736043
9960,1718129
9961,788422
9962,731890
9963,733048
9964,3985185
9965,1506819
9966,761447
9967,739788
9968,816039
9969,731103
9970,727378
9971,1366632
9972,741737
9973,842856
9974,736150
9975,1308605
9976,860445
9977,1348025
9978,775778
9979,1746975
9980,1080722
9981,792439
9982,790540
9983,1462482
9984,878100
9985,1303223
9986,776564
9987,1245176
9988,1402444
9989,792311
9990,771043
9991,760760
9992,1347012
9993,766932
9994,773025
9995,773491
9996,1769516
9997,855348
9998,773734
9999,765884
