iteration,latency_ns
0,924224
1,813463
2,1217934
3,788352
4,1323165
5,782230
6,777586
7,1333210
8,1373682
9,915630
10,793979
11,1237265
12,802421
13,10316542
14,3118093
15,824773
16,760846
17,741375
18,1456739
19,739043
20,1261697
21,758823
22,1147253
23,843841
24,753598
25,746376
26,743455
27,744650
28,1214225
29,805211
30,1159918
31,823463
32,1319646
33,742166
34,743496
35,746117
36,691459
37,703664
38,1215108
39,696103
40,1108442
41,1603508
42,772695
43,705637
44,698373
45,3372778
46,740241
47,1410569
48,774553
49,2080184
50,760059
51,704536
52,702571
53,697466
54,699411
55,1310401
56,696177
57,1151583
58,748227
59,1285586
60,709848
61,699452
62,699152
63,692036
64,1177961
65,702262
66,693998
67,1106300
68,771183
69,1177829
70,697408
71,753364
72,699869
73,692481
74,703745
75,698731
76,1151567
77,708063
78,1720923
79,1142346
80,701311
81,694348
82,743665
83,702213
84,1066755
85,707717
86,1217510
87,732838
88,1148914
89,1149206
90,735722
91,731680
92,1226701
93,787585
94,729521
95,735153
96,1266296
97,1220093
98,734943
99,716749
100,699625
101,702876
102,697466
103,1425022
104,1390829
105,845065
106,1150739
107,702806
108,695847
109,697796
110,694999
111,1212166
112,706028
113,707400
114,1118290
115,1292508
116,698682
117,717923
118,710256
119,698327
120,1131713
121,715689
122,713324
123,9290168
124,1691692
125,839012
126,787334
127,752292
128,739248
129,1429777
130,764093
131,750773
132,1562836
133,1346245
134,786423
135,770689
136,803815
137,799102
138,811210
139,1350968
140,817481
141,1377872
142,1335151
143,802748
144,800832
145,804688
146,799018
147,1381176
148,791260
149,1412085
150,853853
151,1417400
152,805697
153,802698
154,804457
155,1317232
156,820669
157,1373780
158,777693
159,1542581
160,802323
161,797510
162,793107
163,1439075
164,799369
165,821527
166,1207654
167,740880
168,1299153
169,760178
170,742820
171,1212718
172,1277069
173,812932
174,749388
175,744485
176,1378107
177,1121915
178,824510
179,5183766
180,1691341
181,819665
182,761707
183,742066
184,1386409
185,755304
186,1870141
187,782044
188,751897
189,756470
190,804465
191,810769
192,1495002
193,803452
194,788422
195,1539182
196,794565
197,794795
198,804395
199,785798
200,1283917
201,748210
202,742309
203,1179909
204,866563
205,1231860
206,761843
207,744844
208,751156
209,755564
210,1275195
211,1120267
212,820711
213,1189513
214,747065
215,741173
216,748185
217,809619
218,1248254
219,753669
220,1105052
221,9251320
222,1619700
223,786060
224,776012
225,765791
226,757220
227,1313565
228,1273848
229,1338195
230,875978
231,3368274
232,758291
233,708801
234,3253286
235,751465
236,1362598
237,698472
238,695645
239,1212092
240,767677
241,712950
242,703705
243,703214
244,1128713
245,1720742
246,783041
247,1090256
248,1064781
249,754971
250,700313
251,700899
252,700388
253,1168999
254,760327
255,1100392
256,811696
257,1143896
258,691859
259,698122
260,705509
261,695896
262,695745
263,696580
264,1175151
265,709192
266,1094117
267,768263
268,1102332
269,703337
270,698389
271,701612
272,706094
273,1193946
274,692605
275,690389
276,698389
277,800856
278,708413
279,708891
280,709637
281,759873
282,700128
283,1180820
284,704170
285,1574726
286,748564
287,1066121
288,770672
289,706263
290,696453
291,693927
292,697215
293,1215976
294,1165324
295,755375
296,702683
297,1168884
298,764402
299,1077628
300,698390
301,702827
302,972932
303,3397684
304,1572633
305,745198
306,718281
307,1187931
308,1176724
309,731623
310,722801
311,1326894
312,706197
313,710399
314,701978
315,707523
316,1119043
317,702724
318,778649
319,708834
320,1105245
321,683581
322,697808
323,747308
324,703609
325,8122566
326,779461
327,1427218
328,776181
329,715479
330,1239514
331,697248
332,703786
333,701628
334,700087
335,1235332
336,710247
337,1141869
338,769757
339,1743637
340,754023
341,704038
342,699292
343,700428
344,1155535
345,749100
346,1088851
347,735421
348,1007998
349,1205236
350,742038
351,697207
352,706391
353,700223
354,1186337
355,762877
356,1066112
357,717437
358,1107231
359,811782
360,709670
361,754242
362,695468
363,1098006
364,707878
365,1139174
366,1209261
367,1043666
368,702884
369,694932
370,705481
371,699362
372,756779
373,1137204
374,692328
375,1223681
376,783391
377,1037675
378,768472
379,698908
380,702155
381,697944
382,1154867
383,705929
384,1173882
385,749104
386,697594
387,705027
388,1185784
389,705217
390,700556
391,1105595
392,701550
393,774834
394,1182827
395,697792
396,764509
397,1053818
398,1119698
399,700000
400,707330
401,1055202
402,1059883
403,747003
404,726583
405,711244
406,1161962
407,766754
408,1193905
409,716040
410,700993
411,1060196
412,1135186
413,739347
414,698842
415,699617
416,1075090
417,1172341
418,751464
419,716003
420,1276884
421,705871
422,1192772
423,693560
424,1086020
425,740192
426,1206822
427,704661
428,700239
429,702872
430,1188426
431,787853
432,1048025
433,706349
434,1101632
435,756074
436,703490
437,699778
438,700182
439,1179782
440,776420
441,1125762
442,711367
443,971189
444,8668824
445,1617048
446,772671
447,1228868
448,803765
449,1071176
450,720181
451,706621
452,712500
453,1211823
454,1161467
455,705954
456,704590
457,1168872
458,692119
459,704454
460,1063150
461,758728
462,1048948
463,702690
464,756331
465,1203179
466,772266
467,1174133
468,702101
469,701393
470,702922
471,699601
472,1205788
473,706206
474,1716321
475,692489
476,699420
477,758077
478,708113
479,704524
480,706963
481,1192525
482,714372
483,1182522
484,640960
485,1177635
486,659211
487,657732
488,663983
489,713362
490,1119513
491,667983
492,1082898
493,735219
494,1020243
495,715130
496,660315
497,659784
498,664745
499,658000
500,2630282
501,747933
502,1066574
503,719184
504,672552
505,1596809
506,727819
507,656612
508,666454
509,985911
510,676763
511,1262456
512,659471
513,661506
514,1129854
515,668713
516,1267981
517,685658
518,691975
519,1112636
520,780289
521,1183387
522,710297
523,1134872
524,751852
525,707586
526,1244657
527,701022
528,1179728
529,1145449
530,728231
531,703210
532,702513
533,704207
534,780219
535,1129533
536,707738
537,1602495
538,718590
539,713770
540,704767
541,703177
542,715945
543,1170091
544,1058289
545,1201210
546,739063
547,1256967
548,721388
549,698220
550,696371
551,695274
552,1161859
553,707730
554,1275536
555,716493
556,1272405
557,702901
558,713873
559,698274
560,702090
561,1105027
562,8381283
563,836586
564,1426469
565,1274734
566,728264
567,716575
568,709670
569,715933
570,1425706
571,710774
572,767006
573,1091451
574,784557
575,712414
576,700112
577,2074745
578,668910
579,1168369
580,1216426
581,661148
582,1039406
583,728862
584,672824
585,680554
586,663978
587,663269
588,1180693
589,1073953
590,732664
591,660081
592,709353
593,1038870
594,719217
595,660645
596,664126
597,1137031
598,661441
599,1194659
600,1162873
601,658672
602,1042467
603,686606
604,704565
605,662713
606,669273
607,661081
608,1150356
609,1066182
610,746587
611,668337
612,659908
613,1035129
614,754517
615,665367
616,664403
617,1081385
618,658552
619,1004657
620,701084
621,661808
622,655223
623,1057349
624,1175031
625,703292
626,707668
627,1053694
628,1113893
629,1118174
630,741020
631,699984
632,700103
633,1149812
634,689341
635,653579
636,655165
637,659875
638,1110164
639,661766
640,1264215
641,663249
642,1012015
643,713057
644,660757
645,660089
646,656064
647,658148
648,1142643
649,663818
650,1149659
651,653567
652,1034198
653,746627
654,669462
655,664732
656,661659
657,666236
658,671691
659,1103226
660,676631
661,669149
662,3737917
663,751340
664,1101822
665,662367
666,663365
667,1161913
668,647342
669,665149
670,670563
671,663995
672,1075221
673,664045
674,7887514
675,917822
676,733036
677,1376718
678,792163
679,681118
680,671461
681,1138964
682,671951
683,1164957
684,688361
685,657432
686,661416
687,1189814
688,667802
689,654535
690,1139952
691,704347
692,650518
693,1132701
694,745466
695,1158077
696,729706
697,1114787
698,671156
699,664420
700,666612
701,1045417
702,708558
703,1218370
704,664584
705,660011
706,1166511
707,731297
708,661506
709,663616
710,660452
711,661815
712,1057922
713,664963
714,1279669
715,654333
716,1195079
717,651824
718,659801
719,659681
720,1301564
721,670163
722,658964
723,1021900
724,727362
725,1098735
726,755642
727,660117
728,659199
729,662898
730,659442
731,1137316
732,668498
733,1090767
734,781467
735,1136533
736,679116
737,697743
738,756746
739,700355
740,1005036
741,703626
742,1216727
743,1112191
744,706012
745,1195187
746,699560
747,701005
748,703053
749,703672
750,1149058
751,694455
752,695118
753,1105822
754,2420919
755,725648
756,705352
757,702884
758,700614
759,1259069
760,762251
761,708080
762,1263486
763,704183
764,1213187
765,691134
766,711545
767,665230
768,1117613
769,665692
770,1100025
771,1200987
772,669301
773,1103580
774,649122
775,655260
776,662154
777,656183
778,1086466
779,666813
780,670644
781,665976
782,1044469
783,729397
784,1166049
785,669079
786,662660
787,668955
788,665354
789,657345
790,1000508
791,651733
792,1644673
793,679086
794,671917
795,670311
796,672672
797,724231
798,670978
799,7695703
800,1451461
801,1837646
802,1156462
803,690520
804,675008
805,679882
806,672685
807,1166968
808,665717
809,658412
810,663608
811,1849170
812,673854
813,677298
814,665758
815,667501
816,667439
817,1188598
818,668589
819,668250
820,1053224
821,1452746
822,666059
823,713695
824,3343092
825,719513
826,1195594
827,678366
828,666706
829,1082630
830,1511622
831,785130
832,664782
833,656777
834,661638
835,663690
836,1202574
837,671469
838,1066607
839,660175
840,1216829
841,678229
842,657061
843,661799
844,701615
845,664827
846,659916
847,1112249
848,665021
849,1040086
850,1113341
851,663843
852,668621
853,666430
854,671934
855,669108
856,1172241
857,668898
858,671839
859,1043625
860,708278
861,1019650
862,708030
863,660225
864,664938
865,664889
866,661585
867,1254339
868,666788
869,1384526
870,1090207
871,984163
872,700330
873,652364
874,655581
875,656451
876,646703
877,911514
878,3760396
879,795698
880,1299103
881,1226911
882,673789
883,673558
884,667979
885,670278
886,1179333
887,665783
888,659072
889,658177
890,1642077
891,723621
892,658635
893,655565
894,656695
895,652393
896,658610
897,1071934
898,671526
899,1075585
900,746458
901,1112175
902,717964
903,663648
904,660513
905,662178
906,668272
907,1066624
908,672379
909,665486
910,1046707
911,7368258
912,940367
913,696193
914,666183
915,1258179
916,672355
917,671064
918,1537101
919,721177
920,661923
921,664737
922,1029044
923,715084
924,684043
925,670455
926,1154410
927,667715
928,1103824
929,1082070
930,715488
931,1042269
932,704232
933,674855
934,665701
935,657901
936,666953
937,1083120
938,664543
939,666302
940,1075037
941,704525
942,1095377
943,659071
944,657279
945,656558
946,653707
947,650102
948,1065696
949,669516
950,1163870
951,663504
952,983368
953,673125
954,858727
955,757797
956,660035
957,1074328
958,677962
959,670805
960,1111499
961,648738
962,1267630
963,667851
964,659825
965,660279
966,663723
967,1317689
968,671114
969,1102328
970,754192
971,1047308
972,686119
973,664267
974,670443
975,667073
976,665746
977,668008
978,1054881
979,666570
980,1200065
981,674250
982,1049059
983,715484
984,656789
985,660530
986,660418
987,657387
988,1108368
989,656962
990,1115364
991,654993
992,1105739
993,1145729
994,662693
995,660345
996,662425
997,659137
998,655898
999,665095
1000,1101141
1001,702629
1002,660324
1003,663641
1004,1032921
1005,738148
1006,666252
1007,658202
1008,1061700
1009,664737
1010,1040535
1011,1162848
1012,660126
1013,1104252
1014,700268
1015,1092785
1016,795377
1017,669940
1018,665980
1019,1107420
1020,1121857
1021,654074
1022,662141
1023,654143
1024,1029608
1025,1145049
1026,668799
1027,665182
1028,1079404
1029,1169118
1030,746607
1031,708401
1032,658474
1033,660645
1034,1109398
1035,659689
1036,1068317
1037,674740
1038,8430274
1039,1438630
1040,738837
1041,713106
1042,692608
1043,738659
1044,1084002
1045,682774
1046,743562
1047,1199562
1048,673681
1049,673879
1050,668111
1051,671634
1052,660443
1053,1196476
1054,672486
1055,688069
1056,741514
1057,1201783
1058,663274
1059,673937
1060,672820
1061,672606
1062,671539
1063,1212239
1064,671296
1065,1060744
1066,2103989
1067,3009187
1068,2541259
1069,1058305
1070,2795918
1071,867078
1072,681006
1073,666236
1074,692398
1075,1742727
1076,699543
1077,1196695
1078,1742072
1079,722216
1080,768019
1081,699815
1082,706604
1083,705603
1084,700144
1085,1131267
1086,1152795
1087,1630438
1088,807980
1089,745004
1090,748316
1091,5546232
1092,952319
1093,767945
1094,1527431
1095,1278165
1096,849639
1097,1370781
1098,761674
1099,759029
1100,762485
1101,757348
1102,1426913
1103,743088
1104,746092
1105,1370859
1106,1318295
1107,822825
1108,768118
1109,1298008
1110,801841
1111,744827
1112,740600
1113,756907
1114,1099229
1115,751283
1116,1287152
1117,773861
1118,810464
1119,1372911
1120,755956
1121,751778
1122,1267251
1123,1368115
1124,1348631
1125,806163
1126,1400458
1127,1014537
1128,752738
1129,778797
1130,1390578
1131,779534
1132,1148510
1133,787627
1134,10953134
1135,1890111
1136,845373
1137,1691098
1138,1644710
1139,1868039
1140,852696
1141,1835079
1142,1434807
1143,2471577
1144,1625868
1145,3323769
1146,2781988
1147,1424470
1148,1985994
1149,842008
1150,1836072
1151,831473
1152,826034
1153,823422
1154,1648991
1155,2375808
1156,1540512
1157,835865
1158,838918
1159,856518
1160,862847
1161,835358
1162,1494367
1163,1376326
1164,1004624
1165,1542189
1166,821428
1167,819805
1168,814625
1169,1533879
1170,897856
1171,1430053
1172,8785728
1173,2747552
1174,1037272
1175,958825
1176,1748005
1177,2487344
1178,1074860
1179,1000442
1180,1102155
1181,1858843
1182,993293
1183,1141889
1184,1704423
1185,1005728
1186,1000170
1187,1838181
1188,1015139
1189,1823007
1190,1624529
1191,1001995
1192,941710
1193,909899
1194,1535008
1195,911378
1196,2061515
1197,992029
1198,921031
1199,912877
1200,1384324
1201,848888
1202,16196307
1203,1111809
1204,960720
1205,1825784
1206,886872
1207,1446261
1208,1666967
1209,855715
1210,868924
1211,1362290
1212,1505500
1213,849918
1214,850050
1215,1487372
1216,1468498
1217,1223875
1218,860042
1219,1342620
1220,918872
1221,857055
1222,1418142
1223,1227764
1224,847141
1225,794907
1226,1273403
1227,812784
1228,4525206
1229,998324
1230,866679
1231,1526867
1232,853012
1233,1334974
1234,918708
1235,1558900
1236,852209
1237,815487
1238,1343275
1239,786086
1240,790671
1241,1250783
1242,871013
1243,1366616
1244,824629
1245,1191009
1246,1445981
1247,784965
1248,804675
1249,1236841
1250,842663
1251,1418084
1252,805829
1253,784446
1254,1269336
1255,868186
1256,1248723
1257,797325
1258,793177
1259,1628910
1260,874458
1261,1284164
1262,801487
1263,1154489
1264,3966867
1265,792204
1266,1430671
1267,851974
1268,1331665
1269,758580
1270,751597
1271,1244611
1272,833248
1273,1208491
1274,755313
1275,1124803
1276,1312086
1277,762309
1278,811593
1279,1280423
1280,1276801
1281,810254
1282,754168
1283,743282
1284,1121322
1285,746871
1286,10199020
1287,797243
1288,1428277
1289,723563
1290,790329
1291,703346
1292,1320739
1293,715035
1294,695357
1295,699337
1296,1313499
1297,1074674
1298,747732
1299,707927
1300,702756
1301,722484
1302,1087302
1303,751028
1304,1167536
1305,709753
1306,828634
1307,1155115
1308,699107
1309,705209
1310,695287
1311,731248
1312,739648
1313,1327022
1314,1358775
1315,981861
1316,1403672
1317,760335
1318,799637
1319,807193
1320,798574
1321,805615
1322,1272146
1323,1315699
1324,859040
1325,801009
1326,795570
1327,794062
1328,786514
1329,1473693
1330,867993
1331,1434552
1332,930239
1333,1469965
1334,855798
1335,849181
1336,859423
1337,844776
1338,1362607
1339,789798
1340,1357967
1341,1251459
1342,874252
1343,883929
1344,790111
1345,789460
1346,1279871
1347,1431845
1348,863861
1349,792208
1350,1340980
1351,867005
1352,794989
1353,1425410
1354,788397
1355,1351206
1356,794211
1357,802167
1358,1293328
1359,1254017
1360,767215
1361,751707
1362,1227192
1363,1320553
1364,805705
1365,736937
1366,740777
1367,1198783
1368,748840
1369,1284498
1370,743294
1371,734292
1372,1280950
1373,781883
1374,745890
1375,1198701
1376,793115
1377,1166412
1378,799505
1379,743245
1380,1144621
1381,1339444
1382,698731
1383,701792
1384,775501
1385,1179621
1386,1099811
1387,774455
1388,711879
1389,1521416
1390,743966
1391,699008
1392,694900
1393,704808
1394,703985
1395,8536668
1396,1036435
1397,763442
1398,735883
1399,1482955
1400,689696
1401,708624
1402,706122
1403,1259419
1404,708574
1405,1395815
1406,753063
1407,746377
1408,1320120
1409,804692
1410,755115
1411,4249142
1412,890497
1413,1893255
1414,831637
1415,805429
1416,1514956
1417,825185
1418,794004
1419,1132252
1420,786831
1421,1218704
1422,855876
1423,868405
1424,1550521
1425,834542
1426,862254
1427,850409
1428,2861379
1429,863264
1430,1474373
1431,1212499
1432,833220
1433,795970
1434,870981
1435,787211
1436,1455008
1437,801363
1438,794177
1439,1930146
1440,808289
1441,797837
1442,806933
1443,1389235
1444,829013
1445,807832
1446,1301131
1447,1782193
1448,797853
1449,759169
1450,754987
1451,748061
1452,1246128
1453,756491
1454,882146
1455,1195764
1456,736760
1457,751531
1458,751147
1459,753801
1460,754896
1461,1255125
1462,752989
1463,1611658
1464,1788568
1465,797119
1466,738227
1467,743163
1468,743533
1469,741214
1470,1290237
1471,1244406
1472,705150
1473,1258826
1474,700907
1475,766688
1476,709996
1477,705311
1478,716550
1479,709094
1480,1177631
1481,1093144
1482,1502604
1483,746409
1484,704248
1485,699333
1486,700898
1487,775526
1488,1112595
1489,709007
1490,1134259
1491,1183296
1492,773400
1493,1145482
1494,706749
1495,700564
1496,709015
1497,694388
1498,1041998
1499,11725496
1500,1384925
1501,763515
1502,733077
1503,723444
1504,724490
1505,1221819
1506,1145902
1507,783115
1508,1444098
1509,801235
1510,724425
1511,711450
1512,712673
1513,705303
1514,1069277
1515,712673
1516,1136768
1517,1080516
1518,765683
1519,716007
1520,757699
1521,702872
1522,698550
1523,693330
1524,1227624
1525,718331
1526,711277
1527,1297345
1528,702699
1529,710594
1530,710889
1531,704339
1532,752931
1533,1158493
1534,712323
1535,1175785
1536,1098702
1537,1616755
1538,708908
1539,705736
1540,729521
1541,701311
1542,696247
1543,1282289
1544,1143364
1545,1238312
1546,1227756
1547,720910
1548,721874
1549,716505
1550,716876
1551,1272277
1552,1110708
1553,1255526
1554,705954
1555,1043382
1556,764781
1557,698418
1558,702934
1559,697499
1560,1209187
1561,722892
1562,1189279
1563,746870
1564,705575
1565,762008
1566,791125
1567,701982
1568,695715
1569,1202475
1570,698690
1571,1158506
1572,697767
1573,1113398
1574,757257
1575,1296133
1576,705534
1577,709588
1578,702238
1579,1145123
1580,767245
1581,1098418
1582,695357
1583,1145139
1584,1184614
1585,674052
1586,672264
1587,1089151
1588,658086
1589,726736
1590,1111854
1591,660534
1592,662701
1593,1093981
1594,727931
1595,1193003
1596,698081
1597,692181
1598,1253157
1599,704446
1600,705896
1601,707623
1602,703375
1603,1307900
1604,1161476
1605,715611
1606,1149000
1607,702608
1608,701920
1609,703160
1610,744114
1611,712349
1612,707219
1613,983702
1614,9958287
1615,1510971
1616,1244257
1617,704005
1618,684707
1619,688992
1620,677332
1621,681720
1622,1237702
1623,1208264
1624,715772
1625,1098356
1626,667847
1627,656228
1628,658116
1629,656953
1630,653097
1631,1086709
1632,656978
1633,1150862
1634,664086
1635,1195212
1636,676746
1637,668152
1638,673986
1639,674353
1640,666178
1641,1118837
1642,672211
1643,792608
1644,1180791
1645,741213
1646,1263460
1647,704186
1648,708121
1649,701611
1650,1188743
1651,770561
1652,1066010
1653,710692
1654,1240025
1655,1204976
1656,697100
1657,690858
1658,760459
1659,703210
1660,1558221
1661,1212578
1662,690866
1663,1121177
1664,9133843
1665,793209
1666,725195
1667,707717
1668,714969
1669,1150158
1670,810917
1671,1258067
1672,772807
1673,981065
1674,699350
1675,2166569
1676,703173
1677,699642
1678,692724
1679,1506654
1680,756165
1681,1243792
1682,706205
1683,700948
1684,699679
1685,696271
1686,705500
1687,2409128
1688,717194
1689,1275788
1690,784219
1691,764319
1692,698373
1693,693136
1694,1186811
1695,720131
1696,1106637
1697,708694
1698,1794146
1699,1219442
1700,768781
1701,695122
1702,758234
1703,702592
1704,1038128
1705,697887
1706,698019
1707,1200769
1708,690170
1709,676471
1710,1665813
1711,749647
1712,658952
1713,1139162
1714,666508
1715,665577
1716,667072
1717,1149869
1718,639378
1719,1028594
1720,10321857
1721,771810
1722,1188319
1723,678564
1724,669969
1725,1785889
1726,1156762
1727,683759
1728,665701
1729,4098334
1730,725619
1731,671675
1732,673055
1733,671106
1734,2000431
1735,783181
1736,1150772
1737,1109035
1738,755189
1739,664939
1740,665833
1741,653464
1742,1144473
1743,1098945
1744,755816
1745,671065
1746,1785889
1747,1092139
1748,995736
1749,1149259
1750,662594
1751,1128536
1752,727312
1753,1031079
1754,723749
1755,663554
1756,667406
1757,2015621
1758,1083041
1759,667942
1760,670410
1761,662829
1762,1488418
1763,701644
1764,669475
1765,701813
1766,1001913
1767,666780
1768,660254
1769,1983081
1770,671151
1771,1195253
1772,665981
1773,667802
1774,668214
1775,664588
1776,1169033
1777,733831
1778,1008398
1779,731461
1780,659179
1781,1737201
1782,650563
1783,669837
1784,668815
1785,1147233
1786,671539
1787,663225
1788,1089382
1789,1188182
1790,1125524
1791,659565
1792,1652974
1793,663517
1794,655858
1795,659994
1796,664514
1797,1049735
1798,670051
1799,1110827
1800,1102633
1801,671123
1802,660559
1803,663970
1804,658441
1805,657707
1806,4766149
1807,784104
1808,1152675
1809,1265937
1810,682754
1811,674563
1812,673579
1813,676075
1814,671081
1815,1724751
1816,671440
1817,651985
1818,1175076
1819,678292
1820,1147344
1821,674093
1822,8686887
1823,772354
1824,1399387
1825,696890
1826,671856
1827,1153227
1828,743105
1829,1050637
1830,659574
1831,658112
1832,659236
1833,723612
1834,1876408
1835,1111203
1836,1108657
1837,666508
1838,1122644
1839,709806
1840,664832
1841,665993
1842,660394
1843,662858
1844,1344705
1845,950671
1846,1628172
1847,829573
1848,1103111
1849,669953
1850,671856
1851,664510
1852,665062
1853,1162630
1854,665709
1855,1128495
1856,1049319
1857,732475
1858,2109881
1859,692675
1860,661523
1861,662301
1862,1041841
1863,669932
1864,1031598
1865,783425
1866,1008917
1867,1047205
1868,661325
1869,669882
1870,1810556
1871,666669
1872,661049
1873,657188
1874,1143290
1875,1455939
1876,1082494
1877,666719
1878,673166
1879,671811
1880,674262
1881,672445
1882,1775239
1883,672420
1884,1002308
1885,668844
1886,736784
1887,1198433
1888,653781
1889,670620
1890,670735
1891,671951
1892,670035
1893,664819
1894,1052285
1895,665078
1896,1798805
1897,1041940
1898,679808
1899,719208
1900,666364
1901,669458
1902,668370
1903,667711
1904,1153117
1905,669030
1906,1018764
1907,2468704
1908,684830
1909,668453
1910,720325
1911,1051667
1912,667925
1913,668593
1914,668136
1915,1183090
1916,1115883
1917,643823
1918,633835
1919,627560
1920,1594770
1921,619193
1922,670739
1923,974563
1924,636172
1925,954581
1926,921983
1927,968981
1928,686606
1929,639521
1930,627218
1931,634895
1932,628348
1933,7045725
1934,9389400
1935,3830418
1936,735396
1937,1161393
1938,757657
1939,668103
1940,669516
1941,659582
1942,1167990
1943,672857
1944,664509
1945,1149894
1946,750945
1947,1118565
1948,675754
1949,674344
1950,662405
1951,1097820
1952,662940
1953,653048
1954,1133785
1955,651787
1956,946193
1957,997262
1958,667176
1959,749858
1960,666302
1961,666669
1962,1037057
1963,720502
1964,1111734
1965,722541
1966,665799
1967,1500461
1968,730275
1969,658251
1970,664428
1971,1001744
1972,1144686
1973,666879
1974,670830
1975,727144
1976,1049175
1977,675424
1978,1217221
1979,666677
1980,660303
1981,659282
1982,1117317
1983,653422
1984,660444
1985,1151089
1986,717218
1987,1217406
1988,727889
1989,663867
1990,1567033
1991,714940
1992,663142
1993,666261
1994,654770
1995,659742
1996,1118203
1997,663130
1998,1099077
1999,660822
2000,1118199
2001,1144052
2002,650769
2003,666974
2004,663241
2005,1026810
2006,668877
2007,990957
2008,3356215
2009,708566
2010,674550
2011,685333
2012,1346020
2013,641206
2014,663390
2015,1024050
2016,660287
2017,1262390
2018,665359
2019,657139
2020,718100
2021,1523933
2022,715158
2023,664102
2024,660089
2025,1111647
2026,1061996
2027,655833
2028,664872
2029,661750
2030,1029896
2031,660023
2032,1221337
2033,668354
2034,1015155
2035,705571
2036,658285
2037,1123023
2038,674798
2039,634384
2040,940408
2041,998423
2042,657090
2043,624743
2044,677154
2045,627260
2046,176095855
2047,5405078
2048,1456232
2049,823438
2050,719060
2051,695617
2052,3559001
2053,1188986
2054,845572
2055,1069903
2056,1231666
2057,812524
2058,742969
2059,675811
2060,679667
2061,1121581
2062,679474
2063,1106707
2064,753920
2065,987534
2066,1195607
2067,722785
2068,665598
2069,715134
2070,674835
2071,1065469
2072,708641
2073,1081118
2074,741305
2075,735046
2076,1106707
2077,837966
2078,660876
2079,853701
2080,1306936
2081,692424
2082,3471639
2083,2136542
2084,1077764
2085,1733745
2086,3323913
2087,1831910
2088,760920
2089,694063
2090,677909
2091,676244
2092,667703
2093,1442368
2094,677332
2095,764328
2096,1103036
2097,741296
2098,1318226
2099,724614
2100,670212
2101,663188
2102,666805
2103,1304872
2104,673702
2105,1159836
2106,1305490
2107,679824
2108,681914
2109,673615
2110,679149
2111,1234438
2112,674954
2113,1038915
2114,675350
2115,673867
2116,811510
2117,750587
2118,675746
2119,667390
2120,669474
2121,668840
2122,1617150
2123,775048
2124,669125
2125,1971203
2126,731337
2127,716295
2128,820381
2129,717379
2130,1395646
2131,1129739
2132,785241
2133,1219421
2134,767623
2135,1194614
2136,694397
2137,702551
2138,696918
2139,748391
2140,1119369
2141,774974
2142,1081694
2143,764245
2144,1069157
2145,702340
2146,705793
2147,10499858
2148,1502430
2149,838094
2150,1189711
2151,732207
2152,1352179
2153,1240503
2154,722080
2155,699428
2156,1158200
2157,752705
2158,698793
2159,698793
2160,704055
2161,696185
2162,1337643
2163,1112422
2164,783168
2165,1073141
2166,748164
2167,701092
2168,702567
2169,704438
2170,692790
2171,1224983
2172,711726
2173,760195
2174,1581260
2175,766729
2176,905062
2177,715917
2178,716530
2179,1495773
2180,853272
2181,701067
2182,1662233
2183,879485
2184,1245348
2185,710931
2186,698905
2187,698999
2188,700807
2189,1047634
2190,704607
2191,1143492
2192,774961
2193,1132194
2194,851088
2195,712727
2196,700701
2197,709118
2198,1095522
2199,698666
2200,1224295
2201,753842
2202,697409
2203,694055
2204,1189950
2205,695188
2206,699201
2207,1133183
2208,700070
2209,1178331
2210,1258933
2211,754151
2212,1123904
2213,766169
2214,698575
2215,696449
2216,1168147
2217,860058
2218,1289454
2219,716229
2220,714751
2221,1139331
2222,2503767
2223,1250000
2224,714997
2225,1017853
2226,1121515
2227,752804
2228,709332
2229,701240
2230,707681
2231,1199723
2232,770899
2233,1400734
2234,758485
2235,1245337
2236,694385
2237,759412
2238,701541
2239,702774
2240,1170219
2241,711730
2242,1146537
2243,715220
2244,704713
2245,1046261
2246,659063
2247,673776
2248,3723336
2249,695089
2250,683809
2251,8448358
2252,879669
2253,1116761
2254,740777
2255,679507
2256,673157
2257,663414
2258,668292
2259,1184508
2260,668779
2261,663290
2262,1321909
2263,766057
2264,1104482
2265,671950
2266,665733
2267,664020
2268,665004
2269,1118108
2270,726352
2271,1108298
2272,1213369
2273,784096
2274,1060002
2275,665350
2276,661321
2277,661733
2278,959917
2279,670155
2280,1102522
2281,665457
2282,1188306
2283,720547
2284,702621
2285,873357
2286,801890
2287,5198043
2288,2007678
2289,1086263
2290,4226824
2291,1822001
2292,1041910
2293,1647676
2294,1649221
2295,3917928
2296,959096
2297,1300459
2298,1374959
2299,754694
2300,714923
2301,809422
2302,711088
2303,1078381
2304,699403
2305,1204102
2306,1260882
2307,1499563
2308,774562
2309,714103
2310,706147
2311,692037
2312,765346
2313,1357869
2314,1200234
2315,710280
2316,1078612
2317,754785
2318,1129936
2319,690805
2320,700078
2321,689691
2322,1187227
2323,814597
2324,1070941
2325,711804
2326,1081080
2327,742668
2328,1020342
2329,699770
2330,883728
2331,1106576
2332,759140
2333,717272
2334,804392
2335,707544
2336,1136010
2337,751806
2338,1244245
2339,698489
2340,1151629
2341,747867
2342,697294
2343,696931
2344,693388
2345,1184549
2346,818304
2347,1107696
2348,806390
2349,1219783
2350,715368
2351,9484150
2352,840274
2353,1367930
2354,693948
2355,787227
2356,674068
2357,1671054
2358,738894
2359,674204
2360,667699
2361,665952
2362,665029
2363,1162003
2364,658915
2365,680681
2366,747723
2367,1172431
2368,663900
2369,672280
2370,723230
2371,672454
2372,1006399
2373,668511
2374,1044882
2375,673414
2376,1119381
2377,1149532
2378,659282
2379,662293
2380,1044948
2381,796613
2382,879621
2383,1168439
2384,667641
2385,1136092
2386,756100
2387,1089502
2388,708282
2389,658659
2390,667999
2391,662375
2392,991686
2393,715389
2394,729982
2395,1107832
2396,738132
2397,1012650
2398,678304
2399,673290
2400,675272
2401,671176
2402,673932
2403,673825
2404,1097318
2405,673669
2406,1068840
2407,1084072
2408,661037
2409,669677
2410,667900
2411,667900
2412,677451
2413,673369
2414,1030972
2415,666896
2416,1041005
2417,1111767
2418,782464
2419,1078127
2420,667187
2421,667575
2422,664819
2423,666471
2424,1124342
2425,678502
2426,1081134
2427,1095773
2428,711994
2429,660988
2430,656505
2431,716221
2432,669532
2433,663381
2434,1080759
2435,667876
2436,671650
2437,670294
2438,1587403
2439,705225
2440,675305
2441,668564
2442,665008
2443,663282
2444,1128622
2445,674320
2446,3615134
2447,1183436
2448,757925
2449,1154739
2450,8909991
2451,736826
2452,1260857
2453,684488
2454,1094466
2455,1049273
2456,19030749
2457,977435
2458,1483741
2459,734176
2460,689568
2461,675911
2462,662327
2463,1151374
2464,686729
2465,5864826
2466,2996427
2467,894662
2468,693536
2469,1074690
2470,696865
2471,1161596
2472,695988
2473,670872
2474,7889623
2475,1561418
2476,709538
2477,673071
2478,1285623
2479,672520
2480,1140855
2481,676520
2482,1185472
2483,1017182
2484,6532356
2485,721631
2486,695299
2487,677624
2488,1069058
2489,691567
2490,1207910
2491,784841
2492,1001476
2493,740794
2494,672577
2495,671810
2496,9586135
2497,1507338
2498,1227624
2499,692102
2500,687112
2501,679108
2502,1171105
2503,726670
2504,1144546
2505,674781
2506,938068
2507,6652440
2508,1267325
2509,774928
2510,677591
2511,670002
2512,1454798
2513,740303
2514,659504
2515,1005605
2516,666195
2517,666043
2518,671518
2519,14032371
2520,1366991
2521,1016177
2522,7909049
2523,1182456
2524,768151
2525,685374
2526,684904
2527,676145
2528,672907
2529,1323128
2530,969018
2531,749743
2532,1292005
2533,7214900
2534,751139
2535,693100
2536,678815
2537,1214060
2538,674822
2539,1418491
2540,674979
2541,672804
2542,1248691
2543,686404
2544,683944
2545,6470641
2546,766387
2547,673174
2548,673273
2549,1821215
2550,770800
2551,703977
2552,695727
2553,759565
2554,706436
2555,1114552
2556,715854
2557,7776242
2558,2649013
2559,760010
2560,3746112
2561,760343
2562,719554
2563,7802171
2564,756812
2565,1263486
2566,1788876
2567,730266
2568,708047
2569,708204
2570,702604
2571,708851
2572,707066
2573,1132940
2574,674847
2575,6936493
2576,1328200
2577,684081
2578,665046
2579,668712
2580,662050
2581,1036028
2582,679717
2583,1018006
2584,790399
2585,15938711
2586,950069
2587,733670
2588,680653
2589,670282
2590,1171446
2591,679198
2592,7082512
2593,1675280
2594,1111149
2595,688621
2596,683759
2597,662318
2598,660353
2599,660761
2600,1088797
2601,679725
2602,1021462
2603,6691598
2604,1706260
2605,687508
2606,665033
2607,663397
2608,664629
2609,1127658
2610,668551
2611,1230846
2612,664884
2613,998539
2614,6513416
2615,694801
2616,824943
2617,672062
2618,675967
2619,1158262
2620,672461
2621,1161802
2622,672763
2623,937298
2624,724338
2625,665977
2626,2397127
2627,707177
2628,675564
2629,665931
2630,663949
2631,1227892
2632,644729
2633,1115788
2634,656368
2635,1051774
2636,673248
2637,664720
2638,664435
2639,3515390
2640,689787
2641,1313660
2642,643555
2643,660970
2644,1084405
2645,1185678
2646,660279
2647,660319
2648,1101096
2649,671254
2650,1189452
2651,737270
2652,1001563
2653,677451
2654,1160908
2655,725594
2656,1179753
2657,671304
2658,1242749
2659,687154
2660,715756
2661,1268924
2662,689820
2663,688716
2664,699519
2665,1265788
2666,684323
2667,1150620
2668,668012
2669,676244
2670,669894
2671,724148
2672,1216166
2673,676858
2674,1147818
2675,1266089
2676,1202817
2677,765156
2678,739730
2679,730699
2680,758671
2681,9826250
2682,2147629
2683,1827041
2684,907822
2685,767800
2686,1109863
2687,1584058
2688,756182
2689,734523
2690,1298057
2691,842993
2692,1558365
2693,743657
2694,741304
2695,724742
2696,714903
2697,1240874
2698,721705
2699,1275236
2700,806463
2701,1338537
2702,783058
2703,755663
2704,760562
2705,747522
2706,1422261
2707,1344544
2708,819887
2709,1155551
2710,859633
2711,764085
2712,1363645
2713,764855
2714,1134016
2715,764731
2716,5248435
2717,1167561
2718,934483
2719,1666851
2720,818309
2721,1323025
2722,816274
2723,762053
2724,766981
2725,751943
2726,1200917
2727,771550
2728,1409106
2729,1359780
2730,778781
2731,757142
2732,752437
2733,751049
2734,756449
2735,1315724
2736,770437
2737,1295688
2738,1505228
2739,793234
2740,784145
2741,779729
2742,783643
2743,1406811
2744,1256683
2745,1375635
2746,863025
2747,1219174
2748,782237
2749,759700
2750,768695
2751,770528
2752,1355920
2753,2097414
2754,933404
2755,811721
2756,824992
2757,855105
2758,814041
2759,1375795
2760,1631575
2761,899660
2762,799567
2763,1368140
2764,807650
2765,815470
2766,818453
2767,5823667
2768,12910263
2769,1230661
2770,1891055
2771,858085
2772,1308604
2773,996825
2774,1498014
2775,1297147
2776,885117
2777,1337676
2778,807568
2779,906800
2780,817988
2781,1285721
2782,826083
2783,807337
2784,4545193
2785,996668
2786,1005102
2787,889298
2788,1483079
2789,1826414
2790,884523
2791,1419171
2792,935312
2793,937499
2794,3458780
2795,4027676
2796,1360481
2797,1012024
2798,957819
2799,2776031
2800,944895
2801,2160628
2802,1038268
2803,1013078
2804,1024224
2805,1980592
2806,1942536
2807,1849302
2808,1138297
2809,995242
2810,931839
2811,1597073
2812,1042426
2813,1623833
2814,1675680
2815,1065943
2816,942567
2817,883225
2818,863317
2819,1453134
2820,876188
2821,1522817
2822,959534
2823,862814
2824,847203
2825,853548
2826,846560
2827,1386182
2828,856284
2829,1855898
2830,1031013
2831,1499749
2832,871359
2833,863049
2834,856350
2835,1501622
2836,1348541
2837,903978
2838,1437852
2839,918844
2840,870445
2841,855225
2842,1330355
2843,879603
2844,1905693
2845,1452581
2846,863943
2847,862605
2848,926552
2849,17694099
2850,940281
2851,2458738
2852,839078
2853,815462
2854,804569
2855,5501562
2856,1650799
2857,983327
2858,816674
2859,1447444
2860,801293
2861,810098
2862,799402
2863,1383068
2864,1236144
2865,1517943
2866,813002
2867,1381781
2868,792571
2869,804552
2870,812042
2871,1495504
2872,1328764
2873,811082
2874,1374291
2875,952789
2876,1300192
2877,809806
2878,789892
2879,1299166
2880,815162
2881,1783738
2882,876505
2883,1276282
2884,862209
2885,821972
2886,827010
2887,1207955
2888,863453
2889,1200790
2890,1318345
2891,1295997
2892,764179
2893,757682
2894,798755
2895,749718
2896,1259695
2897,743715
2898,738919
2899,1250755
2900,816352
2901,1250120
2902,759652
2903,755049
2904,762202
2905,1370122
2906,1152865
2907,753842
2908,1663052
2909,802121
2910,752820
2911,753046
2912,745165
2913,745198
2914,1820782
2915,1202183
2916,926140
2917,772947
2918,806188
2919,770009
2920,755078
2921,1323313
2922,797564
2923,795702
2924,1379017
2925,1389066
2926,818202
2927,791504
2928,799077
2929,803987
2930,1303722
2931,833063
2932,1338838
2933,920986
2934,1569008
2935,858628
2936,870762
2937,857891
2938,1438313
2939,880246
2940,1768651
2941,905453
2942,13209295
2943,935839
2944,820266
2945,1505743
2946,799546
2947,812743
2948,786831
2949,1415999
2950,1362656
2951,815512
2952,1431936
2953,1440938
2954,874705
2955,788859
2956,1199661
2957,864425
2958,1236194
2959,866581
2960,1621324
2961,816599
2962,807028
2963,807201
2964,802055
2965,1351343
2966,809034
2967,1268331
2968,1807548
2969,799217
2970,861986
2971,789851
2972,1255686
2973,813744
2974,1232342
2975,1718159
2976,2531207
2977,917067
2978,1444931
2979,752927
2980,748926
2981,1292603
2982,1270222
2983,807452
2984,745663
2985,749285
2986,1197045
2987,753714
2988,744007
2989,1261512
2990,750562
2991,1177833
2992,739866
2993,1193296
2994,1582644
2995,820147
2996,750484
2997,753195
2998,934686
2999,1835940
3000,758238
3001,1259839
3002,798047
3003,1337643
3004,1263135
3005,703869
3006,1132594
3007,706881
3008,1943545
3009,1202133
3010,726463
3011,707606
3012,774900
3013,705266
3014,708310
3015,1245341
3016,719579
3017,1212491
3018,737716
3019,1307834
3020,762836
3021,753500
3022,744778
3023,747756
3024,1374052
3025,793478
3026,1249206
3027,870679
3028,1312688
3029,862580
3030,812170
3031,801718
3032,800556
3033,1487388
3034,1390846
3035,781846
3036,1184363
3037,755667
3038,763162
3039,829487
3040,11200019
3041,1202220
3042,3272861
3043,1263048
3044,894155
3045,774352
3046,768139
3047,1301807
3048,1219375
3049,811049
3050,754653
3051,741906
3052,1400912
3053,1275392
3054,798356
3055,1175571
3056,696894
3057,705904
3058,780194
3059,710457
3060,707034
3061,704866
3062,738601
3063,714046
3064,1515125
3065,770796
3066,710631
3067,705492
3068,709567
3069,711846
3070,1249023
3071,709370
3072,710952
3073,1197255
3074,688605
3075,1158238
3076,704825
3077,702138
3078,712570
3079,705798
3080,1257796
3081,779827
3082,719945
3083,1861715
3084,787536
3085,719604
3086,705175
3087,710474
3088,1163420
3089,716472
3090,1218980
3091,787367
3092,1180416
3093,1121289
3094,710857
3095,708933
3096,706172
3097,714750
3098,1182999
3099,714206
3100,706041
3101,1136657
3102,760343
3103,1175319
3104,701516
3105,703906
3106,703197
3107,702456
3108,705315
3109,1266373
3110,1163788
3111,758770
3112,1142647
3113,755482
3114,1231616
3115,703667
3116,706432
3117,699291
3118,1133723
3119,765856
3120,1032628
3121,665783
3122,1060967
3123,701603
3124,1059685
3125,688876
3126,672243
3127,1115549
3128,735607
3129,1070027
3130,669264
3131,676272
3132,673640
3133,1078876
3134,1123682
3135,678452
3136,1191017
3137,672890
3138,1263226
3139,652685
3140,669087
3141,678514
3142,1201729
3143,661090
3144,1187590
3145,1025249
3146,731528
3147,1562423
3148,758509
3149,741477
3150,672330
3151,1183864
3152,669182
3153,1183535
3154,9976218
3155,1381077
3156,730284
3157,721866
3158,708533
3159,699868
3160,726332
3161,1191145
3162,1241913
3163,702649
3164,708266
3165,704371
3166,704668
3167,702345
3168,1331232
3169,711903
3170,1082658
3171,800119
3172,1205054
3173,710231
3174,705158
3175,702274
3176,706519
3177,1187795
3178,706547
3179,701887
3180,1120258
3181,762766
3182,1125330
3183,700874
3184,755054
3185,701067
3186,704496
3187,1118392
3188,712097
3189,1174297
3190,762338
3191,705246
3192,1112368
3193,770112
3194,705517
3195,695571
3196,1169584
3197,767937
3198,1085468
3199,710766
3200,1117308
3201,1274012
3202,706732
3203,695415
3204,697467
3205,702341
3206,1225053
3207,835807
3208,1154489
3209,696680
3210,997336
3211,1200975
3212,700071
3213,687451
3214,1009345
3215,1110189
3216,1113148
3217,692127
3218,1004282
3219,709151
3220,664551
3221,1088864
3222,660385
3223,975602
3224,1072589
3225,1139257
3226,654943
3227,670155
3228,670059
3229,1194091
3230,667584
3231,1060027
3232,667431
3233,665321
3234,657802
3235,1059067
3236,639756
3237,661345
3238,661342
3239,662384
3240,1161287
3241,708080
3242,1191095
3243,661564
3244,1108541
3245,1114486
3246,662178
3247,674476
3248,667513
3249,3339227
3250,703325
3251,1725620
3252,720815
3253,679301
3254,1383512
3255,673735
3256,666512
3257,667859
3258,1065552
3259,663921
3260,8730453
3261,1216310
3262,1357510
3263,809979
3264,795352
3265,731820
3266,731791
3267,1162847
3268,739615
3269,1149025
3270,713004
3271,1269250
3272,706572
3273,712521
3274,702724
3275,714932
3276,767402
3277,1236573
3278,720666
3279,1184421
3280,1609207
3281,1166944
3282,743818
3283,701644
3284,697343
3285,698921
3286,1211906
3287,698398
3288,1246152
3289,706790
3290,1154439
3291,714932
3292,717478
3293,715702
3294,707664
3295,1187927
3296,710882
3297,1270853
3298,700054
3299,1224217
3300,710400
3301,707099
3302,703267
3303,700598
3304,1291860
3305,685552
3306,678143
3307,1055544
3308,709753
3309,1173218
3310,677274
3311,671608
3312,668054
3313,1049525
3314,675968
3315,993417
3316,1078880
3317,3157144
3318,880387
3319,1144089
3320,833001
3321,667901
3322,659438
3323,1193329
3324,667695
3325,1099184
3326,662462
3327,1096239
3328,714297
3329,1020585
3330,790313
3331,676899
3332,671642
3333,1180675
3334,747789
3335,1079968
3336,674732
3337,1085687
3338,714639
3339,666813
3340,1128235
3341,679610
3342,1175620
3343,736656
3344,1094343
3345,674946
3346,668622
3347,669631
3348,1040453
3349,668127
3350,1177342
3351,667526
3352,1020420
3353,1279962
3354,661589
3355,664304
3356,667048
3357,1052854
3358,670237
3359,1113155
3360,669586
3361,673557
3362,1508124
3363,1057666
3364,755708
3365,675581
3366,677735
3367,1254656
3368,663933
3369,1127617
3370,668024
3371,8792114
3372,751601
3373,705612
3374,733839
3375,1251702
3376,762490
3377,1579797
3378,1342064
3379,1160162
3380,704558
3381,704232
3382,709687
3383,699778
3384,1213772
3385,707297
3386,1065235
3387,662125
3388,1107527
3389,1118083
3390,666595
3391,675082
3392,677179
3393,1014467
3394,667192
3395,1027557
3396,743830
3397,675317
3398,667274
3399,1077838
3400,745725
3401,1245171
3402,675189
3403,1074270
3404,708616
3405,1126715
3406,676845
3407,667797
3408,1551575
3409,762185
3410,667843
3411,670847
3412,674571
3413,742540
3414,1214284
3415,1117156
3416,663925
3417,661791
3418,1109773
3419,656303
3420,669306
3421,659014
3422,664938
3423,1124457
3424,710960
3425,1088397
3426,735293
3427,1017346
3428,1448622
3429,669751
3430,664885
3431,663163
3432,719621
3433,668082
3434,1015089
3435,1037885
3436,714507
3437,1059166
3438,1077813
3439,649105
3440,668453
3441,663064
3442,945570
3443,665383
3444,1009283
3445,724276
3446,673356
3447,1553421
3448,769885
3449,667752
3450,668931
3451,664695
3452,667340
3453,1129726
3454,666496
3455,1073747
3456,681151
3457,1044210
3458,657328
3459,3058406
3460,799159
3461,691694
3462,717404
3463,675856
3464,674118
3465,1113629
3466,1108289
3467,676355
3468,677756
3469,665619
3470,748243
3471,665693
3472,1095328
3473,667283
3474,654185
3475,1052141
3476,1291906
3477,731713
3478,674872
3479,674287
3480,663196
3481,670006
3482,716716
3483,8826871
3484,1268718
3485,707396
3486,1327264
3487,1195120
3488,682787
3489,678605
3490,1100066
3491,748972
3492,1071539
3493,718969
3494,712703
3495,704281
3496,1537105
3497,1265418
3498,699361
3499,1143986
3500,1221247
3501,700866
3502,711026
3503,1047230
3504,753788
3505,709831
3506,761708
3507,706053
3508,1224703
3509,779802
3510,1109975
3511,695241
3512,662260
3513,979985
3514,704866
3515,668152
3516,1460175
3517,1115064
3518,664386
3519,677126
3520,666986
3521,672321
3522,671205
3523,672009
3524,1117362
3525,657481
3526,1085601
3527,1055726
3528,706160
3529,707569
3530,670612
3531,675799
3532,673735
3533,666594
3534,1128738
3535,677723
3536,1113555
3537,1013605
3538,1040267
3539,669441
3540,665783
3541,669117
3542,705978
3543,669207
3544,663941
3545,1069202
3546,665815
3547,1083317
3548,650052
3549,1093791
3550,668494
3551,662821
3552,666953
3553,671069
3554,659175
3555,1200415
3556,661144
3557,660991
3558,1546396
3559,710918
3560,666043
3561,661231
3562,1112228
3563,622056
3564,1108668
3565,630013
3566,998398
3567,1066421
3568,689176
3569,1019320
3570,632950
3571,626708
3572,629733
3573,623679
3574,638384
3575,1148102
3576,647831
3577,1091125
3578,638969
3579,1076495
3580,673945
3581,627726
3582,621285
3583,626518
3584,633412
3585,913178
3586,643538
3587,978725
3588,1082960
3589,1209153
3590,640008
3591,631268
3592,705175
3593,642138
3594,1273044
3595,635076
3596,634841
3597,635966
3598,1057827
3599,1160153
3600,650926
3601,623144
3602,637103
3603,624883
3604,637403
3605,702736
3606,7928027
3607,1961113
3608,825734
3609,1175522
3610,688505
3611,673072
3612,673825
3613,670855
3614,671592
3615,1322292
3616,719312
3617,786947
3618,1205598
3619,1050164
3620,710799
3621,702951
3622,702642
3623,709102
3624,1184442
3625,714944
3626,712493
3627,1283175
3628,699885
3629,709245
3630,719505
3631,769284
3632,710140
3633,1215437
3634,712558
3635,1177293
3636,1650148
3637,700807
3638,707680
3639,710465
3640,701842
3641,707585
3642,767875
3643,1034495
3644,713906
3645,1137089
3646,1141844
3647,996347
3648,712723
3649,718928
3650,703209
3651,711409
3652,1314006
3653,756772
3654,721569
3655,1230846
3656,696840
3657,705241
3658,697986
3659,736092
3660,745322
3661,1291687
3662,766729
3663,1257672
3664,877536
3665,1355425
3666,783271
3667,783074
3668,759523
3669,758069
3670,1286105
3671,751691
3672,750661
3673,1170668
3674,743891
3675,750826
3676,772988
3677,3714189
3678,1572909
3679,816224
3680,1413440
3681,757793
3682,1324590
3683,766544
3684,756871
3685,805483
3686,1495187
3687,767516
3688,799118
3689,5368013
3690,2026532
3691,862806
3692,796382
3693,765823
3694,1597081
3695,1351635
3696,1098620
3697,1991844
3698,938538
3699,791458
3700,1314962
3701,760352
3702,12315135
3703,1251986
3704,1443332
3705,1036818
3706,835992
3707,1460574
3708,808734
3709,894391
3710,810667
3711,1280634
3712,878853
3713,1467068
3714,894617
3715,814041
3716,1357943
3717,793535
3718,803307
3719,1149259
3720,1812496
3721,901411
3722,803588
3723,1440855
3724,908280
3725,1361334
3726,803653
3727,803056
3728,1337779
3729,1226211
3730,819553
3731,1208947
3732,859885
3733,858616
3734,800972
3735,807284
3736,1282566
3737,809763
3738,989730
3739,1496600
3740,783837
3741,802388
3742,813694
3743,811285
3744,1613274
3745,1471077
3746,902161
3747,1333407
3748,766136
3749,805367
3750,799481
3751,805813
3752,1352834
3753,955162
3754,1013914
3755,1000656
3756,817044
3757,819566
3758,966113
3759,883469
3760,1549828
3761,2146785
3762,865645
3763,1529578
3764,888383
3765,876160
3766,1260791
3767,1564648
3768,996689
3769,2112354
3770,1119085
3771,887601
3772,881050
3773,1683974
3774,1681226
3775,2193099
3776,831637
3777,2539450
3778,858327
3779,850796
3780,854879
3781,1612973
3782,850775
3783,980381
3784,3805989
3785,936976
3786,1541460
3787,1626321
3788,998382
3789,914654
3790,1453760
3791,1058589
3792,20490396
3793,2575259
3794,1000158
3795,1697875
3796,1010652
3797,1670769
3798,935587
3799,1753992
3800,917443
3801,919820
3802,915205
3803,2243315
3804,1016704
3805,1519125
3806,922626
3807,1038066
3808,1714892
3809,938822
3810,932106
3811,1594502
3812,1753880
3813,896805
3814,923066
3815,1784427
3816,6428757
3817,1423123
3818,2128306
3819,970530
3820,948138
3821,959175
3822,1468740
3823,895305
3824,1460834
3825,1001328
3826,1656715
3827,923276
3828,1419843
3829,1487648
3830,917472
3831,1484566
3832,993813
3833,1442137
3834,1019044
3835,1442438
3836,1559045
3837,918485
3838,1358549
3839,980250
3840,1723461
3841,923973
3842,1593493
3843,2758187
3844,919256
3845,923462
3846,927339
3847,1811866
3848,2094905
3849,1205647
3850,1087326
3851,913372
3852,1463644
3853,1436654
3854,1014545
3855,1506477
3856,898395
3857,1060596
3858,1569143
3859,896129
3860,909392
3861,1593716
3862,1785345
3863,997612
3864,1011521
3865,1616689
3866,1003124
3867,16118207
3868,1131667
3869,981106
3870,1061712
3871,1704669
3872,973777
3873,1527114
3874,1032426
3875,2714159
3876,4414210
3877,933590
3878,916075
3879,1660514
3880,937701
3881,1461914
3882,990137
3883,1009790
3884,925164
3885,1701909
3886,926231
3887,2046543
3888,988432
3889,935538
3890,926828
3891,921304
3892,1572616
3893,924920
3894,1500404
3895,1010309
3896,1501389
3897,932126
3898,928609
3899,926491
3900,1031969
3901,1665368
3902,1602813
3903,988749
3904,1698378
3905,935591
3906,916088
3907,1668466
3908,3325100
3909,3165203
3910,2680658
3911,1802967
3912,6483417
3913,1961072
3914,1742719
3915,2725028
3916,1459846
3917,2821908
3918,4257107
3919,1420087
3920,1431829
3921,9557863
3922,1332938
3923,1000446
3924,924056
3925,921567
3926,18054072
3927,1051523
3928,2319594
3929,941368
3930,917414
3931,919746
3932,912976
3933,1742220
3934,925328
3935,1597448
3936,1563568
3937,933346
3938,844867
3939,851876
3940,839873
3941,1443060
3942,1538992
3943,977168
3944,861825
3945,851933
3946,851818
3947,1740222
3948,850912
3949,846742
3950,1439846
3951,2500767
3952,877090
3953,844051
3954,1599768
3955,1376911
3956,909446
3957,843603
3958,2901714
3959,1758980
3960,2203585
3961,959645
3962,869909
3963,865097
3964,867799
3965,1680620
3966,2505629
3967,895899
3968,865389
3969,956452
3970,857149
3971,1600225
3972,854043
3973,1452391
3974,921674
3975,859518
3976,843977
3977,848019
3978,1598923
3979,913470
3980,950354
3981,1648859
3982,862415
3983,1545169
3984,871425
3985,861298
3986,878615
3987,1606669
3988,940820
3989,1602561
3990,869464
3991,1557009
3992,848443
3993,1573539
3994,1363044
3995,911016
3996,908481
3997,1441189
3998,879801
3999,1368894
4000,800065
4001,1347762
4002,768831
4003,804506
4004,811420
4005,1560977
4006,880378
4007,1362463
4008,937096
4009,1355693
4010,787635
4011,787049
4012,12440539
4013,944178
4014,939650
4015,1673052
4016,1579686
4017,831749
4018,826969
4019,841229
4020,1415002
4021,1368886
4022,841851
4023,1575319
4024,1723725
4025,916490
4026,811972
4027,794672
4028,1407454
4029,790709
4030,2005065
4031,917122
4032,812549
4033,811989
4034,799913
4035,802175
4036,1277168
4037,805294
4038,784404
4039,1380978
4040,1508034
4041,835622
4042,790581
4043,859794
4044,1195973
4045,1597893
4046,785352
4047,811589
4048,1360122
4049,1402090
4050,831658
4051,802195
4052,1437436
4053,856828
4054,796263
4055,788088
4056,1214464
4057,849387
4058,1544884
4059,874647
4060,1316474
4061,761843
4062,801137
4063,790449
4064,1166737
4065,838692
4066,1241406
4067,794046
4068,1343201
4069,772378
4070,801898
4071,823422
4072,1402419
4073,824963
4074,1404343
4075,1534193
4076,902808
4077,1432549
4078,791569
4079,915288
4080,807461
4081,1287506
4082,800115
4083,2030466
4084,789395
4085,754575
4086,750125
4087,751011
4088,752688
4089,1224913
4090,1196600
4091,759940
4092,1230496
4093,726299
4094,744250
4095,785558
4096,786366
4097,5092457
4098,1655913
4099,1494174
4100,823368
4101,10174394
4102,840685
4103,1796606
4104,1537434
4105,1029958
4106,767599
4107,750851
4108,1508804
4109,1308737
4110,802072
4111,746203
4112,1115862
4113,844912
4114,760211
4115,830142
4116,1362347
4117,1308711
4118,814535
4119,752844
4120,1200341
4121,802138
4122,1179605
4123,801190
4124,1329048
4125,902750
4126,747155
4127,752865
4128,749021
4129,744580
4130,4409139
4131,1011352
4132,2754446
4133,1000039
4134,777450
4135,761295
4136,1284757
4137,753063
4138,1410346
4139,824374
4140,1295395
4141,1229833
4142,806266
4143,741564
4144,742293
4145,1357901
4146,1272023
4147,824884
4148,753430
4149,741659
4150,1229800
4151,899178
4152,1250841
4153,1332394
4154,818552
4155,737423
4156,741597
4157,741890
4158,1211329
4159,741720
4160,1308629
4161,743266
4162,808581
4163,1277910
4164,738536
4165,753178
4166,1222932
4167,794540
4168,1168328
4169,812273
4170,837674
4171,1275586
4172,1348277
4173,756680
4174,765666
4175,1196406
4176,744922
4177,1326317
4178,750207
4179,700733
4180,1063484
4181,1282339
4182,710173
4183,755433
4184,693009
4185,1171067
4186,1074892
4187,702518
4188,696565
4189,1118693
4190,766276
4191,1061827
4192,710346
4193,707610
4194,778888
4195,1322745
4196,1239008
4197,703795
4198,1189896
4199,726695
4200,715373
4201,708908
4202,9048784
4203,794581
4204,1523616
4205,737159
4206,704722
4207,1238155
4208,833982
4209,1139215
4210,708624
4211,705047
4212,1132367
4213,790432
4214,719773
4215,715719
4216,1196184
4217,781969
4218,1370002
4219,712023
4220,707504
4221,714924
4222,1323144
4223,1443040
4224,711846
4225,1210970
4226,697895
4227,705670
4228,701336
4229,1467344
4230,713131
4231,701344
4232,1131824
4233,1613137
4234,751506
4235,713127
4236,1093424
4237,1049199
4238,1417742
4239,758160
4240,701764
4241,1736180
4242,753450
4243,713881
4244,705287
4245,838909
4246,1233071
4247,702790
4248,697227
4249,1246973
4250,817489
4251,1209834
4252,701426
4253,693066
4254,696808
4255,689519
4256,694933
4257,1138626
4258,1105199
4259,694405
4260,704590
4261,2910404
4262,716967
4263,1190559
4264,714750
4265,708957
4266,698439
4267,1188615
4268,678840
4269,693709
4270,1224167
4271,1248162
4272,703816
4273,707705
4274,704648
4275,702237
4276,1242890
4277,671485
4278,692782
4279,1079655
4280,698027
4281,1054445
4282,776437
4283,760920
4284,708171
4285,3603836
4286,1465873
4287,799192
4288,712171
4289,1210291
4290,1281915
4291,706399
4292,692749
4293,696330
4294,694051
4295,1236940
4296,775406
4297,711487
4298,653909
4299,1017648
4300,1047254
4301,664963
4302,708340
4303,655792
4304,1170313
4305,731792
4306,918733
4307,10140049
4308,726464
4309,1769824
4310,810893
4311,691818
4312,672371
4313,1207959
4314,793526
4315,1129838
4316,668996
4317,654778
4318,656553
4319,1533821
4320,726761
4321,665498
4322,1514898
4323,705711
4324,662025
4325,661465
4326,708764
4327,658911
4328,1204333
4329,667777
4330,1524086
4331,1168917
4332,671114
4333,669961
4334,665268
4335,659986
4336,667658
4337,665792
4338,1120024
4339,670896
4340,1186163
4341,1272348
4342,948076
4343,800650
4344,800019
4345,1346822
4346,687957
4347,1127876
4348,1206125
4349,668095
4350,657295
4351,1187968
4352,707952
4353,667781
4354,664411
4355,667048
4356,1096774
4357,713485
4358,665973
4359,725586
4360,659665
4361,1008608
4362,659557
4363,664625
4364,663298
4365,663039
4366,662232
4367,1183803
4368,679190
4369,669565
4370,1096024
4371,722208
4372,1040881
4373,980562
4374,658025
4375,661576
4376,657254
4377,1056781
4378,673368
4379,1071353
4380,712097
4381,1149190
4382,660608
4383,667073
4384,660764
4385,650794
4386,699234
4387,962949
4388,662577
4389,1085468
4390,1137958
4391,724569
4392,1098307
4393,681698
4394,682012
4395,675440
4396,692490
4397,683289
4398,3858310
4399,1032418
4400,1391451
4401,872603
4402,722970
4403,710952
4404,701591
4405,1188442
4406,853589
4407,1590444
4408,1410387
4409,730431
4410,712649
4411,699201
4412,716481
4413,698525
4414,717362
4415,1311666
4416,1634092
4417,734618
4418,711854
4419,699922
4420,702480
4421,713815
4422,1322465
4423,12481690
4424,1027329
4425,1470076
4426,781051
4427,755848
4428,745161
4429,3635891
4430,2428150
4431,2241345
4432,1195162
4433,2053213
4434,1187775
4435,1866960
4436,1950099
4437,1242213
4438,4146070
4439,1295403
4440,1528041
4441,928592
4442,762486
4443,761736
4444,872908
4445,748177
4446,1381646
4447,1331100
4448,2020269
4449,8109686
4450,1640004
4451,836611
4452,1360188
4453,807358
4454,5997857
4455,1025439
4456,839532
4457,812656
4458,800724
4459,1505261
4460,914793
4461,2002462
4462,910097
4463,846605
4464,869827
4465,795310
4466,787886
4467,1390281
4468,806842
4469,1662232
4470,846861
4471,1358849
4472,819227
4473,800374
4474,815387
4475,823867
4476,1835050
4477,1721072
4478,1331619
4479,1828738
4480,952678
4481,824617
4482,1900926
4483,837950
4484,840393
4485,2263359
4486,958866
4487,971626
4488,2070971
4489,813035
4490,13144140
4491,2055859
4492,1755705
4493,2065437
4494,1062161
4495,1006560
4496,932234
4497,924591
4498,1865461
4499,1041247
4500,1721002
4501,919379
4502,922754
4503,920150
4504,1505055
4505,1014986
4506,1685791
4507,2133720
4508,1126126
4509,963518
4510,929449
4511,2911182
4512,940285
4513,1891500
4514,925539
4515,927372
4516,929885
4517,1576048
4518,918526
4519,1385757
4520,1023403
4521,1359146
4522,1007471
4523,926293
4524,925699
4525,912853
4526,1471183
4527,913105
4528,2154827
4529,1003063
4530,910954
4531,983224
4532,1671899
4533,940301
4534,1681144
4535,1032744
4536,1284416
4537,1141827
4538,1644174
4539,1028043
4540,1690760
4541,974287
4542,987776
4543,1620660
4544,899895
4545,1345500
4546,861904
4547,1462936
4548,1376393
4549,926569
4550,1494804
4551,855373
4552,851566
4553,850079
4554,1379306
4555,903018
4556,852329
4557,7103142
4558,1920785
4559,952175
4560,1053315
4561,976665
4562,932893
4563,14320592
4564,1074484
4565,2011209
4566,1775432
4567,1055643
4568,1494722
4569,1085394
4570,876781
4571,1491850
4572,842415
4573,946060
4574,939761
4575,840018
4576,1372273
4577,937639
4578,866085
4579,1477842
4580,1530464
4581,918568
4582,844913
4583,1871871
4584,933647
4585,857590
4586,1420107
4587,934434
4588,1323351
4589,798421
4590,794104
4591,1775696
4592,861294
4593,4332938
4594,1583078
4595,852559
4596,814259
4597,794153
4598,1448980
4599,1219359
4600,1087631
4601,1361103
4602,879249
4603,1324829
4604,802755
4605,806814
4606,804313
4607,1515198
4608,897703
4609,1383813
4610,881050
4611,802533
4612,791668
4613,1884594
4614,788813
4615,1397010
4616,1337894
4617,1435500
4618,803876
4619,807762
4620,813645
4621,1252369
4622,794907
4623,1257409
4624,746743
4625,1401463
4626,1464909
4627,764863
4628,750410
4629,750896
4630,754646
4631,1743370
4632,858010
4633,1328629
4634,796967
4635,881911
4636,806764
4637,808977
4638,811441
4639,1359994
4640,1322192
4641,1569407
4642,856144
4643,868512
4644,869526
4645,936115
4646,3964502
4647,943456
4648,1527971
4649,10449600
4650,2158346
4651,956456
4652,1011455
4653,860388
4654,1608807
4655,836042
4656,1477067
4657,874330
4658,1416094
4659,818074
4660,811021
4661,1992574
4662,808693
4663,789319
4664,797227
4665,1389972
4666,1433926
4667,810909
4668,802035
4669,1385271
4670,825111
4671,1011789
4672,1350078
4673,869550
4674,1282607
4675,829017
4676,1319433
4677,812652
4678,1304760
4679,805199
4680,750228
4681,1213624
4682,738140
4683,1285227
4684,738993
4685,1198923
4686,737246
4687,784326
4688,785785
4689,786873
4690,908926
4691,810818
4692,1255208
4693,901135
4694,1210509
4695,791953
4696,742425
4697,745239
4698,732216
4699,1068354
4700,740267
4701,1754951
4702,798697
4703,749281
4704,745964
4705,736558
4706,749125
4707,741280
4708,760903
4709,1186472
4710,2811748
4711,827764
4712,747926
4713,738602
4714,739145
4715,1175880
4716,734065
4717,749768
4718,1303372
4719,1786157
4720,933766
4721,816566
4722,808882
4723,810089
4724,1508635
4725,1398102
4726,2144263
4727,1439954
4728,943742
4729,895202
4730,854001
4731,1255761
4732,842844
4733,1448342
4734,920686
4735,1536405
4736,929881
4737,927826
4738,1371078
4739,919849
4740,1475329
4741,1321406
4742,973319
4743,1394797
4744,859823
4745,856263
4746,856828
4747,10720921
4748,2157542
4749,953468
4750,832235
4751,801375
4752,746211
4753,1328015
4754,759222
4755,750727
4756,1225123
4757,1250759
4758,3849163
4759,809067
4760,749454
4761,1426782
4762,752342
4763,748993
4764,1471212
4765,1302977
4766,833310
4767,756116
4768,743381
4769,740208
4770,1293067
4771,1291408
4772,820501
4773,744361
4774,747530
4775,1784736
4776,798495
4777,746491
4778,1217740
4779,1415740
4780,699085
4781,695534
4782,691954
4783,761868
4784,1045882
4785,822054
4786,706523
4787,1830918
4788,695102
4789,707812
4790,700850
4791,700606
4792,1044907
4793,748708
4794,1211379
4795,755189
4796,1291766
4797,701159
4798,710618
4799,703420
4800,705979
4801,1090627
4802,697499
4803,701043
4804,693532
4805,1688601
4806,690051
4807,748309
4808,699115
4809,698089
4810,696054
4811,863466
4812,1435117
4813,924670
4814,1233121
4815,747497
4816,692012
4817,689466
4818,693189
4819,756854
4820,1145564
4821,707104
4822,1053274
4823,1344001
4824,1153652
4825,693223
4826,697376
4827,699597
4828,696853
4829,693660
4830,693602
4831,1162185
4832,1137406
4833,925646
4834,1061011
4835,750010
4836,703210
4837,698447
4838,688806
4839,692185
4840,1158889
4841,1157533
4842,796431
4843,713844
4844,703738
4845,1666666
4846,760759
4847,698789
4848,1677807
4849,769910
4850,700161
4851,696622
4852,693829
4853,1205137
4854,710630
4855,1157376
4856,9080035
4857,903269
4858,1343786
4859,721602
4860,714857
4861,698051
4862,1171962
4863,668856
4864,658762
4865,1567680
4866,792999
4867,661399
4868,655347
4869,663031
4870,664885
4871,673619
4872,1095394
4873,669627
4874,666471
4875,672318
4876,1662372
4877,723176
4878,734024
4879,677476
4880,668758
4881,1014710
4882,670134
4883,738952
4884,1114535
4885,706242
4886,660224
4887,1198075
4888,724354
4889,1061122
4890,704849
4891,662269
4892,1051333
4893,1032076
4894,699135
4895,655491
4896,670369
4897,1121161
4898,1193984
4899,706069
4900,696857
4901,1123337
4902,1282380
4903,1075526
4904,694228
4905,689894
4906,702180
4907,755090
4908,759696
4909,703552
4910,707116
4911,1148432
4912,814836
4913,1052796
4914,702855
4915,706539
4916,1029830
4917,752647
4918,756264
4919,1221489
4920,712860
4921,1173412
4922,698146
4923,691439
4924,748420
4925,709724
4926,765218
4927,700231
4928,1142997
4929,1368082
4930,696502
4931,706324
4932,691344
4933,693977
4934,1089811
4935,789753
4936,1133488
4937,1576976
4938,1376417
4939,712073
4940,700746
4941,703519
4942,703008
4943,1227925
4944,695217
4945,1115389
4946,1552111
4947,1245641
4948,692766
4949,701612
4950,693075
4951,701385
4952,658074
4953,659330
4954,1032150
4955,664275
4956,661992
4957,1303030
4958,710890
4959,677204
4960,671057
4961,669442
4962,670814
4963,666619
4964,1162464
4965,699321
4966,1132508
4967,1619718
4968,816331
4969,715578
4970,699906
4971,699226
4972,990825
4973,705195
4974,700247
4975,11132231
4976,765942
4977,1387155
4978,1236400
4979,712558
4980,757793
4981,699090
4982,1309330
4983,776346
4984,1271421
4985,702790
4986,703804
4987,1752240
4988,1111874
4989,698056
4990,1165469
4991,705962
4992,705353
4993,698110
4994,701076
4995,702027
4996,4319765
4997,1266810
4998,903336
4999,1282731
5000,701187
5001,703235
5002,700231
5003,704297
5004,1085703
5005,690066
5006,693326
5007,1144023
5008,1291346
5009,704970
5010,740518
5011,702798
5012,696808
5013,1122533
5014,707779
5015,1155753
5016,1227468
5017,690598
5018,1129566
5019,693886
5020,705476
5021,750979
5022,706221
5023,1043859
5024,692423
5025,1102645
5026,766078
5027,1065107
5028,1127308
5029,666133
5030,658388
5031,661724
5032,1074270
5033,759499
5034,1034235
5035,702489
5036,658721
5037,652582
5038,1035388
5039,1079597
5040,659702
5041,669161
5042,673891
5043,1139994
5044,663883
5045,1160162
5046,668651
5047,663430
5048,667518
5049,723251
5050,663777
5051,661420
5052,654300
5053,658631
5054,1099201
5055,666463
5056,1143842
5057,657691
5058,1253264
5059,739286
5060,1060270
5061,675432
5062,670327
5063,668333
5064,1081752
5065,1137080
5066,676322
5067,1175427
5068,657333
5069,1165369
5070,655429
5071,666619
5072,658935
5073,1023774
5074,1041144
5075,1197379
5076,669623
5077,1037321
5078,733237
5079,1133039
5080,704021
5081,674398
5082,680689
5083,1018620
5084,1434721
5085,720757
5086,668214
5087,8525272
5088,1319053
5089,768823
5090,672165
5091,660687
5092,663694
5093,982388
5094,723654
5095,1246922
5096,690544
5097,739388
5098,665157
5099,659158
5100,659705
5101,662091
5102,655486
5103,1026996
5104,660237
5105,1017998
5106,1206101
5107,845205
5108,668313
5109,668799
5110,666788
5111,1104985
5112,670372
5113,1011129
5114,1004232
5115,1520530
5116,721202
5117,671015
5118,664559
5119,713247
5120,664111
5121,1014331
5122,649455
5123,654786
5124,1070793
5125,718911
5126,724540
5127,1054683
5128,662318
5129,659821
5130,657251
5131,655969
5132,1056763
5133,664428
5134,1314216
5135,666236
5136,1032344
5137,708916
5138,658227
5139,691810
5140,693684
5141,698113
5142,1120687
5143,698266
5144,1235757
5145,684990
5146,1256497
5147,766202
5148,1237079
5149,694121
5150,668795
5151,1044453
5152,736389
5153,1031413
5154,710968
5155,704657
5156,666887
5157,1041792
5158,710741
5159,661750
5160,657852
5161,1061440
5162,717218
5163,1057316
5164,661609
5165,1063442
5166,722005
5167,732323
5168,1240829
5169,670966
5170,1190103
5171,726633
5172,928315
5173,658914
5174,654193
5175,656562
5176,1076231
5177,1492938
5178,819822
5179,665639
5180,1530781
5181,671674
5182,671406
5183,668321
5184,663575
5185,659389
5186,996507
5187,714891
5188,981291
5189,3313968
5190,1251257
5191,656905
5192,673158
5193,666685
5194,662973
5195,1157022
5196,672297
5197,1136706
5198,672033
5199,658338
5200,1120493
5201,8676414
5202,959492
5203,715170
5204,682189
5205,1283587
5206,710465
5207,1400862
5208,797742
5209,1179015
5210,672730
5211,668243
5212,670475
5213,671366
5214,1195610
5215,682573
5216,670237
5217,1126261
5218,733637
5219,677365
5220,668971
5221,670118
5222,661798
5223,665952
5224,1155106
5225,673978
5226,1210633
5227,732451
5228,1025908
5229,702303
5230,661350
5231,660546
5232,661881
5233,667909
5234,1008135
5235,665902
5236,662227
5237,1049187
5238,701323
5239,700273
5240,1225222
5241,667683
5242,661910
5243,657197
5244,655738
5245,1050436
5246,654177
5247,1058552
5248,653653
5249,1039867
5250,706102
5251,752861
5252,1083008
5253,664118
5254,658259
5255,967040
5256,1099798
5257,695814
5258,662500
5259,660167
5260,1076746
5261,1203580
5262,672128
5263,699968
5264,665206
5265,1470409
5266,697116
5267,659768
5268,662578
5269,1038194
5270,1123732
5271,1166272
5272,661857
5273,665366
5274,664345
5275,1588141
5276,701467
5277,659046
5278,658083
5279,666763
5280,664411
5281,1336044
5282,724309
5283,660839
5284,1000364
5285,654074
5286,1048557
5287,733402
5288,655112
5289,658561
5290,1150479
5291,667876
5292,1099217
5293,657007
5294,662862
5295,664646
5296,1117515
5297,1063645
5298,652232
5299,719192
5300,665305
5301,1266992
5302,1124996
5303,672767
5304,660101
5305,1080367
5306,717832
5307,1018600
5308,635538
5309,631062
5310,1128375
5311,682218
5312,1049459
5313,629032
5314,629971
5315,626959
5316,1050823
5317,1124848
5318,697504
5319,664349
5320,1051770
5321,699176
5322,657077
5323,1163528
5324,665515
5325,699930
5326,1083079
5327,7779320
5328,788789
5329,694203
5330,1239911
5331,673051
5332,1163593
5333,658709
5334,658598
5335,1180197
5336,752119
5337,659916
5338,658358
5339,724223
5340,1075502
5341,717210
5342,665899
5343,1097920
5344,668235
5345,1096300
5346,656702
5347,704038
5348,709167
5349,704936
5350,1142663
5351,759960
5352,1213550
5353,707832
5354,1161550
5355,1246671
5356,709987
5357,722084
5358,4339990
5359,870486
5360,706044
5361,1058770
5362,793081
5363,1077458
5364,724634
5365,672956
5366,667443
5367,670393
5368,670109
5369,1168913
5370,676446
5371,1058330
5372,1495648
5373,1062886
5374,709526
5375,666101
5376,661976
5377,663867
5378,668662
5379,1044844
5380,660336
5381,1106670
5382,1765622
5383,687175
5384,665915
5385,665536
5386,665882
5387,659286
5388,663966
5389,1092827
5390,655606
5391,1045281
5392,1465152
5393,758679
5394,675214
5395,663884
5396,669574
5397,670377
5398,672445
5399,684188
5400,1028837
5401,959122
5402,713048
5403,730090
5404,3364678
5405,870404
5406,679074
5407,664292
5408,680220
5409,1438495
5410,991225
5411,634400
5412,1016276
5413,975824
5414,687343
5415,677307
5416,638035
5417,992742
5418,1022452
5419,665754
5420,626572
5421,623738
5422,1071744
5423,1079738
5424,674110
5425,931423
5426,1218877
5427,649504
5428,627486
5429,626992
5430,632080
5431,625814
5432,630078
5433,622761
5434,1068848
5435,623709
5436,1010849
5437,1033819
5438,628628
5439,1511499
5440,700437
5441,654684
5442,642690
5443,632064
5444,1177544
5445,638631
5446,1135239
5447,703527
5448,1017907
5449,637201
5450,635554
5451,664988
5452,665931
5453,668750
5454,1149911
5455,662956
5456,1192483
5457,670303
5458,1168187
5459,652970
5460,666162
5461,664477
5462,657246
5463,657481
5464,717017
5465,1047951
5466,727284
5467,1132903
5468,799769
5469,670962
5470,666167
5471,665688
5472,669681
5473,662747
5474,1107243
5475,672177
5476,1048462
5477,731354
5478,1120337
5479,670311
5480,662103
5481,670208
5482,657238
5483,661366
5484,1068341
5485,670665
5486,1089077
5487,1106308
5488,736563
5489,672403
5490,676746
5491,691357
5492,663357
5493,1132635
5494,668680
5495,672746
5496,659298
5497,730770
5498,664848
5499,1189546
5500,704290
5501,701508
5502,822384
5503,694319
5504,1189942
5505,1168814
5506,704891
5507,665181
5508,1099695
5509,730477
5510,1071616
5511,661082
5512,656410
5513,656447
5514,1087149
5515,729913
5516,945674
5517,674237
5518,1022493
5519,1073775
5520,728516
5521,665230
5522,659755
5523,1068387
5524,658746
5525,1012818
5526,700272
5527,658610
5528,656467
5529,1040687
5530,707812
5531,1105237
5532,764554
5533,662149
5534,1114535
5535,656118
5536,665499
5537,674485
5538,661766
5539,1031985
5540,668444
5541,3683783
5542,1627360
5543,1327816
5544,705971
5545,685778
5546,677064
5547,675618
5548,1133941
5549,731560
5550,664493
5551,1195722
5552,724214
5553,1160833
5554,9375915
5555,762045
5556,696222
5557,1229214
5558,676688
5559,1098817
5560,741296
5561,1111338
5562,785711
5563,672606
5564,663430
5565,661407
5566,1021813
5567,684706
5568,671156
5569,687896
5570,1110968
5571,819199
5572,1157434
5573,716831
5574,702909
5575,763685
5576,697561
5577,1229635
5578,705200
5579,1303883
5580,711693
5581,1146417
5582,697084
5583,698843
5584,696264
5585,700655
5586,1176984
5587,711368
5588,700396
5589,1034136
5590,1308621
5591,705736
5592,708459
5593,713102
5594,707544
5595,711483
5596,706019
5597,1138877
5598,1170981
5599,1195879
5600,752643
5601,700395
5602,702975
5603,706766
5604,705608
5605,700754
5606,1053290
5607,671374
5608,665709
5609,1084566
5610,807144
5611,1168060
5612,672445
5613,669046
5614,660646
5615,673809
5616,667979
5617,1118561
5618,663274
5619,1090808
5620,643431
5621,1131852
5622,672544
5623,3058971
5624,1409115
5625,703832
5626,680315
5627,1156939
5628,723749
5629,655899
5630,652100
5631,1286826
5632,662730
5633,660764
5634,661547
5635,658000
5636,657757
5637,756417
5638,1093136
5639,671465
5640,1125705
5641,721408
5642,1128973
5643,726060
5644,678460
5645,1551785
5646,653262
5647,655273
5648,2101340
5649,673372
5650,1223574
5651,1096869
5652,668543
5653,660019
5654,736134
5655,1176118
5656,692374
5657,656702
5658,659339
5659,665800
5660,1141893
5661,675568
5662,1120926
5663,667538
5664,1125816
5665,668036
5666,731874
5667,665189
5668,658535
5669,7503933
5670,958529
5671,1160248
5672,1251574
5673,671489
5674,675391
5675,663175
5676,657613
5677,654041
5678,654852
5679,1085646
5680,659961
5681,1115867
5682,814243
5683,1157929
5684,676042
5685,671061
5686,673850
5687,668387
5688,1034425
5689,663282
5690,1046554
5691,668518
5692,1112624
5693,726427
5694,775460
5695,1105043
5696,663924
5697,656151
5698,654474
5699,665408
5700,1020919
5701,1659682
5702,724293
5703,666838
5704,725520
5705,711812
5706,666595
5707,671509
5708,670756
5709,1077117
5710,658120
5711,1070706
5712,659014
5713,939946
5714,712658
5715,714840
5716,1084302
5717,665623
5718,714223
5719,991678
5720,1097396
5721,709275
5722,667695
5723,662211
5724,1149775
5725,1080867
5726,654737
5727,658862
5728,655071
5729,1381453
5730,2372764
5731,746611
5732,657880
5733,653576
5734,1188182
5735,668234
5736,1141283
5737,659216
5738,648751
5739,658000
5740,1148386
5741,673438
5742,673582
5743,1081402
5744,711355
5745,659105
5746,1197016
5747,665474
5748,1060950
5749,730868
5750,1057361
5751,668485
5752,700239
5753,674456
5754,948570
5755,1100573
5756,671053
5757,666191
5758,665717
5759,1486300
5760,702773
5761,662359
5762,668639
5763,1041383
5764,801948
5765,1121738
5766,723815
5767,663760
5768,1542680
5769,703041
5770,666756
5771,661798
5772,658083
5773,665523
5774,1105562
5775,683240
5776,1257453
5777,670343
5778,656352
5779,1078300
5780,697285
5781,660080
5782,661696
5783,652108
5784,624265
5785,1151064
5786,697252
5787,1069227
5788,626271
5789,1284506
5790,697199
5791,935052
5792,8755367
5793,1278920
5794,1207893
5795,734692
5796,646377
5797,646348
5798,1175797
5799,673377
5800,1149433
5801,684237
5802,734918
5803,1089873
5804,721618
5805,734412
5806,676755
5807,665775
5808,1155432
5809,730951
5810,987072
5811,662342
5812,658919
5813,658202
5814,1047016
5815,1185719
5816,660547
5817,658149
5818,1162675
5819,728825
5820,677760
5821,672194
5822,670192
5823,671333
5824,1179831
5825,731968
5826,716601
5827,665132
5828,1011608
5829,651548
5830,657196
5831,655965
5832,659644
5833,655280
5834,1242452
5835,1025513
5836,712365
5837,662042
5838,1475531
5839,3142402
5840,1294802
5841,707878
5842,673657
5843,670035
5844,700590
5845,665577
5846,1646271
5847,735153
5848,676075
5849,663756
5850,668869
5851,1062487
5852,684966
5853,677632
5854,1625184
5855,1159601
5856,704137
5857,1079639
5858,727766
5859,663236
5860,662520
5861,671559
5862,665070
5863,1227261
5864,663224
5865,1114581
5866,637223
5867,1152259
5868,660678
5869,656986
5870,652862
5871,717120
5872,1161978
5873,665132
5874,1077788
5875,700656
5876,1073417
5877,1076244
5878,725912
5879,668143
5880,661214
5881,1126986
5882,715698
5883,1102592
5884,706321
5885,660093
5886,663035
5887,1062354
5888,1068815
5889,659739
5890,660377
5891,668918
5892,1087170
5893,732355
5894,1152362
5895,677784
5896,1040996
5897,709613
5898,998650
5899,656150
5900,663269
5901,659520
5902,1078715
5903,1158823
5904,658301
5905,666599
5906,672771
5907,1223064
5908,1085785
5909,669058
5910,10160101
5911,764846
5912,1420712
5913,696923
5914,682799
5915,1067039
5916,724935
5917,1147769
5918,669916
5919,732804
5920,671539
5921,1190238
5922,753248
5923,1083738
5924,668688
5925,1027152
5926,756161
5927,693936
5928,698991
5929,1205853
5930,714557
5931,1088756
5932,1057592
5933,692110
5934,1147818
5935,1213080
5936,708141
5937,707837
5938,706806
5939,706658
5940,1192389
5941,704792
5942,1244228
5943,699630
5944,1204379
5945,715253
5946,707630
5947,709979
5948,673566
5949,676186
5950,671197
5951,1081443
5952,1098574
5953,706914
5954,1114152
5955,730860
5956,659339
5957,663101
5958,659516
5959,665045
5960,1031467
5961,654543
5962,1225507
5963,656167
5964,1019662
5965,698967
5966,1089342
5967,673644
5968,667604
5969,673388
5970,1010949
5971,1053909
5972,713226
5973,668045
5974,658936
5975,1139920
5976,1129841
5977,669021
5978,703704
5979,649562
5980,677706
5981,721746
5982,997929
5983,659323
5984,665606
5985,1453117
5986,716975
5987,1020334
5988,655206
5989,654959
5990,1105636
5991,642892
5992,652183
5993,657172
5994,653921
5995,652817
5996,1132042
5997,1057217
5998,713687
5999,665190
6000,1097429
6001,645389
6002,663204
6003,710630
6004,663229
6005,1055450
6006,669944
6007,1131618
6008,652962
6009,718290
6010,694138
6011,670942
6012,665206
6013,667526
6014,672218
6015,673776
6016,1116834
6017,663723
6018,1199311
6019,1331978
6020,738025
6021,1023201
6022,661028
6023,647527
6024,623828
6025,629209
6026,902128
6027,710062
6028,645380
6029,1007788
6030,1481505
6031,623783
6032,627688
6033,622045
6034,626049
6035,7873415
6036,739043
6037,662788
6038,654321
6039,2149966
6040,731119
6041,666701
6042,659417
6043,796650
6044,670579
6045,1131692
6046,675544
6047,1079366
6048,1156882
6049,736434
6050,1050469
6051,672070
6052,667473
6053,657588
6054,4028103
6055,725693
6056,1122327
6057,669611
6058,1171570
6059,660711
6060,668453
6061,671090
6062,668292
6063,669145
6064,3512663
6065,1094215
6066,1280374
6067,772774
6068,1377880
6069,683441
6070,675040
6071,672157
6072,1294201
6073,689074
6074,663698
6075,665317
6076,1094846
6077,703535
6078,1126014
6079,724749
6080,652392
6081,664386
6082,661593
6083,662388
6084,1192884
6085,676623
6086,1500543
6087,1247083
6088,671382
6089,663418
6090,668284
6091,660670
6092,667106
6093,1138280
6094,667460
6095,668523
6096,1063360
6097,1199261
6098,664135
6099,670764
6100,666422
6101,668094
6102,662124
6103,666187
6104,1151905
6105,665598
6106,658169
6107,1041053
6108,1252580
6109,667789
6110,657733
6111,660361
6112,661919
6113,662536
6114,662870
6115,626617
6116,624541
6117,1023935
6118,993401
6119,614784
6120,625311
6121,674093
6122,623737
6123,624475
6124,623778
6125,1034169
6126,625167
6127,938340
6128,1014331
6129,1032858
6130,690079
6131,623898
6132,624660
6133,623235
6134,622695
6135,680269
6136,1057299
6137,647151
6138,704660
6139,980925
6140,620519
6141,1013873
6142,1138387
6143,626692
6144,624467
6145,1032460
6146,628323
6147,1059866
6148,706028
6149,959014
6150,673348
6151,622683
6152,931133
6153,624315
6154,8065580
6155,952336
6156,1335155
6157,785361
6158,694129
6159,680838
6160,674151
6161,1178991
6162,1686562
6163,751934
6164,674958
6165,694908
6166,673883
6167,669874
6168,671011
6169,671292
6170,666269
6171,1090466
6172,677414
6173,1059911
6174,1200567
6175,658972
6176,674979
6177,662318
6178,664736
6179,660670
6180,1102456
6181,664295
6182,654370
6183,1057929
6184,1173251
6185,664078
6186,718158
6187,668016
6188,661618
6189,661683
6190,1068518
6191,680446
6192,674946
6193,1546775
6194,726768
6195,656995
6196,1221732
6197,663567
6198,663566
6199,1379446
6200,675746
6201,1236511
6202,696944
6203,658486
6204,658185
6205,1049389
6206,1158245
6207,664696
6208,655071
6209,1062462
6210,1152441
6211,2102749
6212,654634
6213,707578
6214,661551
6215,1087137
6216,657498
6217,662195
6218,1053780
6219,1023288
6220,1154505
6221,655911
6222,1050093
6223,737715
6224,706292
6225,1122545
6226,814642
6227,655606
6228,1024895
6229,1085509
6230,1081645
6231,698180
6232,1020486
6233,713210
6234,654869
6235,657868
6236,652368
6237,658527
6238,1157619
6239,658260
6240,1147991
6241,654445
6242,1027078
6243,713836
6244,708760
6245,655792
6246,656335
6247,1025319
6248,674369
6249,671432
6250,1125380
6251,653262
6252,1084027
6253,1100642
6254,664567
6255,657539
6256,656558
6257,675317
6258,1052463
6259,655433
6260,1009638
6261,697606
6262,659373
6263,655507
6264,1099501
6265,705814
6266,671642
6267,663015
6268,662636
6269,662158
6270,1239008
6271,649649
6272,666146
6273,665490
6274,672285
6275,1187202
6276,999317
6277,661526
6278,666994
6279,9349950
6280,1334050
6281,850772
6282,694413
6283,674452
6284,1066454
6285,1196715
6286,667431
6287,668037
6288,1118795
6289,730172
6290,1068831
6291,664007
6292,658552
6293,1113659
6294,720778
6295,1105521
6296,711384
6297,993360
6298,706630
6299,662437
6300,661576
6301,656578
6302,659595
6303,1343420
6304,675844
6305,1101203
6306,1184067
6307,1071258
6308,654556
6309,674897
6310,664378
6311,672478
6312,673949
6313,1209265
6314,670739
6315,674250
6316,1132528
6317,727815
6318,1037815
6319,721639
6320,669640
6321,669891
6322,960621
6323,677241
6324,920240
6325,1022930
6326,1066095
6327,1103177
6328,656158
6329,664988
6330,665313
6331,804066
6332,959982
6333,700548
6334,656472
6335,1139759
6336,729747
6337,1126294
6338,656888
6339,668646
6340,666986
6341,668103
6342,1083429
6343,770537
6344,667666
6345,663657
6346,1562975
6347,718994
6348,670888
6349,662895
6350,660369
6351,654461
6352,1111631
6353,664963
6354,673550
6355,1076148
6356,1193604
6357,985016
6358,668948
6359,659302
6360,666586
6361,669215
6362,661329
6363,661691
6364,1070101
6365,633378
6366,1006156
6367,1100375
6368,669347
6369,635261
6370,639773
6371,620322
6372,621129
6373,624661
6374,1062181
6375,631339
6376,1032253
6377,949666
6378,1056714
6379,683751
6380,745239
6381,667056
6382,630852
6383,627552
6384,1020358
6385,630359
6386,628434
6387,622926
6388,682478
6389,1025562
6390,674114
6391,622657
6392,620829
6393,622918
6394,624075
6395,680204
6396,1061980
6397,651013
6398,628707
6399,1085517
6400,614323
6401,1214905
6402,653320
6403,662837
6404,656987
6405,659549
6406,979442
6407,665263
6408,8553329
6409,1051675
6410,706563
6411,1537851
6412,691970
6413,677208
6414,667332
6415,660654
6416,1810807
6417,767496
6418,705785
6419,1080573
6420,757958
6421,1246288
6422,713143
6423,696424
6424,5507524
6425,1578801
6426,770672
6427,801239
6428,1263098
6429,717478
6430,1361148
6431,725244
6432,707042
6433,1227979
6434,802080
6435,740299
6436,1299742
6437,809121
6438,1477813
6439,754546
6440,753240
6441,1293175
6442,802410
6443,748288
6444,743171
6445,747715
6446,1299833
6447,1276048
6448,903920
6449,1279731
6450,741798
6451,750888
6452,742471
6453,750278
6454,741037
6455,1224167
6456,755915
6457,1237175
6458,1759924
6459,759548
6460,759247
6461,754019
6462,756994
6463,1328905
6464,748827
6465,738383
6466,1390364
6467,1281462
6468,751003
6469,795636
6470,755634
6471,758209
6472,1234711
6473,766647
6474,1224477
6475,2028097
6476,765448
6477,765011
6478,761480
6479,1506868
6480,801301
6481,768278
6482,1439458
6483,789419
6484,1307162
6485,746327
6486,775464
6487,752218
6488,757096
6489,757550
6490,5519797
6491,1682537
6492,1545185
6493,854092
6494,807411
6495,884296
6496,800807
6497,796386
6498,1358808
6499,1163755
6500,12228695
6501,890336
6502,1718772
6503,908255
6504,1519665
6505,879921
6506,1493881
6507,1250639
6508,860598
6509,800482
6510,829519
6511,860536
6512,946027
6513,848036
6514,1544398
6515,969768
6516,882022
6517,853606
6518,856947
6519,1422937
6520,861174
6521,856535
6522,1544430
6523,1602170
6524,880386
6525,860981
6526,864577
6527,1449145
6528,1354507
6529,883818
6530,1713037
6531,871533
6532,866403
6533,859139
6534,1382037
6535,841616
6536,1350304
6537,1665929
6538,904885
6539,911003
6540,1015691
6541,1528841
6542,925885
6543,1429459
6544,2376295
6545,1017619
6546,925370
6547,1005361
6548,1597654
6549,1565002
6550,995135
6551,912441
6552,1834473
6553,1003520
6554,924702
6555,1609483
6556,1501338
6557,972990
6558,929601
6559,1918972
6560,993355
6561,931051
6562,1526220
6563,1883012
6564,996986
6565,927228
6566,918147
6567,1523649
6568,6318354
6569,2098687
6570,969224
6571,905478
6572,1542062
6573,1665042
6574,869778
6575,1457369
6576,1510427
6577,849943
6578,846227
6579,12260260
6580,1875839
6581,891733
6582,864780
6583,1649222
6584,836854
6585,860420
6586,1440896
6587,929069
6588,1382614
6589,854269
6590,943053
6591,1378115
6592,926173
6593,864986
6594,851541
6595,1396486
6596,1767847
6597,1434045
6598,793584
6599,794145
6600,797617
6601,836306
6602,798338
6603,1276147
6604,787259
6605,1257911
6606,1397916
6607,803324
6608,812945
6609,806073
6610,1290159
6611,866535
6612,1345492
6613,1281318
6614,1431066
6615,798289
6616,806954
6617,812207
6618,814765
6619,1270263
6620,879459
6621,1295210
6622,971449
6623,1106893
6624,791524
6625,795344
6626,789155
6627,794614
6628,1246046
6629,1225531
6630,796377
6631,1502039
6632,781883
6633,793452
6634,786263
6635,789938
6636,1283085
6637,2924931
6638,1324285
6639,1056796
6640,1492105
6641,797692
6642,3940502
6643,1928642
6644,837389
6645,1421392
6646,895376
6647,1505381
6648,805499
6649,808083
6650,2183491
6651,752553
6652,1301893
6653,897378
6654,1215882
6655,751531
6656,749808
6657,744209
6658,1090449
6659,761188
6660,1212050
6661,1423122
6662,815178
6663,854249
6664,799595
6665,793057
6666,1278734
6667,807728
6668,11000848
6669,2050441
6670,999235
6671,959925
6672,940898
6673,1022558
6674,1633223
6675,1816938
6676,1545353
6677,997442
6678,924417
6679,916652
6680,1494829
6681,1744330
6682,1000030
6683,904542
6684,1530715
6685,873090
6686,859926
6687,844067
6688,1535391
6689,1611724
6690,853560
6691,1459495
6692,2771461
6693,849292
6694,857709
6695,863601
6696,1578961
6697,925806
6698,858187
6699,1387253
6700,896912
6701,849683
6702,846536
6703,1299656
6704,882240
6705,796794
6706,1632823
6707,1274222
6708,778830
6709,786049
6710,1169292
6711,810732
6712,1316594
6713,798566
6714,790588
6715,1223780
6716,937685
6717,1359352
6718,792682
6719,785039
6720,1261809
6721,1289479
6722,761942
6723,1248958
6724,750150
6725,752037
6726,755350
6727,1219948
6728,818433
6729,1252263
6730,803600
6731,1245032
6732,736525
6733,745012
6734,755148
6735,751135
6736,744337
6737,1231975
6738,796456
6739,1349476
6740,749981
6741,1354087
6742,736245
6743,739330
6744,743496
6745,739973
6746,1068700
6747,1189533
6748,887601
6749,1261199
6750,735104
6751,744156
6752,745371
6753,741688
6754,741807
6755,1645311
6756,757793
6757,1755120
6758,892673
6759,740266
6760,740320
6761,743273
6762,738318
6763,1227682
6764,762918
6765,755448
6766,1192574
6767,9561950
6768,881544
6769,786304
6770,753199
6771,823442
6772,1241167
6773,751703
6774,1377703
6775,861055
6776,1226327
6777,755309
6778,746586
6779,753517
6780,758181
6781,1283662
6782,1267297
6783,1622103
6784,1267082
6785,758213
6786,753875
6787,750702
6788,753055
6789,1195220
6790,746895
6791,1202553
6792,824110
6793,1276834
6794,758663
6795,742927
6796,748560
6797,746434
6798,1198265
6799,1121890
6800,784372
6801,1000850
6802,757509
6803,1240689
6804,702464
6805,694496
6806,692741
6807,1175402
6808,697928
6809,1180898
6810,699000
6811,992717
6812,746191
6813,1371469
6814,725018
6815,716584
6816,710976
6817,1115764
6818,772069
6819,1038602
6820,3684841
6821,1386483
6822,802208
6823,716072
6824,698616
6825,698068
6826,1385189
6827,1173482
6828,768880
6829,724791
6830,757097
6831,1324278
6832,780544
6833,1097170
6834,1110811
6835,703926
6836,875215
6837,1071728
6838,750311
6839,1110535
6840,12346225
6841,1266724
6842,840487
6843,728800
6844,726427
6845,721895
6846,722921
6847,729603
6848,1258966
6849,1355829
6850,6560101
6851,942419
6852,744700
6853,10414584
6854,1046233
6855,1483313
6856,736735
6857,802533
6858,1262925
6859,715657
6860,706935
6861,695579
6862,1160553
6863,719979
6864,2714534
6865,722047
6866,1261401
6867,701158
6868,694483
6869,702765
6870,699300
6871,1236829
6872,709060
6873,701756
6874,1284164
6875,2264319
6876,727737
6877,764871
6878,705802
6879,1142177
6880,706156
6881,1025076
6882,1110041
6883,753558
6884,687533
6885,1020688
6886,6095606
6887,1507482
6888,724927
6889,1140954
6890,788805
6891,1046480
6892,673422
6893,1145539
6894,743410
6895,665964
6896,668176
6897,659170
6898,4336456
6899,1491257
6900,770841
6901,693157
6902,1261529
6903,679524
6904,1154290
6905,666652
6906,664110
6907,1119797
6908,1213191
6909,2006104
6910,861282
6911,1184322
6912,710284
6913,1321699
6914,704055
6915,700190
6916,1132232
6917,1199022
6918,700874
6919,704297
6920,706189
6921,4664782
6922,1401805
6923,719076
6924,706287
6925,1194733
6926,793337
6927,703738
6928,755238
6929,697743
6930,1111676
6931,1350531
6932,720024
6933,1804211
6934,758880
6935,702407
6936,699420
6937,698155
6938,1155333
6939,786415
6940,1341083
6941,709357
6942,707293
6943,1053306
6944,770413
6945,701352
6946,696783
6947,698538
6948,1077286
6949,9058491
6950,1483338
6951,743867
6952,878397
6953,1264190
6954,725673
6955,718080
6956,712756
6957,709394
6958,1427317
6959,1134160
6960,1249741
6961,693902
6962,699280
6963,768118
6964,710696
6965,702951
6966,1261302
6967,701982
6968,1194383
6969,1080524
6970,776506
6971,1060121
6972,707433
6973,4346521
6974,3321458
6975,1151703
6976,760117
6977,1350111
6978,714013
6979,780985
6980,716675
6981,718726
6982,714548
6983,710449
6984,1172856
6985,1134184
6986,2107100
6987,769626
6988,714475
6989,697750
6990,720692
6991,1151340
6992,712624
6993,707878
6994,705670
6995,1191874
6996,672029
6997,1239383
6998,709654
6999,693243
7000,698587
7001,697240
7002,881577
7003,1352739
7004,1255250
7005,763784
7006,1121305
7007,788496
7008,709027
7009,706206
7010,1117832
7011,664575
7012,1116468
7013,1057476
7014,655977
7015,1052648
7016,713593
7017,708694
7018,1084332
7019,672000
7020,680690
7021,1080072
7022,1226260
7023,697483
7024,756829
7025,705212
7026,1250136
7027,1161365
7028,712501
7029,706699
7030,1563964
7031,703185
7032,702097
7033,700915
7034,703399
7035,821494
7036,1129047
7037,1113374
7038,1351903
7039,696849
7040,695439
7041,697928
7042,701204
7043,1123509
7044,713069
7045,707383
7046,1150673
7047,1160293
7048,739389
7049,695703
7050,699267
7051,695324
7052,696440
7053,697116
7054,1045281
7055,663373
7056,986664
7057,8861435
7058,869456
7059,872896
7060,700071
7061,760335
7062,1144571
7063,678419
7064,667496
7065,1131993
7066,719604
7067,995176
7068,738342
7069,674823
7070,665733
7071,661506
7072,663414
7073,1044754
7074,712835
7075,1126142
7076,661824
7077,1013865
7078,700832
7079,710589
7080,1151650
7081,671514
7082,668313
7083,1062932
7084,1232362
7085,710791
7086,662721
7087,660897
7088,1063327
7089,728507
7090,669800
7091,667732
7092,1010141
7093,1060587
7094,704735
7095,658268
7096,654119
7097,656101
7098,707886
7099,721268
7100,715442
7101,1046373
7102,664135
7103,1128820
7104,656962
7105,669648
7106,667390
7107,1067797
7108,659446
7109,1060521
7110,1299203
7111,668210
7112,665153
7113,1285252
7114,803502
7115,657864
7116,1379149
7117,1111528
7118,664749
7119,1166462
7120,808890
7121,1262872
7122,657366
7123,658346
7124,661906
7125,659591
7126,660876
7127,1352553
7128,1091294
7129,702934
7130,656150
7131,660175
7132,1270823
7133,665124
7134,656092
7135,656830
7136,665874
7137,1268459
7138,767549
7139,1200535
7140,698064
7141,1102122
7142,775444
7143,704298
7144,741865
7145,704573
7146,1275088
7147,709802
7148,1169960
7149,695509
7150,1261026
7151,670212
7152,659825
7153,660477
7154,659974
7155,1170437
7156,705093
7157,1147113
7158,1119422
7159,655532
7160,1218313
7161,666195
7162,656962
7163,663195
7164,662355
7165,658351
7166,1104466
7167,670780
7168,707870
7169,1197029
7170,656039
7171,668250
7172,657086
7173,660010
7174,657160
7175,661968
7176,1091059
7177,661667
7178,1065325
7179,1069264
7180,8783252
7181,754628
7182,689432
7183,3142991
7184,705290
7185,1199130
7186,693920
7187,1317241
7188,1157360
7189,665742
7190,666508
7191,655466
7192,727135
7193,663039
7194,1061626
7195,672399
7196,662685
7197,1124037
7198,642616
7199,1147241
7200,666537
7201,658350
7202,664221
7203,654592
7204,1174450
7205,838151
7206,1128482
7207,655453
7208,1100197
7209,1165785
7210,665952
7211,659867
7212,656995
7213,655404
7214,658251
7215,1164257
7216,1122409
7217,705480
7218,659146
7219,1117338
7220,662870
7221,668580
7222,663014
7223,668209
7224,1024553
7225,649299
7226,1118384
7227,703177
7228,1163828
7229,703980
7230,1118853
7231,675828
7232,662244
7233,669327
7234,1040077
7235,1114375
7236,655816
7237,652644
7238,660509
7239,1061671
7240,1206014
7241,664946
7242,664696
7243,1054440
7244,672964
7245,736661
7246,1048622
7247,659590
7248,659397
7249,657172
7250,1202829
7251,669581
7252,1174146
7253,660686
7254,1100618
7255,651668
7256,675164
7257,678221
7258,670052
7259,662367
7260,1164916
7261,685131
7262,673665
7263,1048730
7264,726719
7265,1043810
7266,663793
7267,664778
7268,662388
7269,662331
7270,658853
7271,1051651
7272,1413555
7273,1241723
7274,655589
7275,660509
7276,655705
7277,720333
7278,659549
7279,664737
7280,1188541
7281,675651
7282,1040494
7283,734375
7284,1147224
7285,675742
7286,663768
7287,668226
7288,662178
7289,663867
7290,1133608
7291,666043
7292,671230
7293,1078617
7294,1109361
7295,671877
7296,667529
7297,662178
7298,664543
7299,1073047
7300,659742
7301,661593
7302,866159
7303,7853824
7304,4159667
7305,756541
7306,1363101
7307,689424
7308,680974
7309,1183811
7310,762086
7311,1049990
7312,2600877
7313,1173646
7314,671391
7315,660571
7316,653254
7317,1149709
7318,676161
7319,1035875
7320,1131490
7321,1092505
7322,664762
7323,789744
7324,661749
7325,658746
7326,664724
7327,658161
7328,1088039
7329,662837
7330,949443
7331,1131667
7332,661885
7333,669322
7334,665021
7335,667398
7336,708822
7337,1098055
7338,672655
7339,659875
7340,1514696
7341,727110
7342,732903
7343,1033926
7344,662376
7345,656125
7346,843158
7347,669973
7348,1510786
7349,667650
7350,750814
7351,1006260
7352,662763
7353,668597
7354,671415
7355,665263
7356,660703
7357,655776
7358,1285796
7359,658696
7360,1370254
7361,1067534
7362,1108459
7363,731094
7364,663884
7365,656360
7366,1169168
7367,667407
7368,1028965
7369,1193588
7370,660896
7371,1089827
7372,729538
7373,666364
7374,657003
7375,661808
7376,657563
7377,1230224
7378,1148782
7379,715018
7380,663496
7381,665491
7382,1063867
7383,784528
7384,672462
7385,667323
7386,1138923
7387,664044
7388,1128952
7389,654680
7390,1119818
7391,708673
7392,987645
7393,727572
7394,667481
7395,695687
7396,1042380
7397,1099345
7398,710968
7399,657819
7400,659265
7401,657881
7402,655713
7403,1290834
7404,1140645
7405,660336
7406,719381
7407,1071349
7408,662820
7409,664093
7410,656472
7411,658095
7412,8115661
7413,1608238
7414,1243775
7415,747349
7416,678646
7417,1143179
7418,669359
7419,659331
7420,1151382
7421,676046
7422,726006
7423,1125920
7424,713889
7425,1121841
7426,663534
7427,660262
7428,656249
7429,661366
7430,652574
7431,1119715
7432,657707
7433,1245056
7434,707615
7435,1034157
7436,723473
7437,667893
7438,672877
7439,661375
7440,659850
7441,1142511
7442,628196
7443,637956
7444,977028
7445,670261
7446,629653
7447,1134872
7448,630247
7449,626337
7450,631322
7451,625126
7452,627862
7453,635282
7454,1054370
7455,680109
7456,630510
7457,635373
7458,927059
7459,678366
7460,626004
7461,670530
7462,1003318
7463,1027330
7464,666153
7465,621772
7466,626259
7467,1001328
7468,674320
7469,636699
7470,635068
7471,1118519
7472,1170899
7473,734654
7474,631038
7475,623713
7476,626918
7477,630256
7478,625471
7479,985057
7480,621879
7481,624484
7482,1212886
7483,660884
7484,1102039
7485,627157
7486,630717
7487,672671
7488,623395
7489,901231
7490,619403
7491,623638
7492,936700
7493,621879
7494,956839
7495,674538
7496,657625
7497,657625
7498,657020
7499,662895
7500,1112768
7501,670706
7502,1304777
7503,662203
7504,1056545
7505,697870
7506,663740
7507,660522
7508,663999
7509,659875
7510,1049459
7511,698546
7512,812809
7513,1210242
7514,649278
7515,1127976
7516,677220
7517,663513
7518,656199
7519,3461154
7520,714557
7521,659742
7522,1274449
7523,812690
7524,1486989
7525,737707
7526,665783
7527,672462
7528,668580
7529,661350
7530,1192113
7531,666561
7532,1018158
7533,8141736
7534,831876
7535,711578
7536,693222
7537,683676
7538,760109
7539,1335418
7540,672853
7541,663608
7542,670966
7543,1147566
7544,1104215
7545,674727
7546,666034
7547,667843
7548,670516
7549,668646
7550,1189748
7551,661498
7552,1116352
7553,650926
7554,1067908
7555,722739
7556,666265
7557,1127481
7558,665062
7559,1141885
7560,666249
7561,660287
7562,1233330
7563,800506
7564,1155633
7565,670221
7566,669635
7567,664946
7568,663196
7569,668688
7570,1018039
7571,664143
7572,659664
7573,1087429
7574,779374
7575,666051
7576,666405
7577,668762
7578,669331
7579,666924
7580,1055734
7581,655280
7582,1042112
7583,1219458
7584,989523
7585,670644
7586,723551
7587,660497
7588,662673
7589,657975
7590,658630
7591,1089807
7592,670887
7593,1116703
7594,652672
7595,1129842
7596,681406
7597,2401551
7598,1241999
7599,679935
7600,667522
7601,1100425
7602,705192
7603,669566
7604,669166
7605,1271450
7606,669458
7607,662919
7608,665458
7609,703527
7610,669297
7611,665573
7612,1210122
7613,656076
7614,668873
7615,1034350
7616,1211807
7617,661181
7618,661832
7619,658688
7620,657060
7621,1128017
7622,845097
7623,974247
7624,666335
7625,989112
7626,709378
7627,655075
7628,655512
7629,1113328
7630,655614
7631,658692
7632,1098063
7633,629514
7634,712209
7635,944025
7636,703857
7637,669541
7638,1029188
7639,664234
7640,658354
7641,656876
7642,1050336
7643,628792
7644,3447120
7645,712748
7646,1132796
7647,662668
7648,8164863
7649,772242
7650,1334845
7651,780083
7652,1054464
7653,676503
7654,1066599
7655,740114
7656,677566
7657,667406
7658,665449
7659,760636
7660,746793
7661,1254607
7662,662721
7663,665231
7664,1081534
7665,709670
7666,674629
7667,658544
7668,668058
7669,670455
7670,675457
7671,1215330
7672,722859
7673,659479
7674,665927
7675,1183572
7676,676566
7677,667517
7678,662401
7679,1149062
7680,1171612
7681,667592
7682,718817
7683,676846
7684,1033905
7685,1135157
7686,668045
7687,667167
7688,1113556
7689,1096609
7690,705752
7691,668428
7692,665639
7693,1021813
7694,711830
7695,1192888
7696,659500
7697,654502
7698,659932
7699,1074867
7700,1085386
7701,638574
7702,655372
7703,652484
7704,1215849
7705,722834
7706,1060682
7707,669450
7708,1017705
7709,1071299
7710,669965
7711,702374
7712,676673
7713,1480668
7714,1080784
7715,654655
7716,658033
7717,726533
7718,1084591
7719,1084624
7720,661070
7721,669825
7722,669565
7723,1019815
7724,1213603
7725,668115
7726,672280
7727,1081233
7728,1114886
7729,702522
7730,676643
7731,666183
7732,955698
7733,661078
7734,1015999
7735,723448
7736,665099
7737,1559300
7738,704483
7739,660028
7740,657770
7741,693643
7742,673282
7743,1120155
7744,654803
7745,1008118
7746,1030399
7747,724935
7748,1035323
7749,660126
7750,667188
7751,661779
7752,667559
7753,664362
7754,1121515
7755,666887
7756,1461300
7757,740946
7758,671992
7759,659549
7760,662853
7761,661840
7762,656484
7763,658383
7764,1145432
7765,1087286
7766,1001863
7767,697042
7768,718817
7769,674126
7770,670344
7771,8518819
7772,772044
7773,702316
7774,1157269
7775,680409
7776,1227600
7777,667522
7778,667464
7779,659867
7780,659055
7781,1252031
7782,678720
7783,667373
7784,663500
7785,1561154
7786,713762
7787,712958
7788,1068630
7789,663373
7790,664027
7791,988902
7792,669273
7793,754867
7794,1123608
7795,656661
7796,1020359
7797,1057489
7798,669005
7799,663632
7800,651305
7801,753557
7802,634194
7803,641825
7804,1095682
7805,724337
7806,629580
7807,1037742
7808,1053636
7809,635805
7810,627907
7811,625188
7812,627371
7813,629625
7814,1086523
7815,608081
7816,630247
7817,980875
7818,711933
7819,631455
7820,1082238
7821,639579
7822,1037774
7823,625913
7824,1040316
7825,672631
7826,629654
7827,619556
7828,999193
7829,679362
7830,620751
7831,1048157
7832,630408
7833,969274
7834,947248
7835,619634
7836,622086
7837,621125
7838,620973
7839,622464
7840,616346
7841,626477
7842,625059
7843,1510110
7844,684035
7845,631557
7846,628517
7847,637770
7848,628591
7849,630317
7850,626869
7851,1127337
7852,659689
7853,1185896
7854,1679545
7855,662796
7856,726534
7857,658771
7858,657506
7859,1035891
7860,662409
7861,662342
7862,1080195
7863,638417
7864,1091166
7865,968825
7866,673986
7867,664177
7868,672989
7869,709852
7870,3359931
7871,732425
7872,1187379
7873,1539837
7874,734910
7875,668502
7876,671213
7877,670076
7878,733562
7879,1152906
7880,664889
7881,1098443
7882,647556
7883,1083821
7884,1040201
7885,1091752
7886,670261
7887,662553
7888,7547602
7889,1616380
7890,723823
7891,702782
7892,682679
7893,1181392
7894,724610
7895,1172505
7896,675333
7897,662854
7898,668420
7899,1053225
7900,634734
7901,655425
7902,654712
7903,646716
7904,1080940
7905,755033
7906,1040877
7907,726031
7908,1122813
7909,724132
7910,653245
7911,654317
7912,655322
7913,652990
7914,1101405
7915,656286
7916,1049801
7917,1157027
7918,662285
7919,1149376
7920,655841
7921,669590
7922,662606
7923,663582
7924,657675
7925,1143265
7926,969805
7927,1039014
7928,1033823
7929,686153
7930,666553
7931,664011
7932,659401
7933,662026
7934,671333
7935,660782
7936,1088999
7937,976730
7938,1046846
7939,932988
7940,679969
7941,624862
7942,678387
7943,636794
7944,633334
7945,993392
7946,630626
7947,632414
7948,687159
7949,618316
7950,1049500
7951,628690
7952,1042451
7953,639653
7954,624451
7955,684904
7956,1149902
7957,621578
7958,947112
7959,655306
7960,625043
7961,946053
7962,970213
7963,639983
7964,634001
7965,636349
7966,709947
7967,620717
7968,1485122
7969,659801
7970,626658
7971,628324
7972,1024845
7973,1017021
7974,669046
7975,620792
7976,633795
7977,1026040
7978,1126134
7979,700087
7980,777392
7981,674488
7982,1184198
7983,668478
7984,1110593
7985,657489
7986,668358
7987,669248
7988,1091946
7989,637194
7990,663397
7991,660246
7992,665568
7993,1168633
7994,666862
7995,1195561
7996,662754
7997,1174698
7998,733480
7999,1067838
8000,706502
8001,654226
8002,654073
8003,1055074
8004,1138346
8005,668045
8006,667497
8007,669627
8008,1082279
8009,648001
8010,667563
8011,660361
8012,1675070
8013,679046
8014,1021455
8015,918707
8016,6944860
8017,810650
8018,1306944
8019,655400
8020,644000
8021,686524
8022,1039805
8023,1147925
8024,627705
8025,969512
8026,1007018
8027,693976
8028,634928
8029,632604
8030,942818
8031,636324
8032,630333
8033,1101471
8034,620705
8035,990566
8036,667159
8037,630325
8038,1024659
8039,636357
8040,631001
8041,644474
8042,1004842
8043,633519
8044,1017997
8045,670418
8046,671774
8047,635422
8048,1023128
8049,670538
8050,1062714
8051,640642
8052,624607
8053,995411
8054,1004059
8055,613939
8056,620804
8057,624240
8058,1034057
8059,984575
8060,1119105
8061,623737
8062,626000
8063,616952
8064,1019139
8065,693635
8066,920149
8067,3093448
8068,993545
8069,695101
8070,791871
8071,684220
8072,1193748
8073,732504
8074,670188
8075,668972
8076,667357
8077,1130802
8078,718636
8079,1044713
8080,770746
8081,750302
8082,1122368
8083,638524
8084,652352
8085,663191
8086,655355
8087,653826
8088,662685
8089,1161608
8090,659022
8091,3313568
8092,1493457
8093,708541
8094,665029
8095,659380
8096,657440
8097,657296
8098,1191421
8099,1036044
8100,715863
8101,665998
8102,1201638
8103,719620
8104,1313973
8105,663546
8106,672144
8107,1031816
8108,1137834
8109,653698
8110,664271
8111,669124
8112,1020499
8113,1104223
8114,661408
8115,657654
8116,1059875
8117,1070932
8118,699778
8119,652335
8120,646538
8121,1034141
8122,704615
8123,1057575
8124,718784
8125,715903
8126,1014532
8127,1101697
8128,640861
8129,661345
8130,667818
8131,659731
8132,1050473
8133,8436376
8134,895033
8135,1090479
8136,1146356
8137,657225
8138,671490
8139,659566
8140,717565
8141,1124243
8142,721042
8143,1158975
8144,666846
8145,1057106
8146,1109076
8147,662973
8148,662149
8149,660822
8150,1011010
8151,656743
8152,1130727
8153,719352
8154,667064
8155,1082815
8156,716674
8157,661301
8158,646080
8159,632633
8160,628541
8161,1057567
8162,630832
8163,975973
8164,715431
8165,1004978
8166,1020862
8167,621245
8168,632431
8169,624566
8170,624652
8171,624256
8172,1050427
8173,625270
8174,935039
8175,630173
8176,1132051
8177,666529
8178,627692
8179,625785
8180,631417
8181,631904
8182,625353
8183,1066297
8184,624314
8185,1015946
8186,1014484
8187,1103263
8188,624792
8189,632179
8190,669030
8191,621043
8192,917043
8193,640432
8194,644474
8195,638339
8196,951677
8197,990464
8198,615720
8199,618991
8200,616070
8201,618072
8202,614899
8203,619972
8204,677015
8205,1007503
8206,634920
8207,1082081
8208,1113003
8209,1035413
8210,625076
8211,641495
8212,663051
8213,660011
8214,669809
8215,1195170
8216,711767
8217,659916
8218,1104046
8219,733933
8220,974840
8221,665264
8222,661391
8223,666788
8224,659508
8225,670196
8226,1133459
8227,657832
8228,1342319
8229,1380315
8230,653196
8231,667065
8232,664777
8233,662643
8234,667542
8235,1138251
8236,671514
8237,667048
8238,1041474
8239,725639
8240,1061197
8241,766581
8242,663282
8243,659191
8244,657766
8245,661284
8246,1146656
8247,662450
8248,1809320
8249,1217641
8250,667975
8251,663088
8252,728775
8253,672882
8254,1086844
8255,670134
8256,969788
8257,655499
8258,655186
8259,1190658
8260,663665
8261,677607
8262,7462926
8263,1490292
8264,711635
8265,691402
8266,1107866
8267,666504
8268,1244356
8269,1158798
8270,678143
8271,672338
8272,666236
8273,665165
8274,1122426
8275,664720
8276,659187
8277,1152429
8278,735137
8279,664060
8280,783341
8281,666409
8282,671312
8283,673731
8284,666401
8285,1159016
8286,663381
8287,1057118
8288,651428
8289,1077520
8290,713444
8291,654687
8292,657984
8293,701970
8294,663282
8295,1095126
8296,680430
8297,1099354
8298,634050
8299,1038471
8300,1120584
8301,660653
8302,653538
8303,659958
8304,654411
8305,656393
8306,1196884
8307,1026036
8308,709110
8309,660480
8310,662957
8311,1046294
8312,729220
8313,630812
8314,628224
8315,1052071
8316,638669
8317,2913749
8318,1166239
8319,707310
8320,640325
8321,634499
8322,1004953
8323,745119
8324,638075
8325,1024009
8326,632632
8327,632509
8328,694129
8329,630103
8330,629914
8331,1255802
8332,655598
8333,628817
8334,631397
8335,1447332
8336,664860
8337,661172
8338,656229
8339,661849
8340,662149
8341,1200074
8342,671790
8343,671221
8344,1074122
8345,712393
8346,1056582
8347,667007
8348,658025
8349,663475
8350,666376
8351,664494
8352,1242465
8353,722417
8354,1141015
8355,663818
8356,1036662
8357,672770
8358,673907
8359,671518
8360,671609
8361,673314
8362,1227105
8363,1132203
8364,721009
8365,1091756
8366,1006132
8367,720057
8368,659373
8369,653600
8370,1022662
8371,657081
8372,636325
8373,1004439
8374,621043
8375,634132
8376,641672
8377,1015966
8378,1083194
8379,628607
8380,628170
8381,632007
8382,982198
8383,692889
8384,986331
8385,6894562
8386,1308502
8387,757842
8388,1222594
8389,645731
8390,631772
8391,635302
8392,1093478
8393,705736
8394,1066207
8395,642916
8396,908065
8397,1061568
8398,696370
8399,633239
8400,3688546
8401,686779
8402,638450
8403,1519274
8404,665927
8405,633053
8406,1108183
8407,1049257
8408,634841
8409,623783
8410,621109
8411,626725
8412,622576
8413,1146417
8414,621516
8415,637128
8416,1039195
8417,670645
8418,1062907
8419,645306
8420,635072
8421,626691
8422,631417
8423,1081550
8424,683585
8425,635034
8426,633807
8427,959851
8428,672437
8429,1283386
8430,690924
8431,638780
8432,1066808
8433,1079701
8434,613108
8435,625460
8436,623914
8437,630758
8438,623301
8439,1128033
8440,629670
8441,1172690
8442,641491
8443,1132685
8444,623169
8445,628648
8446,630070
8447,631739
8448,632517
8449,1142655
8450,673867
8451,1118182
8452,670319
8453,1058243
8454,1099275
8455,646971
8456,659368
8457,654886
8458,668680
8459,1372640
8460,696923
8461,1938700
8462,769976
8463,700857
8464,700581
8465,797172
8466,718912
8467,1136945
8468,704768
8469,1149112
8470,1210418
8471,702373
8472,1142721
8473,705459
8474,701669
8475,710017
8476,779440
8477,1226091
8478,700923
8479,1075778
8480,1147434
8481,1221522
8482,756227
8483,748696
8484,740023
8485,737427
8486,759165
8487,1275874
8488,833286
8489,1192953
8490,1356513
8491,752560
8492,749445
8493,745078
8494,738828
8495,741939
8496,1201136
8497,821857
8498,1114181
8499,1086276
8500,760656
8501,753492
8502,747679
8503,758592
8504,11142481
8505,1654280
8506,937421
8507,1662282
8508,824234
8509,826039
8510,807802
8511,805125
8512,882850
8513,789629
8514,804112
8515,802846
8516,843207
8517,796270
8518,796171
8519,858718
8520,798598
8521,865451
8522,788105
8523,790239
8524,792278
8525,798289
8526,1524118
8527,797643
8528,4715917
8529,1688119
8530,841155
8531,826837
8532,887618
8533,1615708
8534,796110
8535,877391
8536,1324249
8537,1325617
8538,861541
8539,1821132
8540,798165
8541,792649
8542,805512
8543,1264239
8544,881239
8545,1718806
8546,1437251
8547,810575
8548,798978
8549,800325
8550,795636
8551,795904
8552,1361313
8553,1267334
8554,859424
8555,1348042
8556,802995
8557,784009
8558,790082
8559,1276901
8560,852922
8561,956942
8562,1423609
8563,1530740
8564,855926
8565,846668
8566,857079
8567,852728
8568,1663031
8569,1474686
8570,1478810
8571,977477
8572,1643008
8573,943325
8574,1717141
8575,1411590
8576,971284
8577,914888
8578,2041030
8579,1073429
8580,1068262
8581,1581429
8582,1567412
8583,987418
8584,2113478
8585,918951
8586,1360036
8587,968639
8588,14887546
8589,1085465
8590,900171
8591,1716296
8592,880045
8593,963056
8594,1337326
8595,1414459
8596,874557
8597,870428
8598,2017459
8599,943675
8600,859642
8601,1369998
8602,1506484
8603,935579
8604,840108
8605,1431033
8606,887225
8607,1766920
8608,1414887
8609,951231
8610,805586
8611,801845
8612,804329
8613,1404220
8614,1270580
8615,900624
8616,1364530
8617,786749
8618,788941
8619,784598
8620,1524646
8621,804824
8622,1646147
8623,867935
8624,1296010
8625,778966
8626,793795
8627,795624
8628,786539
8629,790519
8630,3542575
8631,877065
8632,1442298
8633,800815
8634,791335
8635,792068
8636,784553
8637,791866
8638,1383421
8639,807300
8640,1416077
8641,1570189
8642,7624145
8643,866485
8644,755272
8645,1663497
8646,1231374
8647,1458741
8648,734156
8649,733447
8650,952690
8651,754060
8652,1272262
8653,747958
8654,1185772
8655,1298794
8656,1286550
8657,753348
8658,738610
8659,745288
8660,1352644
8661,740921
8662,752322
8663,1205907
8664,795480
8665,1180667
8666,835457
8667,798606
8668,792278
8669,791100
8670,1264837
8671,872657
8672,1388633
8673,10136572
8674,1547244
8675,799377
8676,760512
8677,1252823
8678,4354247
8679,1062779
8680,794153
8681,1302173
8682,1721331
8683,1475230
8684,754962
8685,2589254
8686,1381077
8687,757558
8688,1375544
8689,798673
8690,745824
8691,738795
8692,736035
8693,1258072
8694,1247676
8695,856754
8696,755424
8697,1240862
8698,799393
8699,1362466
8700,758214
8701,750126
8702,1166613
8703,797886
8704,750855
8705,781582
8706,1345809
8707,1303792
8708,871537
8709,1238662
8710,871281
8711,1261845
8712,858628
8713,856655
8714,1426930
8715,953951
8716,931323
8717,1336564
8718,941088
8719,1379870
8720,853215
8721,841765
8722,853858
8723,1433592
8724,1614987
8725,853053
8726,1471213
8727,838972
8728,847558
8729,846210
8730,1497338
8731,1339802
8732,901803
8733,931983
8734,1430135
8735,839156
8736,844002
8737,838374
8738,1420013
8739,1251249
8740,867787
8741,1217740
8742,1313825
8743,775365
8744,797992
8745,786069
8746,791125
8747,853338
8748,1170589
8749,1369698
8750,1524963
8751,795920
8752,865501
8753,784581
8754,1194083
8755,809126
8756,1161971
8757,1377356
8758,1213991
8759,742986
8760,752050
8761,752284
8762,745223
8763,813530
8764,1281325
8765,1232737
8766,822993
8767,1050678
8768,9392487
8769,1524288
8770,744745
8771,719311
8772,713856
8773,1367246
8774,821296
8775,1308147
8776,717671
8777,703374
8778,696185
8779,708072
8780,1225131
8781,1091311
8782,1167582
8783,760949
8784,1096131
8785,841789
8786,705476
8787,705134
8788,709126
8789,1209900
8790,703267
8791,1265179
8792,1721945
8793,1411891
8794,718067
8795,733723
8796,801985
8797,709794
8798,709160
8799,1427053
8800,765535
8801,705954
8802,1183988
8803,819245
8804,730135
8805,757764
8806,1331710
8807,748584
8808,1239490
8809,733913
8810,1169420
8811,739780
8812,1357844
8813,799361
8814,802010
8815,790964
8816,1463400
8817,1384406
8818,870770
8819,786370
8820,1287621
8821,881190
8822,798755
8823,1313631
8824,1278165
8825,797771
8826,876374
8827,1267602
8828,797730
8829,1386302
8830,795743
8831,792975
8832,774302
8833,1310595
8834,714532
8835,743817
8836,1169304
8837,1001555
8838,1170519
8839,794251
8840,745499
8841,1207584
8842,789778
8843,744897
8844,737704
8845,744197
8846,1155860
8847,757673
8848,1572031
8849,754703
8850,833389
8851,1161970
8852,812141
8853,775711
8854,801194
8855,1380096
8856,812801
8857,2144828
8858,2610460
8859,1724253
8860,1589690
8861,1626169
8862,18874614
8863,1245369
8864,887375
8865,904785
8866,1684127
8867,1574702
8868,815619
8869,819405
8870,811338
8871,1332979
8872,825899
8873,874552
8874,1520320
8875,1425858
8876,882388
8877,796629
8878,800543
8879,796592
8880,1557619
8881,1261393
8882,972607
8883,1396519
8884,784162
8885,889620
8886,811663
8887,809179
8888,1371695
8889,806064
8890,1960235
8891,912651
8892,1532066
8893,804717
8894,805413
8895,806188
8896,1319465
8897,1281087
8898,1391806
8899,803876
8900,794804
8901,880321
8902,785682
8903,1214641
8904,801771
8905,1152330
8906,1392453
8907,906475
8908,811037
8909,798698
8910,799134
8911,1431701
8912,801470
8913,783441
8914,1771321
8915,867067
8916,807119
8917,794384
8918,799669
8919,1452128
8920,876406
8921,803534
8922,1468114
8923,1369862
8924,796637
8925,788138
8926,792237
8927,792793
8928,1560890
8929,805949
8930,1858242
8931,863935
8932,798986
8933,802962
8934,799455
8935,794557
8936,1299697
8937,757307
8938,1291378
8939,1317298
8940,806810
8941,747163
8942,745598
8943,754558
8944,749372
8945,1068181
8946,743624
8947,2075705
8948,799744
8949,742664
8950,743706
8951,812677
8952,1205306
8953,747942
8954,1117968
8955,1459762
8956,820542
8957,1103296
8958,747180
8959,752066
8960,758300
8961,756487
8962,2268114
8963,1346584
8964,855221
8965,1351516
8966,833306
8967,808981
8968,801058
8969,1398559
8970,853808
8971,791351
8972,1241574
8973,1407681
8974,807930
8975,825721
8976,1855263
8977,1542581
8978,988683
8979,1401640
8980,959624
8981,860586
8982,864565
8983,1388794
8984,904238
8985,1551716
8986,888058
8987,1494751
8988,965677
8989,912235
8990,916038
8991,1612697
8992,1610760
8993,1325279
8994,989025
8995,1524011
8996,928563
8997,7364920
8998,1086156
8999,1664894
9000,1465988
9001,1087462
9002,988823
9003,1416102
9004,1842874
9005,904303
9006,1602269
9007,1013664
9008,1480371
9009,923029
9010,1530228
9011,932024
9012,845189
9013,843705
9014,1340931
9015,969129
9016,1345591
9017,856371
9018,1553495
9019,860874
9020,1510081
9021,855847
9022,4268923
9023,2235185
9024,1101660
9025,893056
9026,865324
9027,801854
9028,803394
9029,1378061
9030,858871
9031,1293868
9032,850178
9033,1349513
9034,2002280
9035,1230059
9036,817798
9037,11800576
9038,987744
9039,832198
9040,1476519
9041,818375
9042,800856
9043,1429500
9044,1198734
9045,825136
9046,755605
9047,871380
9048,1274057
9049,1288263
9050,743764
9051,1118759
9052,1318995
9053,757575
9054,759964
9055,1230426
9056,810349
9057,812149
9058,1341248
9059,879073
9060,1307261
9061,756912
9062,747266
9063,757822
9064,777553
9065,1367687
9066,1228938
9067,930862
9068,1376030
9069,792855
9070,807226
9071,806566
9072,1323165
9073,806455
9074,792266
9075,1494512
9076,856395
9077,882706
9078,810267
9079,812739
9080,1338479
9081,793910
9082,1269554
9083,880905
9084,1256766
9085,796782
9086,791570
9087,788900
9088,858628
9089,1306578
9090,793737
9091,1375296
9092,801009
9093,1222952
9094,800180
9095,804445
9096,801277
9097,1257499
9098,918090
9099,1300677
9100,797441
9101,1589278
9102,852885
9103,796543
9104,789065
9105,799554
9106,1342365
9107,800757
9108,891383
9109,790288
9110,1272244
9111,873423
9112,792324
9113,1205482
9114,752177
9115,1157344
9116,797251
9117,753035
9118,825218
9119,1173968
9120,739891
9121,1335673
9122,750785
9123,1237455
9124,1221675
9125,742240
9126,744131
9127,1296240
9128,1185439
9129,813863
9130,1205956
9131,1254479
9132,731264
9133,742491
9134,739413
9135,741172
9136,1263242
9137,759688
9138,805871
9139,1165518
9140,764472
9141,8525499
9142,1051457
9143,752923
9144,1370064
9145,711780
9146,1671915
9147,1472807
9148,722817
9149,716617
9150,710898
9151,791903
9152,1229960
9153,711076
9154,703630
9155,1331883
9156,713082
9157,1142128
9158,705476
9159,706370
9160,709922
9161,707956
9162,1205297
9163,744456
9164,1661471
9165,784940
9166,1160665
9167,745902
9168,714351
9169,707128
9170,741490
9171,1322032
9172,781661
9173,859398
9174,1171562
9175,1304802
9176,731775
9177,736315
9178,739269
9179,737563
9180,747962
9181,1236989
9182,746434
9183,1626413
9184,1699631
9185,795183
9186,741824
9187,736022
9188,754167
9189,748201
9190,1331566
9191,1115294
9192,1189930
9193,1532388
9194,767108
9195,705060
9196,702789
9197,701278
9198,702505
9199,717671
9200,708500
9201,1181224
9202,695291
9203,1048462
9204,4744473
9205,1003639
9206,750278
9207,1169964
9208,1244389
9209,720040
9210,710284
9211,1230248
9212,772972
9213,1033230
9214,1189254
9215,764999
9216,1244916
9217,745816
9218,716015
9219,702925
9220,708578
9221,1273856
9222,727407
9223,1395604
9224,705888
9225,699387
9226,1289145
9227,701702
9228,706547
9229,698917
9230,1173721
9231,705270
9232,1181937
9233,818700
9234,1138577
9235,758469
9236,690833
9237,690755
9238,693067
9239,1189394
9240,692914
9241,1024919
9242,1087401
9243,748593
9244,1117382
9245,9931420
9246,1080985
9247,752074
9248,716608
9249,1418710
9250,1160565
9251,780499
9252,1633021
9253,702715
9254,700062
9255,701376
9256,757055
9257,709303
9258,1197680
9259,720955
9260,1250120
9261,711554
9262,1342583
9263,701376
9264,691566
9265,696548
9266,696688
9267,1194189
9268,762090
9269,710432
9270,1720775
9271,756302
9272,702699
9273,696915
9274,742553
9275,751489
9276,1234571
9277,751139
9278,752383
9279,1826043
9280,817345
9281,760763
9282,736648
9283,742149
9284,743591
9285,1185978
9286,714338
9287,1212957
9288,695225
9289,1070162
9290,790849
9291,704112
9292,696926
9293,712739
9294,1199084
9295,702395
9296,1228955
9297,735186
9298,1229960
9299,1264029
9300,764303
9301,803654
9302,1181895
9303,754443
9304,1208359
9305,814835
9306,1092576
9307,1550726
9308,759935
9309,693577
9310,702419
9311,1285153
9312,702431
9313,711195
9314,1184371
9315,755708
9316,1053632
9317,742549
9318,1167149
9319,704623
9320,696907
9321,1175847
9322,814535
9323,1093989
9324,705439
9325,698633
9326,1109146
9327,745729
9328,1196154
9329,696939
9330,703251
9331,1125833
9332,680031
9333,688151
9334,760863
9335,709291
9336,1200601
9337,710181
9338,1139693
9339,1200160
9340,705040
9341,704499
9342,699786
9343,704087
9344,1196241
9345,744502
9346,704088
9347,1114132
9348,1533727
9349,749475
9350,701537
9351,711359
9352,694092
9353,701067
9354,1167367
9355,715410
9356,1095670
9357,773025
9358,1140377
9359,711829
9360,705278
9361,707561
9362,9083801
9363,770545
9364,1333708
9365,1254599
9366,740810
9367,1109089
9368,678971
9369,663957
9370,722273
9371,1064563
9372,664712
9373,660484
9374,1132351
9375,646543
9376,1059458
9377,1173144
9378,698764
9379,697475
9380,698323
9381,692379
9382,1296775
9383,704170
9384,1173260
9385,684694
9386,1157665
9387,1229239
9388,703503
9389,703099
9390,700420
9391,708834
9392,1256605
9393,1197305
9394,745111
9395,704421
9396,692205
9397,1114692
9398,700964
9399,699621
9400,1111619
9401,702344
9402,1860603
9403,768295
9404,4696544
9405,869983
9406,721882
9407,1538354
9408,1333725
9409,728557
9410,700000
9411,1094994
9412,799377
9413,705760
9414,710782
9415,706012
9416,1172851
9417,775633
9418,1264754
9419,707161
9420,1125549
9421,1150228
9422,695802
9423,686256
9424,691625
9425,684657
9426,1301514
9427,777573
9428,1198491
9429,755774
9430,1240454
9431,747171
9432,1133007
9433,704026
9434,1197753
9435,766321
9436,1104750
9437,667892
9438,1115413
9439,1244842
9440,736900
9441,697635
9442,666278
9443,677175
9444,991613
9445,740234
9446,1142811
9447,677340
9448,1100782
9449,728977
9450,659372
9451,662190
9452,1202796
9453,877795
9454,1083227
9455,725536
9456,1064418
9457,983789
9458,4196422
9459,9601960
9460,1708135
9461,1414203
9462,800263
9463,702955
9464,702340
9465,702588
9466,1179638
9467,1276106
9468,719665
9469,1191986
9470,681744
9471,762428
9472,716114
9473,709435
9474,1183704
9475,713695
9476,706622
9477,1557578
9478,803160
9479,1283913
9480,719970
9481,720287
9482,782378
9483,726654
9484,1205969
9485,712991
9486,2570273
9487,843874
9488,1275100
9489,744015
9490,736735
9491,731420
9492,1368898
9493,773190
9494,2233262
9495,2321840
9496,1397170
9497,746611
9498,738734
9499,709444
9500,2163459
9501,696733
9502,709476
9503,1204713
9504,1156957
9505,703024
9506,734518
9507,796782
9508,1245625
9509,1401925
9510,745536
9511,894942
9512,1240075
9513,1268145
9514,759783
9515,1028517
9516,1279805
9517,1404846
9518,923945
9519,798615
9520,1367819
9521,1458321
9522,804873
9523,802055
9524,2086738
9525,851447
9526,855979
9527,1279195
9528,1346414
9529,916627
9530,860268
9531,1489003
9532,848732
9533,788339
9534,793016
9535,1217246
9536,845592
9537,1296409
9538,896112
9539,1253123
9540,806328
9541,797399
9542,816224
9543,1859321
9544,882533
9545,834567
9546,1073018
9547,1450880
9548,799336
9549,803435
9550,805747
9551,1422854
9552,871911
9553,1861584
9554,805124
9555,992841
9556,13239936
9557,1656543
9558,887914
9559,1165233
9560,770202
9561,753731
9562,1260321
9563,809043
9564,1781369
9565,750126
9566,1603674
9567,804256
9568,743113
9569,739479
9570,744283
9571,1351762
9572,1288824
9573,744946
9574,1385210
9575,898474
9576,906817
9577,4147120
9578,806311
9579,2165107
9580,774636
9581,836001
9582,1408303
9583,807930
9584,744176
9585,749713
9586,1216129
9587,874313
9588,1314410
9589,1015464
9590,1440127
9591,1379454
9592,845654
9593,789118
9594,812282
9595,837999
9596,876690
9597,1528470
9598,1445457
9599,859633
9600,857944
9601,864858
9602,876530
9603,1498636
9604,1659118
9605,1410820
9606,896150
9607,916788
9608,849968
9609,1440592
9610,861957
9611,861784
9612,1542404
9613,1339769
9614,788076
9615,791141
9616,900867
9617,799822
9618,1303883
9619,1278540
9620,1488567
9621,801627
9622,794507
9623,808442
9624,815148
9625,810060
9626,1364148
9627,809813
9628,1333564
9629,842856
9630,1363616
9631,799043
9632,786374
9633,757744
9634,741312
9635,1131811
9636,745734
9637,805545
9638,1655937
9639,800276
9640,957494
9641,1159643
9642,1423523
9643,750352
9644,744094
9645,1215614
9646,822660
9647,1238554
9648,764171
9649,757270
9650,750802
9651,12831370
9652,1795332
9653,817604
9654,1431515
9655,1381436
9656,848843
9657,748482
9658,741202
9659,830946
9660,1297904
9661,871289
9662,1273946
9663,751902
9664,758197
9665,946436
9666,748114
9667,745462
9668,1329967
9669,743776
9670,1306050
9671,1388654
9672,780746
9673,794248
9674,798557
9675,897304
9676,804296
9677,795862
9678,1415257
9679,1412851
9680,891997
9681,813645
9682,1223500
9683,1559782
9684,859774
9685,954577
9686,2007151
9687,922185
9688,859617
9689,850577
9690,1450113
9691,839412
9692,1310822
9693,1413189
9694,921716
9695,1449846
9696,863605
9697,863544
9698,867400
9699,1418545
9700,936074
9701,921839
9702,1434548
9703,953123
9704,863181
9705,846074
9706,1526336
9707,881961
9708,1404537
9709,784833
9710,1267746
9711,919057
9712,1385786
9713,796868
9714,1386887
9715,1313169
9716,836083
9717,742919
9718,738985
9719,1197696
9720,816608
9721,1345129
9722,747942
9723,1380023
9724,751398
9725,741901
9726,738593
9727,1385679
9728,751872
9729,1309705
9730,751741
9731,1920851
9732,1021079
9733,777640
9734,737287
9735,1251685
9736,804783
9737,1385584
9738,747390
9739,1343510
9740,916776
9741,759923
9742,1007554
9743,766350
9744,750327
9745,1439751
9746,751757
9747,1428455
9748,814205
9749,14296927
9750,1510914
9751,840133
9752,1844641
9753,773140
9754,1439356
9755,796699
9756,753492
9757,835832
9758,1286851
9759,806456
9760,1141226
9761,814646
9762,1246947
9763,746479
9764,740501
9765,751906
9766,738577
9767,742092
9768,815001
9769,762321
9770,1187680
9771,912894
9772,1217934
9773,753463
9774,753207
9775,746879
9776,741774
9777,1222610
9778,739162
9779,810135
9780,1679949
9781,752853
9782,746776
9783,744485
9784,748152
9785,1219800
9786,748898
9787,1214510
9788,831226
9789,1262373
9790,757756
9791,750394
9792,755284
9793,754839
9794,743002
9795,1271771
9796,1087351
9797,1059573
9798,1129153
9799,761835
9800,1015472
9801,710049
9802,702621
9803,1070228
9804,709555
9805,709377
9806,1152354
9807,1214147
9808,1053773
9809,698324
9810,702831
9811,702432
9812,754324
9813,698892
9814,701887
9815,1197898
9816,1061926
9817,738165
9818,1049517
9819,760755
9820,706683
9821,702172
9822,705489
9823,697805
9824,1284156
9825,1201737
9826,750492
9827,1127840
9828,754142
9829,759037
9830,1242646
9831,769692
9832,1486465
9833,1480433
9834,700231
9835,706531
9836,1143582
9837,1150471
9838,711224
9839,703836
9840,1112290
9841,704809
9842,772580
9843,758078
9844,695884
9845,876554
9846,1097103
9847,1205722
9848,692140
9849,696556
9850,1094883
9851,1107112
9852,693227
9853,705637
9854,707495
9855,1123163
9856,751848
9857,1090272
9858,703284
9859,8687303
9860,1624093
9861,828482
9862,724190
9863,721759
9864,1197329
9865,719488
9866,1139928
9867,1106246
9868,1197280
9869,765188
9870,713630
9871,1151057
9872,714322
9873,713412
9874,705245
9875,1225906
9876,710473
9877,1128391
9878,699292
9879,706267
9880,705963
9881,793568
9882,1129054
9883,705196
9884,1064983
9885,770772
9886,1204519
9887,783201
9888,1095925
9889,4515507
9890,760925
9891,724066
9892,1400467
9893,713946
9894,697747
9895,1186213
9896,703009
9897,1314452
9898,698797
9899,1231683
9900,1666835
9901,815997
9902,719669
9903,704372
9904,1221975
9905,699259
9906,1139380
9907,687376
9908,1107622
9909,1271569
9910,710111
9911,703383
9912,694487
9913,701970
9914,1149684
9915,698765
9916,1182155
9917,690940
9918,1100292
9919,1639597
9920,776775
9921,711969
9922,702925
9923,1132813
9924,699156
9925,1184281
9926,686816
9927,1126125
9928,1064403
9929,1082156
9930,700021
9931,706213
9932,706650
9933,703993
9934,1419530
9935,1229450
9936,1177948
9937,1810210
9938,773911
9939,708883
9940,711277
9941,1169852
9942,707413
9943,1133064
9944,688979
9945,712249
9946,1237459
9947,751069
9948,1021388
9949,691085
9950,704783
9951,3431946
9952,1371008
9953,801302
9954,714446
9955,701393
9956,1118446
9957,785348
9958,9142706
9959,817114
9960,725042
9961,710424
9962,708080
9963,759450
9964,1170833
9965,707520
9966,1237987
9967,713275
9968,1154237
9969,702860
9970,702250
9971,700614
9972,695987
9973,1174891
9974,700730
9975,1187136
9976,699839
9977,695196
9978,1101805
9979,742042
9980,701863
9981,693544
9982,688171
9983,668494
9984,1057324
9985,660555
9986,1151300
9987,720090
9988,1048911
9989,648317
9990,660814
9991,657596
9992,659628
9993,652384
9994,1133130
9995,1044634
9996,1040695
9997,1160665
9998,653344
9999,716893
