iteration,latency_ns
0,5848436
1,982194
2,915996
3,1330309
4,824307
5,1490008
6,1076297
7,1490115
8,883753
9,878120
10,789493
11,1437156
12,802752
13,1439883
14,788043
15,796650
16,1119624
17,1480701
18,794672
19,791652
20,1368515
21,780853
22,785526
23,784136
24,1278277
25,1599941
26,875693
27,1391394
28,1500169
29,814971
30,759153
31,757488
32,1294778
33,758609
34,1580552
35,1190024
36,781809
37,740217
38,744394
39,750620
40,1163424
41,751674
42,1265158
43,745240
44,739220
45,1598437
46,750991
47,748976
48,1099011
49,749598
50,7317194
51,3165578
52,798624
53,746264
54,1241014
55,777529
56,1320421
57,1331949
58,1141836
59,702065
60,1251962
61,982849
62,1248246
63,699069
64,693231
65,694933
66,695279
67,1179093
68,705702
69,1142730
70,782650
71,1261042
72,701867
73,698040
74,724367
75,750797
76,741577
77,1181059
78,735792
79,1525182
80,748325
81,1277427
82,763231
83,758110
84,761349
85,11735619
86,1407438
87,1269518
88,805087
89,1281824
90,722104
91,714582
92,713143
93,705752
94,4373561
95,1847757
96,978779
97,1295726
98,891193
99,762997
100,1183568
101,712423
102,1187894
103,771249
104,706053
105,694348
106,1321204
107,704941
108,1202784
109,718030
110,701793
111,1209035
112,790074
113,1211774
114,709839
115,1132310
116,759536
117,1306203
118,702913
119,698732
120,695143
121,1513950
122,739714
123,698348
124,699757
125,1043040
126,1171896
127,702373
128,888532
129,1305214
130,700858
131,1192273
132,711376
133,1205783
134,1158798
135,705077
136,700297
137,699325
138,696111
139,1439113
140,702168
141,769490
142,1113506
143,765057
144,709662
145,708208
146,713135
147,712706
148,1083861
149,695259
150,887860
151,1091814
152,682750
153,1183114
154,704223
155,701813
156,697660
157,704363
158,1128351
159,712842
160,1183811
161,1674667
162,781995
163,695929
164,698941
165,702658
166,697376
167,1022443
168,662277
169,664950
170,1085443
171,705872
172,992408
173,887106
174,673401
175,660196
176,659941
177,659187
178,1138025
179,665071
180,1010351
181,644285
182,962586
183,1117873
184,750117
185,664740
186,1024442
187,667958
188,4147569
189,1061461
190,741688
191,678328
192,670460
193,679198
194,9750218
195,1433201
196,730118
197,1162651
198,700087
199,679882
200,678938
201,669491
202,685575
203,1197605
204,898572
205,1493848
206,783276
207,1473738
208,704466
209,701182
210,710078
211,1242840
212,730324
213,1294390
214,705526
215,1220838
216,702905
217,734860
218,701092
219,703391
220,1267634
221,713193
222,1205429
223,688711
224,699531
225,1108624
226,761427
227,705538
228,701805
229,764744
230,1215989
231,710198
232,1213455
233,686474
234,1278021
235,718710
236,706556
237,705158
238,710190
239,1177920
240,706148
241,741671
242,1209574
243,1175402
244,706214
245,696132
246,698991
247,695193
248,696585
249,696185
250,1269855
251,1166696
252,793317
253,1206640
254,728272
255,727596
256,721087
257,716246
258,1109340
259,708883
260,1177100
261,702180
262,1102007
263,745655
264,760269
265,718265
266,714491
267,1234813
268,704248
269,706799
270,1352558
271,764468
272,1129867
273,783893
274,706313
275,794606
276,712657
277,1271371
278,827229
279,715319
280,1201532
281,751399
282,740484
283,1086758
284,722924
285,685032
286,1077385
287,708265
288,670538
289,667884
290,668461
291,665923
292,1464242
293,682161
294,702229
295,1121951
296,740752
297,1076647
298,937932
299,697199
300,677699
301,685114
302,1218894
303,668024
304,1030655
305,662919
306,1134473
307,1105789
308,698406
309,11655627
310,920545
311,737737
312,1348965
313,1155383
314,1204238
315,719253
316,706164
317,702287
318,1130184
319,702839
320,767607
321,1084599
322,750847
323,1143722
324,737840
325,705620
326,700495
327,700527
328,1125664
329,692127
330,704038
331,698081
332,1105656
333,766614
334,1024619
335,699828
336,705368
337,693540
338,680438
339,1087302
340,757060
341,1079152
342,1224687
343,655557
344,710565
345,664687
346,658309
347,1039608
348,668235
349,658536
350,666694
351,987909
352,1036938
353,1127683
354,656162
355,669330
356,663575
357,713828
358,1115075
359,660628
360,659615
361,665384
362,997352
363,1098113
364,648969
365,667065
366,667641
367,665783
368,659833
369,662837
370,1151468
371,664630
372,662400
373,984040
374,1151249
375,655540
376,665297
377,661099
378,667674
379,661366
380,1117111
381,660287
382,668279
383,1166766
384,1096193
385,646299
386,658083
387,653769
388,664065
389,660851
390,657283
391,1089654
392,659961
393,1047016
394,1014215
395,762609
396,1041289
397,689375
398,667777
399,668444
400,670426
401,677390
402,1198936
403,926828
404,1023967
405,667732
406,636410
407,674797
408,636333
409,727815
410,741531
411,1117102
412,642361
413,1089419
414,675020
415,630627
416,1176729
417,790564
418,677917
419,628740
420,703771
421,1116542
422,637028
423,1266576
424,632551
425,919535
426,677851
427,628315
428,621702
429,659768
430,657831
431,1032798
432,653530
433,1185945
434,653983
435,1002852
436,8847106
437,1010145
438,684723
439,654082
440,1307813
441,664012
442,1138770
443,657246
444,1155419
445,1106914
446,718726
447,664876
448,661230
449,659533
450,1195335
451,665906
452,1130126
453,652805
454,1061963
455,716246
456,658993
457,663504
458,677352
459,747213
460,1100350
461,669174
462,1078456
463,685811
464,672042
465,1088282
466,653472
467,653559
468,664353
469,669095
470,650926
471,1172357
472,685951
473,1556441
474,650031
475,1127600
476,671407
477,659809
478,655981
479,664325
480,986697
481,2291887
482,727304
483,1195904
484,671700
485,1141299
486,667316
487,674806
488,684060
489,711426
490,1065243
491,704005
492,1213554
493,1372025
494,715587
495,1242399
496,721194
497,705842
498,712971
499,712950
500,709362
501,1111549
502,695872
503,1236494
504,1731771
505,776004
506,698513
507,689535
508,692172
509,1193757
510,708863
511,1147859
512,1116917
513,1073537
514,1321570
515,710416
516,699098
517,703779
518,697998
519,1121775
520,1216702
521,755704
522,704998
523,861484
524,1408340
525,706959
526,799118
527,1443901
528,1122693
529,695311
530,4169241
531,1481578
532,841233
533,1256494
534,676294
535,671267
536,1040530
537,713679
538,659105
539,666546
540,692102
541,707417
542,1711265
543,8824687
544,771105
545,1285730
546,879526
547,710716
548,709304
549,702794
550,1678066
551,2386092
552,729834
553,1240895
554,791735
555,1255283
556,707162
557,1169357
558,1286748
559,712632
560,712493
561,1157690
562,658499
563,1150191
564,665985
565,1005630
566,756067
567,668288
568,1123555
569,666895
570,662199
571,986706
572,1081571
573,697528
574,658174
575,657873
576,1047287
577,670456
578,1088753
579,731759
580,664291
581,1093363
582,727762
583,1036098
584,662095
585,661412
586,661919
587,1032938
588,661066
589,1069997
590,655664
591,703453
592,1096588
593,645731
594,664390
595,671469
596,672346
597,1066454
598,714911
599,1228836
600,668242
601,1126913
602,741654
603,1242209
604,669838
605,668572
606,667415
607,1019127
608,1119076
609,676384
610,1034672
611,668346
612,1039933
613,4155712
614,889896
615,688637
616,674711
617,1189295
618,762404
619,1568434
620,728400
621,660134
622,709638
623,655441
624,1062750
625,675510
626,671382
627,902573
628,1317240
629,749454
630,1081419
631,654885
632,658754
633,655548
634,869015
635,1281330
636,671073
637,1384393
638,669829
639,1594251
640,656278
641,659475
642,654478
643,656496
644,661695
645,1325720
646,697425
647,1186951
648,669207
649,1055391
650,635953
651,663876
652,660002
653,9400203
654,767587
655,734300
656,1949428
657,1321624
658,876472
659,699769
660,693750
661,1125581
662,710688
663,1104108
664,1211823
665,703881
666,1107906
667,748342
668,702531
669,763417
670,706548
671,1205820
672,698608
673,1096193
674,1144806
675,1419579
676,768036
677,706003
678,714297
679,719979
680,767274
681,1474834
682,708891
683,1173907
684,758436
685,1097788
686,757666
687,708129
688,700775
689,1183070
690,700499
691,1238344
692,785335
693,1136261
694,1186065
695,695147
696,692152
697,690866
698,696157
699,1192718
700,703936
701,709600
702,1125454
703,752404
704,1130419
705,693157
706,700713
707,697697
708,699980
709,707796
710,1165361
711,1083602
712,709954
713,664262
714,1192233
715,671123
716,685098
717,673500
718,657814
719,1192356
720,661021
721,1143158
722,659348
723,1024544
724,720440
725,667267
726,666900
727,728833
728,1056537
729,666286
730,658828
731,1090313
732,639781
733,995378
734,1036444
735,662182
736,3119943
737,1434437
738,677649
739,662145
740,1194223
741,744139
742,668713
743,675358
744,1138333
745,660785
746,653110
747,647840
748,656863
749,1149977
750,1126776
751,661906
752,660859
753,654577
754,996207
755,1194836
756,669623
757,670134
758,1021809
759,962847
760,767216
761,665281
762,664160
763,1021013
764,8253061
765,899771
766,712430
767,696943
768,1267057
769,663867
770,672156
771,666228
772,658251
773,1156614
774,676050
775,1153611
776,683792
777,674386
778,1161274
779,685868
780,671390
781,675259
782,673381
783,671275
784,1142145
785,663649
786,1047147
787,662001
788,1210258
789,656896
790,665774
791,661382
792,664733
793,661795
794,1173869
795,1042879
796,1073862
797,1200921
798,666620
799,800168
800,668383
801,656818
802,1084784
803,663048
804,1192323
805,670990
806,665321
807,753916
808,671757
809,659327
810,661749
811,668202
812,721656
813,1109740
814,665132
815,1082362
816,653975
817,726510
818,718978
819,660427
820,670010
821,665581
822,657758
823,1119739
824,703234
825,665507
826,1120333
827,707207
828,653447
829,1116274
830,672832
831,670970
832,676116
833,666771
834,1216697
835,657498
836,1083169
837,726501
838,1119509
839,699745
840,660579
841,653777
842,655932
843,659784
844,1158852
845,1111294
846,708797
847,666245
848,1039488
849,701426
850,1195356
851,664267
852,656084
853,666376
854,1068045
855,722274
856,1083780
857,674897
858,1133274
859,712064
860,1194721
861,743854
862,675609
863,3272095
864,739133
865,681834
866,675119
867,1196983
868,692444
869,1158316
870,1542807
871,659834
872,656134
873,655223
874,657518
875,654980
876,657481
877,1379545
878,1133467
879,1106176
880,1096074
881,668931
882,662405
883,662338
884,665742
885,661507
886,665392
887,9163179
888,1342447
889,740826
890,1215923
891,672606
892,660200
893,660411
894,663706
895,661238
896,1227398
897,1165884
898,731437
899,667324
900,983838
901,741556
902,668914
903,668568
904,1024528
905,655392
906,722616
907,1176555
908,667307
909,655866
910,1006618
911,692596
912,711812
913,670254
914,658075
915,1058654
916,642546
917,650259
918,649080
919,928628
920,704088
921,918592
922,1042351
923,714046
924,658177
925,1095571
926,656628
927,764319
928,655994
929,656896
930,1114977
931,664073
932,1076800
933,735186
934,1081554
935,1060982
936,690128
937,654543
938,649538
939,650205
940,657699
941,1114235
942,667715
943,1112405
944,665898
945,1197889
946,1115784
947,644000
948,667052
949,669289
950,662771
951,1122269
952,681810
953,958389
954,685159
955,634260
956,3903108
957,646880
958,634969
959,632484
960,633984
961,630968
962,1148831
963,621031
964,1025950
965,1620455
966,643237
967,620981
968,622633
969,620240
970,674497
971,620969
972,621686
973,627763
974,624751
975,1078489
976,1015604
977,616255
978,617260
979,721771
980,632776
981,627145
982,628752
983,991971
984,626745
985,918753
986,1096132
987,1035508
988,639637
989,639010
990,636951
991,629493
992,630090
993,664436
994,1145845
995,649850
996,1062194
997,687545
998,652653
999,1159037
1000,703161
1001,709724
1002,667480
1003,660604
1004,1363720
1005,689709
1006,687294
1007,663097
1008,7865875
1009,1475184
1010,705435
1011,666928
1012,660377
1013,667526
1014,1824725
1015,661667
1016,662128
1017,656595
1018,1067159
1019,1210501
1020,671040
1021,668581
1022,1016894
1023,1046888
1024,1145037
1025,661568
1026,1096214
1027,699559
1028,1070014
1029,740937
1030,677063
1031,720967
1032,1243722
1033,725792
1034,1076483
1035,661613
1036,992239
1037,716868
1038,657848
1039,1055376
1040,647547
1041,650152
1042,649348
1043,1115738
1044,654395
1045,654156
1046,652269
1047,1132202
1048,656644
1049,1010030
1050,1086919
1051,661345
1052,1056665
1053,1007681
1054,645170
1055,711492
1056,653868
1057,1077908
1058,657876
1059,1087467
1060,700256
1061,1061687
1062,988271
1063,691760
1064,650551
1065,649933
1066,648017
1067,718875
1068,1095044
1069,669615
1070,1087109
1071,655154
1072,935345
1073,642298
1074,627042
1075,4264700
1076,763310
1077,642909
1078,1122825
1079,644535
1080,1067394
1081,1031890
1082,690112
1083,618006
1084,614867
1085,639027
1086,621356
1087,1174491
1088,692700
1089,628364
1090,628216
1091,986731
1092,1255620
1093,624656
1094,636818
1095,638590
1096,633085
1097,631755
1098,633210
1099,1094742
1100,618616
1101,1009729
1102,1115080
1103,685551
1104,1016976
1105,628710
1106,617730
1107,622205
1108,612268
1109,619061
1110,1157652
1111,626358
1112,1134497
1113,621253
1114,1067599
1115,657349
1116,622559
1117,617529
1118,616280
1119,616482
1120,1071410
1121,697961
1122,1063987
1123,718998
1124,657984
1125,1147954
1126,642616
1127,7683767
1128,732586
1129,1227283
1130,747081
1131,1153767
1132,770063
1133,662314
1134,1157442
1135,636316
1136,658470
1137,655215
1138,658614
1139,1155173
1140,657942
1141,997772
1142,3843885
1143,743076
1144,1193473
1145,732661
1146,653756
1147,654758
1148,665272
1149,657032
1150,1110560
1151,672515
1152,1215713
1153,672017
1154,1085176
1155,640242
1156,658609
1157,660241
1158,633094
1159,612011
1160,1111199
1161,626432
1162,1030161
1163,1122109
1164,614900
1165,617528
1166,617652
1167,617537
1168,621178
1169,612370
1170,623111
1171,1084422
1172,624174
1173,1018409
1174,919671
1175,3861071
1176,696363
1177,638009
1178,618439
1179,622682
1180,1203089
1181,632180
1182,632163
1183,985544
1184,1095328
1185,694941
1186,959612
1187,628966
1188,623527
1189,620289
1190,623428
1191,624458
1192,1144848
1193,656393
1194,1079906
1195,693861
1196,991044
1197,641796
1198,649303
1199,701031
1200,652462
1201,652829
1202,989009
1203,667365
1204,1088238
1205,692362
1206,678052
1207,1069042
1208,635270
1209,641042
1210,632332
1211,631075
1212,1166106
1213,616667
1214,959064
1215,667197
1216,630725
1217,978330
1218,1012032
1219,679491
1220,619168
1221,622580
1222,621043
1223,623536
1224,1089646
1225,632777
1226,1065008
1227,612506
1228,983957
1229,706717
1230,629419
1231,629399
1232,629930
1233,625118
1234,1157759
1235,667909
1236,665198
1237,1030210
1238,767306
1239,667143
1240,1146331
1241,664333
1242,667843
1243,1067954
1244,654334
1245,656904
1246,956043
1247,646744
1248,8073726
1249,882875
1250,1391897
1251,688921
1252,662804
1253,659706
1254,730745
1255,1227793
1256,751543
1257,971560
1258,664469
1259,1090120
1260,649356
1261,649566
1262,618995
1263,1083783
1264,626271
1265,621805
1266,1031899
1267,612527
1268,1018031
1269,1065700
1270,630181
1271,620718
1272,625682
1273,622291
1274,628183
1275,1114194
1276,625839
1277,1047069
1278,620144
1279,1087245
1280,689139
1281,634326
1282,617829
1283,624718
1284,621764
1285,1062078
1286,620190
1287,952319
1288,663348
1289,617845
1290,1044679
1291,1034709
1292,663916
1293,626049
1294,625765
1295,622859
1296,620396
1297,1067571
1298,688344
1299,1081019
1300,623078
1301,627066
1302,623350
1303,1051515
1304,630230
1305,627722
1306,672412
1307,1015513
1308,691171
1309,625521
1310,626774
1311,629345
1312,672948
1313,625921
1314,1067393
1315,619275
1316,616960
1317,618777
1318,1010544
1319,677307
1320,634251
1321,630894
1322,939803
1323,632224
1324,996532
1325,665515
1326,618608
1327,1029514
1328,616651
1329,1064176
1330,668828
1331,625505
1332,662519
1333,994356
1334,664708
1335,620816
1336,980155
1337,631607
1338,1005028
1339,670579
1340,623791
1341,629637
1342,632216
1343,619737
1344,1037857
1345,617025
1346,681023
1347,616532
1348,1151646
1349,684406
1350,1026304
1351,630520
1352,632365
1353,627420
1354,897839
1355,658663
1356,618892
1357,1021446
1358,1029407
1359,676656
1360,1151246
1361,624067
1362,624800
1363,615905
1364,625579
1365,625167
1366,1070108
1367,622699
1368,1124131
1369,625262
1370,963435
1371,1093754
1372,665222
1373,627837
1374,623078
1375,624120
1376,629069
1377,1026811
1378,632146
1379,1050497
1380,677014
1381,648553
1382,1029926
1383,613891
1384,7483432
1385,757162
1386,636024
1387,1029690
1388,670060
1389,679124
1390,730609
1391,623470
1392,990908
1393,622674
1394,621653
1395,654407
1396,656530
1397,655165
1398,1135832
1399,664209
1400,1521515
1401,1324174
1402,1103642
1403,668444
1404,667303
1405,660542
1406,660851
1407,1097017
1408,626366
1409,3256409
1410,881091
1411,1361222
1412,642451
1413,626295
1414,624339
1415,620631
1416,615332
1417,1094718
1418,618121
1419,614752
1420,924096
1421,1048301
1422,686119
1423,664250
1424,615509
1425,619544
1426,616185
1427,615538
1428,616458
1429,1000315
1430,624297
1431,625987
1432,1022217
1433,1038236
1434,690211
1435,630548
1436,628550
1437,669540
1438,625505
1439,907345
1440,619971
1441,615880
1442,614784
1443,1017396
1444,1143047
1445,615403
1446,623098
1447,622205
1448,617318
1449,614826
1450,623428
1451,689227
1452,1031722
1453,987752
1454,1058267
1455,685967
1456,674930
1457,1025764
1458,625768
1459,627268
1460,627079
1461,1074600
1462,622609
1463,1084698
1464,1080297
1465,940107
1466,1041004
1467,623218
1468,616572
1469,629168
1470,622184
1471,623086
1472,1074340
1473,630976
1474,623577
1475,621731
1476,1194951
1477,661935
1478,1261895
1479,626198
1480,629670
1481,635121
1482,630495
1483,1091311
1484,625744
1485,941314
1486,665848
1487,625645
1488,956880
1489,1017075
1490,626560
1491,618558
1492,612012
1493,618542
1494,622456
1495,1110948
1496,617400
1497,1044613
1498,620721
1499,1110996
1500,669273
1501,620450
1502,668894
1503,615419
1504,621434
1505,1089218
1506,627186
1507,1045272
1508,1045508
1509,946893
1510,621554
1511,622926
1512,629531
1513,7229135
1514,1314216
1515,650023
1516,635220
1517,991657
1518,1139899
1519,1101512
1520,623371
1521,612992
1522,614990
1523,611221
1524,622072
1525,1038697
1526,632859
1527,630886
1528,633144
1529,1491582
1530,664703
1531,614591
1532,657683
1533,632764
1534,623906
1535,627660
1536,622015
1537,1081694
1538,628685
1539,631973
1540,1029827
1541,702723
1542,626568
1543,628995
1544,621504
1545,624157
1546,624224
1547,1019774
1548,622555
1549,620829
1550,1005786
1551,700198
1552,1012370
1553,675676
1554,627924
1555,619914
1556,624384
1557,623606
1558,627738
1559,628509
1560,631009
1561,2696455
1562,1087318
1563,662611
1564,1171150
1565,641042
1566,619102
1567,632703
1568,626774
1569,625566
1570,986153
1571,710132
1572,1067072
1573,678329
1574,633906
1575,1153570
1576,619914
1577,627062
1578,626185
1579,626733
1580,1026312
1581,630375
1582,698002
1583,1091937
1584,740526
1585,1041936
1586,1261668
1587,641120
1588,643143
1589,642710
1590,645722
1591,1220937
1592,761555
1593,1194416
1594,716266
1595,1412802
1596,652083
1597,639596
1598,667415
1599,657246
1600,1269719
1601,666545
1602,1170273
1603,646864
1604,1163956
1605,763174
1606,683474
1607,730609
1608,850746
1609,1212763
1610,687566
1611,1323907
1612,669532
1613,662680
1614,1231534
1615,693771
1616,664839
1617,681473
1618,670570
1619,1301588
1620,1544064
1621,808108
1622,678905
1623,1502900
1624,736579
1625,1162152
1626,723295
1627,1328167
1628,884416
1629,741423
1630,728993
1631,723045
1632,1298510
1633,722900
1634,1823127
1635,803476
1636,16289026
1637,1205956
1638,1762264
1639,777545
1640,746776
1641,1213121
1642,875191
1643,1434420
1644,763932
1645,754810
1646,748469
1647,755552
1648,1399131
1649,1273127
1650,759429
1651,1712996
1652,760545
1653,836643
1654,752527
1655,756178
1656,1257585
1657,757356
1658,748057
1659,1338871
1660,813546
1661,1532969
1662,752853
1663,752829
1664,829396
1665,1423613
1666,753842
1667,1224802
1668,822050
1669,1198549
1670,745025
1671,737238
1672,738000
1673,743047
1674,742870
1675,1108281
1676,751489
1677,1215973
1678,839866
1679,758696
1680,746578
1681,771171
1682,757414
1683,756149
1684,1334203
1685,1293401
1686,830525
1687,1112735
1688,745898
1689,740175
1690,735445
1691,740035
1692,750068
1693,1249267
1694,760722
1695,1394834
1696,848213
1697,1329926
1698,7779988
1699,3238553
1700,1760534
1701,1482131
1702,861525
1703,897168
1704,864796
1705,1575673
1706,918332
1707,1856125
1708,2477600
1709,1331030
1710,1725592
1711,861673
1712,1995725
1713,901955
1714,1556758
1715,1021352
1716,887164
1717,1830069
1718,1814515
1719,15717284
1720,1122990
1721,961268
1722,1622177
1723,1053443
1724,1650836
1725,1021161
1726,954536
1727,945970
1728,1619272
1729,940932
1730,1672010
1731,1442088
1732,912400
1733,1020811
1734,935098
1735,945765
1736,1533817
1737,1520769
1738,1121111
1739,1988487
1740,935340
1741,989153
1742,1511466
1743,924525
1744,1538263
1745,988407
1746,1541868
1747,863692
1748,860770
1749,857800
1750,1557965
1751,1480252
1752,1433938
1753,928361
1754,1467888
1755,866069
1756,861422
1757,850446
1758,1768383
1759,1513802
1760,868924
1761,1536277
1762,873535
1763,881722
1764,1696067
1765,1009362
1766,1650247
1767,910991
1768,1661561
1769,895635
1770,881878
1771,867902
1772,1004722
1773,1505801
1774,980327
1775,1468609
1776,937875
1777,861500
1778,1543158
1779,1403832
1780,1141642
1781,880658
1782,916660
1783,1925997
1784,926870
1785,864268
1786,1820988
1787,1496770
1788,939423
1789,869155
1790,1591528
1791,953835
1792,1428463
1793,852634
1794,6129073
1795,13576602
1796,1911123
1797,920277
1798,855571
1799,1523319
1800,972730
1801,1409415
1802,950787
1803,1339786
1804,912115
1805,1467183
1806,1529783
1807,950102
1808,848094
1809,842786
1810,1507823
1811,855019
1812,860008
1813,1588050
1814,1294440
1815,917574
1816,846630
1817,796662
1818,1364725
1819,850895
1820,1298152
1821,858855
1822,1330321
1823,772337
1824,789460
1825,788488
1826,787700
1827,1805434
1828,806097
1829,2229739
1830,788866
1831,790606
1832,859123
1833,784326
1834,1363905
1835,807902
1836,816030
1837,1538144
1838,854954
1839,917464
1840,805611
1841,790807
1842,1469486
1843,791039
1844,798746
1845,1443546
1846,1374114
1847,926325
1848,866419
1849,972462
1850,1637953
1851,858517
1852,1627546
1853,842968
1854,1621048
1855,1502361
1856,909478
1857,1602685
1858,1380644
1859,847998
1860,853948
1861,841464
1862,856638
1863,1350279
1864,1515937
1865,928843
1866,953407
1867,865492
1868,860428
1869,863197
1870,1440856
1871,1312189
1872,928674
1873,1483025
1874,833171
1875,928217
1876,853288
1877,1272398
1878,1380064
1879,831765
1880,1495225
1881,940642
1882,862888
1883,860560
1884,852069
1885,927422
1886,1313990
1887,1381704
1888,12078205
1889,1256831
1890,831118
1891,1892757
1892,921669
1893,806072
1894,1705943
1895,3005446
1896,2501657
1897,3709056
1898,2550509
1899,1279488
1900,1243586
1901,2966054
1902,1773871
1903,2488497
1904,1240261
1905,1227113
1906,1955002
1907,2120075
1908,3249887
1909,1499839
1910,2147403
1911,2305813
1912,1829274
1913,2800035
1914,1929462
1915,4404717
1916,1466442
1917,3683495
1918,3006328
1919,1576258
1920,1749257
1921,4019390
1922,1646580
1923,10218450
1924,3202444
1925,1435598
1926,5778284
1927,2329424
1928,1291189
1929,976582
1930,957692
1931,936012
1932,15068592
1933,1879197
1934,997311
1935,951248
1936,1429340
1937,953596
1938,1323408
1939,1529207
1940,1036043
1941,920767
1942,1006935
1943,1393858
1944,923145
1945,920858
1946,1554071
1947,1623804
1948,932078
1949,912416
1950,911686
1951,989561
1952,1516381
1953,1438750
1954,1657795
1955,932770
1956,851501
1957,848802
1958,1283369
1959,860643
1960,1441144
1961,842144
1962,1345101
1963,6032044
1964,1265978
1965,1493572
1966,1332411
1967,876456
1968,806674
1969,795711
1970,794095
1971,2003611
1972,811646
1973,904242
1974,1334982
1975,1478810
1976,880671
1977,789390
1978,1245299
1979,843606
1980,1466454
1981,795978
1982,1251459
1983,896821
1984,864022
1985,786708
1986,1205112
1987,853272
1988,1314410
1989,774171
1990,1187487
1991,832099
1992,834793
1993,789955
1994,786894
1995,1343947
1996,1212952
1997,879830
1998,1244171
1999,740727
2000,747933
2001,745622
2002,748275
2003,812841
2004,1463813
2005,799369
2006,1489391
2007,1344210
2008,894004
2009,767492
2010,747674
2011,745173
2012,1208807
2013,739718
2014,1221391
2015,1365157
2016,749244
2017,743764
2018,747748
2019,1217510
2020,12921865
2021,971561
2022,784574
2023,1433460
2024,748935
2025,752861
2026,745313
2027,740126
2028,1389021
2029,1231439
2030,747637
2031,1226170
2032,1390311
2033,740168
2034,736661
2035,737617
2036,1194676
2037,1307521
2038,706922
2039,1080030
2040,1124276
2041,766074
2042,712171
2043,711722
2044,713539
2045,1138288
2046,786687
2047,1170684
2048,704974
2049,1090384
2050,706374
2051,1195887
2052,703988
2053,1004409
2054,1176325
2055,696481
2056,708677
2057,714062
2058,759206
2059,697853
2060,1235428
2061,787030
2062,1459747
2063,756841
2064,721648
2065,714379
2066,692914
2067,1173589
2068,733806
2069,1192563
2070,778563
2071,1340000
2072,713840
2073,706181
2074,708306
2075,755160
2076,1158222
2077,703536
2078,1154180
2079,718697
2080,3682798
2081,754122
2082,1290468
2083,784775
2084,705401
2085,713728
2086,1054506
2087,709769
2088,1189093
2089,1312144
2090,770779
2091,748193
2092,744638
2093,745898
2094,743813
2095,1271211
2096,750867
2097,1297003
2098,1183371
2099,761926
2100,738944
2101,741197
2102,736360
2103,747999
2104,772864
2105,1382396
2106,1627240
2107,818651
2108,748127
2109,748127
2110,741321
2111,713836
2112,701001
2113,1146586
2114,700672
2115,702876
2116,1215726
2117,1187235
2118,710256
2119,711174
2120,701603
2121,700718
2122,1096770
2123,694347
2124,698525
2125,9853760
2126,1538445
2127,762712
2128,720065
2129,778991
2130,1344874
2131,725627
2132,1158180
2133,725112
2134,1106687
2135,774999
2136,692057
2137,691954
2138,691088
2139,688221
2140,693828
2141,1321089
2142,706951
2143,708998
2144,1252975
2145,702823
2146,708607
2147,697652
2148,686202
2149,669075
2150,670525
2151,1155708
2152,1023733
2153,1140920
2154,714112
2155,1030745
2156,670134
2157,668280
2158,667407
2159,665972
2160,665824
2161,1135840
2162,667765
2163,1322065
2164,655726
2165,1112558
2166,669022
2167,671893
2168,669083
2169,667546
2170,666285
2171,1153985
2172,1146454
2173,724638
2174,663883
2175,1649979
2176,776136
2177,676441
2178,664460
2179,668634
2180,1077702
2181,1115573
2182,1101973
2183,659413
2184,1017087
2185,703469
2186,1129413
2187,664201
2188,709687
2189,665062
2190,1024100
2191,1005036
2192,701768
2193,663064
2194,661107
2195,1069565
2196,1085101
2197,696078
2198,697562
2199,700416
2200,1528029
2201,1040497
2202,758971
2203,705216
2204,698113
2205,1007228
2206,1107061
2207,778958
2208,705241
2209,1106155
2210,764562
2211,1148906
2212,701986
2213,700404
2214,703115
2215,1188887
2216,1126043
2217,768069
2218,695687
2219,1150204
2220,671692
2221,690900
2222,698463
2223,769271
2224,1153941
2225,708228
2226,702101
2227,1093301
2228,821700
2229,1091710
2230,668819
2231,661539
2232,667184
2233,664193
2234,656661
2235,1200452
2236,657237
2237,1482560
2238,1359636
2239,944302
2240,692827
2241,676920
2242,675935
2243,672058
2244,8632226
2245,1162597
2246,1481146
2247,775241
2248,1231608
2249,680414
2250,670962
2251,659215
2252,654082
2253,1100198
2254,668470
2255,1125091
2256,1354989
2257,881277
2258,1362442
2259,1062330
2260,712162
2261,712571
2262,1147867
2263,710090
2264,1243215
2265,692839
2266,1271746
2267,715335
2268,714524
2269,710004
2270,755869
2271,728812
2272,1137699
2273,719921
2274,1209138
2275,1688337
2276,786984
2277,750628
2278,753281
2279,741939
2280,1391130
2281,871603
2282,1355183
2283,759545
2284,753121
2285,4720078
2286,993878
2287,1308728
2288,745478
2289,723353
2290,719361
2291,712130
2292,1192875
2293,718924
2294,1148922
2295,810040
2296,1283480
2297,730226
2298,800230
2299,743113
2300,768815
2301,1136100
2302,757793
2303,1235234
2304,1666616
2305,797494
2306,753289
2307,748519
2308,743834
2309,834835
2310,1257952
2311,1305061
2312,748181
2313,1383731
2314,743162
2315,738820
2316,749919
2317,738845
2318,1265987
2319,752437
2320,758774
2321,1559658
2322,1356406
2323,742879
2324,752651
2325,726323
2326,709654
2327,1139207
2328,706861
2329,697232
2330,1133121
2331,766631
2332,1141658
2333,694863
2334,705509
2335,703016
2336,699197
2337,689156
2338,702122
2339,1145140
2340,705191
2341,1116448
2342,822458
2343,1046781
2344,701240
2345,704698
2346,706758
2347,702505
2348,1086956
2349,702015
2350,698340
2351,702629
2352,1150348
2353,773181
2354,730160
2355,713798
2356,1444296
2357,804247
2358,1027223
2359,807444
2360,2965345
2361,803542
2362,718129
2363,704623
2364,695646
2365,1153030
2366,751778
2367,1091929
2368,802273
2369,1201239
2370,1190584
2371,697430
2372,694488
2373,702506
2374,698204
2375,1164274
2376,703626
2377,706659
2378,1276558
2379,752260
2380,1246955
2381,724260
2382,697792
2383,704512
2384,699436
2385,1183152
2386,666908
2387,1161027
2388,664308
2389,1076841
2390,705093
2391,657448
2392,664806
2393,661581
2394,663389
2395,1445116
2396,677389
2397,781084
2398,1215709
2399,711644
2400,1293488
2401,776898
2402,1067592
2403,1252398
2404,1301905
2405,789151
2406,692506
2407,704689
2408,1216285
2409,710734
2410,1219956
2411,750953
2412,1525960
2413,704787
2414,695361
2415,698114
2416,699827
2417,697005
2418,1194837
2419,713111
2420,1203922
2421,1230236
2422,765675
2423,713477
2424,705781
2425,711775
2426,1083639
2427,695114
2428,698303
2429,1160565
2430,751724
2431,1137592
2432,694591
2433,690536
2434,744374
2435,702633
2436,1056895
2437,709419
2438,703502
2439,1111874
2440,677818
2441,1045306
2442,705711
2443,701056
2444,701100
2445,696540
2446,2320151
2447,756343
2448,1367930
2449,1613108
2450,831696
2451,1525293
2452,717094
2453,711261
2454,714433
2455,1259316
2456,709662
2457,1111623
2458,751563
2459,1153355
2460,772840
2461,709151
2462,704021
2463,697796
2464,702901
2465,9421636
2466,1658030
2467,1255134
2468,801479
2469,722175
2470,704932
2471,694594
2472,1218569
2473,693685
2474,1099119
2475,1154064
2476,696572
2477,1151419
2478,760632
2479,761641
2480,693277
2481,691176
2482,1070249
2483,713971
2484,4036669
2485,1321245
2486,905412
2487,729888
2488,717453
2489,717721
2490,1522363
2491,730704
2492,715546
2493,1196266
2494,740534
2495,1103345
2496,706939
2497,661074
2498,707997
2499,673228
2500,1005098
2501,663319
2502,668124
2503,1094615
2504,637705
2505,1138119
2506,1377443
2507,703787
2508,702798
2509,722257
2510,1122141
2511,700417
2512,697846
2513,1543768
2514,699712
2515,700573
2516,3861743
2517,1042620
2518,1495019
2519,714800
2520,782036
2521,1206072
2522,702781
2523,704747
2524,1151452
2525,1108034
2526,1187404
2527,709530
2528,1277028
2529,690891
2530,706140
2531,701500
2532,703692
2533,1246037
2534,705912
2535,708096
2536,782221
2537,731610
2538,713012
2539,772691
2540,708340
2541,713444
2542,699535
2543,1181116
2544,702077
2545,1126797
2546,788739
2547,1099077
2548,704792
2549,701195
2550,702678
2551,777660
2552,1145358
2553,718248
2554,701579
2555,1072181
2556,752656
2557,708933
2558,694752
2559,662758
2560,663150
2561,666961
2562,1156231
2563,667493
2564,716670
2565,1015324
2566,703478
2567,669409
2568,664419
2569,659908
2570,658803
2571,667773
2572,935464
2573,9099807
2574,796798
2575,1330631
2576,749339
2577,685193
2578,673166
2579,737118
2580,664687
2581,675140
2582,1172345
2583,673986
2584,664852
2585,1252831
2586,1528865
2587,768834
2588,708908
2589,699703
2590,693277
2591,1178649
2592,705530
2593,1080137
2594,748824
2595,709605
2596,704195
2597,1325423
2598,714532
2599,685939
2600,665808
2601,662854
2602,1260004
2603,752017
2604,1126310
2605,672379
2606,1083441
2607,1100758
2608,670496
2609,661733
2610,1087837
2611,676351
2612,739780
2613,1146825
2614,712068
2615,663439
2616,1039175
2617,710396
2618,716089
2619,671576
2620,650102
2621,1122343
2622,689082
2623,699510
2624,700783
2625,1180123
2626,1157376
2627,699551
2628,762663
2629,1590032
2630,770614
2631,693424
2632,690915
2633,695340
2634,690533
2635,1176271
2636,698015
2637,694777
2638,1216426
2639,802072
2640,1090321
2641,708661
2642,699712
2643,691946
2644,666570
2645,1145358
2646,654057
2647,655018
2648,661404
2649,1059928
2650,693351
2651,663821
2652,663348
2653,661457
2654,663715
2655,661531
2656,1141004
2657,665355
2658,664127
2659,1045397
2660,1117906
2661,653975
2662,657028
2663,706106
2664,658527
2665,1086490
2666,660212
2667,665490
2668,656558
2669,1096629
2670,1169827
2671,650823
2672,659380
2673,651296
2674,658437
2675,659339
2676,706135
2677,1164430
2678,666953
2679,1482526
2680,710564
2681,712195
2682,1078270
2683,668338
2684,672293
2685,673447
2686,665119
2687,1092382
2688,725710
2689,746562
2690,655429
2691,1135960
2692,668573
2693,672049
2694,668811
2695,667810
2696,676648
2697,664621
2698,935740
2699,658750
2700,967860
2701,724787
2702,1551015
2703,677047
2704,669087
2705,665066
2706,665157
2707,1190473
2708,677015
2709,1205335
2710,1278342
2711,680393
2712,668704
2713,659405
2714,712744
2715,658675
2716,1033831
2717,657753
2718,1115389
2719,935658
2720,1068609
2721,746260
2722,661654
2723,661403
2724,666491
2725,676990
2726,716398
2727,679569
2728,1155473
2729,642117
2730,660811
2731,1116176
2732,704161
2733,1058238
2734,676998
2735,678061
2736,1147983
2737,726727
2738,1091957
2739,663908
2740,1007866
2741,700655
2742,654700
2743,1143970
2744,669656
2745,1115908
2746,654077
2747,1111907
2748,704916
2749,655396
2750,660320
2751,1124938
2752,1554678
2753,715318
2754,784973
2755,1306504
2756,1158370
2757,685283
2758,662981
2759,668638
2760,673199
2761,662170
2762,1227146
2763,738754
2764,1063957
2765,736484
2766,1017631
2767,665466
2768,658877
2769,659796
2770,661057
2771,662211
2772,944614
2773,656245
2774,1171863
2775,669615
2776,1170780
2777,652215
2778,658820
2779,658680
2780,655491
2781,1054790
2782,664538
2783,665329
2784,669524
2785,1104001
2786,771315
2787,1160005
2788,669697
2789,661712
2790,658812
2791,666018
2792,659158
2793,1064423
2794,662380
2795,1111236
2796,1226594
2797,663389
2798,724573
2799,674085
2800,666051
2801,958784
2802,706390
2803,1052866
2804,974045
2805,1125306
2806,657053
2807,653097
2808,662520
2809,651741
2810,649624
2811,742504
2812,1065705
2813,665305
2814,1050435
2815,1077702
2816,707536
2817,660056
2818,654317
2819,661614
2820,654671
2821,662512
2822,1076054
2823,703943
2824,7345709
2825,1735574
2826,1329609
2827,718842
2828,684715
2829,674312
2830,671427
2831,1121499
2832,669883
2833,656265
2834,668906
2835,1173589
2836,653901
2837,1110482
2838,659014
2839,714540
2840,663241
2841,661214
2842,662520
2843,667789
2844,1100951
2845,736727
2846,722689
2847,659421
2848,1051584
2849,657539
2850,658326
2851,658713
2852,712134
2853,1133814
2854,666438
2855,1412946
2856,713679
2857,650621
2858,656871
2859,1155461
2860,675643
2861,668775
2862,1040370
2863,659166
2864,698196
2865,1071015
2866,645228
2867,663274
2868,1290505
2869,2297832
2870,749858
2871,670925
2872,655606
2873,664888
2874,1135862
2875,740921
2876,1957253
2877,1233330
2878,673607
2879,666512
2880,666954
2881,670966
2882,675992
2883,670472
2884,1057509
2885,654366
2886,1181562
2887,635179
2888,1100502
2889,663381
2890,663109
2891,672664
2892,665222
2893,1045937
2894,661288
2895,1057155
2896,712246
2897,660563
2898,1150405
2899,1129425
2900,658404
2901,650052
2902,656059
2903,654432
2904,981671
2905,628150
2906,1111866
2907,685819
2908,634668
2909,638903
2910,993067
2911,729990
2912,635788
2913,629761
2914,1112707
2915,624817
2916,1015555
2917,676528
2918,631314
2919,634523
2920,1045248
2921,680706
2922,687809
2923,1020989
2924,677381
2925,1061411
2926,1020795
2927,615205
2928,631079
2929,626399
2930,1040930
2931,1076178
2932,1049842
2933,665305
2934,3500933
2935,764435
2936,1179007
2937,663921
2938,7857573
2939,1768457
2940,708286
2941,680933
2942,668597
2943,1103898
2944,655054
2945,1184330
2946,691443
2947,677187
2948,624417
2949,1051803
2950,679107
2951,627779
2952,621203
2953,1115236
2954,628397
2955,1103003
2956,715059
2957,667641
2958,659088
2959,1085934
2960,1078431
2961,655306
2962,661783
2963,664621
2964,1080709
2965,729982
2966,1202615
2967,665614
2968,1129558
2969,1040238
2970,673632
2971,665857
2972,718892
2973,657300
2974,1092773
2975,663130
2976,1017372
2977,4371686
2978,941121
2979,1332101
2980,692415
2981,680261
2982,667056
2983,668794
2984,1637417
2985,710815
2986,666010
2987,662343
2988,1117824
2989,1134160
2990,667559
2991,718071
2992,992878
2993,674143
2994,754328
2995,1028512
2996,662879
2997,661659
2998,656237
2999,1131581
3000,729657
3001,1061081
3002,664419
3003,1209311
3004,1132260
3005,653760
3006,666702
3007,673322
3008,716262
3009,665107
3010,1058688
3011,672511
3012,665450
3013,664003
3014,1151971
3015,677826
3016,668688
3017,664695
3018,672746
3019,1128334
3020,663842
3021,1146837
3022,664085
3023,971284
3024,990064
3025,698315
3026,657407
3027,665231
3028,726637
3029,668148
3030,1150681
3031,671844
3032,1141098
3033,663892
3034,1138605
3035,664885
3036,671625
3037,671012
3038,667752
3039,1142755
3040,777318
3041,1096053
3042,727103
3043,1123196
3044,705093
3045,755181
3046,662327
3047,666821
3048,629873
3049,1624571
3050,1134518
3051,678806
3052,625361
3053,613812
3054,953089
3055,620750
3056,9751120
3057,940371
3058,693985
3059,670772
3060,1271726
3061,800972
3062,1111965
3063,742998
3064,1095517
3065,730230
3066,663476
3067,664638
3068,989199
3069,663843
3070,1211597
3071,678527
3072,1032344
3073,994464
3074,673458
3075,615612
3076,620045
3077,1046385
3078,673916
3079,622736
3080,887844
3081,1023465
3082,612658
3083,1076137
3084,707680
3085,623444
3086,652690
3087,658754
3088,653641
3089,1116707
3090,709291
3091,1095497
3092,658074
3093,1223006
3094,1167026
3095,656905
3096,657600
3097,660962
3098,1186217
3099,659850
3100,1157727
3101,728112
3102,1093247
3103,719790
3104,990043
3105,661383
3106,654897
3107,652409
3108,992301
3109,661506
3110,1052829
3111,719546
3112,664955
3113,1084261
3114,702773
3115,669664
3116,663187
3117,657539
3118,1104565
3119,662219
3120,1011236
3121,717478
3122,656937
3123,1147500
3124,644594
3125,941982
3126,742479
3127,1029547
3128,666751
3129,658997
3130,662837
3131,1077789
3132,744324
3133,1081336
3134,701830
3135,664378
3136,657609
3137,660377
3138,659348
3139,1198607
3140,663949
3141,1086432
3142,1117572
3143,667089
3144,1067051
3145,653101
3146,665264
3147,660604
3148,654024
3149,661609
3150,1143356
3151,1032810
3152,3146641
3153,1449986
3154,680796
3155,671901
3156,672779
3157,668296
3158,659463
3159,657089
3160,1278173
3161,676092
3162,674538
3163,1199579
3164,694055
3165,972257
3166,663064
3167,659191
3168,661782
3169,663892
3170,664024
3171,674476
3172,7613090
3173,938200
3174,1396074
3175,716597
3176,685959
3177,677690
3178,672111
3179,671861
3180,1581747
3181,1191549
3182,684328
3183,1147146
3184,744502
3185,667983
3186,653847
3187,659265
3188,657222
3189,1152395
3190,1064835
3191,719872
3192,660596
3193,1014121
3194,1051399
3195,666702
3196,664007
3197,666764
3198,661568
3199,1081521
3200,784941
3201,1167701
3202,673500
3203,1093778
3204,728524
3205,1043901
3206,673426
3207,665635
3208,1070405
3209,734408
3210,1128285
3211,671291
3212,1174549
3213,715645
3214,1041367
3215,726496
3216,669685
3217,1122311
3218,736418
3219,1052421
3220,668313
3221,669165
3222,671477
3223,1079870
3224,1193275
3225,670838
3226,665173
3227,1017681
3228,1089098
3229,704421
3230,657588
3231,660217
3232,1066941
3233,658671
3234,1247149
3235,707350
3236,663974
3237,665379
3238,1467464
3239,724717
3240,664847
3241,659566
3242,1095085
3243,710053
3244,1038829
3245,664102
3246,670191
3247,1141180
3248,728725
3249,1060398
3250,661548
3251,991720
3252,711961
3253,668313
3254,1114441
3255,664815
3256,671902
3257,664028
3258,1272970
3259,680908
3260,663398
3261,661535
3262,659850
3263,1087178
3264,659261
3265,1034614
3266,663665
3267,1063410
3268,1209854
3269,664736
3270,670842
3271,666179
3272,1049319
3273,665346
3274,1011179
3275,713703
3276,656855
3277,659537
3278,1141633
3279,725664
3280,1051074
3281,660946
3282,1053677
3283,712641
3284,705101
3285,1123081
3286,666854
3287,1123464
3288,662368
3289,1199005
3290,655351
3291,662253
3292,662302
3293,1056657
3294,1091426
3295,706560
3296,7533041
3297,743599
3298,689518
3299,1392016
3300,747567
3301,663459
3302,1141502
3303,1105154
3304,676804
3305,768995
3306,1283044
3307,663999
3308,1090907
3309,719805
3310,659904
3311,732817
3312,1129500
3313,1144118
3314,653303
3315,655875
3316,656525
3317,1518582
3318,701476
3319,663113
3320,662915
3321,1061960
3322,667925
3323,1044923
3324,726443
3325,664757
3326,1076284
3327,654609
3328,1118944
3329,650127
3330,674646
3331,666532
3332,1093462
3333,1015694
3334,1151604
3335,674361
3336,1073360
3337,663122
3338,1156145
3339,660373
3340,663674
3341,662302
3342,1018603
3343,1109591
3344,665844
3345,654634
3346,663381
3347,1520118
3348,695674
3349,659553
3350,658787
3351,1030972
3352,704825
3353,1046072
3354,741313
3355,670134
3356,1058337
3357,725285
3358,1094467
3359,669709
3360,656768
3361,656418
3362,1041981
3363,1087471
3364,662722
3365,668663
3366,1018158
3367,1017495
3368,696683
3369,658190
3370,656538
3371,1049232
3372,704232
3373,667431
3374,3610256
3375,1429574
3376,701726
3377,684608
3378,678151
3379,663982
3380,1229948
3381,672829
3382,1024610
3383,1054275
3384,674052
3385,1142891
3386,654605
3387,664588
3388,659450
3389,660736
3390,662594
3391,1155584
3392,1009960
3393,1004307
3394,1058709
3395,655775
3396,658527
3397,655952
3398,663183
3399,659005
3400,656200
3401,659953
3402,1164146
3403,1019156
3404,1104322
3405,1058761
3406,717749
3407,658293
3408,659339
3409,658149
3410,655825
3411,172086049
3412,3189079
3413,882508
3414,1402678
3415,874696
3416,758221
3417,1200794
3418,753755
3419,5319989
3420,1803622
3421,868187
3422,1499349
3423,921295
3424,820885
3425,1353987
3426,808507
3427,1350831
3428,785645
3429,805487
3430,1376161
3431,1500738
3432,807622
3433,793444
3434,1373076
3435,892104
3436,1255826
3437,788339
3438,1364889
3439,1317257
3440,894300
3441,1349452
3442,875669
3443,1124770
3444,793976
3445,786247
3446,1197938
3447,1345355
3448,802727
3449,786659
3450,1421231
3451,1258858
3452,861620
3453,796592
3454,1186625
3455,1197111
3456,810163
3457,753162
3458,742170
3459,838922
3460,798347
3461,762778
3462,755296
3463,1071884
3464,739697
3465,1269872
3466,745977
3467,1138869
3468,747187
3469,746376
3470,750492
3471,743265
3472,1328814
3473,1197127
3474,835329
3475,1142655
3476,791150
3477,741732
3478,734140
3479,739339
3480,1262439
3481,750987
3482,912638
3483,1676435
3484,1261474
3485,789789
3486,741951
3487,741774
3488,738495
3489,1142071
3490,746619
3491,1275739
3492,756112
3493,1268977
3494,738969
3495,750928
3496,745865
3497,743170
3498,1191302
3499,1203654
3500,829462
3501,1228613
3502,778010
3503,840286
3504,767266
3505,755840
3506,1415768
3507,749540
3508,1442302
3509,19253667
3510,2258905
3511,968284
3512,1047081
3513,1663345
3514,1489781
3515,862620
3516,963966
3517,866712
3518,857631
3519,1280115
3520,921294
3521,1542280
3522,1412151
3523,864001
3524,854463
3525,851225
3526,854529
3527,908333
3528,1738504
3529,1939309
3530,1080380
3531,935431
3532,927591
3533,924921
3534,1586608
3535,925897
3536,1366685
3537,898565
3538,1328793
3539,909338
3540,868005
3541,853383
3542,1443031
3543,858838
3544,886810
3545,1399878
3546,1327644
3547,871099
3548,802965
3549,1504256
3550,787214
3551,1353423
3552,795451
3553,798047
3554,1726947
3555,875533
3556,807853
3557,1205924
3558,801981
3559,1351149
3560,838407
3561,791701
3562,1272348
3563,843928
3564,1256585
3565,890814
3566,792513
3567,1470833
3568,1421322
3569,879930
3570,794792
3571,799369
3572,866749
3573,1521292
3574,799641
3575,1353827
3576,1269266
3577,911250
3578,813579
3579,1220686
3580,847174
3581,1382025
3582,793720
3583,1390241
3584,798269
3585,796002
3586,1296635
3587,853095
3588,1339769
3589,794272
3590,794639
3591,1190317
3592,845576
3593,1135458
3594,741515
3595,745404
3596,12407149
3597,1129509
3598,796365
3599,1402143
3600,749232
3601,761324
3602,720864
3603,1224653
3604,1158101
3605,704207
3606,789332
3607,783465
3608,1318394
3609,735161
3610,711409
3611,708443
3612,704257
3613,1210727
3614,722826
3615,1259806
3616,714157
3617,709728
3618,1256666
3619,746467
3620,709745
3621,708282
3622,702489
3623,1341817
3624,717964
3625,1265076
3626,749153
3627,752894
3628,1288634
3629,732541
3630,808713
3631,1217716
3632,796048
3633,1158374
3634,804667
3635,749347
3636,1256732
3637,819817
3638,746418
3639,746912
3640,747876
3641,1263102
3642,800806
3643,1199657
3644,741849
3645,1273996
3646,820089
3647,1264490
3648,735136
3649,747789
3650,1167878
3651,833698
3652,1197362
3653,743648
3654,753274
3655,1410367
3656,752251
3657,746854
3658,1215450
3659,796267
3660,1176238
3661,863263
3662,743348
3663,1214786
3664,788220
3665,743138
3666,737303
3667,740410
3668,1243083
3669,790721
3670,1280287
3671,743084
3672,751782
3673,1319213
3674,741696
3675,750887
3676,1164908
3677,794890
3678,1177276
3679,825161
3680,744704
3681,1193011
3682,829705
3683,741609
3684,748671
3685,735762
3686,1138531
3687,755032
3688,1242848
3689,743286
3690,1171031
3691,1196542
3692,673582
3693,698732
3694,699844
3695,759976
3696,1121597
3697,707091
3698,1146899
3699,702642
3700,1206806
3701,691162
3702,698303
3703,698525
3704,693639
3705,1134325
3706,700680
3707,713791
3708,1133464
3709,699132
3710,8713865
3711,1019691
3712,748375
3713,1193160
3714,740929
3715,678205
3716,1097070
3717,769032
3718,1050839
3719,705628
3720,665791
3721,755589
3722,671876
3723,1015665
3724,684360
3725,667855
3726,665288
3727,1027079
3728,1155510
3729,660361
3730,661069
3731,665090
3732,666611
3733,663901
3734,1201272
3735,664625
3736,659298
3737,1007624
3738,1146689
3739,673727
3740,698323
3741,688328
3742,692329
3743,692666
3744,695687
3745,1188302
3746,1208610
3747,1298465
3748,1161871
3749,711018
3750,700993
3751,687039
3752,660872
3753,659495
3754,659088
3755,682429
3756,1026292
3757,767640
3758,666149
3759,1139475
3760,671634
3761,652508
3762,671098
3763,664988
3764,1194634
3765,668881
3766,1152271
3767,658202
3768,1032921
3769,714050
3770,726851
3771,673566
3772,662310
3773,1079135
3774,664279
3775,666133
3776,1103564
3777,656443
3778,675585
3779,1068498
3780,731445
3781,669326
3782,664625
3783,1163198
3784,661782
3785,1080751
3786,710869
3787,668601
3788,659216
3789,1060447
3790,1099897
3791,661523
3792,661618
3793,657535
3794,1146648
3795,737295
3796,1086927
3797,659858
3798,670101
3799,659706
3800,1576415
3801,727605
3802,665095
3803,1395230
3804,701327
3805,650057
3806,708723
3807,665622
3808,666438
3809,1122059
3810,659480
3811,978511
3812,708290
3813,5346630
3814,1536446
3815,712106
3816,696004
3817,685852
3818,686582
3819,1249617
3820,682807
3821,672363
3822,1068564
3823,747423
3824,8257969
3825,765251
3826,704491
3827,687352
3828,1386149
3829,679585
3830,669882
3831,1146104
3832,737906
3833,660752
3834,657304
3835,663743
3836,658787
3837,662174
3838,1213673
3839,669157
3840,715285
3841,1111355
3842,706465
3843,1081245
3844,660253
3845,654819
3846,656653
3847,659224
3848,659071
3849,1114025
3850,654869
3851,1149239
3852,654621
3853,1094957
3854,724717
3855,657204
3856,660946
3857,663768
3858,656920
3859,1051309
3860,671720
3861,663607
3862,1022048
3863,709443
3864,657440
3865,1120234
3866,664048
3867,664284
3868,666228
3869,662928
3870,1097907
3871,664939
3872,1121606
3873,657378
3874,1077295
3875,740122
3876,667761
3877,671465
3878,781175
3879,675544
3880,661852
3881,1955011
3882,1411875
3883,713902
3884,1267758
3885,696062
3886,683248
3887,673083
3888,665366
3889,1328336
3890,1413128
3891,865793
3892,693697
3893,1113798
3894,719596
3895,1092048
3896,4140018
3897,1439904
3898,706654
3899,692263
3900,692197
3901,678279
3902,1043398
3903,666244
3904,1095889
3905,719274
3906,973563
3907,1051206
3908,707767
3909,661456
3910,660275
3911,658812
3912,660385
3913,1172608
3914,671658
3915,1046756
3916,671584
3917,1128462
3918,1106811
3919,703074
3920,662413
3921,659739
3922,1037090
3923,667946
3924,1058004
3925,701726
3926,667040
3927,659907
3928,1054642
3929,1113865
3930,653699
3931,662446
3932,1160973
3933,708875
3934,663014
3935,732306
3936,662767
3937,1129891
3938,692840
3939,7677818
3940,774376
3941,708496
3942,1281741
3943,685103
3944,1207926
3945,673356
3946,1086288
3947,790399
3948,1265904
3949,669140
3950,674419
3951,672453
3952,1164047
3953,1160372
3954,666413
3955,662512
3956,1148881
3957,663925
3958,668795
3959,744299
3960,671325
3961,997847
3962,670612
3963,1197428
3964,658527
3965,1068453
3966,1290233
3967,968614
3968,671683
3969,654778
3970,741238
3971,1176086
3972,667550
3973,1161995
3974,661424
3975,1094792
3976,665598
3977,675540
3978,669367
3979,677443
3980,668338
3981,1193955
3982,1035088
3983,658024
3984,730366
3985,1122735
3986,640106
3987,663035
3988,657609
3989,658577
3990,652994
3991,654642
3992,1165518
3993,675783
3994,1437741
3995,1124288
3996,657300
3997,664712
3998,649756
3999,658568
4000,655899
4001,665474
4002,973344
4003,657242
4004,662829
4005,1115364
4006,638347
4007,1116987
4008,662552
4009,661070
4010,658961
4011,658998
4012,1115982
4013,672997
4014,1006795
4015,696774
4016,657465
4017,998040
4018,1158366
4019,671712
4020,708130
4021,658251
4022,658738
4023,1100936
4024,666854
4025,1175937
4026,694784
4027,1051885
4028,764109
4029,704808
4030,703770
4031,703651
4032,748132
4033,4736257
4034,736331
4035,675156
4036,1016741
4037,722389
4038,1075889
4039,681299
4040,736340
4041,1063360
4042,736954
4043,965985
4044,661135
4045,976607
4046,707433
4047,666068
4048,1049384
4049,663089
4050,677426
4051,665684
4052,1057868
4053,657007
4054,8351140
4055,758151
4056,1723870
4057,806147
4058,689115
4059,681204
4060,1147460
4061,757158
4062,1024920
4063,670604
4064,1096984
4065,709711
4066,661955
4067,1145177
4068,662809
4069,1125857
4070,732025
4071,971721
4072,673855
4073,666253
4074,672577
4075,999564
4076,1093280
4077,664242
4078,659265
4079,703589
4080,1564734
4081,716976
4082,664345
4083,662994
4084,1112710
4085,669573
4086,1078394
4087,713086
4088,660995
4089,1096815
4090,635373
4091,713481
4092,661980
4093,662140
4094,1145156
4095,689886
4096,656500
4097,655322
4098,1455165
4099,625711
4100,631562
4101,625155
4102,618311
4103,619872
4104,647923
4105,627470
4106,1160042
4107,633371
4108,1025640
4109,1029748
4110,1049871
4111,645965
4112,638310
4113,636152
4114,640325
4115,640527
4116,651363
4117,1106901
4118,709938
4119,1088180
4120,637461
4121,1152639
4122,622011
4123,622357
4124,622761
4125,622493
4126,1018813
4127,663171
4128,1097953
4129,753240
4130,1036093
4131,1070480
4132,713564
4133,667609
4134,660394
4135,656686
4136,659373
4137,1157101
4138,722459
4139,1103704
4140,661338
4141,1004031
4142,1027037
4143,659508
4144,662318
4145,658804
4146,1120955
4147,659492
4148,1118491
4149,653456
4150,1003029
4151,705303
4152,706221
4153,1142639
4154,665474
4155,664403
4156,1010812
4157,1601791
4158,679788
4159,665524
4160,1104223
4161,721557
4162,1098656
4163,659595
4164,728541
4165,1632765
4166,738367
4167,667530
4168,663834
4169,672569
4170,668617
4171,1126608
4172,727165
4173,1080500
4174,668622
4175,1106708
4176,695863
4177,661655
4178,658820
4179,8467986
4180,718281
4181,684719
4182,1315918
4183,691517
4184,1133464
4185,644384
4186,667872
4187,667097
4188,664267
4189,1112015
4190,659631
4191,653220
4192,1203579
4193,1253935
4194,662367
4195,668309
4196,672730
4197,663447
4198,663427
4199,1188393
4200,669108
4201,660160
4202,1008901
4203,1131774
4204,660884
4205,661465
4206,655681
4207,659681
4208,655841
4209,656505
4210,1116913
4211,673998
4212,1030762
4213,1114659
4214,724301
4215,982923
4216,722525
4217,677076
4218,669801
4219,675919
4220,666220
4221,1139895
4222,1010491
4223,1058239
4224,706856
4225,667389
4226,663274
4227,665622
4228,657753
4229,725360
4230,1095369
4231,676478
4232,1061988
4233,975029
4234,713568
4235,1043728
4236,666900
4237,663129
4238,2288879
4239,1137225
4240,666487
4241,658223
4242,1002926
4243,1114791
4244,698756
4245,1049356
4246,677748
4247,669140
4248,665078
4249,667625
4250,663550
4251,1202133
4252,672837
4253,1140451
4254,3712838
4255,1249205
4256,686569
4257,666117
4258,663212
4259,670344
4260,738668
4261,1115916
4262,1151118
4263,666393
4264,1052034
4265,717201
4266,668988
4267,657329
4268,656023
4269,659340
4270,1118400
4271,668444
4272,1074241
4273,665347
4274,1078716
4275,724149
4276,659665
4277,659483
4278,662417
4279,664015
4280,1033522
4281,667337
4282,661651
4283,1079989
4284,705217
4285,1144480
4286,735565
4287,669013
4288,664843
4289,666388
4290,667657
4291,1216377
4292,667497
4293,1133736
4294,656533
4295,1082357
4296,7713798
4297,760141
4298,705125
4299,681744
4300,1283654
4301,726761
4302,1131037
4303,665466
4304,1220282
4305,1161711
4306,666236
4307,656682
4308,665523
4309,661556
4310,1323256
4311,671856
4312,1167602
4313,653782
4314,1138330
4315,671366
4316,669969
4317,668844
4318,2113185
4319,662466
4320,660460
4321,1218926
4322,749137
4323,1116921
4324,739133
4325,661943
4326,672033
4327,665614
4328,663278
4329,1225296
4330,662001
4331,1142396
4332,644968
4333,1117177
4334,1054741
4335,1039315
4336,859741
4337,666508
4338,664362
4339,1215573
4340,1165889
4341,714507
4342,658300
4343,659331
4344,1152420
4345,664370
4346,662198
4347,724754
4348,660847
4349,1137065
4350,663187
4351,1275269
4352,658585
4353,1062231
4354,718422
4355,666702
4356,666212
4357,665363
4358,670035
4359,1155683
4360,660427
4361,1236779
4362,659146
4363,655623
4364,1032241
4365,717964
4366,657831
4367,667196
4368,1068044
4369,659088
4370,1077760
4371,757727
4372,665799
4373,672515
4374,1065334
4375,1150311
4376,660509
4377,665717
4378,652327
4379,1052747
4380,728742
4381,934454
4382,664341
4383,657513
4384,710013
4385,1019188
4386,1133138
4387,660402
4388,1118544
4389,673265
4390,1121490
4391,706790
4392,668033
4393,668136
4394,1050802
4395,1080282
4396,1216829
4397,673191
4398,1103597
4399,742812
4400,1109204
4401,675935
4402,665890
4403,675107
4404,955694
4405,660678
4406,1181990
4407,674279
4408,673410
4409,667674
4410,1186349
4411,641734
4412,656979
4413,1135696
4414,720012
4415,1019983
4416,728214
4417,741720
4418,660905
4419,8240512
4420,756919
4421,719196
4422,759197
4423,1259325
4424,687290
4425,664526
4426,661943
4427,1165061
4428,790189
4429,1049298
4430,674880
4431,676050
4432,676738
4433,894304
4434,685534
4435,667683
4436,1201309
4437,759865
4438,1214292
4439,661572
4440,663324
4441,663039
4442,656059
4443,733756
4444,668065
4445,1165567
4446,668539
4447,1253165
4448,1135750
4449,678872
4450,664111
4451,668757
4452,670546
4453,664803
4454,1158942
4455,718112
4456,1138185
4457,653959
4458,1081303
4459,710280
4460,660427
4461,661647
4462,654078
4463,1011220
4464,681827
4465,667212
4466,1115462
4467,704528
4468,1073454
4469,3241742
4470,703437
4471,1264355
4472,695048
4473,670769
4474,1095744
4475,1262723
4476,661898
4477,1090718
4478,727411
4479,660460
4480,661024
4481,656574
4482,660629
4483,1080825
4484,667002
4485,1110276
4486,641128
4487,1018843
4488,1209627
4489,665935
4490,659372
4491,660031
4492,662981
4493,662017
4494,676009
4495,1074047
4496,706910
4497,661630
4498,664604
4499,1037803
4500,746084
4501,674543
4502,670546
4503,667666
4504,672226
4505,1198825
4506,660922
4507,658478
4508,1037103
4509,668025
4510,1062631
4511,726365
4512,665800
4513,707042
4514,1264466
4515,732611
4516,1033156
4517,659623
4518,1012160
4519,698517
4520,660509
4521,1207144
4522,845003
4523,1505137
4524,1459779
4525,688930
4526,666949
4527,663818
4528,1147592
4529,666401
4530,1180774
4531,670286
4532,1008987
4533,8978783
4534,739326
4535,691467
4536,666001
4537,1220867
4538,1168567
4539,761501
4540,671222
4541,1537476
4542,679280
4543,668123
4544,661700
4545,671353
4546,665935
4547,1057703
4548,674975
4549,1195953
4550,663817
4551,1170598
4552,676347
4553,675164
4554,676804
4555,671935
4556,666896
4557,1131473
4558,1040308
4559,1055309
4560,1180692
4561,718479
4562,658952
4563,661222
4564,663303
4565,661556
4566,1044672
4567,659644
4568,657762
4569,1026753
4570,735565
4571,1135004
4572,665441
4573,662475
4574,700005
4575,674480
4576,668177
4577,1080920
4578,671959
4579,1025616
4580,1045920
4581,1150764
4582,673817
4583,679536
4584,674522
4585,673232
4586,676643
4587,1013730
4588,671790
4589,659142
4590,1108100
4591,641144
4592,1169828
4593,675869
4594,663356
4595,670924
4596,664077
4597,666364
4598,681065
4599,1121462
4600,716518
4601,667584
4602,1052367
4603,718500
4604,655046
4605,660142
4606,1048573
4607,692629
4608,1178405
4609,756610
4610,712237
4611,757027
4612,1061510
4613,1209038
4614,711536
4615,1109147
4616,702699
4617,1172172
4618,653262
4619,668033
4620,670220
4621,1031347
4622,703144
4623,1179914
4624,661873
4625,661214
4626,661564
4627,1088839
4628,654754
4629,659566
4630,1065952
4631,720436
4632,668333
4633,1039530
4634,1202133
4635,668647
4636,1170112
4637,658845
4638,661742
4639,661424
4640,662635
4641,1081686
4642,710840
4643,1036559
4644,702843
4645,1165208
4646,766276
4647,677954
4648,674312
4649,673105
4650,668972
4651,1161711
4652,663649
4653,668436
4654,1052244
4655,1176275
4656,661775
4657,669647
4658,669792
4659,8036921
4660,711693
4661,677064
4662,669660
4663,1270288
4664,1180927
4665,676294
4666,672103
4667,674270
4668,665598
4669,675180
4670,669088
4671,1106695
4672,668581
4673,1103560
4674,1308621
4675,682280
4676,673290
4677,675189
4678,670822
4679,670966
4680,667608
4681,1034685
4682,664036
4683,655166
4684,1051206
4685,718710
4686,672836
4687,668931
4688,708710
4689,2922270
4690,844773
4691,1226100
4692,671951
4693,665231
4694,1593118
4695,732487
4696,673038
4697,731004
4698,672746
4699,661750
4700,666513
4701,1062380
4702,765291
4703,1856878
4704,1350049
4705,689354
4706,644733
4707,947824
4708,1084933
4709,1907461
4710,1024853
4711,1446933
4712,840261
4713,1321303
4714,715435
4715,818667
4716,659079
4717,656945
4718,1274902
4719,657254
4720,654737
4721,1224921
4722,725142
4723,1223784
4724,820641
4725,668980
4726,667900
4727,688831
4728,1128696
4729,743278
4730,5615230
4731,896607
4732,804663
4733,1221181
4734,704981
4735,778859
4736,698793
4737,725290
4738,1382362
4739,1154587
4740,706959
4741,1094920
4742,813344
4743,745730
4744,742668
4745,1209236
4746,1925618
4747,844571
4748,743315
4749,742602
4750,1392300
4751,1497289
4752,1270572
4753,1391868
4754,794598
4755,852539
4756,799616
4757,1391455
4758,795809
4759,1476763
4760,1355174
4761,857265
4762,868047
4763,852217
4764,12671523
4765,1202491
4766,850079
4767,1645522
4768,1436270
4769,789662
4770,772152
4771,760657
4772,1334326
4773,762078
4774,753648
4775,1666851
4776,1235309
4777,831946
4778,766251
4779,759380
4780,753005
4781,1360097
4782,750076
4783,814300
4784,1699854
4785,806266
4786,744250
4787,754526
4788,751044
4789,1315139
4790,717786
4791,709143
4792,1126620
4793,1357374
4794,702407
4795,710507
4796,702798
4797,702856
4798,1119541
4799,699378
4800,700165
4801,1102674
4802,767331
4803,1183881
4804,725825
4805,758695
4806,708162
4807,709712
4808,708965
4809,711610
4810,1125858
4811,695571
4812,1703821
4813,706313
4814,704425
4815,703952
4816,699057
4817,755642
4818,1218943
4819,705621
4820,708468
4821,1170038
4822,697058
4823,701092
4824,703593
4825,710952
4826,704087
4827,1136747
4828,703832
4829,707870
4830,1188953
4831,748770
4832,1202208
4833,709505
4834,704528
4835,707495
4836,701541
4837,701999
4838,1135972
4839,1121964
4840,763405
4841,1150430
4842,768337
4843,705497
4844,744052
4845,709803
4846,710173
4847,724889
4848,1231790
4849,700046
4850,658952
4851,656966
4852,1187099
4853,714874
4854,663270
4855,662672
4856,1134988
4857,1310034
4858,667172
4859,678102
4860,1050707
4861,1436740
4862,1718418
4863,734560
4864,727119
4865,1216796
4866,699258
4867,9299104
4868,5186807
4869,1430329
4870,939374
4871,1403783
4872,818025
4873,825762
4874,814934
4875,789719
4876,1492299
4877,824192
4878,803427
4879,1531617
4880,808145
4881,807110
4882,806270
4883,799286
4884,1410627
4885,805957
4886,910991
4887,1680851
4888,814588
4889,810308
4890,810588
4891,805771
4892,1366623
4893,803811
4894,809352
4895,1509072
4896,1640339
4897,812199
4898,819150
4899,807997
4900,1342014
4901,759107
4902,746842
4903,1406560
4904,810473
4905,1237174
4906,761357
4907,762235
4908,1174038
4909,795541
4910,1345669
4911,749306
4912,748313
4913,1257829
4914,797910
4915,743739
4916,742780
4917,796398
4918,1391830
4919,1260898
4920,818977
4921,1162370
4922,747822
4923,741897
4924,749054
4925,739022
4926,749314
4927,749013
4928,1402275
4929,4480927
4930,940326
4931,1418302
4932,767422
4933,752083
4934,817988
4935,1339097
4936,750237
4937,853741
4938,1317648
4939,726307
4940,714865
4941,708958
4942,705563
4943,1154270
4944,1123068
4945,1261644
4946,711236
4947,1195488
4948,800506
4949,705361
4950,701570
4951,698793
4952,1295923
4953,752090
4954,1356448
4955,747431
4956,810406
4957,1281219
4958,749891
4959,744663
4960,738535
4961,1039455
4962,745321
4963,9108554
4964,1669039
4965,886933
4966,772143
4967,1405682
4968,822433
4969,755798
4970,1261837
4971,746182
4972,739137
4973,745483
4974,750402
4975,1226235
4976,1164731
4977,813929
4978,1140200
4979,788203
4980,760459
4981,753701
4982,753273
4983,751349
4984,1204057
4985,732788
4986,1188759
4987,876320
4988,1209030
4989,758526
4990,748737
4991,841369
4992,759927
4993,1394986
4994,1154624
4995,1314356
4996,817131
4997,727053
4998,704582
4999,703317
5000,700746
5001,1204568
5002,692733
5003,699947
5004,1220167
5005,690504
5006,1115104
5007,699910
5008,703713
5009,695917
5010,705327
5011,1111524
5012,701043
5013,756677
5014,1189011
5015,740291
5016,1152371
5017,708681
5018,706514
5019,744485
5020,748115
5021,1241088
5022,745128
5023,1187086
5024,797828
5025,1439888
5026,749759
5027,741003
5028,736822
5029,1324125
5030,745305
5031,1202092
5032,758720
5033,700289
5034,698246
5035,1702387
5036,793778
5037,711586
5038,704681
5039,1579414
5040,741329
5041,692691
5042,700223
5043,694154
5044,692596
5045,1129113
5046,1281374
5047,721920
5048,1204334
5049,779399
5050,698690
5051,702588
5052,696540
5053,705175
5054,1286517
5055,703544
5056,710960
5057,1637100
5058,701937
5059,697751
5060,696297
5061,693919
5062,1111232
5063,695501
5064,1125289
5065,1237850
5066,1070064
5067,705142
5068,697199
5069,737943
5070,705319
5071,702300
5072,1048997
5073,8893432
5074,1403866
5075,805627
5076,683273
5077,674991
5078,672469
5079,663331
5080,660872
5081,1195755
5082,664119
5083,666253
5084,1344494
5085,752770
5086,1092406
5087,672647
5088,670604
5089,668680
5090,673290
5091,1042376
5092,658737
5093,1022266
5094,1094421
5095,713642
5096,670320
5097,673306
5098,669800
5099,667205
5100,669516
5101,1168756
5102,670208
5103,675700
5104,1229532
5105,755885
5106,1019983
5107,652186
5108,723992
5109,662919
5110,663315
5111,664127
5112,1147357
5113,660093
5114,1167236
5115,658795
5116,1048387
5117,880440
5118,664819
5119,669994
5120,660624
5121,1266362
5122,675115
5123,1116600
5124,1168022
5125,673030
5126,1214996
5127,668395
5128,658980
5129,666871
5130,674827
5131,664654
5132,1205038
5133,1085176
5134,709736
5135,990743
5136,730411
5137,673054
5138,688950
5139,707944
5140,706902
5141,1209281
5142,707705
5143,1169494
5144,723098
5145,1254932
5146,703297
5147,695531
5148,693528
5149,708776
5150,1178908
5151,716794
5152,1142388
5153,677884
5154,1020684
5155,1124626
5156,709905
5157,703024
5158,703210
5159,706984
5160,1231122
5161,706354
5162,1167755
5163,693787
5164,1185335
5165,703659
5166,712674
5167,744419
5168,703853
5169,1115430
5170,709625
5171,700750
5172,1082934
5173,752412
5174,1132561
5175,674192
5176,665148
5177,664370
5178,660386
5179,665828
5180,1246741
5181,669685
5182,1159334
5183,658520
5184,1235258
5185,670188
5186,664596
5187,664560
5188,664428
5189,989009
5190,686218
5191,1018451
5192,1120740
5193,706440
5194,669330
5195,732512
5196,667707
5197,665062
5198,8578421
5199,897955
5200,1372017
5201,1114288
5202,736006
5203,1084958
5204,721129
5205,740225
5206,1241694
5207,668597
5208,667488
5209,1030436
5210,1206937
5211,658997
5212,660996
5213,666150
5214,1015736
5215,1199854
5216,666920
5217,666677
5218,1419785
5219,1160512
5220,655182
5221,658362
5222,664259
5223,672396
5224,1085992
5225,661626
5226,1245163
5227,659104
5228,1013466
5229,1260790
5230,663154
5231,666286
5232,665239
5233,1054044
5234,665697
5235,1201173
5236,666141
5237,659912
5238,659475
5239,1105586
5240,650411
5241,2560706
5242,677015
5243,673142
5244,1142169
5245,731453
5246,702419
5247,1135292
5248,1182118
5249,764254
5250,703399
5251,766186
5252,715604
5253,1217220
5254,1290827
5255,722014
5256,1791398
5257,755823
5258,699897
5259,710692
5260,703210
5261,1107086
5262,709649
5263,1102365
5264,745890
5265,1171051
5266,750538
5267,697981
5268,702369
5269,699135
5270,1233606
5271,702398
5272,1100977
5273,791175
5274,1217839
5275,1144205
5276,710634
5277,709720
5278,704347
5279,700437
5280,1259192
5281,750846
5282,1104565
5283,1258278
5284,687129
5285,694043
5286,701347
5287,705937
5288,694640
5289,692473
5290,1178640
5291,701472
5292,1042319
5293,4112994
5294,775106
5295,717061
5296,715632
5297,662450
5298,665499
5299,1136100
5300,1061522
5301,728256
5302,662334
5303,1500634
5304,8547088
5305,909644
5306,777137
5307,1338360
5308,793375
5309,1159004
5310,668210
5311,669409
5312,1070657
5313,2128776
5314,762906
5315,680067
5316,720844
5317,1288433
5318,665399
5319,666092
5320,1050777
5321,711450
5322,1069236
5323,1110634
5324,711495
5325,662051
5326,1099526
5327,712373
5328,663406
5329,655524
5330,659792
5331,1107218
5332,661077
5333,1058832
5334,1151918
5335,677917
5336,1142153
5337,662491
5338,663756
5339,666446
5340,713168
5341,1048376
5342,710659
5343,1052405
5344,741597
5345,675919
5346,1071704
5347,645348
5348,661791
5349,666153
5350,659900
5351,993620
5352,712748
5353,673924
5354,675692
5355,1144093
5356,736587
5357,1054144
5358,662099
5359,663999
5360,667142
5361,659397
5362,664345
5363,1102901
5364,1047407
5365,1129933
5366,716959
5367,663188
5368,665993
5369,664354
5370,653311
5371,662454
5372,656550
5373,1131395
5374,1054646
5375,1201000
5376,1127658
5377,675040
5378,672355
5379,664337
5380,663204
5381,659850
5382,668337
5383,1110474
5384,667699
5385,1117527
5386,645966
5387,1133583
5388,675206
5389,733060
5390,662829
5391,658795
5392,1060484
5393,665116
5394,657275
5395,1143471
5396,678489
5397,1549746
5398,765159
5399,707861
5400,706119
5401,1180173
5402,699646
5403,1196641
5404,1282380
5405,701636
5406,1127514
5407,788842
5408,1121548
5409,700433
5410,705208
5411,1066858
5412,1241105
5413,703082
5414,1096300
5415,740167
5416,1121762
5417,768459
5418,699695
5419,721738
5420,1113160
5421,762288
5422,1132495
5423,749940
5424,1240397
5425,1131457
5426,1148033
5427,1555654
5428,1526916
5429,777656
5430,770404
5431,1290633
5432,771467
5433,1356934
5434,751081
5435,743966
5436,748477
5437,5805348
5438,822190
5439,863790
5440,1349567
5441,1875320
5442,759766
5443,747847
5444,1224369
5445,825688
5446,1323157
5447,986046
5448,733106
5449,1434733
5450,763742
5451,758003
5452,1878303
5453,756981
5454,809253
5455,1304543
5456,808347
5457,1807285
5458,799851
5459,781702
5460,1374753
5461,774693
5462,792599
5463,787132
5464,1354255
5465,1271124
5466,794260
5467,1492283
5468,806558
5469,811552
5470,818341
5471,791529
5472,800811
5473,1292425
5474,1239416
5475,804337
5476,1564706
5477,838728
5478,810880
5479,797980
5480,1180984
5481,800337
5482,806592
5483,1578109
5484,877527
5485,1372573
5486,5694435
5487,1021273
5488,821993
5489,1579167
5490,835036
5491,1514152
5492,997863
5493,843825
5494,1673567
5495,857681
5496,1490944
5497,908238
5498,854092
5499,866766
5500,1154171
5501,855893
5502,1808908
5503,1008917
5504,3506907
5505,13925685
5506,1013313
5507,1912088
5508,952805
5509,934108
5510,1784076
5511,1853504
5512,1438808
5513,1012703
5514,918465
5515,914851
5516,1482399
5517,916215
5518,1699247
5519,1077776
5520,928567
5521,1612836
5522,932485
5523,1601231
5524,1495401
5525,1006539
5526,983244
5527,1735067
5528,916277
5529,916759
5530,1574133
5531,948410
5532,1264557
5533,854562
5534,845667
5535,1561521
5536,1576699
5537,850421
5538,844142
5539,1464632
5540,830183
5541,1390582
5542,926474
5543,1676150
5544,871945
5545,1291283
5546,1605560
5547,855357
5548,869600
5549,1373953
5550,1405538
5551,837002
5552,913845
5553,1409052
5554,944837
5555,1276827
5556,1346213
5557,841521
5558,1474307
5559,803793
5560,798891
5561,1389532
5562,874981
5563,1369026
5564,1294057
5565,858237
5566,1389161
5567,793802
5568,798322
5569,1311757
5570,906088
5571,789028
5572,794767
5573,1313512
5574,1313272
5575,797919
5576,1298114
5577,1275624
5578,802080
5579,806641
5580,1376071
5581,789023
5582,1967087
5583,793004
5584,1261100
5585,882430
5586,1381036
5587,795092
5588,794709
5589,1400519
5590,1302149
5591,874495
5592,1257203
5593,783408
5594,786448
5595,9467612
5596,1013915
5597,806389
5598,779584
5599,1366273
5600,1521425
5601,775600
5602,771315
5603,755774
5604,755197
5605,1311258
5606,764484
5607,1250841
5608,823846
5609,1350177
5610,811618
5611,752351
5612,751069
5613,753859
5614,749540
5615,1154294
5616,755074
5617,1296030
5618,1371568
5619,753657
5620,746327
5621,747917
5622,804540
5623,759829
5624,1166848
5625,743789
5626,1259860
5627,1317389
5628,739253
5629,742676
5630,739797
5631,738408
5632,733670
5633,790111
5634,1165864
5635,750937
5636,1330112
5637,1328678
5638,748345
5639,742701
5640,1300332
5641,758839
5642,1412081
5643,1103552
5644,4860961
5645,860796
5646,1476651
5647,752919
5648,748544
5649,1391163
5650,747505
5651,753813
5652,1251051
5653,1780092
5654,863358
5655,804894
5656,1387516
5657,866547
5658,853132
5659,798665
5660,1350180
5661,781335
5662,793605
5663,1190807
5664,1436669
5665,845275
5666,857990
5667,858434
5668,1468209
5669,1364238
5670,872096
5671,1346572
5672,1537294
5673,866045
5674,858023
5675,860235
5676,859827
5677,1515087
5678,1373369
5679,928962
5680,1534114
5681,848295
5682,859975
5683,845003
5684,1391538
5685,1322485
5686,986034
5687,1378081
5688,1426505
5689,868665
5690,866193
5691,811362
5692,802817
5693,9798505
5694,1711645
5695,1451712
5696,845489
5697,821898
5698,748556
5699,1215815
5700,794194
5701,1381514
5702,744650
5703,744155
5704,1380777
5705,748519
5706,751340
5707,1248398
5708,793486
5709,1173980
5710,1189588
5711,756108
5712,1188166
5713,824617
5714,1122434
5715,748020
5716,749425
5717,1293199
5718,790606
5719,1320870
5720,749767
5721,1188141
5722,821444
5723,1224563
5724,744217
5725,750319
5726,1218518
5727,798257
5728,810868
5729,1281598
5730,1214679
5731,728400
5732,746249
5733,1223356
5734,742025
5735,751020
5736,746718
5737,1293875
5738,1272648
5739,741003
5740,743497
5741,740492
5742,739038
5743,1154731
5744,736937
5745,783239
5746,1373035
5747,881779
5748,792744
5749,909153
5750,798623
5751,788138
5752,1262353
5753,1235337
5754,1437156
5755,850907
5756,1441074
5757,853259
5758,860178
5759,913471
5760,1414034
5761,1478884
5762,839742
5763,1485789
5764,1491030
5765,851954
5766,851398
5767,1469552
5768,1434300
5769,909603
5770,841505
5771,1234496
5772,923178
5773,837171
5774,1202566
5775,5476973
5776,983183
5777,825112
5778,811404
5779,1479890
5780,1545737
5781,796761
5782,858204
5783,1311114
5784,809562
5785,804894
5786,8757349
5787,1639893
5788,793324
5789,760648
5790,1395914
5791,867182
5792,1286414
5793,797754
5794,743447
5795,1498920
5796,747324
5797,740563
5798,742343
5799,1336720
5800,736875
5801,748049
5802,1268710
5803,752235
5804,1399358
5805,807522
5806,744914
5807,1268664
5808,830125
5809,1181681
5810,753380
5811,1410742
5812,745523
5813,735474
5814,733620
5815,1081010
5816,758003
5817,3528517
5818,864297
5819,1450019
5820,1347951
5821,776086
5822,747781
5823,1282499
5824,1390216
5825,829689
5826,1050336
5827,746084
5828,1374695
5829,759630
5830,744876
5831,745066
5832,743241
5833,1559519
5834,1353580
5835,753866
5836,1594551
5837,810481
5838,743405
5839,707338
5840,1133225
5841,699860
5842,1189764
5843,731527
5844,1147443
5845,996445
5846,1098615
5847,707705
5848,701537
5849,699234
5850,701611
5851,4105957
5852,861290
5853,721302
5854,702077
5855,702625
5856,1262266
5857,766355
5858,698196
5859,1292116
5860,778892
5861,1139355
5862,703119
5863,751213
5864,1116460
5865,765424
5866,1180672
5867,709110
5868,1229903
5869,776873
5870,703416
5871,702901
5872,699300
5873,1195545
5874,814292
5875,1346180
5876,701166
5877,1194634
5878,752577
5879,700808
5880,699534
5881,697520
5882,697248
5883,1276793
5884,1311344
5885,9671611
5886,1922289
5887,748127
5888,715253
5889,1158337
5890,1418146
5891,705331
5892,698464
5893,697743
5894,1235300
5895,703371
5896,1371647
5897,704466
5898,1325542
5899,709587
5900,705076
5901,699048
5902,700169
5903,698105
5904,724099
5905,1219191
5906,1304534
5907,805804
5908,1353720
5909,745725
5910,748136
5911,741494
5912,744167
5913,744378
5914,1293595
5915,1292030
5916,811140
5917,1408278
5918,757591
5919,745383
5920,740872
5921,747274
5922,1317616
5923,756462
5924,746763
5925,1273856
5926,736657
5927,743154
5928,748201
5929,795987
5930,759214
5931,1287448
5932,1186473
5933,1348780
5934,1633569
5935,765530
5936,701604
5937,701509
5938,701797
5939,760652
5940,1120695
5941,1064019
5942,741238
5943,692214
5944,693713
5945,761543
5946,1173082
5947,693779
5948,694405
5949,1166490
5950,1180820
5951,782164
5952,703927
5953,704591
5954,1083203
5955,1200757
5956,704001
5957,1252872
5958,705485
5959,1249828
5960,698096
5961,713370
5962,1040258
5963,749054
5964,1164022
5965,700247
5966,708607
5967,700087
5968,1139446
5969,694463
5970,705612
5971,701595
5972,1177779
5973,703354
5974,1340119
5975,702958
5976,1512719
5977,750747
5978,708875
5979,701455
5980,701694
5981,704071
5982,1136722
5983,1103251
5984,715159
5985,1307958
5986,704240
5987,691315
5988,692420
5989,691365
5990,695110
5991,700487
5992,696441
5993,1245893
5994,697879
5995,1173309
5996,696906
5997,769197
5998,707545
5999,708414
6000,704924
6001,10630085
6002,1018987
6003,731338
6004,1315028
6005,682671
6006,662335
6007,661655
6008,660826
6009,657893
6010,739760
6011,3643085
6012,684220
6013,1837604
6014,792542
6015,712559
6016,702406
6017,695382
6018,1208214
6019,735750
6020,706391
6021,706555
6022,797132
6023,1064547
6024,1211556
6025,772856
6026,699411
6027,706123
6028,1204082
6029,700890
6030,1146129
6031,689927
6032,703519
6033,1037012
6034,1171570
6035,769383
6036,693754
6037,692712
6038,1209706
6039,702212
6040,1133315
6041,747872
6042,1053768
6043,701690
6044,1251435
6045,701978
6046,696597
6047,699259
6048,1081385
6049,704429
6050,1156722
6051,696144
6052,1150653
6053,1189640
6054,708677
6055,695534
6056,1153718
6057,708356
6058,1069058
6059,731804
6060,675470
6061,665445
6062,1100358
6063,1183494
6064,660010
6065,663274
6066,661799
6067,1483907
6068,1053900
6069,705010
6070,659990
6071,669693
6072,1058429
6073,1166379
6074,681451
6075,712554
6076,663166
6077,1092975
6078,738194
6079,1043081
6080,660126
6081,660217
6082,664279
6083,1125714
6084,729113
6085,1095246
6086,669953
6087,1150496
6088,669256
6089,683417
6090,675185
6091,1083779
6092,667620
6093,1008217
6094,1134778
6095,659356
6096,1036126
6097,1142347
6098,654102
6099,711318
6100,661725
6101,1012407
6102,672973
6103,1086020
6104,734152
6105,1015398
6106,1069129
6107,709613
6108,672853
6109,665903
6110,664881
6111,1104515
6112,715817
6113,659574
6114,1077352
6115,1200852
6116,655891
6117,663835
6118,9543434
6119,721656
6120,688468
6121,1157883
6122,668746
6123,1159280
6124,1631208
6125,734514
6126,664226
6127,661671
6128,663125
6129,656772
6130,1143595
6131,661808
6132,659063
6133,982112
6134,709263
6135,999507
6136,768168
6137,663624
6138,662001
6139,2302624
6140,726996
6141,1273403
6142,796724
6143,1184318
6144,711870
6145,1151753
6146,745684
6147,701851
6148,700178
6149,704145
6150,1188451
6151,769564
6152,1126352
6153,706984
6154,1057876
6155,793395
6156,713819
6157,702163
6158,752437
6159,1198215
6160,785459
6161,1091636
6162,708961
6163,1088398
6164,1141473
6165,669166
6166,661823
6167,656151
6168,655776
6169,664485
6170,1207609
6171,650126
6172,653868
6173,1016510
6174,1120736
6175,663245
6176,659640
6177,658552
6178,656126
6179,1206534
6180,724131
6181,658812
6182,708772
6183,662672
6184,1061955
6185,1058053
6186,671391
6187,664737
6188,659998
6189,1426497
6190,741547
6191,661951
6192,663064
6193,1038915
6194,753282
6195,679425
6196,751061
6197,665585
6198,1072779
6199,736883
6200,993128
6201,663476
6202,662203
6203,667052
6204,1012493
6205,935015
6206,1084138
6207,659203
6208,660312
6209,657254
6210,1084299
6211,654581
6212,659727
6213,659850
6214,1125952
6215,669549
6216,1111355
6217,661473
6218,674361
6219,1179119
6220,715352
6221,656690
6222,654894
6223,653414
6224,657205
6225,1105270
6226,668531
6227,1086589
6228,671358
6229,999532
6230,2702248
6231,687871
6232,671674
6233,1115302
6234,671341
6235,9025254
6236,990623
6237,1299631
6238,774529
6239,1102908
6240,662429
6241,659315
6242,662977
6243,1050954
6244,666327
6245,1146730
6246,720667
6247,1013136
6248,1057109
6249,700474
6250,668659
6251,672111
6252,674036
6253,668930
6254,1122108
6255,701838
6256,1439216
6257,1067892
6258,651894
6259,657984
6260,662268
6261,668288
6262,655825
6263,655215
6264,663381
6265,1134411
6266,994216
6267,1130168
6268,1229704
6269,670447
6270,659607
6271,655615
6272,658754
6273,659771
6274,1245147
6275,1063100
6276,712443
6277,661160
6278,657650
6279,1069318
6280,724045
6281,667332
6282,662986
6283,660224
6284,661922
6285,1174125
6286,655990
6287,658952
6288,1081753
6289,660073
6290,1062145
6291,716114
6292,722298
6293,668712
6294,1260474
6295,732788
6296,1045062
6297,659088
6298,955323
6299,701846
6300,669726
6301,1048136
6302,659298
6303,659467
6304,706692
6305,1096659
6306,634549
6307,663039
6308,659096
6309,660761
6310,1090664
6311,670360
6312,1178834
6313,651976
6314,1043703
6315,1093169
6316,747098
6317,666302
6318,658074
6319,661268
6320,661020
6321,1175258
6322,1148428
6323,655725
6324,719353
6325,1018067
6326,665557
6327,665255
6328,661597
6329,702782
6330,1161678
6331,658458
6332,1019053
6333,730502
6334,1054547
6335,651791
6336,660888
6337,660472
6338,653303
6339,658363
6340,1175468
6341,673738
6342,1027210
6343,1190934
6344,730114
6345,1093800
6346,671197
6347,676343
6348,660979
6349,663158
6350,658132
6351,1196072
6352,1036966
6353,1023160
6354,713687
6355,677175
6356,661671
6357,655437
6358,658684
6359,659446
6360,1128359
6361,662244
6362,975000
6363,8172588
6364,1292396
6365,735078
6366,3273772
6367,729096
6368,686523
6369,1178674
6370,699770
6371,1140999
6372,716716
6373,1425038
6374,809962
6375,715179
6376,706864
6377,698114
6378,1314418
6379,703099
6380,1191203
6381,687644
6382,1039196
6383,1081711
6384,755321
6385,674419
6386,670871
6387,967618
6388,1114511
6389,715755
6390,658911
6391,660930
6392,658243
6393,665634
6394,1452483
6395,704891
6396,657724
6397,1079412
6398,734910
6399,946361
6400,702860
6401,662821
6402,663793
6403,1071509
6404,662651
6405,1070546
6406,721915
6407,994460
6408,1038986
6409,702542
6410,664506
6411,659974
6412,668671
6413,690009
6414,1020020
6415,672796
6416,1217036
6417,665029
6418,1107413
6419,1144238
6420,673833
6421,671626
6422,665586
6423,1019864
6424,662570
6425,1228110
6426,671642
6427,658441
6428,665239
6429,1118248
6430,642921
6431,661222
6432,662635
6433,663035
6434,1215029
6435,675593
6436,1209496
6437,713819
6438,1126150
6439,723443
6440,1144501
6441,674612
6442,1064637
6443,713494
6444,663942
6445,1124803
6446,663199
6447,1005094
6448,657650
6449,1127860
6450,705727
6451,670455
6452,675737
6453,1002716
6454,658437
6455,1053871
6456,741371
6457,665767
6458,1047604
6459,1481261
6460,702514
6461,679499
6462,669812
6463,744111
6464,658721
6465,1505842
6466,1073735
6467,659908
6468,658293
6469,713136
6470,665548
6471,666999
6472,664106
6473,7940849
6474,957762
6475,1880924
6476,781496
6477,689585
6478,671782
6479,669285
6480,668094
6481,1348059
6482,680212
6483,670179
6484,1116962
6485,1538069
6486,667798
6487,661572
6488,669038
6489,670344
6490,669239
6491,1142342
6492,668226
6493,665948
6494,1016057
6495,711450
6496,668143
6497,720934
6498,663941
6499,664485
6500,659323
6501,1125388
6502,671926
6503,1192439
6504,1139257
6505,1194609
6506,708999
6507,707788
6508,755193
6509,702666
6510,1220427
6511,705485
6512,703655
6513,1121919
6514,1573692
6515,706890
6516,706012
6517,706650
6518,697767
6519,709848
6520,1277703
6521,712876
6522,699032
6523,1133731
6524,769757
6525,704999
6526,707009
6527,709798
6528,704314
6529,1143290
6530,699222
6531,698332
6532,1250219
6533,690705
6534,1096415
6535,704306
6536,703746
6537,707544
6538,704553
6539,1174689
6540,699321
6541,1184133
6542,1132787
6543,1227625
6544,701496
6545,705052
6546,696659
6547,699988
6548,1176345
6549,708759
6550,662709
6551,1012147
6552,1143488
6553,661667
6554,674662
6555,707911
6556,662335
6557,668263
6558,669240
6559,1147175
6560,660394
6561,1061502
6562,1500576
6563,648714
6564,665952
6565,660460
6566,656995
6567,709337
6568,660752
6569,1066780
6570,658972
6571,661370
6572,1087252
6573,640210
6574,1063925
6575,657156
6576,663587
6577,657028
6578,660357
6579,659990
6580,719303
6581,1061576
6582,703190
6583,668980
6584,677039
6585,991963
6586,703820
6587,663941
6588,662767
6589,1086173
6590,651873
6591,1091286
6592,752767
6593,671358
6594,669726
6595,1030025
6596,945525
6597,670776
6598,7119742
6599,1012757
6600,1423460
6601,698208
6602,694113
6603,1212516
6604,760265
6605,1123456
6606,757900
6607,704607
6608,768579
6609,1161476
6610,680294
6611,700696
6612,702229
6613,700099
6614,1206566
6615,709069
6616,1297142
6617,719390
6618,1147468
6619,669433
6620,753776
6621,705476
6622,1149157
6623,717412
6624,702897
6625,701080
6626,1254252
6627,746108
6628,1115998
6629,663892
6630,654844
6631,667682
6632,712616
6633,1111565
6634,678815
6635,1036678
6636,1048045
6637,712665
6638,662478
6639,667477
6640,661667
6641,654511
6642,667105
6643,1113984
6644,665013
6645,1049134
6646,1223109
6647,1053644
6648,1134267
6649,676883
6650,665589
6651,667439
6652,662478
6653,1179485
6654,665952
6655,1045945
6656,1133723
6657,1035372
6658,732701
6659,666236
6660,661102
6661,661803
6662,666471
6663,1133826
6664,658388
6665,1117354
6666,1074975
6667,1097326
6668,663055
6669,668844
6670,671424
6671,662837
6672,663908
6673,662536
6674,1120518
6675,657283
6676,654786
6677,963229
6678,718322
6679,679049
6680,718010
6681,3896162
6682,753124
6683,682915
6684,665214
6685,1039072
6686,663323
6687,1097886
6688,714874
6689,709403
6690,663752
6691,680454
6692,675367
6693,671979
6694,1251516
6695,658214
6696,658804
6697,1106333
6698,715393
6699,670611
6700,658993
6701,662882
6702,663138
6703,664971
6704,1028368
6705,667530
6706,660571
6707,661267
6708,1439401
6709,727420
6710,670686
6711,668366
6712,658552
6713,660752
6714,1110057
6715,712650
6716,7743801
6717,1358582
6718,990006
6719,1111314
6720,729418
6721,720877
6722,709134
6723,701500
6724,1218485
6725,706036
6726,1531535
6727,1257227
6728,695098
6729,748712
6730,697635
6731,696613
6732,699453
6733,704211
6734,1222976
6735,709822
6736,1433707
6737,711343
6738,660303
6739,654333
6740,657415
6741,659500
6742,707569
6743,1091302
6744,663472
6745,1010927
6746,1095320
6747,709971
6748,1046801
6749,663113
6750,663682
6751,667703
6752,669458
6753,667703
6754,1174804
6755,660686
6756,1155786
6757,659261
6758,1087644
6759,1046718
6760,667868
6761,664963
6762,665680
6763,1243903
6764,658837
6765,1109044
6766,672668
6767,965611
6768,705410
6769,718817
6770,1082506
6771,666434
6772,662586
6773,1064863
6774,1125800
6775,708747
6776,659957
6777,666335
6778,1143224
6779,1129541
6780,669314
6781,670570
6782,1023037
6783,1072807
6784,700503
6785,654234
6786,653604
6787,1083021
6788,670125
6789,1092649
6790,723020
6791,669206
6792,1138102
6793,735372
6794,1067883
6795,668523
6796,668963
6797,633386
6798,1073862
6799,632810
6800,1077426
6801,633568
6802,997698
6803,1003615
6804,627729
6805,625010
6806,624273
6807,626827
6808,635262
6809,1079503
6810,636365
6811,968305
6812,1044437
6813,3592680
6814,829199
6815,1443995
6816,663909
6817,631212
6818,627520
6819,623107
6820,1084290
6821,633309
6822,1067838
6823,734189
6824,633765
6825,631327
6826,635780
6827,628508
6828,622476
6829,1564928
6830,6994062
6831,815619
6832,1197655
6833,663204
6834,681988
6835,682346
6836,665108
6837,662454
6838,1296928
6839,654143
6840,648804
6841,1134271
6842,789604
6843,1169078
6844,660600
6845,658511
6846,657976
6847,658318
6848,657699
6849,1116126
6850,655223
6851,1134449
6852,734123
6853,1016568
6854,659063
6855,657340
6856,656744
6857,658705
6858,1009144
6859,648165
6860,659586
6861,2487937
6862,1548943
6863,795496
6864,666034
6865,667316
6866,661543
6867,1149717
6868,658923
6869,1079173
6870,1119187
6871,675823
6872,1059516
6873,1069091
6874,659520
6875,753158
6876,670760
6877,1207011
6878,657415
6879,1088250
6880,672478
6881,1195693
6882,721697
6883,1089436
6884,664765
6885,659096
6886,667406
6887,1071307
6888,681019
6889,1078456
6890,1182270
6891,656751
6892,1030786
6893,1133843
6894,648627
6895,656072
6896,662075
6897,1137633
6898,752721
6899,1024367
6900,3194525
6901,693676
6902,1204040
6903,4059643
6904,705393
6905,684731
6906,1148605
6907,781339
6908,1257602
6909,692967
6910,670723
6911,1113538
6912,644742
6913,671337
6914,664769
6915,747332
6916,1127423
6917,677195
6918,1082028
6919,665848
6920,1223232
6921,738449
6922,1058403
6923,672145
6924,668729
6925,667065
6926,1018986
6927,1194379
6928,678514
6929,663533
6930,659475
6931,1256395
6932,647387
6933,674230
6934,664444
6935,665037
6936,1163829
6937,1555645
6938,1939004
6939,8153932
6940,889463
6941,695687
6942,1173453
6943,685333
6944,671300
6945,669005
6946,1555114
6947,1285511
6948,1143558
6949,708920
6950,707519
6951,818206
6952,709637
6953,1159833
6954,692947
6955,1113646
6956,701351
6957,1136875
6958,1193213
6959,785595
6960,757756
6961,711764
6962,707878
6963,1248179
6964,1143595
6965,767426
6966,1200192
6967,776119
6968,693976
6969,701418
6970,702114
6971,698146
6972,1202702
6973,695443
6974,784977
6975,1726757
6976,759861
6977,697499
6978,703844
6979,694187
6980,694875
6981,708892
6982,1180091
6983,661531
6984,658643
6985,1029860
6986,1177944
6987,665033
6988,665783
6989,671089
6990,670311
6991,669372
6992,685345
6993,1170231
6994,671951
6995,1038829
6996,1524180
6997,710543
6998,657432
6999,657189
7000,661230
7001,657147
7002,664317
7003,659039
7004,1139643
7005,666050
7006,1203530
7007,731931
7008,1220747
7009,705336
7010,767887
7011,703074
7012,1059780
7013,712373
7014,706947
7015,1268437
7016,695551
7017,690537
7018,1388955
7019,704409
7020,696008
7021,704269
7022,1122994
7023,708859
7024,785109
7025,1193411
7026,705719
7027,697331
7028,1157088
7029,784194
7030,713679
7031,1090647
7032,718039
7033,860170
7034,1242914
7035,707936
7036,767682
7037,1318954
7038,720980
7039,775752
7040,1499398
7041,825729
7042,1282549
7043,825046
7044,746821
7045,747238
7046,1286137
7047,745029
7048,1208223
7049,753113
7050,1254883
7051,793872
7052,812792
7053,801544
7054,1290752
7055,815812
7056,793275
7057,11912099
7058,1819427
7059,1286241
7060,917851
7061,1385242
7062,1087125
7063,1058094
7064,1530699
7065,1440814
7066,938611
7067,858822
7068,862337
7069,1991659
7070,1010215
7071,865060
7072,1423658
7073,947878
7074,1437786
7075,844661
7076,1373043
7077,920294
7078,1452849
7079,1570313
7080,957090
7081,842647
7082,839631
7083,1479329
7084,853289
7085,856762
7086,1519071
7087,1363521
7088,906986
7089,846684
7090,4439021
7091,1020544
7092,1572802
7093,1731879
7094,1569604
7095,930298
7096,857046
7097,860948
7098,1543433
7099,872027
7100,1567437
7101,1615304
7102,905289
7103,4769932
7104,1230224
7105,888985
7106,852773
7107,1578034
7108,1142635
7109,1398468
7110,1291560
7111,951800
7112,868010
7113,1467311
7114,942588
7115,1550961
7116,1005378
7117,1595825
7118,1017664
7119,931179
7120,922968
7121,1568426
7122,1619738
7123,909042
7124,929481
7125,987954
7126,1633730
7127,926737
7128,1616763
7129,1681086
7130,1079844
7131,985404
7132,1906813
7133,1721805
7134,14645037
7135,2175015
7136,1088224
7137,960230
7138,1609063
7139,1082992
7140,3755716
7141,886040
7142,858666
7143,1452190
7144,3686708
7145,999515
7146,1898014
7147,1558901
7148,871644
7149,953609
7150,1510436
7151,857157
7152,1392724
7153,1455812
7154,966677
7155,1475234
7156,917122
7157,991860
7158,919791
7159,1523575
7160,1026468
7161,1453987
7162,1417783
7163,984691
7164,1069412
7165,1149075
7166,1695576
7167,2013652
7168,907629
7169,1614855
7170,882454
7171,852654
7172,854524
7173,1401599
7174,1622610
7175,846869
7176,1474484
7177,1583229
7178,865447
7179,857083
7180,853540
7181,1325765
7182,992758
7183,852324
7184,1550022
7185,1437127
7186,856025
7187,850050
7188,1434230
7189,1314970
7190,887527
7191,868120
7192,1306594
7193,883600
7194,800061
7195,1231349
7196,1358182
7197,784965
7198,803324
7199,1305206
7200,809212
7201,1321250
7202,802998
7203,2797764
7204,1402502
7205,805738
7206,803390
7207,1268339
7208,790631
7209,1551278
7210,1345376
7211,786486
7212,799345
7213,820007
7214,800053
7215,799237
7216,1267643
7217,1189958
7218,843322
7219,10721894
7220,1023597
7221,787041
7222,756845
7223,1428854
7224,1237307
7225,790070
7226,1561365
7227,819347
7228,789567
7229,791985
7230,892479
7231,806777
7232,5414949
7233,1808665
7234,1688543
7235,888380
7236,858694
7237,859325
7238,1494408
7239,854154
7240,851666
7241,2042452
7242,853005
7243,846803
7244,916923
7245,1500008
7246,851632
7247,843590
7248,1456096
7249,1457077
7250,870531
7251,868389
7252,847574
7253,1598985
7254,856638
7255,953716
7256,930124
7257,1505727
7258,823068
7259,797412
7260,801936
7261,1318963
7262,951425
7263,1464830
7264,1227121
7265,867948
7266,808293
7267,1163668
7268,785344
7269,1233767
7270,838308
7271,788553
7272,1257861
7273,840142
7274,1293109
7275,877173
7276,787825
7277,1189694
7278,996878
7279,740374
7280,748963
7281,740155
7282,1138926
7283,809887
7284,1541720
7285,1167858
7286,1188549
7287,721829
7288,736884
7289,699350
7290,697644
7291,1138003
7292,712851
7293,1227163
7294,714198
7295,706741
7296,1041573
7297,744926
7298,710952
7299,700548
7300,696214
7301,727613
7302,1083680
7303,1213525
7304,743990
7305,1332151
7306,792830
7307,750637
7308,742211
7309,740908
7310,1227476
7311,747723
7312,1171093
7313,750954
7314,1190362
7315,819442
7316,1152766
7317,744703
7318,741865
7319,11809365
7320,1130703
7321,1542865
7322,713794
7323,1309338
7324,715879
7325,694990
7326,1299388
7327,732232
7328,1337021
7329,706415
7330,703746
7331,1097396
7332,1322638
7333,703601
7334,717387
7335,704421
7336,1503395
7337,1106365
7338,772201
7339,704347
7340,692279
7341,1155181
7342,684002
7343,704599
7344,707368
7345,705324
7346,1085547
7347,713852
7348,1265430
7349,705229
7350,1158554
7351,693594
7352,690017
7353,696247
7354,690640
7355,1122195
7356,707042
7357,701084
7358,1166638
7359,703243
7360,1212960
7361,757154
7362,703787
7363,701166
7364,705818
7365,1197135
7366,759668
7367,1117606
7368,744819
7369,1165225
7370,744184
7371,750822
7372,708022
7373,702612
7374,1137991
7375,704231
7376,1122108
7377,692312
7378,1208940
7379,689016
7380,693202
7381,696235
7382,709588
7383,753153
7384,707446
7385,1186172
7386,705764
7387,1508302
7388,1244722
7389,689161
7390,698051
7391,700128
7392,683899
7393,670270
7394,1208116
7395,687129
7396,1173688
7397,1092196
7398,689985
7399,663105
7400,667299
7401,712105
7402,708719
7403,709443
7404,717746
7405,1268755
7406,794557
7407,704120
7408,1258154
7409,704446
7410,699902
7411,704289
7412,1257375
7413,752960
7414,1470178
7415,737020
7416,1351730
7417,782670
7418,759206
7419,758712
7420,775089
7421,1238975
7422,764813
7423,1249951
7424,796489
7425,1155675
7426,782221
7427,808466
7428,753302
7429,744452
7430,1157863
7431,750241
7432,1286039
7433,732837
7434,12742516
7435,1252019
7436,1809493
7437,829421
7438,1328847
7439,899149
7440,1420103
7441,1333350
7442,853899
7443,1495084
7444,798792
7445,896323
7446,1252856
7447,786156
7448,787174
7449,1337409
7450,805252
7451,1402242
7452,802286
7453,793770
7454,1468114
7455,782130
7456,796682
7457,795566
7458,1264614
7459,810806
7460,899536
7461,1342905
7462,800089
7463,815050
7464,806027
7465,868957
7466,800354
7467,1451234
7468,1446924
7469,796633
7470,1279562
7471,783927
7472,786263
7473,1281511
7474,819590
7475,1822438
7476,866971
7477,1380760
7478,867520
7479,1194614
7480,809002
7481,801725
7482,790832
7483,1289302
7484,1375527
7485,807040
7486,807840
7487,1393046
7488,782897
7489,796180
7490,788104
7491,1273209
7492,796547
7493,1406106
7494,880758
7495,884890
7496,1323030
7497,806212
7498,812710
7499,800065
7500,1289998
7501,1378449
7502,948232
7503,1645509
7504,869522
7505,857083
7506,858002
7507,1502092
7508,1242757
7509,909438
7510,1317978
7511,924698
7512,1481406
7513,857994
7514,850883
7515,869584
7516,1428301
7517,1517625
7518,1445869
7519,865937
7520,856234
7521,845560
7522,1497622
7523,884609
7524,1352867
7525,964041
7526,865624
7527,920088
7528,914855
7529,1513263
7530,987217
7531,1562098
7532,25254947
7533,1174776
7534,1198520
7535,2200465
7536,1068140
7537,1713783
7538,1030502
7539,3031876
7540,4210093
7541,2652621
7542,1926784
7543,1010841
7544,1076573
7545,974947
7546,1848741
7547,1851856
7548,984282
7549,948303
7550,917644
7551,1482349
7552,1042602
7553,911420
7554,1617867
7555,893530
7556,916232
7557,917237
7558,1453232
7559,848044
7560,840421
7561,1592167
7562,1591989
7563,875047
7564,855550
7565,859180
7566,845123
7567,861208
7568,932300
7569,1815637
7570,1572135
7571,939415
7572,906084
7573,906249
7574,895837
7575,1465688
7576,1019695
7577,1369261
7578,988271
7579,1009898
7580,928443
7581,8574932
7582,1072581
7583,944919
7584,1642773
7585,919062
7586,916561
7587,1513551
7588,1656675
7589,929968
7590,1686434
7591,1684015
7592,917504
7593,917488
7594,1552815
7595,1298172
7596,905284
7597,845823
7598,1386507
7599,937186
7600,849255
7601,844760
7602,12317096
7603,1320149
7604,903360
7605,1487256
7606,1183877
7607,1711744
7608,1548007
7609,862555
7610,829396
7611,794314
7612,1395164
7613,800222
7614,781306
7615,1466091
7616,1418492
7617,789917
7618,796345
7619,801544
7620,795928
7621,1283580
7622,1212693
7623,866275
7624,1323284
7625,1231612
7626,802265
7627,806184
7628,883200
7629,1469964
7630,863816
7631,1453879
7632,1333770
7633,775456
7634,790098
7635,812475
7636,791001
7637,779869
7638,1279055
7639,810229
7640,1449961
7641,819446
7642,6702722
7643,839597
7644,797395
7645,791862
7646,1590996
7647,1449504
7648,1339810
7649,867408
7650,799332
7651,793308
7652,789407
7653,1371840
7654,797251
7655,1354750
7656,860099
7657,1246461
7658,926742
7659,794985
7660,794540
7661,1298181
7662,794956
7663,1244504
7664,829990
7665,784009
7666,1347148
7667,855019
7668,1474657
7669,784475
7670,999379
7671,1364663
7672,786164
7673,798689
7674,1376425
7675,1324067
7676,799896
7677,783708
7678,1261928
7679,1340370
7680,775616
7681,795644
7682,1384085
7683,1364564
7684,744110
7685,761258
7686,1214947
7687,736784
7688,1369475
7689,721470
7690,737386
7691,1160071
7692,821184
7693,747139
7694,1075053
7695,902734
7696,771055
7697,750608
7698,747369
7699,1425372
7700,1285479
7701,851751
7702,1198466
7703,826075
7704,1214131
7705,749396
7706,753220
7707,1250779
7708,793802
7709,1155033
7710,898680
7711,1427165
7712,820097
7713,1280073
7714,737856
7715,742878
7716,1232420
7717,753607
7718,1235267
7719,755432
7720,892306
7721,5361524
7722,831630
7723,772353
7724,1292256
7725,712332
7726,1316634
7727,702638
7728,692840
7729,1121346
7730,1257276
7731,697293
7732,698270
7733,1176774
7734,803303
7735,1239416
7736,811877
7737,1196073
7738,1110543
7739,756771
7740,757583
7741,3280693
7742,886237
7743,748687
7744,734440
7745,1424544
7746,843718
7747,1165073
7748,749000
7749,735990
7750,731828
7751,741362
7752,1276542
7753,758757
7754,1262732
7755,830254
7756,1292602
7757,752544
7758,746446
7759,751205
7760,750438
7761,1208775
7762,1174479
7763,1260486
7764,733402
7765,742957
7766,735849
7767,807831
7768,746409
7769,1069515
7770,738700
7771,1088715
7772,1188875
7773,947075
7774,1173457
7775,702089
7776,696206
7777,694665
7778,770025
7779,1141015
7780,700985
7781,1107721
7782,1126414
7783,775056
7784,697124
7785,699411
7786,700330
7787,696054
7788,700095
7789,1098315
7790,753030
7791,1194618
7792,678403
7793,1061667
7794,9172049
7795,749841
7796,1449903
7797,756668
7798,824761
7799,1294164
7800,697500
7801,695378
7802,1431684
7803,709880
7804,710774
7805,700272
7806,1291144
7807,779119
7808,702967
7809,703334
7810,698414
7811,1229099
7812,781520
7813,704145
7814,1188524
7815,1230133
7816,704492
7817,703919
7818,700647
7819,1219615
7820,696420
7821,1579633
7822,776490
7823,1200440
7824,722389
7825,765823
7826,694228
7827,701092
7828,702456
7829,704013
7830,1154756
7831,705838
7832,1615408
7833,697887
7834,698982
7835,699688
7836,693458
7837,754921
7838,1174916
7839,1137262
7840,1308485
7841,1128956
7842,709225
7843,700379
7844,699234
7845,707639
7846,698019
7847,697099
7848,1497952
7849,1634859
7850,1198116
7851,743541
7852,708859
7853,701166
7854,705938
7855,705097
7856,715496
7857,1174463
7858,706671
7859,770590
7860,1277704
7861,770013
7862,693050
7863,688864
7864,692646
7865,1133109
7866,695844
7867,1178694
7868,735178
7869,695361
7870,759515
7871,1275380
7872,698233
7873,692732
7874,1276163
7875,700037
7876,1194255
7877,682012
7878,1143232
7879,1190894
7880,701661
7881,770631
7882,699704
7883,694887
7884,1367913
7885,1191973
7886,755098
7887,696177
7888,690849
7889,1256185
7890,702439
7891,696247
7892,1257936
7893,693017
7894,1212553
7895,748053
7896,693911
7897,686277
7898,1071130
7899,1669010
7900,766112
7901,1176622
7902,707244
7903,761353
7904,697862
7905,694706
7906,697520
7907,694039
7908,1156207
7909,689470
7910,8427061
7911,1423180
7912,792723
7913,722722
7914,710741
7915,701743
7916,1207328
7917,711393
7918,1271779
7919,699852
7920,695028
7921,1149985
7922,735590
7923,693240
7924,662656
7925,668152
7926,657675
7927,1186518
7928,712991
7929,684439
7930,705629
7931,1106724
7932,651193
7933,649665
7934,650918
7935,654625
7936,1011554
7937,702699
7938,944697
7939,698196
7940,648416
7941,1382742
7942,691283
7943,660229
7944,661724
7945,661964
7946,994113
7947,657172
7948,3132984
7949,1360291
7950,701566
7951,1224184
7952,674278
7953,668366
7954,664629
7955,658738
7956,1064299
7957,707635
7958,1308098
7959,703285
7960,1158538
7961,786242
7962,1114676
7963,752874
7964,690714
7965,692597
7966,1178240
7967,692106
7968,1294811
7969,696865
7970,1154991
7971,681625
7972,712373
7973,701500
7974,701117
7975,1200980
7976,695629
7977,1202557
7978,754035
7979,1141357
7980,679532
7981,692366
7982,653707
7983,651536
7984,653864
7985,651556
7986,1034301
7987,704161
7988,1649703
7989,701393
7990,656875
7991,665445
7992,662503
7993,662067
7994,654519
7995,1043991
7996,2274162
7997,673158
7998,1273542
7999,647724
8000,1098352
8001,652306
8002,649813
8003,651478
8004,653118
8005,647325
8006,1025291
8007,663673
8008,657555
8009,1514016
8010,769725
8011,670336
8012,712060
8013,659487
8014,656089
8015,1195648
8016,660777
8017,663315
8018,1115224
8019,707074
8020,716942
8021,1017701
8022,721252
8023,655792
8024,655746
8025,656476
8026,1041804
8027,656954
8028,1060353
8029,8962839
8030,997335
8031,1396729
8032,699403
8033,661930
8034,657222
8035,1553153
8036,774084
8037,661803
8038,659582
8039,1103613
8040,1161316
8041,652627
8042,678964
8043,657799
8044,649439
8045,1173845
8046,1191350
8047,668816
8048,741478
8049,1031454
8050,690013
8051,712913
8052,666804
8053,653999
8054,982215
8055,724091
8056,1125128
8057,709774
8058,653950
8059,652850
8060,1090866
8061,1034243
8062,664217
8063,660880
8064,661782
8065,1106164
8066,633647
8067,653740
8068,668762
8069,698900
8070,1191022
8071,746887
8072,1172785
8073,705353
8074,1103313
8075,693734
8076,703568
8077,697153
8078,2903028
8079,707763
8080,1087001
8081,785501
8082,1212202
8083,702242
8084,740460
8085,708760
8086,703713
8087,708759
8088,699786
8089,1149668
8090,699634
8091,1405571
8092,686738
8093,693157
8094,747790
8095,691241
8096,1075510
8097,687970
8098,684203
8099,1112735
8100,1107091
8101,1243495
8102,694801
8103,697384
8104,695193
8105,762107
8106,1035446
8107,698481
8108,1230982
8109,1212944
8110,702439
8111,1095534
8112,646353
8113,658403
8114,656558
8115,654770
8116,655235
8117,1211437
8118,656896
8119,653229
8120,1114132
8121,722698
8122,984448
8123,659038
8124,665107
8125,664213
8126,655961
8127,656257
8128,1033390
8129,651412
8130,1213439
8131,669030
8132,1047188
8133,643724
8134,655153
8135,652401
8136,656352
8137,652566
8138,1004792
8139,653571
8140,1537377
8141,1073066
8142,773375
8143,665334
8144,662512
8145,657019
8146,659166
8147,660118
8148,1030284
8149,663225
8150,7940346
8151,912243
8152,1394859
8153,720230
8154,682346
8155,661029
8156,658494
8157,658890
8158,1249634
8159,1000418
8160,661230
8161,666401
8162,3109148
8163,820065
8164,691501
8165,666397
8166,1166230
8167,854438
8168,1181100
8169,659784
8170,999111
8171,1120023
8172,658099
8173,650184
8174,656661
8175,654543
8176,651857
8177,1098381
8178,1149083
8179,785559
8180,666862
8181,661556
8182,1221774
8183,678304
8184,663480
8185,661040
8186,1104812
8187,735396
8188,1001798
8189,658469
8190,654927
8191,655627
8192,1470808
8193,722966
8194,662969
8195,1150237
8196,655186
8197,1207662
8198,647823
8199,665038
8200,652776
8201,1085572
8202,1140431
8203,711895
8204,662042
8205,1027767
8206,658577
8207,1104808
8208,707120
8209,663274
8210,662849
8211,1101998
8212,696564
8213,1101644
8214,666492
8215,719888
8216,1096609
8217,721796
8218,649620
8219,659170
8220,656125
8221,1180321
8222,658804
8223,1247231
8224,653311
8225,655516
8226,652059
8227,1153389
8228,654049
8229,661556
8230,990249
8231,714433
8232,660410
8233,1128572
8234,654667
8235,655322
8236,667356
8237,725170
8238,653023
8239,649859
8240,718859
8241,658116
8242,1104190
8243,659541
8244,1094216
8245,656233
8246,1102550
8247,1029023
8248,3364442
8249,769993
8250,657860
8251,1277238
8252,737312
8253,1290683
8254,662845
8255,665845
8256,663501
8257,1163594
8258,644688
8259,659928
8260,956143
8261,718232
8262,660378
8263,8254351
8264,754954
8265,777636
8266,1494487
8267,679886
8268,673298
8269,1138070
8270,672800
8271,1036011
8272,738128
8273,668404
8274,656818
8275,1203592
8276,867380
8277,1115624
8278,665655
8279,1070089
8280,1128083
8281,663257
8282,661251
8283,661490
8284,657943
8285,948520
8286,1035859
8287,1202932
8288,659974
8289,1025513
8290,1063801
8291,729488
8292,658684
8293,658984
8294,1102517
8295,661605
8296,1065025
8297,706489
8298,648548
8299,650242
8300,1056896
8301,693350
8302,655524
8303,651305
8304,655421
8305,653946
8306,1158068
8307,1129796
8308,707713
8309,654676
8310,1005958
8311,1137711
8312,714993
8313,658268
8314,979643
8315,1081353
8316,698789
8317,655532
8318,653513
8319,1022274
8320,698867
8321,1033222
8322,720057
8323,656954
8324,1093552
8325,713383
8326,1043439
8327,658721
8328,655507
8329,654535
8330,1041689
8331,1030309
8332,657682
8333,654560
8334,650275
8335,952319
8336,1092168
8337,642163
8338,651095
8339,652220
8340,996701
8341,664535
8342,1102093
8343,654382
8344,648005
8345,650522
8346,1021673
8347,655887
8348,657345
8349,665416
8350,1070438
8351,652043
8352,1157158
8353,660233
8354,656777
8355,658252
8356,1092765
8357,723184
8358,1029246
8359,656896
8360,1034634
8361,1008209
8362,713688
8363,690335
8364,656093
8365,1013144
8366,1098171
8367,651140
8368,834752
8369,656051
8370,1105261
8371,654827
8372,1170561
8373,660946
8374,665741
8375,649080
8376,1171347
8377,636300
8378,660542
8379,1096383
8380,731453
8381,1077871
8382,1155242
8383,727647
8384,660444
8385,1081492
8386,632884
8387,664427
8388,658684
8389,660896
8390,8213084
8391,903797
8392,703202
8393,1423692
8394,786004
8395,1195665
8396,664118
8397,671584
8398,665136
8399,680591
8400,1255142
8401,736558
8402,1492752
8403,1339213
8404,659541
8405,683165
8406,661939
8407,657028
8408,1091896
8409,662075
8410,652928
8411,655776
8412,1099398
8413,785023
8414,1066578
8415,661499
8416,661473
8417,658478
8418,661741
8419,669195
8420,1067093
8421,654865
8422,1038421
8423,1117036
8424,736064
8425,1078584
8426,658729
8427,661725
8428,659142
8429,658029
8430,653480
8431,1156788
8432,1088876
8433,1092188
8434,1291996
8435,693276
8436,826376
8437,695134
8438,691072
8439,1133575
8440,691323
8441,689115
8442,1127604
8443,1312053
8444,649002
8445,667291
8446,659080
8447,652904
8448,647786
8449,719488
8450,665132
8451,657983
8452,1633017
8453,720724
8454,1109332
8455,655949
8456,650085
8457,687558
8458,662796
8459,656653
8460,1168060
8461,654065
8462,1672116
8463,705134
8464,660596
8465,656645
8466,663274
8467,656261
8468,647675
8469,996293
8470,659100
8471,1103193
8472,761357
8473,1113736
8474,651556
8475,660740
8476,656262
8477,661926
8478,661197
8479,658635
8480,661465
8481,1083462
8482,1119640
8483,682103
8484,649908
8485,1166173
8486,657926
8487,655990
8488,658511
8489,659932
8490,1107585
8491,644400
8492,1118067
8493,640684
8494,966044
8495,701595
8496,657551
8497,652561
8498,792839
8499,653950
8500,1069845
8501,651503
8502,1039999
8503,656838
8504,1063167
8505,704706
8506,1033914
8507,654329
8508,655079
8509,660262
8510,711413
8511,1478040
8512,649323
8513,652730
8514,650477
8515,8421746
8516,928884
8517,698122
8518,1407809
8519,670966
8520,1148254
8521,663463
8522,668160
8523,656035
8524,1177457
8525,733847
8526,1187404
8527,670221
8528,1139338
8529,723913
8530,1023926
8531,654853
8532,654638
8533,652661
8534,1036435
8535,655775
8536,1201697
8537,730341
8538,979342
8539,1072580
8540,706366
8541,660036
8542,663776
8543,664538
8544,658634
8545,1418335
8546,700589
8547,650588
8548,1052087
8549,765366
8550,992668
8551,659323
8552,660946
8553,662495
8554,1090091
8555,1628102
8556,724528
8557,667591
8558,1074488
8559,651267
8560,657498
8561,713003
8562,661918
8563,1018121
8564,660118
8565,1088818
8566,656546
8567,715727
8568,1098105
8569,634067
8570,658977
8571,654325
8572,654568
8573,653950
8574,1216162
8575,656912
8576,1056104
8577,1054477
8578,712633
8579,653270
8580,651223
8581,652937
8582,654234
8583,651660
8584,654827
8585,662421
8586,1246235
8587,726575
8588,1054828
8589,1080957
8590,726801
8591,667641
8592,659908
8593,654560
8594,653860
8595,1159308
8596,719159
8597,1112092
8598,719896
8599,1094574
8600,1192858
8601,657543
8602,658070
8603,1081275
8604,1105937
8605,1116613
8606,645413
8607,655371
8608,663096
8609,1043431
8610,1121371
8611,659607
8612,658408
8613,987587
8614,1003103
8615,702263
8616,650201
8617,648149
8618,1022081
8619,703469
8620,651355
8621,1504643
8622,720399
8623,661041
8624,3826359
8625,711034
8626,665750
8627,652837
8628,7936449
8629,891663
8630,1255896
8631,692374
8632,1103897
8633,822062
8634,1174660
8635,664395
8636,660806
8637,658688
8638,1029620
8639,1456038
8640,737288
8641,659508
8642,1192299
8643,730642
8644,995498
8645,663480
8646,663641
8647,656661
8648,1009848
8649,1036966
8650,659113
8651,655454
8652,653674
8653,1135272
8654,651610
8655,665012
8656,663200
8657,669096
8658,1292491
8659,718450
8660,1126814
8661,652092
8662,1129706
8663,655079
8664,662202
8665,661156
8666,656953
8667,665404
8668,1235827
8669,990298
8670,652562
8671,707326
8672,1149878
8673,643085
8674,645797
8675,654956
8676,656702
8677,1094438
8678,4287579
8679,743517
8680,1310859
8681,760553
8682,699959
8683,683525
8684,671769
8685,662294
8686,665140
8687,1236825
8688,670468
8689,1277997
8690,663575
8691,1093453
8692,650027
8693,662845
8694,653118
8695,660695
8696,661086
8697,1165468
8698,1084299
8699,648561
8700,715982
8701,1096886
8702,699869
8703,664696
8704,658964
8705,657197
8706,657387
8707,658169
8708,1138618
8709,659195
8710,1469494
8711,1119439
8712,653093
8713,656558
8714,702262
8715,665301
8716,662342
8717,660521
8718,1050818
8719,662854
8720,998901
8721,990957
8722,702423
8723,659933
8724,654840
8725,653027
8726,654667
8727,654111
8728,1213966
8729,669483
8730,664559
8731,666396
8732,1020915
8733,1121738
8734,663785
8735,661012
8736,662384
8737,657650
8738,1047836
8739,653328
8740,1059701
8741,1029155
8742,692588
8743,976224
8744,724465
8745,665177
8746,659714
8747,7316362
8748,1406745
8749,1204692
8750,712097
8751,640511
8752,628459
8753,1082119
8754,681089
8755,684707
8756,1135886
8757,629612
8758,1019790
8759,606449
8760,620961
8761,627755
8762,1036300
8763,620956
8764,977386
8765,957919
8766,670970
8767,615905
8768,996425
8769,1174112
8770,613396
8771,616128
8772,618422
8773,1013395
8774,632843
8775,1052619
8776,717045
8777,670270
8778,1491804
8779,696363
8780,656018
8781,712261
8782,650600
8783,653546
8784,1050595
8785,660983
8786,1200666
8787,662738
8788,1107388
8789,1085955
8790,647564
8791,3257019
8792,781381
8793,1102559
8794,725969
8795,1141506
8796,747448
8797,665791
8798,1245065
8799,652191
8800,649554
8801,655565
8802,703610
8803,1135351
8804,658371
8805,1016704
8806,1146055
8807,665532
8808,1115248
8809,646452
8810,658870
8811,665581
8812,661716
8813,651437
8814,1206336
8815,654729
8816,664271
8817,1135450
8818,720016
8819,1069528
8820,656232
8821,658577
8822,654955
8823,647774
8824,648042
8825,1203271
8826,1073978
8827,999899
8828,703029
8829,661424
8830,654445
8831,656394
8832,657819
8833,653715
8834,652772
8835,660591
8836,1012522
8837,1069886
8838,695225
8839,720416
8840,713177
8841,661457
8842,662701
8843,3506614
8844,849675
8845,1266910
8846,677492
8847,663023
8848,1082799
8849,702797
8850,654680
8851,1098574
8852,665523
8853,1089033
8854,667950
8855,1145066
8856,653612
8857,663538
8858,663022
8859,1073887
8860,8725348
8861,933054
8862,685485
8863,1375548
8864,756389
8865,661345
8866,653839
8867,651379
8868,1060554
8869,708274
8870,660381
8871,776746
8872,663122
8873,1098850
8874,709686
8875,667723
8876,666891
8877,669759
8878,993092
8879,654729
8880,1018657
8881,1087240
8882,733979
8883,1124152
8884,675807
8885,661926
8886,662553
8887,719447
8888,663339
8889,1069619
8890,666516
8891,1048087
8892,1100198
8893,675263
8894,662083
8895,662944
8896,661766
8897,662335
8898,663236
8899,667464
8900,1104277
8901,668070
8902,1393355
8903,717680
8904,671799
8905,693869
8906,655244
8907,657213
8908,1084479
8909,665660
8910,664460
8911,664279
8912,1487413
8913,697837
8914,708916
8915,1027404
8916,651865
8917,661766
8918,656945
8919,660526
8920,1035281
8921,643295
8922,1032686
8923,691958
8924,705904
8925,1464501
8926,713110
8927,649170
8928,651400
8929,977056
8930,960782
8931,687554
8932,654008
8933,651976
8934,918971
8935,696626
8936,654972
8937,1043860
8938,663842
8939,658169
8940,660118
8941,985494
8942,650003
8943,658487
8944,655046
8945,1014718
8946,650485
8947,1015901
8948,705484
8949,660077
8950,709238
8951,1132746
8952,1054799
8953,622114
8954,647329
8955,652760
8956,1084751
8957,654333
8958,1033786
8959,648265
8960,656744
8961,658787
8962,1128185
8963,655907
8964,655969
8965,665717
8966,1116802
8967,656039
8968,1038334
8969,653221
8970,653896
8971,629620
8972,917455
8973,608262
8974,619143
8975,615208
8976,1044176
8977,620709
8978,616775
8979,671217
8980,627730
8981,1050971
8982,629596
8983,1079243
8984,698060
8985,663332
8986,653254
8987,1082683
8988,748086
8989,996549
8990,707659
8991,653814
8992,7983883
8993,853647
8994,662561
8995,665021
8996,658729
8997,1100894
8998,676211
8999,1273485
9000,660530
9001,990747
9002,1207424
9003,656662
9004,731347
9005,664452
9006,966146
9007,659932
9008,1218510
9009,658235
9010,654325
9011,658577
9012,1072441
9013,731095
9014,1070797
9015,667918
9016,1077393
9017,1066462
9018,718636
9019,660542
9020,657065
9021,1153227
9022,655285
9023,1123105
9024,737065
9025,694908
9026,699659
9027,1166918
9028,829128
9029,710264
9030,702740
9031,1131280
9032,1181928
9033,1205145
9034,689140
9035,1078229
9036,724334
9037,696190
9038,689033
9039,736306
9040,1189937
9041,698731
9042,1157578
9043,1149803
9044,1464364
9045,742368
9046,662401
9047,666471
9048,664873
9049,662433
9050,1186172
9051,661515
9052,1012835
9053,650415
9054,1007685
9055,1048536
9056,674337
9057,657650
9058,654226
9059,652624
9060,653114
9061,1219557
9062,730975
9063,1163619
9064,653917
9065,1017833
9066,960189
9067,661284
9068,659850
9069,658745
9070,3325392
9071,700412
9072,2329033
9073,667608
9074,1212800
9075,660377
9076,1157018
9077,660929
9078,657547
9079,1083738
9080,1056991
9081,1138746
9082,669409
9083,1104376
9084,708772
9085,658672
9086,737464
9087,655112
9088,649269
9089,1094306
9090,1141473
9091,654382
9092,669285
9093,658276
9094,1085955
9095,665693
9096,1146998
9097,670287
9098,666059
9099,660102
9100,1158052
9101,717890
9102,945966
9103,669483
9104,8396605
9105,924418
9106,1161336
9107,660670
9108,634199
9109,695930
9110,1096489
9111,612052
9112,627067
9113,620025
9114,624631
9115,1138704
9116,681583
9117,1014150
9118,691290
9119,681123
9120,1109724
9121,628842
9122,681760
9123,629513
9124,626967
9125,1009605
9126,668721
9127,950400
9128,695608
9129,630564
9130,1054654
9131,651548
9132,660492
9133,654527
9134,661436
9135,756116
9136,967490
9137,660988
9138,1510946
9139,1039933
9140,653188
9141,657716
9142,662627
9143,654967
9144,653205
9145,653019
9146,1095637
9147,651725
9148,1039250
9149,967708
9150,949530
9151,711170
9152,664040
9153,664303
9154,658227
9155,662232
9156,2674681
9157,696111
9158,717004
9159,1130905
9160,637646
9161,1127304
9162,661457
9163,666970
9164,662050
9165,663772
9166,1137810
9167,668267
9168,987880
9169,689391
9170,652558
9171,1008176
9172,1567965
9173,729393
9174,674436
9175,660765
9176,1084018
9177,1120164
9178,647643
9179,665491
9180,664971
9181,1093351
9182,726695
9183,1185397
9184,658284
9185,654638
9186,657906
9187,1478435
9188,694314
9189,654811
9190,653246
9191,941129
9192,692646
9193,658634
9194,1086581
9195,656616
9196,1126710
9197,1060917
9198,642760
9199,656826
9200,655701
9201,1080405
9202,664827
9203,1024618
9204,690297
9205,664176
9206,656360
9207,1151950
9208,717268
9209,1062705
9210,662953
9211,1139190
9212,701051
9213,649221
9214,1106712
9215,661700
9216,1120032
9217,715101
9218,1082280
9219,668143
9220,662594
9221,661481
9222,1079000
9223,1104425
9224,656183
9225,660229
9226,653860
9227,1021706
9228,648018
9229,659348
9230,709769
9231,8060912
9232,939683
9233,1184598
9234,739965
9235,1147649
9236,733538
9237,653154
9238,657391
9239,653687
9240,1109538
9241,665383
9242,660970
9243,657938
9244,1040361
9245,1177755
9246,707470
9247,657093
9248,665882
9249,655004
9250,1116670
9251,665375
9252,660835
9253,661885
9254,983554
9255,1047506
9256,1074999
9257,645949
9258,707836
9259,657773
9260,662470
9261,663575
9262,657131
9263,1127114
9264,664193
9265,1028462
9266,770693
9267,670773
9268,658194
9269,656167
9270,661304
9271,723518
9272,1046732
9273,644993
9274,1065116
9275,999915
9276,704005
9277,716691
9278,1054346
9279,664267
9280,666311
9281,661148
9282,662689
9283,1171537
9284,661370
9285,1216042
9286,643473
9287,898403
9288,702934
9289,660588
9290,655915
9291,3490624
9292,811338
9293,753966
9294,1750839
9295,739278
9296,658840
9297,984114
9298,1198755
9299,665197
9300,662326
9301,659681
9302,651198
9303,1145543
9304,1159333
9305,644972
9306,652734
9307,1088834
9308,711347
9309,1130027
9310,665379
9311,655639
9312,1052875
9313,722909
9314,1149944
9315,672680
9316,1079358
9317,699708
9318,658235
9319,1110650
9320,662619
9321,1101417
9322,652738
9323,1106489
9324,708179
9325,655589
9326,650946
9327,1006362
9328,1100215
9329,659999
9330,656150
9331,649001
9332,1063492
9333,711503
9334,1076898
9335,664745
9336,1003706
9337,702868
9338,658495
9339,1079354
9340,721293
9341,3332290
9342,714016
9343,8536998
9344,746903
9345,681481
9346,1267404
9347,674044
9348,673916
9349,669400
9350,668848
9351,1033180
9352,659446
9353,1256708
9354,652986
9355,1100507
9356,757817
9357,657262
9358,660526
9359,646468
9360,646410
9361,1237883
9362,1130864
9363,740794
9364,654069
9365,703251
9366,1176559
9367,665672
9368,649253
9369,653344
9370,653390
9371,1129380
9372,1082691
9373,689144
9374,691410
9375,688761
9376,1221708
9377,1199505
9378,708542
9379,708508
9380,1150269
9381,768143
9382,1060336
9383,657275
9384,658268
9385,649240
9386,1443818
9387,710741
9388,720935
9389,1069886
9390,658919
9391,1157055
9392,666397
9393,666863
9394,657732
9395,1013247
9396,1105538
9397,671432
9398,661053
9399,1039331
9400,1127869
9401,698839
9402,661786
9403,656970
9404,661515
9405,655239
9406,1557718
9407,696518
9408,652788
9409,1068774
9410,724223
9411,1109641
9412,720123
9413,661147
9414,666178
9415,1041425
9416,656586
9417,1195916
9418,663072
9419,1101414
9420,730126
9421,1049055
9422,696922
9423,654885
9424,703334
9425,1075283
9426,656703
9427,1053088
9428,650135
9429,654737
9430,1075292
9431,644803
9432,656706
9433,658804
9434,657839
9435,654642
9436,707614
9437,1138420
9438,711084
9439,1109035
9440,659974
9441,659397
9442,655335
9443,656945
9444,658964
9445,1135993
9446,671708
9447,1069301
9448,1110066
9449,770553
9450,989705
9451,656653
9452,651915
9453,657221
9454,658890
9455,659248
9456,1137052
9457,659718
9458,1138321
9459,722175
9460,983529
9461,699720
9462,652232
9463,662207
9464,656295
9465,661667
9466,1171731
9467,991835
9468,964906
9469,7036817
9470,1508495
9471,721371
9472,674674
9473,666326
9474,645697
9475,1076858
9476,717544
9477,1052121
9478,668304
9479,967469
9480,691694
9481,623819
9482,624475
9483,624833
9484,1018414
9485,634808
9486,1073887
9487,641932
9488,1045590
9489,700058
9490,644704
9491,1177421
9492,657691
9493,666166
9494,1091665
9495,1089737
9496,695431
9497,659550
9498,655953
9499,992383
9500,1076808
9501,1041902
9502,702917
9503,661358
9504,655784
9505,1068914
9506,634091
9507,659212
9508,658754
9509,656434
9510,3361456
9511,771015
9512,667254
9513,1302083
9514,741959
9515,1197923
9516,1004030
9517,672062
9518,663851
9519,657270
9520,1205120
9521,677163
9522,1176416
9523,676730
9524,1099036
9525,651280
9526,664353
9527,677373
9528,655129
9529,662351
9530,1185764
9531,678094
9532,680804
9533,1129071
9534,727445
9535,1056228
9536,745120
9537,664576
9538,663406
9539,652842
9540,1058614
9541,720374
9542,1011455
9543,738754
9544,770302
9545,716897
9546,703268
9547,700519
9548,699893
9549,1187380
9550,725071
9551,702819
9552,1151040
9553,754978
9554,1207238
9555,723757
9556,712946
9557,717552
9558,709102
9559,1163676
9560,772728
9561,1158670
9562,751382
9563,1009494
9564,1124259
9565,761373
9566,711092
9567,711821
9568,1184404
9569,718128
9570,1153771
9571,774129
9572,1101866
9573,1144208
9574,732343
9575,718257
9576,722607
9577,752075
9578,1299973
9579,1394208
9580,835865
9581,755947
9582,1159453
9583,836301
9584,757900
9585,751498
9586,11749132
9587,1484030
9588,1455861
9589,915025
9590,857928
9591,871750
9592,1327191
9593,805141
9594,1319515
9595,804935
9596,1811203
9597,882957
9598,829964
9599,817905
9600,823203
9601,1489004
9602,1418512
9603,804358
9604,1256123
9605,795031
9606,1410144
9607,868010
9608,1369302
9609,1615944
9610,853511
9611,872006
9612,1432076
9613,1335625
9614,1088707
9615,2409326
9616,1820753
9617,867936
9618,1861167
9619,1609887
9620,3964160
9621,3880934
9622,2394901
9623,1634286
9624,1042158
9625,836746
9626,807819
9627,798731
9628,1640482
9629,823756
9630,1448791
9631,792146
9632,799904
9633,917513
9634,852205
9635,1255583
9636,904950
9637,1672252
9638,857314
9639,1733893
9640,953885
9641,941055
9642,989512
9643,1816938
9644,945138
9645,1698897
9646,1578116
9647,916071
9648,901408
9649,924323
9650,1540916
9651,893896
9652,1569662
9653,1063921
9654,1025538
9655,1845840
9656,4020568
9657,1316000
9658,2607696
9659,1170957
9660,1021981
9661,1921482
9662,997694
9663,16890124
9664,7919910
9665,2147539
9666,1008793
9667,1630512
9668,943597
9669,1051218
9670,933020
9671,1551443
9672,1534324
9673,979903
9674,908180
9675,1986229
9676,1004048
9677,932753
9678,1450093
9679,1435281
9680,915152
9681,918226
9682,6710860
9683,1508886
9684,983335
9685,1578607
9686,936140
9687,892471
9688,856519
9689,1582978
9690,1372800
9691,862370
9692,1596855
9693,876344
9694,858377
9695,854545
9696,855106
9697,856972
9698,1329927
9699,964119
9700,854706
9701,1034655
9702,861516
9703,1276731
9704,837739
9705,1371568
9706,879348
9707,1305906
9708,800741
9709,798907
9710,792439
9711,1405604
9712,786510
9713,783066
9714,1403935
9715,780334
9716,878120
9717,796044
9718,800474
9719,794573
9720,1420094
9721,855122
9722,793242
9723,1723185
9724,862522
9725,804275
9726,809035
9727,800420
9728,790321
9729,1656238
9730,823121
9731,879662
9732,932477
9733,1372816
9734,802624
9735,795158
9736,787367
9737,807428
9738,1266781
9739,810072
9740,1395040
9741,1380323
9742,793250
9743,792171
9744,791017
9745,790506
9746,10799364
9747,1688786
9748,1512195
9749,853272
9750,816962
9751,876221
9752,1442071
9753,863334
9754,793725
9755,1464476
9756,799278
9757,799896
9758,792101
9759,795088
9760,1331038
9761,794314
9762,804325
9763,1470376
9764,1414355
9765,1213752
9766,809628
9767,808817
9768,1350085
9769,786547
9770,791903
9771,1811557
9772,4302750
9773,1448119
9774,789633
9775,766169
9776,1236770
9777,856292
9778,1264676
9779,1373731
9780,809661
9781,753199
9782,756854
9783,748527
9784,1216710
9785,797111
9786,1814499
9787,1388675
9788,790193
9789,797609
9790,791784
9791,1310628
9792,792537
9793,796596
9794,1283394
9795,944627
9796,1460104
9797,857071
9798,850734
9799,841794
9800,839573
9801,1423584
9802,851105
9803,1400544
9804,1265579
9805,862451
9806,899372
9807,793560
9808,791676
9809,1356155
9810,1294007
9811,796789
9812,1232350
9813,1738306
9814,857693
9815,791326
9816,1371210
9817,866221
9818,1248488
9819,795685
9820,799695
9821,1364239
9822,1409255
9823,802957
9824,801585
9825,1326275
9826,774162
9827,803291
9828,792369
9829,1257775
9830,795628
9831,1358792
9832,1222301
9833,1319935
9834,12167454
9835,942580
9836,856980
9837,1995248
9838,960312
9839,1385003
9840,811054
9841,810432
9842,800197
9843,1498401
9844,799769
9845,1297665
9846,799266
9847,778707
9848,1303273
9849,744102
9850,750159
9851,1285446
9852,740645
9853,2322503
9854,746858
9855,733723
9856,1306701
9857,862217
9858,1159470
9859,839054
9860,799085
9861,1262505
9862,952117
9863,806364
9864,1269172
9865,887980
9866,1447394
9867,799167
9868,1281791
9869,908250
9870,1314978
9871,994802
9872,1498141
9873,836042
9874,855286
9875,860255
9876,1391324
9877,1453500
9878,917978
9879,1541386
9880,1578150
9881,961787
9882,919564
9883,910413
9884,1401504
9885,856102
9886,916450
9887,1450925
9888,847499
9889,908881
9890,858781
9891,1342228
9892,848257
9893,1435297
9894,1372417
9895,843247
9896,849878
9897,842404
9898,850771
9899,1310302
9900,852110
9901,1346114
9902,1847555
9903,907122
9904,791524
9905,789357
9906,789357
9907,783972
9908,1428310
9909,809670
9910,801401
9911,1748623
9912,837101
9913,802591
9914,791821
9915,792575
9916,1347795
9917,801779
9918,858611
9919,875760
9920,1387394
9921,801874
9922,790189
9923,794260
9924,1319148
9925,795047
9926,1301790
9927,919671
9928,1122038
9929,879703
9930,809311
9931,798430
9932,1209096
9933,1800272
9934,833924
9935,774648
9936,1301667
9937,1349014
9938,840149
9939,758007
9940,1268808
9941,1302412
9942,833982
9943,742416
9944,739874
9945,1169827
9946,738544
9947,1231909
9948,733608
9949,1298024
9950,743632
9951,740905
9952,747921
9953,753249
9954,1294217
9955,764163
9956,1106975
9957,1397566
9958,738016
9959,796810
9960,754068
9961,751366
9962,1237356
9963,756537
9964,757423
9965,1082633
9966,1668640
9967,764670
9968,756779
9969,754922
9970,807420
9971,1139412
9972,748643
9973,1172608
9974,1634723
9975,795929
9976,751415
9977,751630
9978,739591
9979,1200064
9980,730102
9981,797935
9982,1093511
9983,3092442
9984,874280
9985,747608
9986,737362
9987,740303
9988,734391
9989,1257351
9990,821461
9991,1185310
9992,739673
9993,1286723
9994,760162
9995,742108
9996,715244
9997,696712
9998,1226128
9999,706449
