iteration,latency_ns
0,1797190
1,1714636
2,1765284
3,939053
4,930042
5,920611
6,1613314
7,944594
8,1598961
9,1510275
10,976892
11,923758
12,911172
13,1656951
14,1746665
15,1690863
16,1020194
17,999387
18,1006317
19,1004995
20,1693788
21,1594070
22,1918280
23,989837
24,1004199
25,1632172
26,1017866
27,971923
28,1010491
29,1690534
30,970056
31,929823
32,1539400
33,942645
34,1607073
35,1019806
36,922782
37,1580057
38,920232
39,1026403
40,1501829
41,1723461
42,1018199
43,1486107
44,1553071
45,7908720
46,1085888
47,1954792
48,1889493
49,1016453
50,14155026
51,1087652
52,1880124
53,1228712
54,949542
55,1595499
56,1597798
57,912763
58,1406560
59,1010449
60,1682537
61,1003915
62,1719477
63,996256
64,928340
65,925666
66,1000199
67,1677638
68,923821
69,1579995
70,968964
71,924653
72,929338
73,1430979
74,1561830
75,932810
76,1458897
77,8794269
78,1290435
79,985885
80,1870755
81,1622688
82,1758701
83,955953
84,926577
85,920734
86,1608086
87,1025080
88,1533298
89,1024742
90,920920
91,915329
92,905169
93,1555625
94,915444
95,1411195
96,2427932
97,934602
98,922342
99,928484
100,1632881
101,930528
102,1723284
103,1700430
104,910995
105,3167217
106,2589955
107,1008735
108,1710669
109,1743448
110,912491
111,928641
112,1484801
113,968354
114,929897
115,1568319
116,1514589
117,1048095
118,921740
119,919506
120,1479802
121,1295429
122,13069711
123,1942816
124,1156120
125,970402
126,941714
127,1731417
128,934125
129,1617946
130,1576357
131,1029716
132,1049322
133,1639712
134,1487491
135,923664
136,1643511
137,1021306
138,914558
139,921620
140,1666102
141,1450958
142,1039121
143,1618729
144,903924
145,925160
146,910776
147,1550145
148,1014702
149,919037
150,2148977
151,920656
152,923129
153,996977
154,1614151
155,3292831
156,1977288
157,1141390
158,1009053
159,997611
160,930812
161,1707850
162,1618605
163,894061
164,1494343
165,989956
166,935196
167,928349
168,1514696
169,924636
170,2097426
171,1110939
172,1518194
173,921938
174,922465
175,1425908
176,933206
177,1532276
178,1375771
179,1079008
180,1440596
181,918526
182,917756
183,907068
184,1646362
185,1482234
186,1510979
187,1072465
188,918876
189,919078
190,1438136
191,929765
192,1539008
193,898449
194,1604572
195,996540
196,1045784
197,921097
198,1626479
199,1499620
200,919338
201,1460550
202,1007203
203,923664
204,13167752
205,1271400
206,999799
207,6469764
208,3032923
209,3328598
210,1459482
211,2975732
212,1635233
213,2820301
214,2222809
215,1612021
216,2798778
217,2648011
218,1421281
219,2209225
220,1527048
221,2944637
222,1703685
223,1732394
224,5609558
225,1929895
226,1530558
227,2864131
228,5055553
229,1173853
230,1012716
231,2307794
232,2115068
233,1977132
234,1220422
235,927405
236,931398
237,2173532
238,1232317
239,1777228
240,991436
241,1026172
242,923948
243,1771725
244,951907
245,1038520
246,1079420
247,1730906
248,1025397
249,1113188
250,1673506
251,1682545
252,1036810
253,17747574
254,1359101
255,2051614
256,1205112
257,1055124
258,1957746
259,2190301
260,1046521
261,1698061
262,2070337
263,1982933
264,1156771
265,1306611
266,2024022
267,1992318
268,1256815
269,1989410
270,1337659
271,2302834
272,2206609
273,1258030
274,2503470
275,1163359
276,1100206
277,2120264
278,1935012
279,1082750
280,2942503
281,1382634
282,2268554
283,1375111
284,2011535
285,1358866
286,3490554
287,2464304
288,1203303
289,2080093
290,2727682
291,1089070
292,1217052
293,1094524
294,1854291
295,1101648
296,1890024
297,1816798
298,1028941
299,1233681
300,1036469
301,1792922
302,1104252
303,997471
304,1936104
305,1025011
306,1011254
307,1735084
308,1129174
309,1854493
310,1088249
311,1679949
312,1062054
313,1090136
314,1800244
315,1080833
316,18435536
317,1815134
318,6605216
319,2059283
320,1064126
321,1033448
322,1013688
323,1707826
324,1820865
325,1676377
326,1195051
327,1117790
328,1111186
329,1976023
330,1114903
331,2617605
332,1088097
333,1185809
334,1085386
335,1137114
336,1821400
337,1767102
338,1110082
339,1096296
340,1187218
341,1719547
342,1795707
343,1197679
344,2062108
345,1105839
346,1086173
347,2152302
348,1060588
349,2823223
350,1220175
351,1188533
352,1924855
353,2309829
354,1300385
355,2224164
356,1215882
357,2271773
358,1343090
359,1341409
360,3029701
361,2051598
362,1464835
363,2253190
364,1453739
365,2677762
366,1350366
367,2320541
368,1923034
369,1563058
370,2067601
371,1187564
372,1976554
373,1175237
374,1798084
375,2259375
376,17510071
377,1209714
378,2284557
379,1307830
380,1850484
381,2023293
382,1026650
383,1781205
384,2027179
385,1579863
386,1084933
387,1017598
388,1014450
389,1650523
390,1026873
391,1094545
392,1600477
393,1130234
394,998193
395,1515071
396,991007
397,1746155
398,1122887
399,2024014
400,999070
401,979627
402,1557450
403,1704134
404,1421648
405,990413
406,1977823
407,1000941
408,1662743
409,1295742
410,995119
411,1605005
412,2005399
413,1088967
414,1685169
415,961074
416,981419
417,989672
418,1652299
419,1569699
420,1998988
421,1637475
422,1008777
423,1006095
424,1679406
425,997542
426,1886786
427,1130761
428,1007368
429,1002650
430,1648455
431,1000619
432,6453898
433,2347071
434,1034025
435,1020309
436,1727783
437,1042656
438,1872856
439,1725863
440,1601663
441,1017454
442,13396450
443,1114750
444,2642486
445,1058548
446,1711056
447,937949
448,919931
449,1506472
450,1711377
451,1216125
452,928151
453,1572349
454,1718753
455,939291
456,1675788
457,1009061
458,915700
459,995794
460,1618118
461,1708081
462,922090
463,1525725
464,998996
465,916248
466,917348
467,1890082
468,927578
469,921547
470,1567121
471,1604778
472,1229322
473,923079
474,1559856
475,974329
476,920962
477,1743542
478,1508536
479,966860
480,923664
481,1575328
482,928571
483,934026
484,1755812
485,1035454
486,1015694
487,910088
488,1698049
489,933120
490,918448
491,909548
492,1949412
493,917628
494,914307
495,1675071
496,923412
497,986207
498,987142
499,1681354
500,1904671
501,1057918
502,1948023
503,1013696
504,1008435
505,1973016
506,1008583
507,2179046
508,972429
509,1088324
510,2366695
511,981176
512,1560606
513,987637
514,1804545
515,927722
516,926609
517,1574717
518,923177
519,1648080
520,1646267
521,1077570
522,1207910
523,15846029
524,1190634
525,1555753
526,1088290
527,1948250
528,1011587
529,1812312
530,984620
531,1674180
532,1547352
533,1101837
534,1097878
535,1661990
536,991048
537,998823
538,1539449
539,1506604
540,989935
541,1763723
542,921204
543,939374
544,1495463
545,922016
546,914056
547,1558852
548,1553293
549,1009997
550,931179
551,917504
552,920701
553,1633808
554,2101134
555,2881596
556,1180857
557,917731
558,1803960
559,932551
560,1534122
561,1034614
562,1541073
563,927096
564,5371507
565,1941550
566,1121362
567,2241337
568,1117617
569,1092979
570,927640
571,1475827
572,923932
573,907134
574,2691882
575,998744
576,1012642
577,924987
578,1566049
579,929473
580,1388259
581,1574969
582,1053485
583,918184
584,1584861
585,934014
586,922309
587,2004336
588,1606570
589,921068
590,940804
591,939604
592,928484
593,18315887
594,2041529
595,1039999
596,890069
597,875702
598,1442429
599,1031351
600,1947682
601,967440
602,1672562
603,1019510
604,917772
605,1694550
606,921699
607,1537241
608,985069
609,1655830
610,1013478
611,1180457
612,1565764
613,1019790
614,1775506
615,1653836
616,1203204
617,1380859
618,1895830
619,923804
620,1685193
621,934677
622,1655438
623,920961
624,6443168
625,960037
626,874470
627,1719535
628,1604585
629,948253
630,1035228
631,945863
632,1595907
633,959298
634,1619968
635,1027639
636,1672759
637,1008217
638,997789
639,1690760
640,1540924
641,1071695
642,1006441
643,1619577
644,982346
645,1447559
646,1697195
647,1020008
648,919428
649,1448564
650,1535585
651,916968
652,911361
653,1435095
654,1742640
655,988696
656,914006
657,1630330
658,1628168
659,917299
660,1530180
661,15310923
662,1156203
663,2126835
664,1943614
665,2426461
666,2963260
667,2184924
668,2021831
669,1078357
670,1160380
671,1105957
672,1620957
673,3355403
674,3693135
675,1095109
676,947824
677,1728286
678,971115
679,1538497
680,1895071
681,1175888
682,1011286
683,929790
684,920434
685,5322951
686,3973962
687,2040009
688,973336
689,940503
690,944771
691,973678
692,920038
693,1434840
694,2060485
695,930672
696,919144
697,920751
698,1726597
699,1553813
700,1972822
701,1021776
702,925889
703,913660
704,1523666
705,919021
706,987834
707,1909763
708,1884870
709,1118260
710,999873
711,1623046
712,1739802
713,2227308
714,1712605
715,1163726
716,1883029
717,997492
718,1784410
719,1705312
720,924216
721,921279
722,920936
723,1507749
724,15746566
725,2213654
726,1103020
727,1810045
728,1758899
729,1027012
730,1003899
731,1768049
732,1242395
733,1081118
734,1893518
735,1238464
736,1093251
737,1860660
738,1784809
739,2071123
740,1191470
741,1147777
742,996115
743,1769643
744,1612144
745,914274
746,1493271
747,1063224
748,1016795
749,929432
750,1660935
751,1632061
752,928291
753,1460290
754,983953
755,922267
756,925822
757,1588232
758,3764537
759,1352739
760,1861822
761,942378
762,927396
763,1743905
764,1137007
765,1485934
766,962715
767,1785324
768,1777019
769,1877121
770,929840
771,933346
772,1803341
773,1601951
774,1079634
775,1379536
776,1081752
777,1064101
778,914732
779,1720037
780,1032793
781,991670
782,1582920
783,927314
784,925667
785,1610871
786,936518
787,1580342
788,904984
789,1444354
790,1009630
791,933322
792,927413
793,1579180
794,2108859
795,1467059
796,1037642
797,918844
798,905219
799,915601
800,14579042
801,1388374
802,2011069
803,998526
804,936519
805,928241
806,1858753
807,1019494
808,1883070
809,6815110
810,2121829
811,1015254
812,947597
813,1793297
814,1166186
815,1692169
816,925366
817,923965
818,1691514
819,1699215
820,1025129
821,1587750
822,1640928
823,1017413
824,1012794
825,1013890
826,2332350
827,1432917
828,1083462
829,1899818
830,1008559
831,1859528
832,1725485
833,994562
834,1839763
835,1013721
836,1000273
837,1640462
838,1101809
839,1657355
840,1711550
841,992239
842,989939
843,980975
844,1685573
845,1660168
846,1604658
847,1056566
848,991551
849,1611456
850,1026777
851,1587593
852,2246643
853,1086099
854,1154908
855,990768
856,1649064
857,995069
858,1636198
859,2001423
860,1015740
861,986079
862,1768106
863,1442974
864,991877
865,1747824
866,991185
867,1005102
868,999502
869,1754045
870,1018133
871,1535123
872,15708834
873,1766752
874,1484718
875,1834440
876,1814907
877,1107915
878,1118091
879,1014054
880,1768667
881,1682590
882,987402
883,1470945
884,985544
885,1573251
886,933638
887,1620640
888,1573078
889,1298407
890,914966
891,1833134
892,1149157
893,2006087
894,1191537
895,1006684
896,1886337
897,1016794
898,1565184
899,1941679
900,1149338
901,1140472
902,1660280
903,1003083
904,1000475
905,1724421
906,1700813
907,1014701
908,1007723
909,1095764
910,1631645
911,1516105
912,1065317
913,1692301
914,1004722
915,994682
916,1607204
917,1001517
918,1672191
919,1543129
920,1085604
921,1013248
922,1863495
923,1011170
924,2180788
925,2071247
926,1081654
927,990203
928,992844
929,1087293
930,1083569
931,1102760
932,1578368
933,1659085
934,7153812
935,15652282
936,2821838
937,1326049
938,1132116
939,1973943
940,2110775
941,1966242
942,1130839
943,1113460
944,1860286
945,1098274
946,1829369
947,1996010
948,1014735
949,1002230
950,997146
951,1659164
952,1004455
953,1898446
954,1010075
955,992597
956,994365
957,1609483
958,1006770
959,1904251
960,1124296
961,996944
962,992515
963,1621403
964,1000948
965,995119
966,1781439
967,1675516
968,1836047
969,1001196
970,1001954
971,1814973
972,1662723
973,1700936
974,1113786
975,1174800
976,4209647
977,1906604
978,1691889
979,1083310
980,1772516
981,1011781
982,1895768
983,1725542
984,998975
985,1708526
986,1095262
987,1182283
988,1691213
989,1781348
990,1552098
991,1103329
992,1897725
993,1008599
994,1001361
995,1093355
996,976813
997,1005435
998,1338294
999,1101574
1000,1000096
1001,1087697
1002,1093606
1003,979619
1004,1004599
1005,1006885
1006,1001950
1007,1062623
1008,1000150
1009,1095983
1010,974782
1011,1100861
1012,998027
1013,999721
1014,1131849
1015,1974796
1016,2128430
1017,1198718
1018,1104165
1019,994694
1020,989074
1021,1044499
1022,1077402
1023,960753
1024,998526
1025,1001863
1026,995461
1027,998798
1028,1095402
1029,1145960
1030,973500
1031,1000088
1032,998312
1033,995053
1034,988799
1035,988642
1036,1162077
1037,1038433
1038,1166119
1039,1208721
1040,1008007
1041,1013989
1042,1005184
1043,1081444
1044,964102
1045,1054263
1046,993763
1047,1100045
1048,996775
1049,1002765
1050,1088950
1051,970410
1052,1001979
1053,1055915
1054,1005733
1055,991963
1056,979903
1057,1074089
1058,1071893
1059,964470
1060,999029
1061,1049241
1062,993731
1063,995395
1064,989091
1065,1014986
1066,1074262
1067,1039138
1068,990632
1069,1053661
1070,991102
1071,991085
1072,997846
1073,1171278
1074,1062264
1075,1093437
1076,1081863
1077,1226788
1078,1089074
1079,1083585
1080,1163293
1081,1056113
1082,1141963
1083,1200114
1084,1271244
1085,1303866
1086,1296532
1087,1170767
1088,1192410
1089,1187124
1090,1154253
1091,1156215
1092,1450295
1093,1124251
1094,1094113
1095,1079161
1096,1074530
1097,1094190
1098,1153887
1099,1171051
1100,1051869
1101,1100416
1102,1095897
1103,1174466
1104,1081167
1105,1149898
1106,1170832
1107,1042722
1108,1015319
1109,989829
1110,985964
1111,986314
1112,1079996
1113,1158164
1114,981164
1115,1017018
1116,1006473
1117,1009329
1118,1011204
1119,1011311
1120,1083157
1121,1040333
1122,1086399
1123,1005679
1124,1003569
1125,1004093
1126,993738
1127,1079313
1128,964688
1129,1057601
1130,988173
1131,1061819
1132,1003696
1133,996659
1134,1075831
1135,966699
1136,1001719
1137,1057888
1138,1000891
1139,997220
1140,995671
1141,1155704
1142,978556
1143,1003503
1144,1255142
1145,1054477
1146,996944
1147,994010
1148,1082053
1149,964613
1150,997472
1151,1073643
1152,992004
1153,1045668
1154,995350
1155,992857
1156,1076203
1157,962804
1158,991996
1159,992029
1160,988515
1161,1141361
1162,984456
1163,981456
1164,1072548
1165,964638
1166,984675
1167,982598
1168,992931
1169,1046077
1170,984472
1171,1170004
1172,976265
1173,999004
1174,997760
1175,1002333
1176,1015018
1177,1065774
1178,1088365
1179,973826
1180,1067880
1181,998122
1182,996322
1183,1003936
1184,17814451
1185,1341969
1186,2250904
1187,1041330
1188,2417318
1189,2379072
1190,1292281
1191,1011270
1192,995803
1193,2263215
1194,1112517
1195,1257635
1196,1024112
1197,1156005
1198,2050424
1199,1004225
1200,2384852
1201,2453106
1202,1091937
1203,1295285
1204,2061400
1205,2414282
1206,1199764
1207,1913447
1208,1002650
1209,2197837
1210,2014999
1211,1102040
1212,1015204
1213,1006693
1214,1985087
1215,1027704
1216,2278294
1217,2022333
1218,1331599
1219,1017346
1220,1700104
1221,1010808
1222,1084517
1223,2358953
1224,999000
1225,988172
1226,1724524
1227,1007405
1228,1652357
1229,1861398
1230,1005564
1231,1004970
1232,988539
1233,995053
1234,1797335
1235,1677943
1236,1099361
1237,1604696
1238,991238
1239,983912
1240,981411
1241,2308239
1242,1589233
1243,978514
1244,986248
1245,1101870
1246,1799082
1247,1532655
1248,980723
1249,2433556
1250,1024796
1251,1002918
1252,1467175
1253,1009428
1254,1013870
1255,14634136
1256,1723219
1257,1047708
1258,1116402
1259,1002081
1260,1704872
1261,1801710
1262,1711031
1263,1004426
1264,997595
1265,1072931
1266,1644933
1267,1145392
1268,1103436
1269,1716371
1270,1011434
1271,998019
1272,1621950
1273,1724228
1274,1056414
1275,990459
1276,1873425
1277,1006181
1278,1640474
1279,1637327
1280,1085617
1281,1677419
1282,1614473
1283,1077821
1284,986393
1285,1622457
1286,985346
1287,994332
1288,1722039
1289,1900914
1290,997212
1291,1541188
1292,1721685
1293,1072264
1294,1882230
1295,1109039
1296,7032627
1297,2180529
1298,1841337
1299,1164385
1300,1036477
1301,1007100
1302,6870085
1303,1203076
1304,1031804
1305,1582719
1306,1273007
1307,1626854
1308,1998103
1309,1133250
1310,1105236
1311,1797158
1312,6521302
1313,14150164
1314,2322717
1315,1163919
1316,2124458
1317,2241440
1318,1137381
1319,1091887
1320,1063759
1321,11083666
1322,2406190
1323,1933603
1324,1056043
1325,1137106
1326,2035217
1327,1163693
1328,1011373
1329,1818261
1330,1154246
1331,1011430
1332,1002564
1333,1629309
1334,1035256
1335,2495436
1336,1095785
1337,2185567
1338,925052
1339,923425
1340,905532
1341,1820201
1342,936486
1343,14338317
1344,1464566
1345,1154694
1346,1690694
1347,5635667
1348,2619071
1349,1038689
1350,1129006
1351,1766434
1352,4903851
1353,1204106
1354,1123789
1355,1447308
1356,1858094
1357,1102690
1358,2567076
1359,964379
1360,14869018
1361,985041
1362,2223645
1363,1961314
1364,949373
1365,991996
1366,1166680
1367,1487145
1368,1017421
1369,1011199
1370,1785732
1371,1668849
1372,1014079
1373,1005502
1374,1102406
1375,1719481
1376,996260
1377,2967677
1378,1073553
1379,1020268
1380,1006515
1381,1702857
1382,999581
1383,1777900
1384,1078658
1385,988642
1386,987088
1387,1577260
1388,982532
1389,990932
1390,1659130
1391,1669344
1392,1007706
1393,1011302
1394,1002334
1395,1515607
1396,6733026
1397,1445705
1398,2007282
1399,1257268
1400,1232997
1401,1840011
1402,1126361
1403,1611803
1404,1782964
1405,932819
1406,934829
1407,920685
1408,1606203
1409,1015933
1410,1615659
1411,1878488
1412,941154
1413,1273737
1414,2055607
1415,1065725
1416,925774
1417,1640816
1418,921175
1419,1066253
1420,2096038
1421,1634665
1422,1537485
1423,1081369
1424,1011661
1425,1004637
1426,1540723
1427,996351
1428,1681573
1429,1555160
1430,13479689
1431,2197573
1432,1005811
1433,952068
1434,1623685
1435,1904070
1436,932770
1437,929321
1438,924937
1439,1611737
1440,1022736
1441,1757246
1442,1119480
1443,1763587
1444,2786064
1445,3450359
1446,1034049
1447,942249
1448,1951538
1449,1099646
1450,3030179
1451,1186526
1452,2281339
1453,1226965
1454,1345125
1455,1907902
1456,1150348
1457,1097062
1458,3186574
1459,1077953
1460,4724169
1461,3376469
1462,3110101
1463,2166520
1464,1092699
1465,991921
1466,975557
1467,1736003
1468,1028804
1469,1520588
1470,1376854
1471,955660
1472,944302
1473,948945
1474,1685709
1475,2281640
1476,1722415
1477,1280559
1478,1014751
1479,1613418
1480,997302
1481,1764090
1482,984246
1483,2722869
1484,1331673
1485,1020099
1486,2057498
1487,1752801
1488,1009865
1489,1601181
1490,2100170
1491,1039283
1492,1839895
1493,1011953
1494,18920092
1495,2069043
1496,2845940
1497,4169118
1498,4013955
1499,2287288
1500,13980836
1501,2466863
1502,3005657
1503,4824015
1504,2574220
1505,3159888
1506,3061558
1507,1276291
1508,978128
1509,944553
1510,2168679
1511,2122674
1512,2676650
1513,1073294
1514,1048243
1515,1046813
1516,2020768
1517,2332433
1518,2512884
1519,1181615
1520,1166564
1521,2040693
1522,1891364
1523,2487184
1524,1173260
1525,1015954
1526,1980765
1527,1211333
1528,2249322
1529,1174990
1530,2517800
1531,1141819
1532,1994762
1533,1443694
1534,1196765
1535,1741165
1536,25809833
1537,1629684
1538,1376541
1539,3554877
1540,2441755
1541,1373578
1542,1388910
1543,3326887
1544,3216221
1545,2880743
1546,2207675
1547,1603423
1548,3176385
1549,1533694
1550,20600934
1551,1877314
1552,2142314
1553,2262362
1554,1164364
1555,15720416
1556,15983954
1557,3071986
1558,2070646
1559,1125306
1560,1820980
1561,81943342
1562,1849504
1563,3812643
1564,1647310
1565,2716862
1566,17302447
1567,2785486
1568,1485665
1569,2226657
1570,1924942
1571,1239935
1572,20040573
1573,1939614
1574,41379148
1575,1561986
1576,1287880
1577,145655968
1578,3656187
1579,2731670
1580,1108632
1581,1080969
1582,1202067
1583,6105432
1584,1368940
1585,1906991
1586,1258549
1587,1118845
1588,4858827
1589,4051003
1590,1223130
1591,2284635
1592,2295570
1593,1254788
1594,1208609
1595,2163966
1596,2301622
1597,1310244
1598,15260951
1599,3019018
1600,2628016
1601,1592776
1602,1507465
1603,2982139
1604,2556512
1605,1526813
1606,36295806
1607,2785288
1608,1302544
1609,2119287
1610,1140595
1611,2353923
1612,1856660
1613,1102505
1614,1088575
1615,1081443
1616,1630656
1617,982923
1618,2458025
1619,999119
1620,991831
1621,1614295
1622,989899
1623,1858041
1624,1671354
1625,1212100
1626,1012024
1627,998204
1628,1804034
1629,1722131
1630,928600
1631,1509814
1632,1001863
1633,1024544
1634,1537851
1635,916733
1636,1504441
1637,910558
1638,3741069
1639,1171520
1640,1003425
1641,2637657
1642,1124754
1643,1001192
1644,1808764
1645,1981499
1646,1963213
1647,1075465
1648,1105430
1649,1109880
1650,2063505
1651,1955789
1652,1304963
1653,1110745
1654,1097754
1655,1092810
1656,1826345
1657,1842767
1658,1834473
1659,1180976
1660,1106498
1661,1105352
1662,1102670
1663,1802864
1664,1131506
1665,2247966
1666,1329164
1667,1224176
1668,2020092
1669,2621330
1670,1444547
1671,1316198
1672,1470393
1673,17944280
1674,3160217
1675,2664521
1676,1404294
1677,3205724
1678,1434639
1679,2209571
1680,1453583
1681,2530552
1682,2537333
1683,2048817
1684,3384886
1685,2781754
1686,1487515
1687,1480248
1688,2622191
1689,2614358
1690,1488818
1691,1486057
1692,2570854
1693,2616097
1694,1551534
1695,1349109
1696,2154502
1697,2599110
1698,1461201
1699,2475202
1700,1250421
1701,1997868
1702,2078329
1703,1902607
1704,2051170
1705,1305783
1706,1979340
1707,1085922
1708,1101907
1709,1877273
1710,2083660
1711,1090869
1712,2074761
1713,1524320
1714,6635824
1715,2106267
1716,999301
1717,1708559
1718,1127667
1719,944721
1720,918526
1721,1504177
1722,13948350
1723,2288504
1724,1112085
1725,1791665
1726,1744594
1727,1030148
1728,1014433
1729,1757753
1730,1125709
1731,1703784
1732,1735962
1733,1016861
1734,1046216
1735,2605381
1736,1191672
1737,1962526
1738,2127445
1739,2016475
1740,1095525
1741,1120210
1742,1194684
1743,2120046
1744,1213707
1745,2851334
1746,1194078
1747,1201226
1748,1987658
1749,1312585
1750,2130338
1751,1156923
1752,1183527
1753,2101332
1754,1332118
1755,3236657
1756,1467142
1757,1334763
1758,2169466
1759,2534923
1760,2440185
1761,1335752
1762,1327095
1763,2297477
1764,3367281
1765,1745845
1766,1495851
1767,2427647
1768,3691010
1769,1705625
1770,2578493
1771,1597547
1772,2449208
1773,2112773
1774,1638740
1775,2755743
1776,1338228
1777,2475796
1778,2176660
1779,17332326
1780,1146599
1781,2038088
1782,1148939
1783,1019336
1784,2497459
1785,1004644
1786,981877
1787,928373
1788,1622746
1789,925172
1790,1656522
1791,1019873
1792,923507
1793,921740
1794,919874
1795,1715077
1796,1427206
1797,1579522
1798,1122302
1799,1714686
1800,927429
1801,916919
1802,925984
1803,992976
1804,1903131
1805,1585233
1806,1193588
1807,998859
1808,1616186
1809,992960
1810,1727651
1811,955937
1812,1744733
1813,1884886
1814,996070
1815,992889
1816,992474
1817,2022985
1818,983166
1819,1538045
1820,1062663
1821,1092246
1822,1556441
1823,1081011
1824,8099435
1825,2445549
1826,1398283
1827,2404275
1828,1228234
1829,1216809
1830,2094101
1831,2128607
1832,1329700
1833,1204007
1834,1177997
1835,1856425
1836,1288581
1837,8529306
1838,1946618
1839,2241588
1840,19516002
1841,1972727
1842,2721596
1843,2555560
1844,2780497
1845,2608199
1846,2404365
1847,1664165
1848,2693563
1849,1655426
1850,2220884
1851,10000156
1852,2465026
1853,2271364
1854,1469454
1855,1897107
1856,2243809
1857,1253404
1858,1208569
1859,2420450
1860,1202752
1861,1979900
1862,2071465
1863,1820020
1864,1169469
1865,1179568
1866,2175090
1867,2133180
1868,1136862
1869,991823
1870,1654219
1871,1122611
1872,1788501
1873,987645
1874,996392
1875,984724
1876,993998
1877,1544262
1878,1706388
1879,924751
1880,2566121
1881,905754
1882,1562300
1883,1935865
1884,1005110
1885,993503
1886,1865638
1887,1650659
1888,1730396
1889,1082951
1890,1000256
1891,986599
1892,1620583
1893,1652966
1894,1002358
1895,13323867
1896,1505574
1897,2374470
1898,2003690
1899,1382532
1900,2018869
1901,1107223
1902,2241831
1903,2195930
1904,1209714
1905,2225924
1906,1983044
1907,1321097
1908,2118080
1909,1087945
1910,1080808
1911,1910271
1912,1768918
1913,1956886
1914,1229985
1915,7684661
1916,2359942
1917,1822492
1918,2367190
1919,1358129
1920,2346383
1921,1440394
1922,2754557
1923,1457838
1924,3278889
1925,1324166
1926,1323412
1927,1830300
1928,2123856
1929,1477982
1930,1219680
1931,1222746
1932,2156376
1933,1836941
1934,1184157
1935,1762986
1936,1097478
1937,1098719
1938,1715518
1939,1832916
1940,1114342
1941,1737927
1942,992223
1943,1067937
1944,1005242
1945,1716605
1946,1048462
1947,936889
1948,1485221
1949,994035
1950,929589
1951,1593081
1952,919441
1953,1359417
1954,914460
1955,11757830
1956,1318477
1957,1905483
1958,1082019
1959,961301
1960,1513954
1961,1376558
1962,1019460
1963,1450282
1964,1458383
1965,928954
1966,1131906
1967,928344
1968,1920917
1969,927525
1970,1525454
1971,1566107
1972,925370
1973,926123
1974,916416
1975,2524750
1976,1478241
1977,1414887
1978,960229
1979,910768
1980,919606
1981,1491822
1982,995250
1983,1415875
1984,979557
1985,1583036
1986,927240
1987,962896
1988,1662401
1989,989763
1990,1706462
1991,970498
1992,1711793
1993,989837
1994,1465353
1995,1748565
1996,1723082
1997,1102361
1998,2319956
1999,1085472
2000,1001183
2001,989058
2002,1655277
2003,944821
2004,1001311
2005,1753814
2006,1605347
2007,1005596
2008,1515038
2009,1062269
2010,978630
2011,995032
2012,1695572
2013,1638003
2014,992960
2015,1677148
2016,1054119
2017,1002840
2018,1709762
2019,1815426
2020,2174789
2021,1117432
2022,1104281
2023,1091846
2024,1833777
2025,993870
2026,1626989
2027,1136973
2028,1006980
2029,1005918
2030,996354
2031,1673172
2032,1655509
2033,960741
2034,13894113
2035,1388691
2036,1063603
2037,1912957
2038,1934575
2039,6610782
2040,2009512
2041,1328092
2042,1976753
2043,1325073
2044,1959156
2045,1255311
2046,1199422
2047,1882217
2048,2031578
2049,1275676
2050,2102486
2051,1217872
2052,1958962
2053,1758523
2054,1793116
2055,2092688
2056,1155102
2057,2239883
2058,2048752
2059,1103873
2060,1588446
2061,1668936
2062,1015620
2063,1013144
2064,1008793
2065,1902673
2066,915110
2067,1356032
2068,1018830
2069,930861
2070,1492249
2071,1456867
2072,994270
2073,909594
2074,1907551
2075,1004954
2076,932695
2077,1743024
2078,1513415
2079,973348
2080,918291
2081,1987534
2082,1000100
2083,924752
2084,1559704
2085,1438989
2086,977476
2087,917295
2088,2051158
2089,996112
2090,922844
2091,1543223
2092,1467282
2093,1039793
2094,924736
2095,2063950
2096,986907
2097,928518
2098,1442121
2099,1433790
2100,907126
2101,853742
2102,1796395
2103,929099
2104,868141
2105,1347877
2106,10633234
2107,1840048
2108,1041313
2109,1346995
2110,1069990
2111,7990594
2112,981127
2113,1933504
2114,882035
2115,1503778
2116,982655
2117,870197
2118,860428
2119,1387677
2120,850471
2121,1463422
2122,3509359
2123,1063533
2124,869745
2125,856045
2126,1564327
2127,2172915
2128,1124218
2129,924265
2130,1731903
2131,926157
2132,1574676
2133,1411751
2134,980298
2135,932567
2136,2058483
2137,997612
2138,917393
2139,1414932
2140,1488027
2141,943625
2142,846309
2143,1513642
2144,1618485
2145,857170
2146,1456664
2147,939164
2148,913319
2149,853086
2150,1344630
2151,907328
2152,1491039
2153,1542807
2154,939362
2155,856890
2156,854829
2157,1413189
2158,835647
2159,852811
2160,1487273
2161,1319062
2162,910525
2163,862336
2164,875669
2165,868570
2166,1401909
2167,1329667
2168,1018777
2169,1326186
2170,849559
2171,916936
2172,854928
2173,1258615
2174,1286979
2175,1334713
2176,1446171
2177,806719
2178,792340
2179,790466
2180,790906
2181,1313083
2182,813946
2183,14089339
2184,2134717
2185,860870
2186,825762
2187,811297
2188,1566198
2189,804198
2190,806113
2191,1833509
2192,942834
2193,773367
2194,759363
2195,741774
2196,759750
2197,1176156
2198,758469
2199,742285
2200,1688794
2201,815462
2202,757331
2203,758168
2204,758864
2205,1234068
2206,737576
2207,1161859
2208,1688296
2209,1217028
2210,1143817
2211,764076
2212,748358
2213,745565
2214,1221658
2215,1314010
2216,828651
2217,744501
2218,1175443
2219,838225
2220,750117
2221,748680
2222,1228238
2223,743294
2224,1248270
2225,744860
2226,752190
2227,1159514
2228,1412760
2229,769210
2230,748049
2231,1214192
2232,808932
2233,1245629
2234,742375
2235,745079
2236,1127032
2237,1278141
2238,763874
2239,1690208
2240,1172724
2241,739430
2242,745919
2243,1200242
2244,812343
2245,1077566
2246,758053
2247,1120461
2248,1198565
2249,748395
2250,702530
2251,700693
2252,695913
2253,1082053
2254,757130
2255,1029180
2256,1142148
2257,818976
2258,1164335
2259,695818
2260,776461
2261,705378
2262,701747
2263,1059310
2264,691669
2265,1196315
2266,768736
2267,1177177
2268,691743
2269,694554
2270,694117
2271,695876
2272,757883
2273,1263156
2274,1096708
2275,750562
2276,1074996
2277,755053
2278,703655
2279,705546
2280,749371
2281,739129
2282,1269645
2283,1428059
2284,748494
2285,1138589
2286,1292273
2287,750574
2288,743113
2289,1096650
2290,802566
2291,10816343
2292,2147061
2293,1114878
2294,893847
2295,866402
2296,860227
2297,1425875
2298,847413
2299,1464900
2300,1259299
2301,918704
2302,1458700
2303,852370
2304,847487
2305,853396
2306,1371143
2307,1416469
2308,916116
2309,1868567
2310,856168
2311,922754
2312,867935
2313,864714
2314,1583082
2315,849935
2316,1419649
2317,1395086
2318,804676
2319,810991
2320,1377979
2321,1391353
2322,811569
2323,807118
2324,1730083
2325,850191
2326,828778
2327,1409432
2328,929419
2329,1391328
2330,855893
2331,846787
2332,1373970
2333,1363319
2334,817979
2335,1373488
2336,878891
2337,1248908
2338,883592
2339,804189
2340,1754264
2341,857549
2342,802999
2343,1391579
2344,879595
2345,799897
2346,792035
2347,1488434
2348,798063
2349,794425
2350,1227447
2351,1397046
2352,777936
2353,787886
2354,780940
2355,785410
2356,784055
2357,1342706
2358,887284
2359,1384299
2360,886188
2361,809051
2362,789171
2363,790416
2364,798813
2365,1491298
2366,854462
2367,1441190
2368,5085399
2369,1781596
2370,942720
2371,936931
2372,913990
2373,1557829
2374,978927
2375,909560
2376,1492357
2377,1008698
2378,12935898
2379,2065306
2380,1944081
2381,1608535
2382,955599
2383,934377
2384,931130
2385,1542330
2386,952361
2387,1709491
2388,1620949
2389,926074
2390,917414
2391,908292
2392,1058589
2393,2632202
2394,932844
2395,921489
2396,1468666
2397,849247
2398,852786
2399,858373
2400,1521271
2401,1403973
2402,915547
2403,842386
2404,1570944
2405,858670
2406,850310
2407,848868
2408,1436212
2409,1327129
2410,903892
2411,1338830
2412,964247
2413,861117
2414,913010
2415,1315572
2416,865055
2417,864372
2418,1354116
2419,1296961
2420,883584
2421,809727
2422,805228
2423,800605
2424,1340613
2425,808239
2426,883394
2427,1344371
2428,1229305
2429,859868
2430,785678
2431,791046
2432,819269
2433,1220637
2434,885257
2435,793968
2436,1282673
2437,859234
2438,1356905
2439,800090
2440,790613
2441,1396853
2442,807559
2443,811268
2444,1277135
2445,1834247
2446,885685
2447,799987
2448,1189830
2449,1203851
2450,750863
2451,756779
2452,1073800
2453,862979
2454,1229619
2455,811989
2456,1242119
2457,1265772
2458,746133
2459,755515
2460,746541
2461,750051
2462,815235
2463,2558811
2464,3009364
2465,867660
2466,773029
2467,755659
2468,1493478
2469,802413
2470,749223
2471,1227282
2472,9739506
2473,1742459
2474,835564
2475,784697
2476,775608
2477,758856
2478,1333375
2479,761934
2480,1335307
2481,742911
2482,846911
2483,754778
2484,744868
2485,1191046
2486,777013
2487,1190338
2488,1329279
2489,1287794
2490,1249745
2491,1441215
2492,2389672
2493,2260252
2494,2163759
2495,1315506
2496,1370559
2497,2334777
2498,2820845
2499,1945621
2500,1149651
2501,1649402
2502,2092338
2503,868422
2504,1543471
2505,1496930
2506,873453
2507,811502
2508,880090
2509,1680786
2510,1591149
2511,961395
2512,884164
2513,1499402
2514,896434
2515,867799
2516,879002
2517,7758827
2518,975528
2519,1759422
2520,1001480
2521,899351
2522,1590411
2523,889847
2524,900295
2525,1608346
2526,1735995
2527,828382
2528,822207
2529,810151
2530,822775
2531,1567486
2532,829495
2533,1375152
2534,916317
2535,824246
2536,836812
2537,2219154
2538,898848
2539,1585739
2540,943189
2541,864754
2542,1509406
2543,859749
2544,861298
2545,918950
2546,958664
2547,14291360
2548,1819901
2549,2262193
2550,988741
2551,2026296
2552,907686
2553,1017754
2554,911897
2555,1755079
2556,1752430
2557,1647948
2558,864359
2559,872780
2560,870963
2561,1480961
2562,1371288
2563,934495
2564,867029
2565,1449680
2566,850763
2567,851208
2568,1346378
2569,1317673
2570,959834
2571,1617962
2572,1340399
2573,919276
2574,863033
2575,859452
2576,1375152
2577,925288
2578,1387026
2579,1532062
2580,960015
2581,854170
2582,852988
2583,1242164
2584,854067
2585,852695
2586,1368733
2587,2580145
2588,900114
2589,870370
2590,1945481
2591,903640
2592,870432
2593,1527316
2594,1543117
2595,946279
2596,1395823
2597,859304
2598,1522043
2599,988692
2600,939823
2601,863440
2602,1418442
2603,953650
2604,954915
2605,1385981
2606,1362282
2607,913974
2608,853124
2609,1338636
2610,919729
2611,1641888
2612,945162
2613,2007052
2614,1129137
2615,931966
2616,1585145
2617,1490457
2618,1049315
2619,1489865
2620,1525944
2621,917888
2622,907439
2623,923540
2624,1605466
2625,1599088
2626,1470150
2627,849181
2628,857232
2629,918650
2630,857986
2631,1357074
2632,13344755
2633,3113142
2634,1067550
2635,904756
2636,871772
2637,1531390
2638,862213
2639,862481
2640,2103648
2641,923998
2642,928262
2643,984584
2644,914139
2645,1564179
2646,1491759
2647,1503848
2648,988547
2649,921003
2650,911126
2651,1633680
2652,943119
2653,1520036
2654,1018925
2655,934091
2656,1479695
2657,932267
2658,918274
2659,1517358
2660,1076631
2661,6239006
2662,1240648
2663,1912648
2664,1223208
2665,1711517
2666,929790
2667,935991
2668,922766
2669,1679112
2670,928315
2671,1579263
2672,1479881
2673,901905
2674,913528
2675,915564
2676,910599
2677,1476548
2678,869819
2679,856964
2680,1390574
2681,854187
2682,907468
2683,860906
2684,860898
2685,1323124
2686,853928
2687,852630
2688,2773085
2689,879867
2690,937648
2691,908514
2692,1453636
2693,882282
2694,870078
2695,1795909
2696,1341978
2697,810984
2698,793160
2699,800824
2700,848987
2701,1318184
2702,801989
2703,1394282
2704,800589
2705,2038261
2706,817687
2707,800869
2708,1261368
2709,899945
2710,1365705
2711,791578
2712,1426571
2713,1505249
2714,999325
2715,854677
2716,10802895
2717,1605239
2718,978972
2719,767698
2720,833270
2721,1438825
2722,754200
2723,748065
2724,1071452
2725,1301546
2726,767162
2727,1236219
2728,819001
2729,1271446
2730,735841
2731,1027779
2732,752520
2733,1208787
2734,842152
2735,1260029
2736,760116
2737,1545370
2738,760476
2739,758588
2740,752458
2741,1283847
2742,752622
2743,1275681
2744,1874822
2745,812768
2746,749095
2747,748601
2748,1364782
2749,761097
2750,1350840
2751,802883
2752,745178
2753,1237656
2754,797441
2755,1375783
2756,746995
2757,741395
2758,1322316
2759,789241
2760,742133
2761,734585
2762,737468
2763,1698889
2764,840677
2765,758312
2766,756393
2767,1265620
2768,722792
2769,790433
2770,734399
2771,750319
2772,822491
2773,1302746
2774,748008
2775,1369536
2776,755366
2777,751798
2778,744267
2779,746055
2780,1323544
2781,1318370
2782,807119
2783,1266992
2784,809414
2785,1162415
2786,715175
2787,720976
2788,1093256
2789,750554
2790,1060938
2791,757801
2792,705905
2793,1192199
2794,687100
2795,706292
2796,702258
2797,703910
2798,1086515
2799,717379
2800,1169980
2801,772288
2802,1231917
2803,686688
2804,707915
2805,701368
2806,709226
2807,716967
2808,1175963
2809,753047
2810,1206599
2811,1693694
2812,1073866
2813,1232704
2814,885780
2815,1289075
2816,755539
2817,1307665
2818,1375289
2819,809277
2820,799401
2821,1232193
2822,797194
2823,10008457
2824,1980345
2825,1544064
2826,780329
2827,801108
2828,808182
2829,794437
2830,1443426
2831,805434
2832,1294811
2833,962710
2834,5402724
2835,808012
2836,751382
2837,751431
2838,1419835
2839,783675
2840,1307212
2841,1183527
2842,856226
2843,760269
2844,751876
2845,763759
2846,1186390
2847,739179
2848,1278915
2849,749029
2850,1167998
2851,1360815
2852,770417
2853,759643
2854,1180700
2855,1497878
2856,1296289
2857,704541
2858,1154789
2859,750562
2860,695588
2861,702213
2862,692814
2863,1119999
2864,699144
2865,1269175
2866,1305732
2867,711047
2868,1360465
2869,721112
2870,719278
2871,715645
2872,713333
2873,1212400
2874,1183736
2875,748786
2876,700825
2877,700981
2878,1203555
2879,714046
2880,775056
2881,706011
2882,1082563
2883,1194305
2884,747336
2885,705785
2886,706374
2887,1173412
2888,812841
2889,1302902
2890,746558
2891,1883028
2892,748342
2893,757681
2894,1331776
2895,1363249
2896,758897
2897,2769068
2898,1559762
2899,795013
2900,986079
2901,2193189
2902,1062981
2903,1532112
2904,1756633
2905,996523
2906,1087261
2907,796991
2908,5429789
2909,16864608
2910,1433208
2911,904365
2912,851942
2913,1655158
2914,820843
2915,1534312
2916,1098735
2917,1749665
2918,913982
2919,806505
2920,1257878
2921,1371663
2922,841793
2923,759449
2924,805483
2925,1416420
2926,1161908
2927,838996
2928,1101586
2929,1362957
2930,750587
2931,753673
2932,740513
2933,751621
2934,1323635
2935,1209948
2936,821423
2937,1084282
2938,1287704
2939,724326
2940,710396
2941,710676
2942,710107
2943,1084801
2944,752412
2945,1422699
2946,707837
2947,1121190
2948,785455
2949,1064963
2950,700413
2951,693659
2952,691517
2953,1270482
2954,709929
2955,783519
2956,755584
2957,1186625
2958,690479
2959,713461
2960,708459
2961,709444
2962,1090240
2963,700429
2964,1159420
2965,782563
2966,1185129
2967,742207
2968,709938
2969,710593
2970,704730
2971,706247
2972,1141815
2973,721351
2974,706523
2975,1476457
2976,764987
2977,701347
2978,702546
2979,705426
2980,2514030
2981,749977
2982,717552
2983,1323767
2984,753240
2985,1178751
2986,652471
2987,660530
2988,668585
2989,663097
2990,768291
2991,1227694
2992,673351
2993,1166717
2994,1063710
2995,1341051
2996,678304
2997,673751
2998,674077
2999,674283
3000,1037741
3001,767429
3002,1092917
3003,664938
3004,660179
3005,661367
3006,1223133
3007,668346
3008,661832
3009,653805
3010,658803
3011,1141691
3012,663785
3013,1132796
3014,662644
3015,1153978
3016,664979
3017,661910
3018,670447
3019,667418
3020,666360
3021,10123363
3022,1397624
3023,872044
3024,1311098
3025,716032
3026,775518
3027,711319
3028,711261
3029,1276999
3030,704248
3031,702856
3032,1347358
3033,755350
3034,1113757
3035,667081
3036,667950
3037,659347
3038,708772
3039,1092704
3040,668350
3041,1073244
3042,1246012
3043,734737
3044,1061205
3045,890465
3046,666463
3047,1092773
3048,677031
3049,672296
3050,669240
3051,1072062
3052,740316
3053,1106480
3054,966278
3055,665132
3056,668981
3057,666409
3058,669491
3059,664073
3060,1185921
3061,664971
3062,1223550
3063,741807
3064,1047473
3065,659080
3066,667909
3067,662932
3068,655062
3069,655355
3070,1206694
3071,663356
3072,662433
3073,1159676
3074,693643
3075,673290
3076,679367
3077,664514
3078,663735
3079,661750
3080,1117308
3081,1082692
3082,1032051
3083,707413
3084,722768
3085,669607
3086,707157
3087,676236
3088,667138
3089,658828
3090,1062268
3091,657600
3092,1217514
3093,681933
3094,1137105
3095,664543
3096,661976
3097,653839
3098,659554
3099,708047
3100,1078307
3101,664386
3102,662466
3103,1120992
3104,708706
3105,659492
3106,710869
3107,1505339
3108,1340354
3109,716810
3110,1221749
3111,1485460
3112,717251
3113,1113378
3114,682930
3115,657741
3116,663171
3117,661490
3118,1113988
3119,668856
3120,1269183
3121,795417
3122,1158365
3123,669248
3124,656488
3125,661449
3126,665519
3127,671749
3128,655166
3129,1164113
3130,661585
3131,1491356
3132,738284
3133,675737
3134,718566
3135,663554
3136,671761
3137,1064044
3138,659157
3139,664786
3140,668981
3141,769181
3142,1120695
3143,785583
3144,715141
3145,1031713
3146,1365594
3147,911337
3148,1123497
3149,724181
3150,719085
3151,1147208
3152,776968
3153,1279064
3154,711005
3155,1235098
3156,780070
3157,715228
3158,748787
3159,712139
3160,1165633
3161,706205
3162,1107704
3163,771867
3164,985869
3165,1025339
3166,716736
3167,666982
3168,663735
3169,670562
3170,724417
3171,1176382
3172,673323
3173,1255875
3174,675419
3175,1102122
3176,634578
3177,654099
3178,663398
3179,657481
3180,1105278
3181,675820
3182,663010
3183,719287
3184,1247652
3185,1172019
3186,668082
3187,671180
3188,663810
3189,655071
3190,660517
3191,1142350
3192,666504
3193,1079976
3194,958796
3195,1360127
3196,677793
3197,668778
3198,673850
3199,675515
3200,673525
3201,675584
3202,1034676
3203,670917
3204,1701715
3205,1216108
3206,686066
3207,673575
3208,670237
3209,671172
3210,1104499
3211,660389
3212,660374
3213,658293
3214,1104598
3215,1838334
3216,673331
3217,763191
3218,673323
3219,674707
3220,1078299
3221,780890
3222,2000369
3223,2005845
3224,1106399
3225,1118821
3226,2404653
3227,2140143
3228,1053785
3229,673414
3230,768448
3231,1278272
3232,678061
3233,946460
3234,1210093
3235,5219780
3236,692378
3237,1253659
3238,790345
3239,1286031
3240,804107
3241,1274664
3242,714363
3243,705361
3244,712122
3245,10825745
3246,1039398
3247,788578
3248,1540966
3249,1251772
3250,784632
3251,837830
3252,758996
3253,920524
3254,1412370
3255,759548
3256,751786
3257,1736353
3258,843021
3259,747748
3260,745634
3261,819615
3262,756360
3263,1245534
3264,757793
3265,752811
3266,1207588
3267,1431684
3268,765621
3269,759623
3270,746426
3271,744048
3272,745297
3273,1243104
3274,1191318
3275,816384
3276,1331508
3277,735680
3278,723514
3279,697202
3280,699984
3281,696102
3282,708554
3283,1314512
3284,1191800
3285,772102
3286,1221691
3287,756100
3288,712715
3289,710564
3290,700491
3291,1264293
3292,758028
3293,1316668
3294,1525375
3295,757105
3296,742878
3297,741094
3298,736451
3299,739359
3300,1276373
3301,831638
3302,1262901
3303,917554
3304,876773
3305,795895
3306,793131
3307,795126
3308,1291264
3309,810740
3310,818951
3311,1393071
3312,792731
3313,800263
3314,802884
3315,858026
3316,1406333
3317,799954
3318,1338459
3319,1790957
3320,836813
3321,810242
3322,1180008
3323,800271
3324,1701591
3325,814853
3326,1949988
3327,929358
3328,800230
3329,799377
3330,799039
3331,1362858
3332,796756
3333,792122
3334,1436530
3335,792603
3336,867523
3337,810291
3338,804968
3339,804474
3340,1376718
3341,811461
3342,873934
3343,1443575
3344,1255934
3345,866131
3346,813126
3347,1280205
3348,799654
3349,1317002
3350,793856
3351,800807
3352,12444036
3353,1167697
3354,868228
3355,817386
3356,1536648
3357,1405909
3358,874998
3359,803365
3360,1473479
3361,798174
3362,879175
3363,792055
3364,1390875
3365,797115
3366,1387822
3367,1684168
3368,1185521
3369,1426419
3370,866469
3371,1298457
3372,1301757
3373,754501
3374,799851
3375,1315992
3376,794965
3377,1379875
3378,804717
3379,801355
3380,1488566
3381,801425
3382,792398
3383,793111
3384,4888195
3385,1876894
3386,1610480
3387,827756
3388,816784
3389,791116
3390,1530385
3391,1187561
3392,747880
3393,1449256
3394,839590
3395,1249242
3396,744184
3397,745605
3398,1130320
3399,796213
3400,1174203
3401,806105
3402,1286443
3403,827658
3404,1142091
3405,806657
3406,760586
3407,4752919
3408,1173437
3409,1610027
3410,876658
3411,1172196
3412,753463
3413,748024
3414,741951
3415,1322312
3416,758258
3417,1370348
3418,819780
3419,748761
3420,738593
3421,746018
3422,826525
3423,1259476
3424,769618
3425,1313260
3426,848604
3427,1252568
3428,950037
3429,884771
3430,752737
3431,751032
3432,861063
3433,760389
3434,1431425
3435,736356
3436,1726807
3437,835556
3438,789550
3439,11498198
3440,1008093
3441,928056
3442,2098085
3443,1445202
3444,969356
3445,872513
3446,868034
3447,1563638
3448,952538
3449,1606018
3450,1461704
3451,1571446
3452,940206
3453,927965
3454,1512002
3455,1512620
3456,994406
3457,919395
3458,1605726
3459,922947
3460,920557
3461,1295631
3462,916590
3463,1474216
3464,1516979
3465,981275
3466,1627063
3467,926190
3468,919565
3469,1455124
3470,1580107
3471,905469
3472,1453261
3473,992408
3474,1604806
3475,920466
3476,1524246
3477,1590394
3478,912370
3479,1018591
3480,2103544
3481,1705250
3482,939057
3483,1459561
3484,977064
3485,926296
3486,912741
3487,2577034
3488,1456714
3489,1616235
3490,1884380
3491,1713181
3492,1960247
3493,1036484
3494,1823542
3495,3963797
3496,4235790
3497,3170390
3498,1644046
3499,1704929
3500,2823399
3501,4547499
3502,1776025
3503,2822679
3504,1187828
3505,1130752
3506,1133431
3507,18065818
3508,1432571
3509,3902618
3510,1247022
3511,2325004
3512,1253107
3513,2048602
3514,2257298
3515,2731171
3516,1320685
3517,1165349
3518,1102633
3519,1981450
3520,2135681
3521,1263262
3522,1133834
3523,1099954
3524,2086421
3525,1048412
3526,1860038
3527,2044450
3528,1036728
3529,1051058
3530,8933092
3531,1990122
3532,1264297
3533,1871533
3534,1044861
3535,4655359
3536,1428788
3537,1117506
3538,1036579
3539,1868015
3540,2173953
3541,1027841
3542,1900102
3543,1025781
3544,1509043
3545,1680534
3546,939740
3547,1050114
3548,924752
3549,1756323
3550,930993
3551,1358165
3552,1889901
3553,934343
3554,933433
3555,1076882
3556,915564
3557,915152
3558,1486980
3559,1576040
3560,977592
3561,1044869
3562,2008890
3563,994901
3564,1576905
3565,1124551
3566,1788645
3567,17139905
3568,2053041
3569,1255851
3570,1778671
3571,1668812
3572,1230228
3573,1059672
3574,1027420
3575,1731870
3576,1006111
3577,2420651
3578,1018311
3579,1017046
3580,1790384
3581,1000668
3582,1751404
3583,1631344
3584,1096494
3585,1073727
3586,1094079
3587,1194222
3588,2673576
3589,1164900
3590,1848737
3591,1095839
3592,1000273
3593,1606368
3594,1842573
3595,1103531
3596,1753513
3597,1026876
3598,1481925
3599,1363579
3600,991011
3601,930627
3602,2217721
3603,1107697
3604,949390
3605,2170822
3606,4749224
3607,1667915
3608,2258588
3609,1315349
3610,2232326
3611,2361759
3612,2281208
3613,1322151
3614,1399222
3615,2376497
3616,2655885
3617,1601466
3618,1418125
3619,2384576
3620,2419770
3621,2367441
3622,1609356
3623,1538391
3624,2339519
3625,3145945
3626,1755647
3627,18337048
3628,2892481
3629,2413846
3630,5970935
3631,2374478
3632,1344734
3633,1998865
3634,1924106
3635,1236833
3636,1330606
3637,1917700
3638,1252588
3639,2194574
3640,1200407
3641,1255558
3642,2760799
3643,3069967
3644,1693624
3645,991757
3646,847677
3647,1370172
3648,1522058
3649,877717
3650,770050
3651,1272137
3652,805830
3653,1226878
3654,890423
3655,764855
3656,1273270
3657,1179275
3658,5895220
3659,2826769
3660,1480231
3661,1060146
3662,1365194
3663,1122924
3664,1580477
3665,5642251
3666,1174063
3667,858855
3668,810139
3669,1527567
3670,1551451
3671,872216
3672,859172
3673,1601098
3674,1796589
3675,855760
3676,1405295
3677,946246
3678,968354
3679,959150
3680,1488736
3681,944421
3682,1776594
3683,868278
3684,1569514
3685,919251
3686,857524
3687,859374
3688,1368651
3689,13028571
3690,2709821
3691,944121
3692,910405
3693,887391
3694,1602944
3695,1019365
3696,1926257
3697,1821701
3698,941215
3699,932769
3700,929176
3701,1781724
3702,1734561
3703,990492
3704,1802517
3705,1038973
3706,4245121
3707,2271999
3708,1016399
3709,2043119
3710,1817181
3711,1837419
3712,1112307
3713,1004558
3714,999403
3715,1557401
3716,2101764
3717,1080952
3718,1585739
3719,1092674
3720,989202
3721,1544959
3722,1000393
3723,2455566
3724,1822364
3725,1028525
3726,1006416
3727,1043106
3728,1912532
3729,1117716
3730,2396260
3731,1083586
3732,1449520
3733,1093581
3734,1982026
3735,1706478
3736,1967239
3737,1111800
3738,1003186
3739,1004080
3740,1000208
3741,1677708
3742,982700
3743,1574128
3744,1326696
3745,1009968
3746,1605944
3747,1700562
3748,993483
3749,915539
3750,1815727
3751,1257775
3752,945006
3753,1531003
3754,902759
3755,932267
3756,1418463
3757,973216
3758,1839352
3759,923882
3760,1664684
3761,916157
3762,15110040
3763,1504585
3764,2943855
3765,1651417
3766,1136870
3767,1150294
3768,943956
3769,2144032
3770,956855
3771,7398698
3772,2050107
3773,3064318
3774,3169203
3775,1658162
3776,2486598
3777,1617130
3778,2407888
3779,2559124
3780,2648720
3781,2777576
3782,2760700
3783,2391436
3784,1520147
3785,1457596
3786,2663552
3787,3689543
3788,2012379
3789,2796702
3790,4925115
3791,2466949
3792,1160450
3793,1049702
3794,2063835
3795,1900844
3796,1025991
3797,1745636
3798,985622
3799,1047213
3800,1823233
3801,1692910
3802,1026786
3803,1829455
3804,1702024
3805,1113213
3806,1588644
3807,1187585
3808,1299948
3809,2018905
3810,1034553
3811,1039302
3812,1797248
3813,15955884
3814,3921690
3815,1565719
3816,2058010
3817,1186988
3818,1197774
3819,1219648
3820,2290741
3821,2386290
3822,1142259
3823,1092827
3824,1083754
3825,1816320
3826,1011698
3827,1909459
3828,1053402
3829,1039422
3830,1604037
3831,1064060
3832,1588936
3833,1077970
3834,1581870
3835,908131
3836,914777
3837,987353
3838,1393709
3839,929445
3840,920891
3841,1490375
3842,1401447
3843,976875
3844,945858
3845,925872
3846,1669018
3847,1551497
3848,921204
3849,1671178
3850,1068753
3851,1030749
3852,1043506
3853,2040618
3854,1068605
3855,1684296
3856,1795123
3857,1014401
3858,1031149
3859,1018521
3860,1749912
3861,1126191
3862,1913872
3863,1861262
3864,1011747
3865,1042731
3866,1768231
3867,1036633
3868,2126555
3869,1731297
3870,1011109
3871,1779499
3872,1119974
3873,1013046
3874,8107407
3875,1291329
3876,984328
3877,930739
3878,13438822
3879,2237806
3880,989186
3881,951425
3882,1679364
3883,1265686
3884,2089157
3885,2019762
3886,992910
3887,995856
3888,981309
3889,1549770
3890,1536491
3891,1191721
3892,1751169
3893,975301
3894,988354
3895,992914
3896,1698412
3897,1810194
3898,1075943
3899,1690402
3900,987249
3901,1511816
3902,1065737
3903,1057818
3904,1906872
3905,1969505
3906,1070611
3907,1081559
3908,1096415
3909,1822068
3910,1196418
3911,1830262
3912,1180565
3913,1335089
3914,1893556
3915,1230043
3916,2153739
3917,1982001
3918,1100919
3919,1174429
3920,1818635
3921,1112962
3922,2347714
3923,1057123
3924,990398
3925,994962
3926,1738212
3927,1000718
3928,994761
3929,1756471
3930,974765
3931,1013548
3932,932926
3933,1886856
3934,990817
3935,1364910
3936,1899769
3937,907563
3938,908114
3939,913125
3940,1459058
3941,914781
3942,926594
3943,1649844
3944,1358425
3945,922902
3946,923615
3947,923178
3948,915362
3949,1636070
3950,2227345
3951,1165914
3952,992222
3953,984369
3954,996120
3955,1661338
3956,17211327
3957,2760029
3958,986706
3959,927269
3960,997813
3961,1799901
3962,1119883
3963,1872452
3964,1027774
3965,1009259
3966,1007788
3967,1853430
3968,2169709
3969,2128257
3970,1224868
3971,1093861
3972,1856054
3973,1745545
3974,1105051
3975,1968879
3976,1038684
3977,1010367
3978,1004760
3979,1640148
3980,1023911
3981,2158762
3982,921287
3983,1166181
3984,1503815
3985,940585
3986,1467529
3987,1016481
3988,1550833
3989,926342
3990,921353
3991,910858
3992,1005753
3993,1566181
3994,1529871
3995,1036538
3996,1086507
3997,995316
3998,996660
3999,1925424
4000,1023408
4001,1743093
4002,1704669
4003,6947147
4004,1314006
4005,1029212
4006,1897708
4007,1880186
4008,1026670
4009,1016292
4010,1112599
4011,1730548
4012,1013828
4013,1892275
4014,2119703
4015,1098451
4016,1081661
4017,2061248
4018,2081592
4019,1089646
4020,2010220
4021,1168171
4022,1189336
4023,20257261
4024,3395648
4025,1439009
4026,3049177
4027,2145891
4028,2237872
4029,1217534
4030,1219829
4031,1211012
4032,2034516
4033,1821696
4034,1889510
4035,1191795
4036,1083688
4037,1855399
4038,1776685
4039,1156622
4040,980620
4041,1692601
4042,1143921
4043,992717
4044,1683821
4045,953242
4046,1009111
4047,1397871
4048,1384917
4049,905956
4050,1767051
4051,1598594
4052,992127
4053,913455
4054,923001
4055,1499782
4056,924352
4057,1685717
4058,1626256
4059,1238798
4060,925472
4061,923713
4062,1465354
4063,1693422
4064,947198
4065,1599953
4066,1013808
4067,932831
4068,939106
4069,2164579
4070,998600
4071,1452932
4072,985614
4073,1000265
4074,1680971
4075,997360
4076,1499448
4077,1644240
4078,985115
4079,956160
4080,927307
4081,1562901
4082,1072766
4083,948612
4084,1920934
4085,979986
4086,923837
4087,917904
4088,911613
4089,1390833
4090,947153
4091,2807072
4092,1005695
4093,933808
4094,925571
4095,935002
4096,1314472
4097,13033264
4098,3071821
4099,1175118
4100,1041165
4101,1013597
4102,1639502
4103,1025236
4104,1809925
4105,1107898
4106,1011673
4107,1001987
4108,1613105
4109,1026794
4110,2039667
4111,1200188
4112,2051751
4113,1117193
4114,1101640
4115,1735644
4116,1154839
4117,2160888
4118,1173639
4119,1352360
4120,2015881
4121,2068689
4122,1112529
4123,1616511
4124,1076754
4125,7563452
4126,1790660
4127,1215540
4128,2461634
4129,1143182
4130,1014166
4131,1013783
4132,1696623
4133,996161
4134,1643358
4135,1874727
4136,996692
4137,1006886
4138,2043923
4139,1020927
4140,1784344
4141,1363262
4142,1025731
4143,930141
4144,1572892
4145,928039
4146,1440856
4147,1640515
4148,920133
4149,928629
4150,923322
4151,999454
4152,938711
4153,920376
4154,1798303
4155,912466
4156,919614
4157,922428
4158,1518273
4159,1462589
4160,1595866
4161,1713903
4162,935307
4163,920953
4164,925131
4165,921856
4166,1555637
4167,1020132
4168,15059416
4169,2718802
4170,1166664
4171,1047398
4172,1948843
4173,1693104
4174,1728982
4175,1129104
4176,1013622
4177,951396
4178,1575615
4179,1006259
4180,1658615
4181,1553244
4182,952814
4183,921905
4184,915898
4185,958129
4186,1731133
4187,1823551
4188,1848535
4189,991719
4190,998868
4191,1617962
4192,1020795
4193,1002831
4194,2756530
4195,1018249
4196,1003284
4197,998608
4198,1657602
4199,1017231
4200,1781863
4201,1835487
4202,1007289
4203,1015678
4204,1699021
4205,1012250
4206,1575076
4207,1725283
4208,977938
4209,1085209
4210,996561
4211,1648430
4212,1005299
4213,1543434
4214,1594396
4215,985111
4216,995704
4217,1092349
4218,1712263
4219,1026535
4220,1527274
4221,1855614
4222,1023271
4223,999371
4224,1004892
4225,1124218
4226,1902228
4227,1695696
4228,1729608
4229,1150364
4230,2345456
4231,1962275
4232,1164731
4233,1829822
4234,1877273
4235,1855745
4236,1185661
4237,1313022
4238,1198281
4239,1842116
4240,2030438
4241,1272199
4242,22811371
4243,1096366
4244,6898909
4245,1812151
4246,972421
4247,4610191
4248,1694048
4249,1605387
4250,1066607
4251,1619800
4252,1029909
4253,946361
4254,945735
4255,1475584
4256,1544171
4257,1011286
4258,1724347
4259,951508
4260,1007455
4261,1323549
4262,923965
4263,1518981
4264,1385201
4265,987604
4266,1481158
4267,943288
4268,1193806
4269,1516349
4270,981176
4271,917196
4272,1972484
4273,1073223
4274,1010483
4275,1703384
4276,1182216
4277,1678660
4278,1006524
4279,1770014
4280,1016242
4281,994966
4282,1858667
4283,919848
4284,1432356
4285,987686
4286,1637133
4287,930302
4288,932469
4289,7765638
4290,3616972
4291,1656189
4292,2288397
4293,2017784
4294,1070145
4295,1135668
4296,1891471
4297,1139590
4298,1940459
4299,1104190
4300,1698914
4301,20067369
4302,2455224
4303,1490878
4304,2818995
4305,2741970
4306,2363357
4307,1582937
4308,1395910
4309,3734625
4310,1477269
4311,2714287
4312,1373797
4313,1375923
4314,3427773
4315,1500334
4316,1348640
4317,2242746
4318,1548259
4319,4463186
4320,1261191
4321,1243013
4322,2136348
4323,1106576
4324,2132138
4325,1504964
4326,1128441
4327,2066930
4328,1122495
4329,1706593
4330,1806799
4331,1110692
4332,1036826
4333,1886498
4334,1667580
4335,1911115
4336,1039526
4337,1030349
4338,1002643
4339,1897082
4340,1042302
4341,1826229
4342,1704451
4343,1034445
4344,982144
4345,937998
4346,1879279
4347,2829106
4348,1094022
4349,1565455
4350,927899
4351,910340
4352,1438379
4353,1081027
4354,1028232
4355,1754160
4356,1422093
4357,1040143
4358,22555880
4359,6701738
4360,1512187
4361,4968009
4362,1687876
4363,1036728
4364,956922
4365,968923
4366,1955295
4367,1157224
4368,1108516
4369,994765
4370,1013025
4371,1882007
4372,984975
4373,2838673
4374,1164583
4375,1020730
4376,1018661
4377,1843397
4378,1753530
4379,1838910
4380,1041734
4381,1047288
4382,1174030
4383,1994770
4384,1067735
4385,3395183
4386,1192117
4387,1138745
4388,2307295
4389,1853133
4390,1302878
4391,1172831
4392,1102893
4393,1707421
4394,1244121
4395,2010187
4396,1885546
4397,1139463
4398,1086457
4399,1215470
4400,2098749
4401,1344923
4402,2157447
4403,1212326
4404,1144193
4405,1083260
4406,1976563
4407,1807359
4408,1782362
4409,1196616
4410,1996010
4411,1039797
4412,989239
4413,996977
4414,999786
4415,1653680
4416,1878224
4417,1133357
4418,13863332
4419,938946
4420,878878
4421,1785238
4422,1637903
4423,1516414
4424,908539
4425,879966
4426,930602
4427,1466524
4428,1506061
4429,1040016
4430,1616919
4431,903171
4432,929667
4433,1731158
4434,1052837
4435,1642926
4436,1736749
4437,1159123
4438,1020511
4439,1008216
4440,1650004
4441,1064295
4442,1902278
4443,2035068
4444,1119682
4445,1112426
4446,1119645
4447,2212348
4448,1678309
4449,1173144
4450,1103045
4451,1531015
4452,2094172
4453,1025933
4454,1833921
4455,1691926
4456,956711
4457,976941
4458,1599154
4459,938595
4460,1625399
4461,1007627
4462,1664449
4463,974716
4464,1555671
4465,1016202
4466,1686612
4467,983286
4468,910632
4469,1614605
4470,927129
4471,1040287
4472,1805451
4473,1051757
4474,1634616
4475,1077117
4476,1009176
4477,1642893
4478,1016032
4479,7773565
4480,2051981
4481,1157175
4482,1102341
4483,1089531
4484,2087089
4485,2546286
4486,12742608
4487,2831499
4488,1316016
4489,2065121
4490,1062825
4491,2080423
4492,1199265
4493,2202275
4494,2265806
4495,1320520
4496,1948802
4497,1249099
4498,1340873
4499,2266391
4500,2161448
4501,1428228
4502,1332221
4503,2114648
4504,1328579
4505,2036555
4506,1972978
4507,2259124
4508,1190692
4509,1193373
4510,1116266
4511,1802444
4512,2594820
4513,1938601
4514,1087368
4515,1087735
4516,1087611
4517,2249214
4518,1839294
4519,991687
4520,994097
4521,1001476
4522,7647395
4523,1987877
4524,1055124
4525,3186895
4526,968701
4527,948080
4528,1739369
4529,1582702
4530,1046727
4531,1385296
4532,1459058
4533,925934
4534,1393025
4535,999437
4536,924426
4537,1493148
4538,1604287
4539,947383
4540,931414
4541,973760
4542,991201
4543,1827136
4544,1668903
4545,1659933
4546,995494
4547,989318
4548,1059512
4549,14274921
4550,1949259
4551,1205932
4552,1873520
4553,1034828
4554,938076
4555,1465547
4556,925930
4557,1000883
4558,1633083
4559,1582970
4560,922243
4561,924031
4562,915127
4563,1604679
4564,1007681
4565,1784468
4566,1773785
4567,1012682
4568,1578487
4569,1073335
4570,1568105
4571,1106753
4572,2069241
4573,1023234
4574,1006334
4575,1020004
4576,1602705
4577,1504251
4578,1887037
4579,1619684
4580,1022208
4581,1007319
4582,1761255
4583,2012058
4584,1102283
4585,1861633
4586,1171818
4587,1087924
4588,1914662
4589,2001795
4590,1934287
4591,1174524
4592,1200123
4593,2063448
4594,1223112
4595,7974835
4596,1696293
4597,1114535
4598,1856018
4599,1381913
4600,2230291
4601,2344479
4602,1353382
4603,1192851
4604,2968171
4605,1178257
4606,1079894
4607,1081043
4608,1956877
4609,1105772
4610,2007266
4611,1799065
4612,1021805
4613,1016667
4614,14330885
4615,1336053
4616,1787290
4617,1026983
4618,1014672
4619,985457
4620,1135618
4621,1021698
4622,2380996
4623,1019513
4624,1018587
4625,1669545
4626,1016395
4627,1911704
4628,1821520
4629,1122821
4630,1010491
4631,1014216
4632,2016524
4633,1517572
4634,1247953
4635,2061524
4636,1108850
4637,1254731
4638,2644245
4639,2225981
4640,1291930
4641,1203946
4642,2803397
4643,1296030
4644,1143360
4645,1736501
4646,1329114
4647,1846450
4648,1904057
4649,1087846
4650,1851716
4651,1002993
4652,1002993
4653,1723156
4654,1652234
4655,1070422
4656,989869
4657,1829492
4658,1621649
4659,1004978
4660,1963943
4661,1011035
4662,1005135
4663,1637248
4664,1080631
4665,1002485
4666,1660267
4667,1059108
4668,1116835
4669,1529829
4670,1078959
4671,1691691
4672,1726741
4673,1033633
4674,1082992
4675,1906295
4676,1170701
4677,1801158
4678,1100482
4679,1779915
4680,1191697
4681,1214048
4682,2071956
4683,1809534
4684,1926664
4685,20016322
4686,1433686
4687,3097481
4688,1304946
4689,1217262
4690,1210675
4691,2202616
4692,2806384
4693,1362133
4694,2114734
4695,2550987
4696,2389171
4697,1284770
4698,1180688
4699,2281586
4700,1195063
4701,2784040
4702,1198804
4703,1126620
4704,13860703
4705,3647439
4706,1954578
4707,8146153
4708,1799836
4709,3168652
4710,3648729
4711,3463720
4712,4173880
4713,5262913
4714,2105122
4715,3120133
4716,2919892
4717,1654038
4718,1586167
4719,3200145
4720,2851301
4721,24996003
4722,2860893
4723,2025011
4724,2915274
4725,1504614
4726,6195666
4727,2194488
4728,3241700
4729,3264485
4730,3530717
4731,2913420
4732,3411523
4733,1731957
4734,3432037
4735,4121683
4736,2301981
4737,2387226
4738,4497840
4739,1181796
4740,1039451
4741,1798327
4742,1041306
4743,1925919
4744,3503199
4745,1045516
4746,1001637
4747,1746011
4748,1014087
4749,1754754
4750,1026411
4751,1000137
4752,2927626
4753,1047650
4754,1773348
4755,1553911
4756,1019332
4757,919816
4758,917649
4759,1736535
4760,12755347
4761,2719281
4762,1098430
4763,970406
4764,950519
4765,1668104
4766,951669
4767,2623039
4768,1718698
4769,1016827
4770,936741
4771,912313
4772,1053060
4773,922350
4774,1640438
4775,5537991
4776,1239754
4777,1657729
4778,942394
4779,917595
4780,1639024
4781,1611423
4782,1049974
4783,1281528
4784,1615552
4785,925918
4786,910624
4787,1578718
4788,926065
4789,923437
4790,912301
4791,1550112
4792,12274334
4793,2002907
4794,1106168
4795,978190
4796,955425
4797,1613281
4798,927537
4799,1637327
4800,1493840
4801,1032319
4802,937681
4803,926107
4804,1617097
4805,935654
4806,1026143
4807,1045800
4808,1610665
4809,1683616
4810,918448
4811,1382293
4812,1500346
4813,931105
4814,933606
4815,1813115
4816,5177800
4817,1172172
4818,992894
4819,1133262
4820,1679739
4821,1786569
4822,957836
4823,952352
4824,943140
4825,1699264
4826,949559
4827,1618386
4828,1710368
4829,959221
4830,949983
4831,939593
4832,950016
4833,1650898
4834,1466351
4835,2055850
4836,986219
4837,964486
4838,963209
4839,993504
4840,1795893
4841,1667378
4842,1721352
4843,943329
4844,925361
4845,924908
4846,1595541
4847,938756
4848,1543302
4849,1685144
4850,1027338
4851,1139376
4852,988238
4853,1706033
4854,1007941
4855,1791105
4856,1569687
4857,950930
4858,956695
4859,1105974
4860,1698930
4861,18772263
4862,1789531
4863,1918712
4864,1060612
4865,1893230
4866,1002844
4867,1002148
4868,2186210
4869,1007636
4870,1010759
4871,1015514
4872,1991676
4873,991118
4874,1762347
4875,1894169
4876,1139651
4877,1013193
4878,1061935
4879,997628
4880,1002382
4881,1009873
4882,1653082
4883,2452838
4884,980212
4885,1010400
4886,1008521
4887,1715885
4888,1009712
4889,1659732
4890,2343396
4891,1133834
4892,985931
4893,984976
4894,1703833
4895,1007656
4896,1675162
4897,1321221
4898,1008097
4899,993965
4900,1730004
4901,1017890
4902,1008962
4903,1685379
4904,1905825
4905,1008159
4906,1001500
4907,1713590
4908,1654861
4909,1001999
4910,1600109
4911,1073050
4912,1172992
4913,1828429
4914,1127246
4915,995019
4916,1553091
4917,1072296
4918,1748429
4919,2095461
4920,1099579
4921,1084640
4922,1081571
4923,1833027
4924,1796786
4925,1842594
4926,1261599
4927,1097561
4928,1704187
4929,1060653
4930,1309989
4931,1953495
4932,1307649
4933,1332303
4934,1971764
4935,25961123
4936,7067672
4937,6306728
4938,1487470
4939,2430285
4940,2793426
4941,2830453
4942,1528288
4943,1386866
4944,3155933
4945,4761061
4946,4222704
4947,3606877
4948,1467587
4949,1333676
4950,2358789
4951,2387934
4952,1856891
4953,2131788
4954,1289269
4955,1974243
4956,1907181
4957,1664894
4958,1262959
4959,1844365
4960,1013371
4961,1556037
4962,1020630
4963,1051140
4964,11228381
4965,2881694
4966,1214299
4967,1125421
4968,1967923
4969,1110115
4970,1697776
4971,16772302
4972,1580239
4973,3486471
4974,1723754
4975,10729491
4976,1846121
4977,2847518
4978,2400348
4979,2597923
4980,2231247
4981,2553142
4982,1231682
4983,2145693
4984,1376327
4985,1217592
4986,1924189
4987,1972929
4988,1163936
4989,2245358
4990,1268158
4991,1827242
4992,1798999
4993,1147599
4994,1686442
4995,1679616
4996,1085151
4997,2721332
4998,1118173
4999,1149919
5000,1040633
5001,1014570
5002,915671
5003,1173828
5004,2935961
5005,2048887
5006,952522
5007,928946
5008,924703
5009,921287
5010,1857365
5011,2070583
5012,1936239
5013,903195
5014,953089
5015,984044
5016,2096013
5017,2335629
5018,1935144
5019,1034569
5020,1029682
5021,1022023
5022,1913975
5023,2006739
5024,1109538
5025,1010565
5026,1000092
5027,15955397
5028,2811999
5029,2155668
5030,997088
5031,976372
5032,1899456
5033,2228049
5034,951751
5035,1931753
5036,1809550
5037,1799782
5038,1021277
5039,945365
5040,923429
5041,1764877
5042,1942003
5043,1150513
5044,1638253
5045,1030350
5046,926717
5047,1837670
5048,1877418
5049,896348
5050,919791
5051,2726269
5052,1033197
5053,932769
5054,2577702
5055,3049037
5056,1546223
5057,1893609
5058,1680468
5059,970196
5060,1227373
5061,8043604
5062,1771255
5063,961140
5064,936972
5065,915346
5066,922984
5067,1629535
5068,1411859
5069,1174533
5070,1462424
5071,924913
5072,923726
5073,1408224
5074,948764
5075,1350992
5076,1723511
5077,1071160
5078,1017784
5079,960053
5080,942563
5081,1942325
5082,1708855
5083,1973560
5084,1061349
5085,1029999
5086,981193
5087,1441140
5088,947231
5089,1534765
5090,1033399
5091,1695231
5092,1034404
5093,14522716
5094,2265699
5095,1261010
5096,1831613
5097,1029732
5098,1100918
5099,1007713
5100,1704538
5101,2078510
5102,2402523
5103,1063109
5104,1009967
5105,1734380
5106,1791072
5107,1591346
5108,1136108
5109,1009131
5110,1018459
5111,1620158
5112,1070154
5113,2262922
5114,1096452
5115,1018393
5116,1006684
5117,995049
5118,1718472
5119,1019847
5120,1728851
5121,1012423
5122,1021462
5123,1024025
5124,2078754
5125,1145478
5126,2889663
5127,1088575
5128,996903
5129,990719
5130,998568
5131,1766603
5132,1693974
5133,1078114
5134,1682545
5135,996149
5136,984675
5137,1691399
5138,1604275
5139,1060892
5140,1025608
5141,1735863
5142,1075477
5143,1690978
5144,1701682
5145,986937
5146,1682301
5147,1897313
5148,1157685
5149,2037170
5150,1095813
5151,1095101
5152,1094467
5153,1865003
5154,2372352
5155,1960647
5156,1157521
5157,1083602
5158,1846475
5159,1967095
5160,2143864
5161,1290826
5162,1217357
5163,1199430
5164,2000237
5165,16785650
5166,1151551
5167,1039072
5168,2068429
5169,1652031
5170,1145737
5171,1207234
5172,1008089
5173,1007846
5174,1041647
5175,1551344
5176,1772449
5177,1698914
5178,1906340
5179,1012469
5180,1496267
5181,993896
5182,6268365
5183,1386384
5184,1218989
5185,1564541
5186,2092857
5187,1119262
5188,991839
5189,1820555
5190,1703858
5191,1726651
5192,999787
5193,1005732
5194,1005889
5195,1711381
5196,1100943
5197,1604412
5198,1783590
5199,1005489
5200,988189
5201,999152
5202,1003083
5203,1733778
5204,1702486
5205,1653045
5206,978852
5207,1008426
5208,1634789
5209,1018076
5210,998609
5211,2452822
5212,986199
5213,993862
5214,989643
5215,1666448
5216,1008575
5217,1608898
5218,1224625
5219,1301621
5220,1002008
5221,1061300
5222,1856034
5223,1954961
5224,1936759
5225,1085081
5226,1107404
5227,1643226
5228,3403641
5229,1174446
5230,2200922
5231,983834
5232,1144880
5233,14557424
5234,2234093
5235,2244674
5236,1280011
5237,1705140
5238,6132188
5239,2342292
5240,1282990
5241,1138412
5242,1122838
5243,7427682
5244,2913877
5245,1328731
5246,1217674
5247,1972418
5248,2023260
5249,1869601
5250,1213632
5251,1074686
5252,1084442
5253,2219319
5254,1066063
5255,1779112
5256,1420536
5257,1052779
5258,3636419
5259,916342
5260,1495648
5261,938426
5262,931047
5263,1692627
5264,939156
5265,1694806
5266,971367
5267,918666
5268,911250
5269,1672434
5270,1584309
5271,1563219
5272,938319
5273,959224
5274,934850
5275,936803
5276,1919998
5277,1736390
5278,923030
5279,1394924
5280,985428
5281,1002156
5282,934203
5283,1409782
5284,1671960
5285,923556
5286,920619
5287,1782519
5288,994958
5289,1958904
5290,1069602
5291,996866
5292,1575876
5293,15074274
5294,2278608
5295,1012868
5296,954351
5297,938563
5298,1702898
5299,943766
5300,1585047
5301,1727149
5302,942654
5303,943069
5304,927145
5305,916701
5306,1689161
5307,1580387
5308,2104439
5309,1108006
5310,996095
5311,983137
5312,1655043
5313,1021623
5314,1680518
5315,1084714
5316,932992
5317,921822
5318,993801
5319,1581582
5320,930442
5321,1565035
5322,1016024
5323,1633837
5324,949485
5325,930565
5326,1761407
5327,936407
5328,1551880
5329,988897
5330,1597424
5331,935559
5332,1513349
5333,920038
5334,1021570
5335,1658113
5336,916953
5337,1506728
5338,927047
5339,851954
5340,863391
5341,1489967
5342,1396214
5343,1775424
5344,927966
5345,865908
5346,866905
5347,868648
5348,866790
5349,1467871
5350,1284786
5351,939893
5352,2120054
5353,859992
5354,857623
5355,846494
5356,1404862
5357,870411
5358,868974
5359,1415299
5360,1397566
5361,924904
5362,850837
5363,856605
5364,846655
5365,1436237
5366,1465045
5367,1214370
5368,858571
5369,1381679
5370,798784
5371,792731
5372,1235778
5373,805174
5374,1168163
5375,838728
5376,791920
5377,1201572
5378,859926
5379,9493013
5380,1503588
5381,1601490
5382,852444
5383,833891
5384,1592937
5385,914827
5386,829549
5387,1361610
5388,1313590
5389,852856
5390,942946
5391,1286076
5392,857594
5393,943647
5394,1744767
5395,1333255
5396,907126
5397,854924
5398,846433
5399,1315432
5400,911596
5401,1524506
5402,858933
5403,1441392
5404,840479
5405,856646
5406,841579
5407,1329423
5408,1446623
5409,925736
5410,853972
5411,1490668
5412,848851
5413,833265
5414,1262575
5415,1168480
5416,803897
5417,1261092
5418,1305737
5419,1291037
5420,768831
5421,801845
5422,792542
5423,1252893
5424,855514
5425,1231967
5426,796864
5427,1281906
5428,797712
5429,809920
5430,799200
5431,1251344
5432,796646
5433,798413
5434,1522796
5435,817823
5436,1236829
5437,864681
5438,760739
5439,749746
5440,1335365
5441,755053
5442,1325007
5443,765790
5444,1283480
5445,737674
5446,741515
5447,742536
5448,813394
5449,1420086
5450,1354263
5451,742586
5452,1539755
5453,807539
5454,753480
5455,745973
5456,736175
5457,1222956
5458,835222
5459,1256181
5460,756219
5461,1184784
5462,750068
5463,751197
5464,750727
5465,753145
5466,1241934
5467,751992
5468,822586
5469,807180
5470,9064148
5471,1077042
5472,805763
5473,776857
5474,1477372
5475,1197029
5476,1341050
5477,727044
5478,769255
5479,718726
5480,710774
5481,708954
5482,1210084
5483,714652
5484,1141349
5485,1160850
5486,779008
5487,1086898
5488,706757
5489,710383
5490,768777
5491,710741
5492,1174866
5493,719154
5494,1775733
5495,715368
5496,1459586
5497,723452
5498,703453
5499,707384
5500,696527
5501,1215866
5502,755885
5503,1219236
5504,709188
5505,1216253
5506,693375
5507,703428
5508,702588
5509,706750
5510,1288012
5511,705534
5512,1258579
5513,707837
5514,711240
5515,1296059
5516,704063
5517,715512
5518,709600
5519,1123262
5520,703169
5521,1549878
5522,772732
5523,1201235
5524,771064
5525,708892
5526,705987
5527,698864
5528,705801
5529,1168525
5530,702575
5531,700116
5532,1110210
5533,769416
5534,1139273
5535,716555
5536,707470
5537,707668
5538,712278
5539,1204708
5540,700330
5541,706003
5542,1052903
5543,755531
5544,702897
5545,691851
5546,694500
5547,745573
5548,706341
5549,1189270
5550,705402
5551,711450
5552,1629083
5553,757826
5554,712983
5555,707408
5556,714668
5557,711697
5558,1208112
5559,718438
5560,1632563
5561,753669
5562,1215037
5563,714684
5564,715146
5565,712967
5566,707796
5567,713230
5568,730592
5569,1255492
5570,744980
5571,1100568
5572,754517
5573,700355
5574,694496
5575,701694
5576,1208844
5577,729018
5578,1226664
5579,698661
5580,1170387
5581,1189192
5582,700540
5583,701661
5584,703049
5585,707252
5586,1177919
5587,715620
5588,8965673
5589,1158221
5590,718784
5591,679668
5592,669924
5593,669272
5594,668613
5595,666504
5596,1915886
5597,659788
5598,1204593
5599,649348
5600,659203
5601,663583
5602,665194
5603,1186625
5604,664601
5605,1027466
5606,686087
5607,1631039
5608,750418
5609,1115471
5610,676796
5611,672663
5612,666219
5613,668453
5614,1152123
5615,676388
5616,949193
5617,1058638
5618,793860
5619,663826
5620,660744
5621,664526
5622,665791
5623,665758
5624,1498652
5625,1140146
5626,1069862
5627,742878
5628,691118
5629,774537
5630,854735
5631,699910
5632,698117
5633,1077727
5634,701434
5635,1133867
5636,756034
5637,699461
5638,693083
5639,1102781
5640,762242
5641,705912
5642,765481
5643,1163495
5644,777305
5645,746265
5646,688914
5647,688612
5648,1113555
5649,746182
5650,1181928
5651,699688
5652,1219965
5653,1271730
5654,701520
5655,698269
5656,1062487
5657,745906
5658,693075
5659,1649633
5660,764925
5661,708154
5662,759507
5663,689770
5664,713436
5665,710053
5666,1042458
5667,687591
5668,690079
5669,695266
5670,1180206
5671,772370
5672,1141341
5673,707392
5674,697903
5675,708113
5676,768361
5677,1063216
5678,702674
5679,1169419
5680,3347748
5681,837052
5682,1296182
5683,722607
5684,764962
5685,1144889
5686,694991
5687,1215692
5688,696412
5689,698463
5690,1118100
5691,690820
5692,659565
5693,659648
5694,656636
5695,655433
5696,9475869
5697,1506534
5698,770228
5699,687005
5700,1180284
5701,722047
5702,660954
5703,659998
5704,659330
5705,651647
5706,1301914
5707,1121775
5708,663063
5709,662067
5710,1180877
5711,651878
5712,667381
5713,665264
5714,666463
5715,1159012
5716,661906
5717,1126723
5718,659055
5719,1311131
5720,965743
5721,1246985
5722,661465
5723,662636
5724,974815
5725,706415
5726,658079
5727,1227583
5728,665849
5729,1152519
5730,652351
5731,668828
5732,663356
5733,667188
5734,1181417
5735,658902
5736,657835
5737,663200
5738,1130476
5739,737420
5740,1078724
5741,672771
5742,688312
5743,709176
5744,704940
5745,1147566
5746,814099
5747,1142828
5748,697731
5749,1120353
5750,692106
5751,702320
5752,696614
5753,699221
5754,1215573
5755,712080
5756,704129
5757,1120621
5758,1235082
5759,689659
5760,695336
5761,701006
5762,704924
5763,1158279
5764,709881
5765,707536
5766,691727
5767,1438021
5768,1103288
5769,776028
5770,664275
5771,664197
5772,656987
5773,657122
5774,1122944
5775,662796
5776,667472
5777,1021916
5778,1423238
5779,693359
5780,654519
5781,657415
5782,717042
5783,655524
5784,1113192
5785,669302
5786,659013
5787,1487771
5788,711252
5789,713696
5790,1074546
5791,662594
5792,673327
5793,666718
5794,715261
5795,1174598
5796,673632
5797,1168571
5798,1021228
5799,741564
5800,674044
5801,668511
5802,664428
5803,675214
5804,1087211
5805,659776
5806,1151015
5807,1156540
5808,1007525
5809,1113514
5810,660863
5811,660159
5812,660394
5813,662376
5814,1092040
5815,670019
5816,1116373
5817,1140093
5818,1021466
5819,7510093
5820,708163
5821,740250
5822,665074
5823,1191421
5824,667048
5825,998506
5826,1192752
5827,1063158
5828,1068790
5829,676327
5830,656735
5831,663435
5832,719002
5833,1173593
5834,663455
5835,1145107
5836,793572
5837,1454674
5838,673117
5839,666261
5840,660369
5841,670294
5842,664238
5843,661593
5844,1218943
5845,659071
5846,651321
5847,1520093
5848,710334
5849,666108
5850,666513
5851,666422
5852,666434
5853,1099415
5854,666652
5855,1022064
5856,1047691
5857,710833
5858,1134094
5859,676161
5860,666302
5861,662754
5862,665523
5863,670439
5864,1165135
5865,690388
5866,1219693
5867,688938
5868,1158822
5869,710268
5870,717045
5871,704512
5872,703705
5873,1188834
5874,704046
5875,713300
5876,1129763
5877,737506
5878,1082572
5879,662351
5880,713386
5881,662445
5882,659764
5883,663554
5884,1141943
5885,727828
5886,1020326
5887,657139
5888,1018175
5889,717453
5890,666570
5891,665408
5892,664778
5893,728495
5894,1582414
5895,672610
5896,669660
5897,670715
5898,986364
5899,990253
5900,2940889
5901,1191178
5902,767945
5903,676149
5904,1088974
5905,724173
5906,662664
5907,661692
5908,1283204
5909,672796
5910,665919
5911,672865
5912,666945
5913,1110000
5914,796856
5915,1041651
5916,672494
5917,1092259
5918,709769
5919,1065367
5920,673290
5921,660328
5922,1096634
5923,736694
5924,1163919
5925,674192
5926,1073236
5927,710931
5928,657325
5929,1101730
5930,680179
5931,1050922
5932,665457
5933,1062037
5934,653448
5935,674448
5936,9008374
5937,716724
5938,1354737
5939,690096
5940,732694
5941,1187697
5942,1126970
5943,656678
5944,659187
5945,662145
5946,1122904
5947,667876
5948,1051478
5949,664403
5950,657247
5951,658614
5952,1479086
5953,637239
5954,658927
5955,655355
5956,653060
5957,1093590
5958,658202
5959,1102752
5960,669285
5961,673129
5962,1163058
5963,703276
5964,682218
5965,681810
5966,670183
5967,1084088
5968,675259
5969,674295
5970,1030960
5971,1511619
5972,676034
5973,670612
5974,666875
5975,675807
5976,670303
5977,1169803
5978,675090
5979,1030745
5980,1109010
5981,728198
5982,984892
5983,665305
5984,693075
5985,701690
5986,709946
5987,1171834
5988,717544
5989,1180589
5990,1189085
5991,1111854
5992,684649
5993,701376
5994,699225
5995,699394
5996,1169679
5997,704549
5998,990381
5999,1214386
6000,712917
6001,1129405
6002,696045
6003,707190
6004,697953
6005,698649
6006,1182171
6007,707990
6008,1291688
6009,703329
6010,697944
6011,1101755
6012,748535
6013,710091
6014,704788
6015,694673
6016,700379
6017,754529
6018,1161645
6019,771443
6020,1133793
6021,741481
6022,694566
6023,756932
6024,712389
6025,1123810
6026,695596
6027,696688
6028,697483
6029,1182196
6030,776548
6031,998704
6032,703606
6033,694422
6034,699787
6035,750150
6036,1137171
6037,702307
6038,1187219
6039,706625
6040,1217867
6041,691769
6042,708661
6043,695728
6044,702489
6045,1145271
6046,714206
6047,1129388
6048,755927
6049,1091311
6050,1152915
6051,689325
6052,698595
6053,704891
6054,1265303
6055,702638
6056,1094475
6057,765390
6058,8616133
6059,1468542
6060,804569
6061,697293
6062,1180943
6063,738231
6064,1122685
6065,677670
6066,1127123
6067,1119517
6068,711434
6069,937515
6070,669610
6071,654704
6072,1219173
6073,674476
6074,1165950
6075,1149318
6076,667447
6077,1138527
6078,655771
6079,667481
6080,660686
6081,1093301
6082,665255
6083,1094038
6084,731507
6085,660839
6086,665874
6087,1003203
6088,1104569
6089,649739
6090,700705
6091,1065222
6092,752997
6093,710045
6094,1655517
6095,776453
6096,713502
6097,778764
6098,719027
6099,711425
6100,718549
6101,1199434
6102,733522
6103,664407
6104,664312
6105,1600629
6106,797622
6107,674160
6108,663616
6109,668329
6110,671205
6111,1054588
6112,669433
6113,664848
6114,3030554
6115,1828425
6116,771364
6117,678679
6118,666788
6119,672169
6120,662796
6121,1226470
6122,676228
6123,1111693
6124,643106
6125,1085601
6126,1137934
6127,716724
6128,667456
6129,663480
6130,663389
6131,1130727
6132,662718
6133,1121005
6134,718623
6135,1081401
6136,710589
6137,1118895
6138,661807
6139,711084
6140,661836
6141,1042009
6142,963670
6143,663320
6144,665684
6145,676186
6146,2554848
6147,759948
6148,1142915
6149,710115
6150,671926
6151,1052746
6152,1148069
6153,658845
6154,664873
6155,664390
6156,1030943
6157,1037375
6158,693548
6159,697326
6160,1124135
6161,1174916
6162,1255978
6163,711545
6164,1139726
6165,1594836
6166,784990
6167,710692
6168,704079
6169,8626762
6170,1240273
6171,797168
6172,721747
6173,701953
6174,1351553
6175,723744
6176,709575
6177,4466053
6178,1279986
6179,793939
6180,704825
6181,702348
6182,1277720
6183,712422
6184,710960
6185,4360081
6186,820398
6187,1385857
6188,720172
6189,1316758
6190,1223768
6191,712027
6192,699600
6193,700849
6194,1116130
6195,703610
6196,1301403
6197,707302
6198,1141399
6199,875776
6200,709106
6201,696127
6202,700280
6203,1228032
6204,709460
6205,1084826
6206,774051
6207,1200073
6208,710869
6209,705006
6210,698286
6211,763594
6212,4840566
6213,1346101
6214,739128
6215,1280382
6216,784244
6217,1274354
6218,696407
6219,695378
6220,697277
6221,698035
6222,724482
6223,1134832
6224,1297629
6225,1074290
6226,709002
6227,700573
6228,695876
6229,773890
6230,702407
6231,1148172
6232,2287676
6233,787602
6234,1146071
6235,709963
6236,704957
6237,709645
6238,701653
6239,1256061
6240,709386
6241,1181771
6242,842160
6243,712925
6244,706482
6245,971845
6246,710255
6247,1193576
6248,724667
6249,716188
6250,1288020
6251,787770
6252,1183816
6253,693725
6254,701797
6255,688629
6256,702180
6257,752502
6258,1618699
6259,1261594
6260,686457
6261,1199772
6262,790890
6263,1215597
6264,705451
6265,708365
6266,1007113
6267,8691003
6268,1191471
6269,809043
6270,1449743
6271,769498
6272,655211
6273,661172
6274,1589513
6275,1155666
6276,659623
6277,1034795
6278,707334
6279,670220
6280,1112599
6281,668552
6282,666619
6283,1016927
6284,1112023
6285,795467
6286,709778
6287,702629
6288,1120749
6289,701504
6290,1268714
6291,704281
6292,695876
6293,1113572
6294,1160998
6295,741473
6296,715496
6297,1386215
6298,747674
6299,1136772
6300,702860
6301,707969
6302,3681463
6303,836248
6304,726411
6305,1401031
6306,744939
6307,716250
6308,705905
6309,1672945
6310,1205746
6311,709110
6312,716876
6313,707763
6314,710173
6315,1273617
6316,704330
6317,709476
6318,1148976
6319,783902
6320,1190180
6321,705167
6322,700354
6323,701685
6324,699584
6325,1197502
6326,717321
6327,755626
6328,1052190
6329,1266749
6330,696045
6331,698245
6332,694430
6333,695620
6334,693441
6335,661127
6336,1116670
6337,663224
6338,1064159
6339,784145
6340,997384
6341,668305
6342,664329
6343,663270
6344,664703
6345,660295
6346,1068346
6347,658689
6348,1102583
6349,668779
6350,1122636
6351,660060
6352,720733
6353,675844
6354,661222
6355,1043097
6356,709980
6357,1060401
6358,1107503
6359,1183688
6360,659212
6361,663257
6362,666529
6363,669149
6364,1070690
6365,657439
6366,662351
6367,666513
6368,1074633
6369,1152569
6370,658618
6371,657930
6372,661593
6373,664287
6374,669491
6375,667951
6376,1121709
6377,721820
6378,1054048
6379,731337
6380,1103041
6381,677372
6382,7554696
6383,1448507
6384,705369
6385,688229
6386,1850558
6387,1167895
6388,644144
6389,1086416
6390,667085
6391,734367
6392,672956
6393,676532
6394,1186308
6395,668086
6396,1100272
6397,1152177
6398,1061828
6399,687995
6400,677390
6401,667884
6402,674938
6403,721606
6404,669075
6405,676194
6406,664044
6407,1132722
6408,663340
6409,1127840
6410,674287
6411,666928
6412,661629
6413,663719
6414,1032187
6415,662767
6416,1036068
6417,1103848
6418,700627
6419,658244
6420,1132017
6421,667472
6422,664258
6423,1010545
6424,664036
6425,657872
6426,1031614
6427,650987
6428,1068724
6429,708994
6430,1073475
6431,726460
6432,671791
6433,665980
6434,1088279
6435,1103494
6436,1116666
6437,655013
6438,660464
6439,662895
6440,1046773
6441,1043959
6442,667773
6443,671543
6444,1090264
6445,1115821
6446,1054824
6447,650543
6448,1010788
6449,710247
6450,656101
6451,1100659
6452,666401
6453,672145
6454,662178
6455,1479478
6456,699011
6457,666084
6458,660979
6459,1056496
6460,675016
6461,1005036
6462,723782
6463,709094
6464,1152223
6465,725142
6466,1058020
6467,657951
6468,663430
6469,655541
6470,995638
6471,1034671
6472,662779
6473,663492
6474,666586
6475,1528758
6476,702238
6477,661667
6478,659339
6479,1080702
6480,676219
6481,984168
6482,723164
6483,664744
6484,1230001
6485,693025
6486,1054110
6487,693936
6488,632884
6489,626453
6490,1029394
6491,1058296
6492,692918
6493,637437
6494,972128
6495,998579
6496,623705
6497,629868
6498,633111
6499,1092917
6500,627956
6501,943375
6502,994422
6503,691220
6504,636757
6505,981242
6506,8478850
6507,796237
6508,709905
6509,1100519
6510,1557936
6511,749890
6512,667448
6513,660529
6514,1190003
6515,1077352
6516,658329
6517,664773
6518,655985
6519,3132312
6520,678897
6521,1276740
6522,665643
6523,717054
6524,1040831
6525,702666
6526,656624
6527,660518
6528,658219
6529,655243
6530,1126929
6531,675589
6532,1136405
6533,666854
6534,1123328
6535,1117453
6536,662178
6537,674872
6538,665033
6539,1128696
6540,659129
6541,930795
6542,1079573
6543,668548
6544,1017615
6545,1115834
6546,659157
6547,709085
6548,681357
6549,947911
6550,660035
6551,1017561
6552,711974
6553,657291
6554,1075160
6555,725924
6556,1055808
6557,668799
6558,664526
6559,661136
6560,964420
6561,666010
6562,1083664
6563,669104
6564,662899
6565,1483078
6566,637379
6567,635859
6568,626601
6569,633588
6570,633786
6571,1010808
6572,1080722
6573,636859
6574,882113
6575,993310
6576,622295
6577,629518
6578,631128
6579,632867
6580,627689
6581,1036085
6582,628678
6583,627610
6584,1073467
6585,684817
6586,637688
6587,632575
6588,638343
6589,635858
6590,630981
6591,623107
6592,1074921
6593,634310
6594,1035735
6595,1001628
6596,1039372
6597,619420
6598,666451
6599,627713
6600,626180
6601,1015027
6602,631244
6603,629538
6604,630927
6605,948422
6606,955133
6607,682897
6608,641430
6609,629345
6610,631504
6611,638298
6612,678835
6613,630725
6614,1031429
6615,633494
6616,1041659
6617,1073376
6618,913351
6619,628241
6620,622007
6621,626502
6622,622811
6623,622505
6624,621159
6625,624957
6626,643003
6627,993466
6628,659525
6629,622147
6630,973332
6631,627972
6632,7291727
6633,1419464
6634,686396
6635,642814
6636,1128371
6637,683198
6638,626633
6639,627586
6640,1035549
6641,709671
6642,636901
6643,700524
6644,638837
6645,962525
6646,1328983
6647,1073652
6648,628632
6649,1037321
6650,666101
6651,680228
6652,1044469
6653,632167
6654,633659
6655,674068
6656,1373504
6657,670245
6658,622081
6659,623697
6660,616053
6661,1053505
6662,626074
6663,1008592
6664,641429
6665,926894
6666,1085963
6667,722632
6668,625242
6669,629538
6670,623655
6671,626106
6672,1172790
6673,1030292
6674,709069
6675,635781
6676,1088934
6677,1088600
6678,656418
6679,729228
6680,660435
6681,1081563
6682,661959
6683,1112979
6684,665548
6685,664304
6686,665099
6687,1111338
6688,641264
6689,656810
6690,670653
6691,663406
6692,1677094
6693,777125
6694,662899
6695,662342
6696,1078625
6697,730868
6698,957342
6699,698130
6700,656476
6701,649896
6702,1010718
6703,1259987
6704,677900
6705,660101
6706,663072
6707,1169593
6708,654761
6709,666487
6710,665058
6711,663273
6712,985510
6713,710775
6714,1198985
6715,657176
6716,991151
6717,1045091
6718,702757
6719,661634
6720,663175
6721,658844
6722,657358
6723,1535296
6724,707223
6725,661816
6726,1048248
6727,726283
6728,1016877
6729,674353
6730,673149
6731,668226
6732,1099160
6733,656991
6734,1170796
6735,651783
6736,1009803
6737,921571
6738,658186
6739,621253
6740,621714
6741,954070
6742,673467
6743,619077
6744,940293
6745,1111504
6746,622864
6747,954680
6748,1045685
6749,634491
6750,631446
6751,633993
6752,627433
6753,680471
6754,942954
6755,1036324
6756,624216
6757,997603
6758,1018949
6759,849069
6760,657683
6761,1638472
6762,748415
6763,1194214
6764,1283542
6765,674328
6766,1134839
6767,648409
6768,658733
6769,654860
6770,655083
6771,1109913
6772,668754
6773,654915
6774,651272
6775,1534044
6776,767051
6777,675272
6778,723110
6779,670372
6780,672284
6781,667567
6782,1122356
6783,670290
6784,1082572
6785,1138873
6786,1054003
6787,667579
6788,653365
6789,657164
6790,656719
6791,719620
6792,659652
6793,1064782
6794,661774
6795,1078448
6796,999284
6797,1135532
6798,665985
6799,653196
6800,655985
6801,664049
6802,1148864
6803,729413
6804,1121054
6805,1063257
6806,652022
6807,1227648
6808,670179
6809,667707
6810,665800
6811,659792
6812,665070
6813,1122224
6814,986441
6815,1026214
6816,698785
6817,656220
6818,1029407
6819,671506
6820,664279
6821,667179
6822,667164
6823,1138997
6824,659665
6825,988156
6826,696832
6827,725071
6828,1055593
6829,725521
6830,1128667
6831,662017
6832,666409
6833,662327
6834,1514647
6835,669050
6836,621941
6837,627973
6838,997871
6839,714372
6840,685073
6841,965038
6842,625270
6843,981061
6844,1001546
6845,664847
6846,625431
6847,621722
6848,633094
6849,625418
6850,1094867
6851,666742
6852,1174908
6853,627540
6854,991716
6855,677183
6856,627866
6857,629201
6858,627161
6859,630206
6860,1090330
6861,659241
6862,961416
6863,679635
6864,691908
6865,1230076
6866,650234
6867,644667
6868,635055
6869,639880
6870,1073895
6871,631059
6872,971214
6873,690907
6874,626675
6875,1117984
6876,621413
6877,638174
6878,681777
6879,626934
6880,1359735
6881,631001
6882,1049953
6883,688476
6884,1017289
6885,1001505
6886,628290
6887,630692
6888,166337195
6889,881424
6890,828766
6891,1207975
6892,828000
6893,1176510
6894,766791
6895,1067052
6896,678337
6897,666001
6898,677467
6899,1164405
6900,673677
6901,1160561
6902,669372
6903,1110416
6904,1146882
6905,659314
6906,666010
6907,664147
6908,1082515
6909,675667
6910,1054118
6911,774339
6912,664872
6913,659310
6914,1137649
6915,741214
6916,1071065
6917,670257
6918,1024643
6919,707618
6920,1044560
6921,748577
6922,679977
6923,1105541
6924,672462
6925,1131024
6926,666500
6927,664563
6928,666570
6929,1107342
6930,1139570
6931,674304
6932,668659
6933,1078674
6934,1177330
6935,1080908
6936,666108
6937,675194
6938,673747
6939,1246737
6940,726786
6941,711458
6942,1098331
6943,1234311
6944,670221
6945,715199
6946,674229
6947,1089914
6948,674926
6949,1172617
6950,676359
6951,669021
6952,665156
6953,1110239
6954,637585
6955,676150
6956,673615
6957,672923
6958,1239358
6959,672647
6960,1160297
6961,672771
6962,1108326
6963,727057
6964,1068984
6965,706658
6966,675523
6967,666998
6968,1058037
6969,1089510
6970,670496
6971,662429
6972,663105
6973,1094607
6974,646588
6975,667967
6976,669738
6977,668263
6978,1125590
6979,715229
6980,1193407
6981,671827
6982,1170091
6983,1162028
6984,658268
6985,667777
6986,661869
6987,1047098
6988,662536
6989,1120411
6990,669264
6991,668119
6992,671337
6993,1111021
6994,706214
6995,671106
6996,682036
6997,669816
6998,964135
6999,1176086
7000,1153578
7001,666924
7002,1041976
7003,735211
7004,1036797
7005,677146
7006,723612
7007,671184
7008,1005864
7009,7950732
7010,1986443
7011,1170363
7012,671106
7013,670488
7014,657119
7015,661881
7016,1114272
7017,669631
7018,667958
7019,670579
7020,1647569
7021,669833
7022,671522
7023,667011
7024,662260
7025,661642
7026,668865
7027,1150982
7028,665729
7029,984605
7030,2997210
7031,3054900
7032,1283595
7033,706197
7034,686684
7035,1096774
7036,685015
7037,675350
7038,1546799
7039,792357
7040,683157
7041,684546
7042,680858
7043,683928
7044,1173762
7045,670336
7046,676932
7047,1120073
7048,1113135
7049,734861
7050,668890
7051,736377
7052,670892
7053,1391690
7054,662544
7055,661699
7056,1465460
7057,713127
7058,669882
7059,1033003
7060,697479
7061,631821
7062,683297
7063,636493
7064,643546
7065,631829
7066,1000006
7067,624166
7068,639975
7069,678193
7070,638047
7071,1086449
7072,685852
7073,674151
7074,676722
7075,3938516
7076,1233458
7077,677962
7078,669998
7079,1025801
7080,733933
7081,666051
7082,3352770
7083,803939
7084,1414405
7085,700606
7086,676277
7087,671609
7088,671107
7089,1192962
7090,717066
7091,1168826
7092,732850
7093,1096032
7094,1156705
7095,665441
7096,664963
7097,661222
7098,1136310
7099,676244
7100,1033617
7101,1076907
7102,672412
7103,1098097
7104,658453
7105,674905
7106,668032
7107,668869
7108,667122
7109,831906
7110,662833
7111,8202438
7112,1017297
7113,711780
7114,3476419
7115,744048
7116,691987
7117,1309285
7118,692881
7119,1706915
7120,690017
7121,664766
7122,667563
7123,662520
7124,665734
7125,668543
7126,729546
7127,1285178
7128,1099152
7129,1248394
7130,668037
7131,661968
7132,660518
7133,657163
7134,655289
7135,659875
7136,1123246
7137,656694
7138,1092518
7139,654210
7140,1231983
7141,664226
7142,663975
7143,663381
7144,669273
7145,1129607
7146,684714
7147,661634
7148,657275
7149,961391
7150,1193502
7151,665256
7152,664625
7153,667992
7154,662771
7155,673875
7156,665449
7157,1157743
7158,674303
7159,666969
7160,1045776
7161,1321978
7162,1042838
7163,680595
7164,672663
7165,1205767
7166,677290
7167,668680
7168,668239
7169,1021162
7170,1204696
7171,652694
7172,664860
7173,673867
7174,664551
7175,713947
7176,1109213
7177,681139
7178,671703
7179,1014104
7180,712949
7181,714148
7182,1077554
7183,705059
7184,710202
7185,708616
7186,711442
7187,1345224
7188,1203027
7189,795064
7190,1129681
7191,778093
7192,713671
7193,692498
7194,672429
7195,675515
7196,1190498
7197,1065503
7198,763817
7199,670756
7200,1063071
7201,757323
7202,669850
7203,668811
7204,974461
7205,669713
7206,672631
7207,1145889
7208,663542
7209,687443
7210,1038619
7211,1085905
7212,739854
7213,674394
7214,664786
7215,1129426
7216,668997
7217,1132199
7218,707989
7219,663072
7220,661333
7221,1130044
7222,716348
7223,657708
7224,670385
7225,662982
7226,1124593
7227,734531
7228,1130703
7229,670966
7230,977456
7231,719460
7232,670546
7233,666854
7234,8131428
7235,806674
7236,3396105
7237,1322160
7238,1102534
7239,787174
7240,680117
7241,675399
7242,670904
7243,664527
7244,1230269
7245,685333
7246,1068148
7247,716625
7248,1066083
7249,1062705
7250,663286
7251,657415
7252,658321
7253,656299
7254,1160973
7255,689465
7256,1035591
7257,712221
7258,664304
7259,1583303
7260,721853
7261,668383
7262,660151
7263,1198961
7264,668251
7265,1164018
7266,1032299
7267,665350
7268,1006845
7269,1059635
7270,782480
7271,669549
7272,664498
7273,663776
7274,1002238
7275,1127472
7276,704038
7277,958261
7278,668218
7279,1193531
7280,738024
7281,1038017
7282,722298
7283,1128692
7284,729933
7285,1057225
7286,672722
7287,1000673
7288,718660
7289,667080
7290,1055132
7291,662647
7292,660238
7293,658676
7294,1123637
7295,652838
7296,668383
7297,667666
7298,660587
7299,1140113
7300,678255
7301,1209627
7302,665078
7303,1101652
7304,1151641
7305,667065
7306,702357
7307,667238
7308,1116283
7309,661856
7310,1061605
7311,665379
7312,668338
7313,663884
7314,1120476
7315,658964
7316,669977
7317,670023
7318,671316
7319,1628263
7320,1014561
7321,723872
7322,664596
7323,1480433
7324,732653
7325,671159
7326,667592
7327,662619
7328,666343
7329,1135429
7330,714054
7331,1134271
7332,667431
7333,1115071
7334,1079486
7335,659187
7336,672343
7337,664539
7338,963674
7339,667097
7340,1093333
7341,722908
7342,1193720
7343,1022234
7344,1075729
7345,658544
7346,665932
7347,672235
7348,1079651
7349,665231
7350,1009095
7351,712690
7352,664996
7353,7833384
7354,1459269
7355,698517
7356,659327
7357,711075
7358,1092576
7359,651675
7360,636015
7361,1554686
7362,710717
7363,643814
7364,638735
7365,643774
7366,642925
7367,974205
7368,634239
7369,627421
7370,689214
7371,984126
7372,1036645
7373,618917
7374,622097
7375,627594
7376,626551
7377,626852
7378,661774
7379,1104928
7380,659574
7381,1022566
7382,1264045
7383,1073285
7384,677768
7385,670117
7386,667748
7387,667324
7388,665597
7389,668445
7390,1122294
7391,668280
7392,665523
7393,998283
7394,719897
7395,720193
7396,665359
7397,958195
7398,666509
7399,1239774
7400,687677
7401,1091179
7402,1121680
7403,729682
7404,1104960
7405,725685
7406,675333
7407,746401
7408,669273
7409,670068
7410,1104565
7411,725261
7412,1131345
7413,797668
7414,733888
7415,1088690
7416,722447
7417,669482
7418,662602
7419,1230636
7420,743558
7421,1144320
7422,671201
7423,667843
7424,1066488
7425,712793
7426,1103490
7427,675741
7428,668947
7429,1163523
7430,659154
7431,699654
7432,667073
7433,1151023
7434,664267
7435,1088616
7436,672895
7437,1190453
7438,732772
7439,1073768
7440,675972
7441,667423
7442,667497
7443,1120234
7444,672688
7445,985210
7446,707585
7447,999894
7448,1083050
7449,667197
7450,675836
7451,676162
7452,665441
7453,662627
7454,1096333
7455,732879
7456,1040267
7457,660864
7458,1072119
7459,707128
7460,672412
7461,674686
7462,668914
7463,665824
7464,1139491
7465,670068
7466,995790
7467,670019
7468,1120873
7469,1052829
7470,8874021
7471,758185
7472,1232111
7473,773478
7474,1090750
7475,751267
7476,675366
7477,637531
7478,1137740
7479,1073734
7480,613656
7481,755432
7482,1039513
7483,685456
7484,633144
7485,1031157
7486,639546
7487,630885
7488,631219
7489,1067558
7490,637086
7491,630358
7492,629003
7493,1038421
7494,680661
7495,999589
7496,665004
7497,631417
7498,635051
7499,1055156
7500,1080224
7501,627446
7502,634368
7503,628648
7504,1017409
7505,972623
7506,1173886
7507,636299
7508,641013
7509,641285
7510,1029612
7511,695048
7512,1038944
7513,671049
7514,633469
7515,628706
7516,1152296
7517,761567
7518,643061
7519,638014
7520,1895505
7521,684179
7522,628649
7523,628215
7524,634701
7525,991687
7526,666261
7527,620817
7528,1049199
7529,640584
7530,990513
7531,1186526
7532,642616
7533,640267
7534,641297
7535,1060282
7536,637923
7537,1032669
7538,691418
7539,654106
7540,1052137
7541,737913
7542,1016877
7543,683005
7544,718751
7545,670789
7546,1139767
7547,672655
7548,1185966
7549,686486
7550,669116
7551,676478
7552,730979
7553,661164
7554,666167
7555,667204
7556,723263
7557,1501952
7558,739639
7559,673162
7560,1473116
7561,702646
7562,668507
7563,623041
7564,629040
7565,625266
7566,1127028
7567,638776
7568,1015085
7569,656443
7570,637906
7571,1022666
7572,638586
7573,641532
7574,637729
7575,639505
7576,639765
7577,640766
7578,1035974
7579,951104
7580,1010091
7581,762160
7582,635772
7583,636560
7584,630593
7585,625612
7586,625385
7587,627384
7588,1056109
7589,630565
7590,627520
7591,1046311
7592,695971
7593,632843
7594,635567
7595,676635
7596,636452
7597,640399
7598,1003828
7599,640968
7600,634079
7601,6738818
7602,1427952
7603,889327
7604,641957
7605,638557
7606,640795
7607,1090734
7608,643225
7609,637239
7610,648108
7611,1354952
7612,1121214
7613,633930
7614,635611
7615,624183
7616,629469
7617,625435
7618,626568
7619,620936
7620,1054725
7621,642175
7622,959093
7623,1053616
7624,627627
7625,638532
7626,711125
7627,635854
7628,628517
7629,628484
7630,1021916
7631,630433
7632,988152
7633,965281
7634,964816
7635,716205
7636,668914
7637,671407
7638,669784
7639,728132
7640,1079659
7641,676821
7642,978647
7643,1077603
7644,668869
7645,1052841
7646,714248
7647,877024
7648,707210
7649,639126
7650,973760
7651,678337
7652,1183753
7653,682490
7654,631578
7655,633963
7656,976838
7657,1043455
7658,682404
7659,636926
7660,662335
7661,1157215
7662,1076462
7663,721445
7664,667291
7665,662087
7666,1045389
7667,674719
7668,1122018
7669,670640
7670,666397
7671,666763
7672,1151642
7673,639184
7674,669672
7675,1077092
7676,3684669
7677,1444679
7678,721260
7679,1097495
7680,1173469
7681,672705
7682,672268
7683,665190
7684,1124461
7685,667069
7686,1045928
7687,710391
7688,674823
7689,678288
7690,1022369
7691,1112842
7692,646596
7693,664926
7694,670117
7695,716205
7696,707618
7697,983541
7698,2869981
7699,1233141
7700,674727
7701,1194325
7702,683434
7703,1170227
7704,677867
7705,1224728
7706,678864
7707,668816
7708,667983
7709,1043744
7710,675004
7711,993343
7712,676981
7713,652776
7714,640135
7715,7141030
7716,945805
7717,1240285
7718,651972
7719,1183280
7720,720280
7721,1056068
7722,671424
7723,626267
7724,626659
7725,991905
7726,701829
7727,632007
7728,633320
7729,991386
7730,631570
7731,684983
7732,1054378
7733,629984
7734,627956
7735,673068
7736,687558
7737,686025
7738,1074765
7739,629193
7740,953349
7741,970159
7742,670797
7743,622893
7744,632991
7745,965042
7746,685316
7747,654713
7748,1057300
7749,636551
7750,952213
7751,989561
7752,679680
7753,638088
7754,635122
7755,634466
7756,630877
7757,957375
7758,630857
7759,995721
7760,733051
7761,646938
7762,1235745
7763,636258
7764,635105
7765,632744
7766,628315
7767,1104005
7768,637305
7769,990759
7770,1008974
7771,1055157
7772,629971
7773,689058
7774,646410
7775,645227
7776,641837
7777,642323
7778,647045
7779,1154695
7780,1027230
7781,1028495
7782,680805
7783,675024
7784,983685
7785,634647
7786,674402
7787,624574
7788,630074
7789,1029839
7790,622934
7791,698121
7792,1006548
7793,632892
7794,1090008
7795,642055
7796,634602
7797,752074
7798,694154
7799,1191203
7800,625674
7801,699769
7802,1081801
7803,633577
7804,967325
7805,1005040
7806,633708
7807,629880
7808,632410
7809,1073475
7810,626708
7811,981020
7812,665515
7813,628599
7814,629539
7815,1004599
7816,1036344
7817,694075
7818,622959
7819,621076
7820,980835
7821,951466
7822,661453
7823,628541
7824,671341
7825,1027453
7826,671465
7827,632122
7828,1064147
7829,1066277
7830,634441
7831,1022225
7832,628616
7833,638149
7834,639385
7835,636131
7836,630741
7837,1153833
7838,631071
7839,985334
7840,625970
7841,961507
7842,1078675
7843,643506
7844,633395
7845,640568
7846,638142
7847,640955
7848,999804
7849,7106289
7850,1337466
7851,1096156
7852,652117
7853,633897
7854,695670
7855,645447
7856,634409
7857,1047968
7858,642002
7859,1004331
7860,632463
7861,749129
7862,1018706
7863,635310
7864,625781
7865,626008
7866,628632
7867,623964
7868,1105983
7869,635921
7870,630870
7871,1004274
7872,1148151
7873,638433
7874,635673
7875,639073
7876,636576
7877,633559
7878,1089395
7879,634491
7880,626676
7881,1001299
7882,1075123
7883,1170989
7884,625570
7885,641828
7886,637560
7887,646484
7888,643765
7889,1067105
7890,628030
7891,1665578
7892,1023197
7893,943082
7894,668956
7895,634191
7896,634124
7897,635612
7898,636007
7899,1057818
7900,615823
7901,625739
7902,623152
7903,1002374
7904,1072729
7905,670336
7906,630952
7907,633811
7908,627067
7909,944269
7910,630098
7911,630886
7912,633119
7913,633507
7914,1389948
7915,677266
7916,634668
7917,635409
7918,630334
7919,626477
7920,1024677
7921,641565
7922,631043
7923,630738
7924,924649
7925,1093066
7926,623325
7927,627169
7928,625991
7929,633118
7930,634808
7931,633070
7932,1081806
7933,680294
7934,989368
7935,981110
7936,631801
7937,683953
7938,2799527
7939,1196081
7940,655688
7941,634953
7942,627787
7943,1139096
7944,642385
7945,1037457
7946,1092979
7947,635628
7948,632419
7949,625184
7950,634449
7951,627169
7952,1049022
7953,632909
7954,638343
7955,941615
7956,1096416
7957,1018085
7958,624767
7959,637849
7960,641087
7961,632180
7962,630090
7963,633386
7964,636741
7965,1025303
7966,637144
7967,1004022
7968,994179
7969,1061625
7970,618761
7971,629571
7972,625554
7973,631001
7974,637943
7975,7592416
7976,882690
7977,673920
7978,656142
7979,782917
7980,627334
7981,596842
7982,605576
7983,604769
7984,607360
7985,602136
7986,1114733
7987,656847
7988,612346
7989,905251
7990,1154912
7991,609123
7992,611385
7993,609008
7994,844150
7995,648400
7996,653699
7997,638418
7998,635339
7999,935538
8000,1578352
8001,693870
8002,636357
8003,631602
8004,627746
8005,632406
8006,629538
8007,1192315
8008,633589
8009,991777
8010,1611490
8011,677509
8012,639612
8013,639480
8014,629245
8015,629687
8016,1068353
8017,616902
8018,855308
8019,622477
8020,1118998
8021,663941
8022,1002675
8023,633110
8024,625913
8025,737044
8026,637453
8027,1067373
8028,625455
8029,625682
8030,1040094
8031,609849
8032,1023176
8033,699634
8034,665622
8035,667296
8036,665767
8037,666278
8038,1220513
8039,1080776
8040,775267
8041,664950
8042,668864
8043,1063792
8044,690211
8045,670327
8046,667237
8047,666620
8048,1162790
8049,1199596
8050,663723
8051,668630
8052,668819
8053,1131968
8054,733427
8055,1096465
8056,662421
8057,688010
8058,1193645
8059,757459
8060,697945
8061,697751
8062,1199455
8063,1469638
8064,775802
8065,712089
8066,1500276
8067,1046154
8068,1036477
8069,712340
8070,700726
8071,695184
8072,1267445
8073,753475
8074,1202936
8075,702447
8076,1090857
8077,692115
8078,693000
8079,695926
8080,687772
8081,1212894
8082,695316
8083,697491
8084,1198058
8085,1287922
8086,709465
8087,716065
8088,704673
8089,705661
8090,1281000
8091,750777
8092,747307
8093,1378172
8094,767924
8095,1327994
8096,738074
8097,746986
8098,743006
8099,740761
8100,773037
8101,10346211
8102,1779733
8103,1174858
8104,769214
8105,747291
8106,868088
8107,1180630
8108,750335
8109,1209759
8110,1666497
8111,811041
8112,740019
8113,776647
8114,789394
8115,1248649
8116,2954909
8117,813035
8118,1851728
8119,852559
8120,795723
8121,842147
8122,862159
8123,1541180
8124,875068
8125,1825232
8126,1243767
8127,857833
8128,844768
8129,851975
8130,1452322
8131,1039933
8132,1961010
8133,911279
8134,816348
8135,805780
8136,808450
8137,802583
8138,1368700
8139,855633
8140,849914
8141,1960016
8142,922107
8143,853021
8144,845823
8145,855448
8146,1342162
8147,5982777
8148,1631476
8149,1369438
8150,4583027
8151,935608
8152,1814557
8153,1456466
8154,1214654
8155,856309
8156,5230850
8157,1014224
8158,823570
8159,802557
8160,1495999
8161,790565
8162,1269571
8163,1000063
8164,860924
8165,1426053
8166,947532
8167,861640
8168,1376883
8169,1280568
8170,930425
8171,1475213
8172,921538
8173,2778458
8174,1030642
8175,1388543
8176,1484595
8177,12419518
8178,1039608
8179,939288
8180,922185
8181,1682232
8182,6255519
8183,1033040
8184,878932
8185,855542
8186,865542
8187,959818
8188,1493918
8189,1556424
8190,920017
8191,859839
8192,1482349
8193,1249214
8194,828861
8195,1326672
8196,1186877
8197,797560
8198,1116769
8199,1368556
8200,820768
8201,814399
8202,1175732
8203,745684
8204,1205520
8205,789966
8206,745157
8207,1164513
8208,1346748
8209,758806
8210,755481
8211,1299289
8212,1262237
8213,852160
8214,795628
8215,848242
8216,1372523
8217,1446228
8218,814181
8219,1276794
8220,873164
8221,1374007
8222,746459
8223,746351
8224,1625259
8225,815561
8226,1123048
8227,1154488
8228,1168789
8229,735507
8230,773976
8231,1292013
8232,848485
8233,1215791
8234,931282
8235,810716
8236,1596151
8237,867676
8238,791685
8239,796230
8240,1211700
8241,815437
8242,1461526
8243,852135
8244,1548024
8245,929094
8246,859840
8247,844764
8248,1411071
8249,903479
8250,1439858
8251,1435668
8252,860519
8253,930033
8254,872513
8255,868463
8256,864392
8257,1555955
8258,2861082
8259,940721
8260,809772
8261,900522
8262,801108
8263,1517819
8264,2160216
8265,1999726
8266,10120833
8267,2036576
8268,842074
8269,857499
8270,1476878
8271,750645
8272,1365750
8273,850285
8274,1185067
8275,799055
8276,759231
8277,1153610
8278,1430378
8279,864169
8280,750735
8281,1257977
8282,750010
8283,1783632
8284,784405
8285,1176675
8286,1253910
8287,1204609
8288,834493
8289,1665516
8290,812360
8291,749516
8292,739821
8293,748135
8294,4514328
8295,1597180
8296,855122
8297,767883
8298,1224913
8299,805384
8300,1350564
8301,774545
8302,757542
8303,1161269
8304,796147
8305,813427
8306,750554
8307,742862
8308,1617727
8309,862159
8310,1241492
8311,1316742
8312,755444
8313,709003
8314,703152
8315,709081
8316,1246103
8317,706172
8318,1276257
8319,712097
8320,1161851
8321,681575
8322,708748
8323,701323
8324,696931
8325,1192426
8326,709320
8327,1290834
8328,771694
8329,1217027
8330,685766
8331,694850
8332,701274
8333,702386
8334,702406
8335,1270482
8336,718231
8337,1148296
8338,702320
8339,1308172
8340,692692
8341,709752
8342,699762
8343,703017
8344,1193880
8345,702106
8346,1200114
8347,695967
8348,1210802
8349,774627
8350,1188347
8351,705460
8352,700375
8353,1164995
8354,742853
8355,1110568
8356,697174
8357,697512
8358,1132854
8359,673224
8360,700606
8361,696189
8362,746002
8363,1202372
8364,706230
8365,1576593
8366,1239918
8367,693569
8368,699143
8369,699032
8370,696078
8371,8106073
8372,952258
8373,1416094
8374,747625
8375,950564
8376,724440
8377,705744
8378,716040
8379,707618
8380,712505
8381,1387822
8382,1100441
8383,1156762
8384,1045602
8385,883637
8386,667427
8387,662446
8388,664196
8389,1132845
8390,669207
8391,1039513
8392,701319
8393,664378
8394,669207
8395,1050394
8396,726575
8397,655565
8398,709568
8399,660352
8400,1126484
8401,1139367
8402,663641
8403,670863
8404,670278
8405,1028315
8406,1137497
8407,711849
8408,705620
8409,1076972
8410,1250503
8411,699370
8412,712129
8413,1086589
8414,769601
8415,709023
8416,1120745
8417,704808
8418,1211345
8419,768777
8420,1106498
8421,1676769
8422,1209735
8423,704916
8424,1139265
8425,765757
8426,1177602
8427,1236671
8428,740752
8429,752631
8430,1283328
8431,738565
8432,748737
8433,1189563
8434,816126
8435,1135317
8436,792707
8437,746722
8438,753999
8439,750855
8440,1246036
8441,811795
8442,748293
8443,1119698
8444,1364156
8445,738824
8446,745466
8447,751180
8448,1563387
8449,738668
8450,705761
8451,1116464
8452,1239968
8453,1064773
8454,708723
8455,701978
8456,701418
8457,694096
8458,697269
8459,698077
8460,1208091
8461,1136249
8462,748972
8463,1210847
8464,754027
8465,695971
8466,703091
8467,695724
8468,695959
8469,1249930
8470,1124819
8471,740340
8472,704356
8473,693734
8474,1172221
8475,767158
8476,698121
8477,707317
8478,690479
8479,1157978
8480,768505
8481,1127646
8482,701319
8483,1013185
8484,1010816
8485,703251
8486,705612
8487,7601933
8488,1028134
8489,1592141
8490,807720
8491,1101842
8492,779584
8493,1182484
8494,704590
8495,699786
8496,3519070
8497,1406650
8498,941047
8499,669306
8500,664518
8501,662553
8502,1186382
8503,740736
8504,1109975
8505,678354
8506,1187478
8507,664184
8508,661865
8509,658483
8510,1233393
8511,656319
8512,1098055
8513,673232
8514,1070871
8515,732591
8516,1082659
8517,677695
8518,663978
8519,669610
8520,1001497
8521,676478
8522,1154406
8523,655187
8524,729879
8525,697911
8526,664560
8527,665004
8528,670088
8529,673005
8530,677479
8531,1106444
8532,670513
8533,1032760
8534,1050489
8535,720415
8536,664234
8537,668988
8538,666644
8539,672255
8540,667682
8541,1135206
8542,654185
8543,1116571
8544,1108302
8545,1047712
8546,715719
8547,670356
8548,679483
8549,666368
8550,659785
8551,677224
8552,1141098
8553,672787
8554,673233
8555,1509406
8556,717276
8557,672185
8558,664551
8559,713836
8560,666631
8561,1087001
8562,669438
8563,1087059
8564,672103
8565,738206
8566,764010
8567,675511
8568,667843
8569,669573
8570,660510
8571,1157014
8572,669248
8573,662837
8574,972747
8575,1122195
8576,698748
8577,668778
8578,672824
8579,664427
8580,666083
8581,663373
8582,1121783
8583,658292
8584,1066751
8585,1131132
8586,979594
8587,672227
8588,667715
8589,664275
8590,662000
8591,663822
8592,662948
8593,1142672
8594,633370
8595,1005831
8596,1120638
8597,632509
8598,626375
8599,633580
8600,637190
8601,630358
8602,630165
8603,1085955
8604,623168
8605,951483
8606,910624
8607,674773
8608,680034
8609,850248
8610,683734
8611,6877542
8612,893134
8613,660872
8614,1327038
8615,656538
8616,1159980
8617,623169
8618,1063335
8619,636106
8620,827740
8621,678930
8622,630131
8623,1200081
8624,640066
8625,966221
8626,675910
8627,687125
8628,1381275
8629,705748
8630,706197
8631,759886
8632,1093697
8633,627956
8634,686420
8635,1082926
8636,635813
8637,671406
8638,984271
8639,750504
8640,665284
8641,1134843
8642,665968
8643,1136537
8644,655013
8645,662838
8646,668679
8647,669907
8648,1117531
8649,718549
8650,1022888
8651,734131
8652,738359
8653,1169193
8654,668041
8655,673936
8656,669100
8657,673141
8658,672738
8659,1196257
8660,654114
8661,1076132
8662,1126863
8663,1091830
8664,668626
8665,662417
8666,664300
8667,656377
8668,661267
8669,655029
8670,1087157
8671,667324
8672,1014586
8673,1115026
8674,654898
8675,670645
8676,709468
8677,661725
8678,658915
8679,665305
8680,676573
8681,668078
8682,3920293
8683,1390096
8684,750043
8685,667336
8686,660929
8687,663875
8688,660628
8689,1188215
8690,673195
8691,675667
8692,662227
8693,1501508
8694,706189
8695,625320
8696,628516
8697,684538
8698,639732
8699,1076507
8700,640148
8701,628986
8702,623989
8703,984934
8704,628447
8705,1085770
8706,636995
8707,633128
8708,629646
8709,634033
8710,625946
8711,1123105
8712,633321
8713,631990
8714,1072408
8715,1083050
8716,682127
8717,629147
8718,655672
8719,659228
8720,672569
8721,1197947
8722,678213
8723,657975
8724,1090347
8725,705929
8726,1021821
8727,669190
8728,667485
8729,669182
8730,8173618
8731,995069
8732,1328636
8733,800922
8734,1034417
8735,1083755
8736,744494
8737,679256
8738,1071390
8739,1086976
8740,670612
8741,662915
8742,1153224
8743,715417
8744,668293
8745,1489938
8746,770013
8747,712006
8748,696886
8749,1228744
8750,706354
8751,1104928
8752,690511
8753,1055775
8754,741993
8755,1028994
8756,761625
8757,700104
8758,699424
8759,1160689
8760,774846
8761,1154261
8762,711887
8763,1064567
8764,751596
8765,1110663
8766,699996
8767,699576
8768,1138712
8769,771179
8770,1049866
8771,701360
8772,837591
8773,1409510
8774,1429307
8775,712274
8776,705834
8777,1201000
8778,765197
8779,1048025
8780,746846
8781,755061
8782,1210113
8783,795620
8784,1354816
8785,749169
8786,1217072
8787,820715
8788,1220410
8789,758250
8790,1134687
8791,1723214
8792,879126
8793,760034
8794,761826
8795,823455
8796,740752
8797,743715
8798,739397
8799,1191705
8800,749166
8801,1264235
8802,747196
8803,798454
8804,1305799
8805,742441
8806,740126
8807,1191195
8808,793729
8809,1159334
8810,830125
8811,758321
8812,1113572
8813,1438656
8814,868001
8815,763499
8816,745074
8817,1237826
8818,808507
8819,1359422
8820,752244
8821,1218168
8822,740151
8823,756091
8824,1215849
8825,744679
8826,740217
8827,744258
8828,1184598
8829,739908
8830,1268834
8831,719864
8832,740056
8833,736199
8834,740147
8835,1313153
8836,754394
8837,1128796
8838,1124680
8839,808383
8840,747171
8841,744341
8842,748070
8843,9657800
8844,968791
8845,784706
8846,823397
8847,1830205
8848,1347477
8849,759849
8850,736661
8851,741061
8852,741976
8853,742767
8854,811569
8855,1257643
8856,805483
8857,1233100
8858,793794
8859,753257
8860,748996
8861,747361
8862,1469239
8863,754905
8864,774261
8865,1472214
8866,1190852
8867,873485
8868,852094
8869,796226
8870,799550
8871,807667
8872,1283852
8873,843882
8874,752490
8875,1190700
8876,801861
8877,1210995
8878,794322
8879,1049166
8880,1283320
8881,742309
8882,757130
8883,1113045
8884,799575
8885,1263052
8886,867132
8887,1344087
8888,936729
8889,1135272
8890,798462
8891,794149
8892,1378852
8893,795434
8894,1399062
8895,800358
8896,792658
8897,1228337
8898,836367
8899,799439
8900,1235807
8901,800489
8902,1648014
8903,870020
8904,1134930
8905,1332596
8906,794524
8907,805529
8908,835172
8909,1177363
8910,853318
8911,1243066
8912,853631
8913,1238946
8914,876229
8915,1220142
8916,795781
8917,795546
8918,1241130
8919,801627
8920,1415010
8921,814642
8922,803110
8923,1277588
8924,791574
8925,755976
8926,767249
8927,4553350
8928,863123
8929,1602479
8930,1279286
8931,841308
8932,1166807
8933,763021
8934,749429
8935,1369561
8936,764970
8937,1298568
8938,746722
8939,9864888
8940,970048
8941,1445936
8942,844834
8943,1579459
8944,861149
8945,763808
8946,1341071
8947,1333301
8948,746149
8949,747122
8950,1247343
8951,803366
8952,1375737
8953,749272
8954,746541
8955,1307591
8956,829615
8957,1116716
8958,756079
8959,1173844
8960,1770628
8961,830101
8962,990780
8963,1284308
8964,834077
8965,1309396
8966,768369
8967,757072
8968,1175200
8969,808079
8970,752721
8971,1195219
8972,743413
8973,1234830
8974,793930
8975,739578
8976,796584
8977,803217
8978,1098212
8979,823620
8980,1284951
8981,810131
8982,741280
8983,737131
8984,739681
8985,1244496
8986,811898
8987,751366
8988,1174920
8989,1270271
8990,741481
8991,758654
8992,759388
8993,755416
8994,1320001
8995,743113
8996,747608
8997,1776244
8998,797947
8999,1276316
9000,752293
9001,745474
9002,752350
9003,763578
9004,1272447
9005,754983
9006,739883
9007,1199064
9008,792336
9009,744802
9010,754509
9011,747604
9012,745564
9013,1217287
9014,746034
9015,1194416
9016,836561
9017,802249
9018,744485
9019,793160
9020,751667
9021,1138794
9022,750311
9023,748342
9024,754394
9025,828675
9026,1215923
9027,789225
9028,709786
9029,708063
9030,712080
9031,1255801
9032,708179
9033,1227789
9034,698571
9035,1263885
9036,702262
9037,695827
9038,696832
9039,700095
9040,1271895
9041,717346
9042,759412
9043,1102818
9044,746483
9045,1197848
9046,728384
9047,717527
9048,718067
9049,714050
9050,9394020
9051,1659975
9052,844970
9053,734481
9054,1278173
9055,830776
9056,712023
9057,704916
9058,1263832
9059,1224794
9060,762148
9061,696873
9062,697326
9063,1071159
9064,1088308
9065,1254834
9066,725352
9067,1543327
9068,755873
9069,704256
9070,694657
9071,697409
9072,699436
9073,1313070
9074,1083462
9075,710790
9076,1303998
9077,716052
9078,715385
9079,715154
9080,709386
9081,1162684
9082,704137
9083,1075988
9084,1044288
9085,742294
9086,1124032
9087,755432
9088,752395
9089,705694
9090,707705
9091,1087009
9092,686623
9093,1085505
9094,748502
9095,703664
9096,696881
9097,1103482
9098,747089
9099,702398
9100,751843
9101,718046
9102,777676
9103,714973
9104,718619
9105,3680537
9106,774537
9107,1075633
9108,844662
9109,1083977
9110,3170691
9111,774504
9112,683401
9113,671802
9114,2934993
9115,858797
9116,1215643
9117,733579
9118,1192332
9119,1107663
9120,667559
9121,686012
9122,675589
9123,666743
9124,1078513
9125,672325
9126,2126222
9127,821638
9128,1290225
9129,745116
9130,663644
9131,659171
9132,653188
9133,659470
9134,657539
9135,1114569
9136,658185
9137,1031240
9138,1232495
9139,667926
9140,670488
9141,665664
9142,665161
9143,671876
9144,667827
9145,1134477
9146,1017396
9147,1026510
9148,733970
9149,730662
9150,1109303
9151,674374
9152,673599
9153,668337
9154,675366
9155,953642
9156,8207806
9157,855554
9158,3950032
9159,795702
9160,695543
9161,689894
9162,1346641
9163,676936
9164,667505
9165,1111306
9166,760945
9167,1063451
9168,662916
9169,663298
9170,655968
9171,655932
9172,657584
9173,661588
9174,1236326
9175,666657
9176,1134428
9177,658437
9178,1178479
9179,667229
9180,672354
9181,671502
9182,669870
9183,1140019
9184,675173
9185,1048292
9186,1155015
9187,703185
9188,1145189
9189,661424
9190,657382
9191,658276
9192,658721
9193,656216
9194,1153610
9195,661466
9196,1076313
9197,662141
9198,1074303
9199,726497
9200,672396
9201,665404
9202,665305
9203,666426
9204,1150121
9205,1105616
9206,722389
9207,672552
9208,667010
9209,1057443
9210,707639
9211,712299
9212,669759
9213,1012720
9214,659158
9215,1041441
9216,1142948
9217,675584
9218,968956
9219,986772
9220,715221
9221,665709
9222,663088
9223,1121140
9224,659331
9225,1166470
9226,748325
9227,664032
9228,669050
9229,1057740
9230,700622
9231,1093103
9232,661128
9233,658989
9234,1059149
9235,769164
9236,999622
9237,667122
9238,671847
9239,663030
9240,1084088
9241,1119690
9242,670278
9243,660930
9244,1014067
9245,988020
9246,705352
9247,731037
9248,677599
9249,1073083
9250,670311
9251,1079762
9252,720210
9253,672412
9254,1523950
9255,660847
9256,662763
9257,672066
9258,665310
9259,665321
9260,1153784
9261,701472
9262,1048746
9263,659973
9264,1215404
9265,659072
9266,667242
9267,664193
9268,663942
9269,662953
9270,1228012
9271,985688
9272,1035290
9273,1103485
9274,665149
9275,905528
9276,686000
9277,672087
9278,669680
9279,664745
9280,8011298
9281,733311
9282,1254981
9283,753170
9284,982722
9285,665037
9286,662862
9287,747530
9288,667052
9289,1138218
9290,678803
9291,953778
9292,729694
9293,724634
9294,1086367
9295,663319
9296,666607
9297,672981
9298,670966
9299,1146117
9300,726048
9301,1033011
9302,1052112
9303,735297
9304,1043707
9305,673006
9306,667283
9307,666796
9308,663567
9309,664646
9310,1066932
9311,1356505
9312,764027
9313,1133916
9314,680529
9315,675482
9316,670505
9317,664069
9318,674546
9319,1116694
9320,662359
9321,946419
9322,1083527
9323,723881
9324,1060859
9325,767426
9326,678971
9327,676504
9328,675416
9329,1135935
9330,662648
9331,666829
9332,4053138
9333,888590
9334,706040
9335,671185
9336,671498
9337,1295561
9338,718232
9339,1255208
9340,1047106
9341,813027
9342,997966
9343,1124168
9344,727914
9345,660275
9346,658025
9347,1195088
9348,681060
9349,1029422
9350,707124
9351,674538
9352,667616
9353,1066829
9354,711545
9355,661366
9356,711026
9357,666537
9358,1137649
9359,1136862
9360,656578
9361,674229
9362,673162
9363,1137658
9364,723209
9365,1143759
9366,669368
9367,672573
9368,1137300
9369,699469
9370,659706
9371,664263
9372,1140162
9373,1185686
9374,674567
9375,660851
9376,662211
9377,1049356
9378,1063875
9379,740299
9380,659496
9381,661490
9382,1079795
9383,1021430
9384,664469
9385,657893
9386,657382
9387,998333
9388,660963
9389,1065943
9390,706951
9391,923850
9392,716575
9393,1166980
9394,670871
9395,676767
9396,673406
9397,1009914
9398,8195116
9399,737555
9400,683524
9401,1124383
9402,731833
9403,1203246
9404,674822
9405,672503
9406,1539969
9407,717194
9408,663072
9409,665750
9410,669932
9411,662660
9412,1140670
9413,734626
9414,1175002
9415,663402
9416,1153858
9417,659331
9418,733278
9419,1029196
9420,716188
9421,672568
9422,1068539
9423,669932
9424,1205322
9425,728247
9426,1052643
9427,659582
9428,652805
9429,661675
9430,1042059
9431,679651
9432,1092431
9433,667773
9434,1207044
9435,684389
9436,671885
9437,666318
9438,664769
9439,695538
9440,664477
9441,1124486
9442,659524
9443,1090895
9444,1413053
9445,708088
9446,655590
9447,662932
9448,665289
9449,668857
9450,1061567
9451,674085
9452,675926
9453,1496048
9454,741020
9455,718677
9456,1058354
9457,664609
9458,662800
9459,994390
9460,667992
9461,660929
9462,1040881
9463,663789
9464,1103387
9465,701303
9466,1158089
9467,670464
9468,668626
9469,664118
9470,1049908
9471,1088608
9472,775752
9473,1110214
9474,665993
9475,981996
9476,715010
9477,671560
9478,659570
9479,1065318
9480,1073767
9481,704842
9482,656174
9483,663356
9484,662124
9485,665799
9486,1548019
9487,718887
9488,998275
9489,1054168
9490,744856
9491,663232
9492,661457
9493,657284
9494,667336
9495,1113856
9496,663039
9497,1037667
9498,668827
9499,1271470
9500,1117902
9501,654099
9502,711343
9503,680084
9504,1221749
9505,664127
9506,1536994
9507,965858
9508,1019967
9509,701171
9510,662829
9511,658347
9512,666376
9513,660518
9514,1195520
9515,667691
9516,1030259
9517,1527934
9518,680644
9519,674526
9520,676713
9521,674897
9522,665816
9523,8183959
9524,753891
9525,1277061
9526,1268891
9527,700404
9528,674455
9529,741448
9530,673776
9531,676932
9532,670629
9533,1124099
9534,663212
9535,1127601
9536,1139314
9537,660069
9538,658321
9539,656768
9540,655364
9541,670962
9542,674126
9543,657016
9544,661115
9545,1041598
9546,1048862
9547,660855
9548,673776
9549,664695
9550,3293898
9551,768604
9552,671584
9553,1226116
9554,668807
9555,1553862
9556,709712
9557,670286
9558,672194
9559,672103
9560,674068
9561,1123464
9562,671250
9563,720988
9564,1162387
9565,733188
9566,1130110
9567,669120
9568,668671
9569,659739
9570,665041
9571,660472
9572,1266423
9573,675008
9574,1169663
9575,1553210
9576,741523
9577,670294
9578,664703
9579,668045
9580,665231
9581,1120509
9582,668655
9583,663282
9584,1084616
9585,702955
9586,1019770
9587,785542
9588,668152
9589,672693
9590,669360
9591,669590
9592,1161579
9593,665725
9594,1096263
9595,657733
9596,1079865
9597,1099847
9598,669335
9599,711244
9600,665231
9601,664489
9602,1180305
9603,665634
9604,996207
9605,700433
9606,665828
9607,1440513
9608,731680
9609,679717
9610,671666
9611,1127807
9612,662672
9613,1119732
9614,717536
9615,658647
9616,660888
9617,1086717
9618,1133529
9619,674002
9620,657984
9621,668477
9622,1089630
9623,795719
9624,918724
9625,943749
9626,2741348
9627,1088686
9628,731013
9629,681275
9630,673776
9631,1119554
9632,665231
9633,1216594
9634,665181
9635,1031013
9636,702238
9637,656637
9638,1105982
9639,664143
9640,662763
9641,7758489
9642,1495731
9643,768077
9644,676598
9645,664794
9646,660509
9647,1030642
9648,778744
9649,1087545
9650,663455
9651,662170
9652,1162045
9653,646575
9654,668128
9655,663480
9656,1121647
9657,667567
9658,1056092
9659,664552
9660,1194944
9661,671172
9662,1126051
9663,717758
9664,671097
9665,660847
9666,661148
9667,663706
9668,1175250
9669,1044045
9670,725780
9671,719151
9672,1002774
9673,662429
9674,660645
9675,662194
9676,661622
9677,1255929
9678,735339
9679,1057963
9680,732343
9681,1093964
9682,710758
9683,667868
9684,671485
9685,720390
9686,1071695
9687,712983
9688,671802
9689,1008958
9690,665095
9691,1156231
9692,668906
9693,680228
9694,686103
9695,684253
9696,1119221
9697,734185
9698,668914
9699,671600
9700,1094755
9701,1397047
9702,671877
9703,668469
9704,663340
9705,663451
9706,670320
9707,4019294
9708,715612
9709,1204131
9710,732525
9711,1218432
9712,675498
9713,667291
9714,661547
9715,662640
9716,665610
9717,1153269
9718,702069
9719,665565
9720,1096593
9721,736842
9722,1037115
9723,664658
9724,669516
9725,661453
9726,667941
9727,661556
9728,1117906
9729,659121
9730,1509933
9731,746133
9732,670595
9733,658754
9734,666879
9735,657172
9736,661103
9737,1110234
9738,681204
9739,1104247
9740,1146009
9741,1272488
9742,715360
9743,669507
9744,675861
9745,676965
9746,665264
9747,1028994
9748,656006
9749,661482
9750,1116769
9751,638261
9752,1083927
9753,663818
9754,663171
9755,706555
9756,658445
9757,1025748
9758,665585
9759,669429
9760,7759601
9761,1088513
9762,1334639
9763,685906
9764,3646620
9765,745531
9766,1205849
9767,818041
9768,679660
9769,669166
9770,1082733
9771,673759
9772,1220302
9773,665659
9774,664110
9775,671316
9776,1144068
9777,671910
9778,666516
9779,1091150
9780,763005
9781,1163676
9782,1250824
9783,666620
9784,1007261
9785,1014986
9786,700915
9787,665824
9788,659047
9789,662174
9790,662545
9791,1125994
9792,669734
9793,1051045
9794,668086
9795,1041157
9796,1142915
9797,660913
9798,670670
9799,671189
9800,1103062
9801,668775
9802,1011982
9803,782028
9804,659550
9805,662396
9806,1068997
9807,1081118
9808,643374
9809,661667
9810,656513
9811,1104824
9812,666467
9813,1113538
9814,660628
9815,656987
9816,710408
9817,728886
9818,661049
9819,658964
9820,667263
9821,663282
9822,1197320
9823,667448
9824,1045985
9825,662952
9826,1115438
9827,1063232
9828,665330
9829,665120
9830,671691
9831,1077847
9832,662668
9833,1015464
9834,703527
9835,671383
9836,660810
9837,1132689
9838,733336
9839,1070129
9840,721804
9841,1081633
9842,705938
9843,1010458
9844,727773
9845,668844
9846,1044881
9847,631277
9848,933659
9849,659656
9850,632291
9851,630317
9852,987068
9853,678905
9854,628373
9855,1263811
9856,628616
9857,621319
9858,624475
9859,1037115
9860,606445
9861,624590
9862,625303
9863,1085056
9864,636185
9865,1533467
9866,631512
9867,624459
9868,1070513
9869,667963
9870,626626
9871,623997
9872,621677
9873,627495
9874,1169902
9875,635303
9876,1067208
9877,630791
9878,1037955
9879,1029538
9880,628097
9881,633956
9882,641285
9883,636057
9884,637708
9885,7537335
9886,857417
9887,1261619
9888,1180976
9889,682849
9890,680579
9891,673748
9892,670929
9893,665878
9894,1151979
9895,730229
9896,670052
9897,1096832
9898,1088036
9899,656871
9900,672329
9901,673751
9902,668939
9903,1071885
9904,666480
9905,658243
9906,660089
9907,983941
9908,1496942
9909,669029
9910,666101
9911,663233
9912,662375
9913,660789
9914,1068654
9915,662676
9916,1054003
9917,1086907
9918,1058424
9919,709996
9920,658412
9921,670764
9922,662952
9923,658112
9924,653530
9925,1123492
9926,669759
9927,934887
9928,1084467
9929,651507
9930,662454
9931,665305
9932,698356
9933,760150
9934,664605
9935,1088860
9936,671061
9937,1015423
9938,1093000
9939,704281
9940,635105
9941,631504
9942,629922
9943,632505
9944,1113259
9945,649163
9946,987814
9947,1004954
9948,668387
9949,634318
9950,966624
9951,1012378
9952,643406
9953,634598
9954,631874
9955,629662
9956,635121
9957,1172036
9958,1098364
9959,680533
9960,622271
9961,1033089
9962,631722
9963,633234
9964,627640
9965,628826
9966,632122
9967,1128536
9968,624001
9969,1076482
9970,1036703
9971,626935
9972,627915
9973,622432
9974,623902
9975,624125
9976,619082
9977,1039249
9978,636427
9979,1010875
9980,669248
9981,625588
9982,1034652
9983,686701
9984,641523
9985,628937
9986,635228
9987,1028277
9988,636115
9989,630647
9990,1011599
9991,669581
9992,1144645
9993,1063767
9994,636324
9995,634647
9996,679235
9997,626654
9998,1024285
9999,622485
