iteration,latency_ns
0,811144
1,1367394
2,821144
3,758312
4,1198499
5,773334
6,1225659
7,750928
8,753380
9,1384835
10,891565
11,1370933
12,880011
13,805644
14,911955
15,1384625
16,798764
17,1391378
18,887642
19,803444
20,799843
21,1424445
22,1375033
23,891968
24,1351243
25,882739
26,1365553
27,804189
28,794321
29,803036
30,1274911
31,860564
32,1942300
33,793267
34,797528
35,801136
36,804568
37,1364053
38,802006
39,1172983
40,1607958
41,808861
42,812525
43,960168
44,886982
45,1461069
46,748733
47,755832
48,1270061
49,823686
50,1256407
51,735833
52,739212
53,737843
54,1145156
55,739933
56,1147826
57,1665442
58,824485
59,761975
60,756977
61,816208
62,1157134
63,748024
64,1082135
65,1255913
66,1182925
67,750578
68,746508
69,746014
70,740785
71,736566
72,1492646
73,1635761
74,1693987
75,848052
76,758324
77,760265
78,722352
79,1214370
80,718969
81,771916
82,1313248
83,709806
84,1193637
85,10666190
86,756611
87,736846
88,751641
89,1522219
90,1464476
91,1886955
92,851834
93,757476
94,738734
95,744296
96,1288886
97,746500
98,743863
99,1254916
100,716782
101,1159828
102,779411
103,701804
104,708859
105,704421
106,694105
107,1173692
108,705686
109,1768651
110,795014
111,703358
112,714466
113,703812
114,1158712
115,711734
116,1088356
117,1227641
118,1207749
119,1206686
120,708970
121,698900
122,693215
123,698938
124,1187820
125,713848
126,707722
127,1135466
128,1608131
129,757690
130,719719
131,715570
132,706898
133,710395
134,1215997
135,1194190
136,1136261
137,696428
138,1105212
139,762733
140,701854
141,702876
142,698092
143,1153150
144,705743
145,1067896
146,756129
147,771307
148,713395
149,1211264
150,701006
151,715158
152,699890
153,701368
154,1769767
155,701076
156,697446
157,701792
158,1242955
159,772362
160,707001
161,697586
162,1618312
163,702933
164,702410
165,702909
166,699358
167,694261
168,1161039
169,1111017
170,1189385
171,1124963
172,696750
173,708941
174,702414
175,702205
176,1282586
177,745857
178,709353
179,1516369
180,915201
181,1142795
182,702497
183,701051
184,696078
185,693651
186,1136108
187,714140
188,1021203
189,780119
190,1266390
191,780087
192,717470
193,708150
194,709654
195,1113465
196,696630
197,690153
198,1128371
199,712031
200,9211466
201,782432
202,722521
203,710403
204,703704
205,706111
206,1456183
207,1658240
208,772394
209,707878
210,697677
211,701991
212,702345
213,1221283
214,1176658
215,1179031
216,741135
217,5963461
218,1006684
219,1362858
220,758061
221,715051
222,1365346
223,829614
224,1101723
225,1629870
226,771624
227,702439
228,705702
229,1194659
230,704738
231,1102649
232,1199641
233,703943
234,1216084
235,705686
236,702242
237,703420
238,665923
239,1222816
240,669376
241,666071
242,1146805
243,784783
244,1074740
245,649917
246,660084
247,656986
248,1151180
249,655742
250,663884
251,729615
252,667365
253,675033
254,1049203
255,701426
256,717478
257,667439
258,654972
259,668770
260,1158765
261,1086952
262,703993
263,667431
264,1634154
265,721339
266,658997
267,652319
268,1183007
269,670287
270,1089679
271,712163
272,665717
273,664815
274,1019596
275,720003
276,1146957
277,664638
278,661646
279,655371
280,1152812
281,740703
282,980146
283,740583
284,1127337
285,677117
286,3380470
287,1464526
288,779510
289,660703
290,1168752
291,721137
292,1066285
293,726670
294,657762
295,656871
296,653311
297,672317
298,1233322
299,711830
300,771447
301,1147942
302,698448
303,9140287
304,819076
305,736777
306,720226
307,710828
308,1411071
309,1159692
310,1344239
311,704599
312,700095
313,708690
314,785987
315,1010569
316,805051
317,1189872
318,1245324
319,719637
320,1188726
321,699885
322,712794
323,699494
324,710366
325,1264120
326,1141432
327,727646
328,1132067
329,1092749
330,758365
331,711162
332,739191
333,723344
334,1192097
335,724416
336,761472
337,715043
338,1583403
339,788137
340,722735
341,717008
342,708607
343,715179
344,701817
345,1237599
346,741848
347,716967
348,1298980
349,703510
350,711116
351,703132
352,700606
353,709761
354,1229668
355,713411
356,719789
357,1097738
358,746158
359,1253016
360,725611
361,711561
362,700742
363,709151
364,703668
365,1440662
366,1100037
367,762058
368,1396021
369,729698
370,730868
371,808129
372,709151
373,1070809
374,1355302
375,944714
376,1639601
377,1398295
378,760076
379,757414
380,1486507
381,1482699
382,837430
383,1228209
384,860334
385,1309305
386,792649
387,774830
388,1205297
389,1623359
390,1394006
391,1794862
392,1267601
393,787589
394,1221374
395,865991
396,1248971
397,822400
398,789728
399,1565225
400,1249123
401,808684
402,1160566
403,1417589
404,760978
405,756845
406,758922
407,1278717
408,842812
409,1150018
410,835606
411,12311365
412,2002598
413,877444
414,857367
415,1524209
416,1353218
417,926239
418,1390953
419,881074
420,1373212
421,808173
422,802022
423,1148964
424,872105
425,1513250
426,1369161
427,1032521
428,803382
429,809974
430,811029
431,1372541
432,794866
433,1684667
434,1393853
435,895066
436,790223
437,785715
438,784656
439,785233
440,1306763
441,1187453
442,1417408
443,3173975
444,5306590
445,1797590
446,1428780
447,1043834
448,1549812
449,852839
450,866663
451,857198
452,844484
453,1455642
454,1662022
455,848365
456,954651
457,6210453
458,1212063
459,1175529
460,3055765
461,1288643
462,2663173
463,1112443
464,1062305
465,918543
466,2032333
467,1730028
468,936827
469,923792
470,917459
471,1801627
472,1027338
473,2088337
474,997212
475,918889
476,911806
477,1611658
478,1001831
479,1758103
480,1125425
481,1140937
482,1011793
483,13421167
484,4517843
485,996239
486,1829928
487,956225
488,927162
489,1561637
490,1529491
491,1053006
492,936169
493,1586802
494,915110
495,924616
496,1381654
497,1448449
498,857129
499,861990
500,1878262
501,981168
502,869518
503,862237
504,1479346
505,923227
506,855056
507,851657
508,1976427
509,950840
510,848831
511,1432904
512,1455881
513,923421
514,1156713
515,1854620
516,956159
517,925531
518,1446982
519,935299
520,1489539
521,847236
522,831724
523,782497
524,1436929
525,815446
526,1459714
527,874870
528,795483
529,788318
530,793325
531,1293220
532,1312544
533,865793
534,1407804
535,785929
536,863523
537,791833
538,1210987
539,993619
540,1817993
541,993108
542,1360365
543,776297
544,788463
545,1386199
546,807893
547,1363678
548,801351
549,810592
550,1308041
551,771307
552,793394
553,792550
554,1330392
555,881586
556,1385469
557,1308683
558,785047
559,796723
560,791059
561,786943
562,788236
563,1378511
564,807127
565,1875992
566,1286430
567,760236
568,788550
569,787684
570,1311373
571,792682
572,788529
573,1266641
574,945892
575,9875197
576,1916706
577,810703
578,799084
579,1030235
580,1355001
581,1355253
582,725569
583,739714
584,737654
585,739731
586,733345
587,1417524
588,1174146
589,1252616
590,1123946
591,750435
592,748544
593,760178
594,792076
595,787688
596,1304110
597,1326391
598,1756961
599,858434
600,810209
601,807008
602,820369
603,1427181
604,1268293
605,861673
606,1438120
607,909297
608,856552
609,847557
610,844945
611,846610
612,5624872
613,917781
614,1566815
615,845535
616,864079
617,846177
618,853038
619,1452949
620,857174
621,1659653
622,961857
623,856325
624,856799
625,853177
626,1342756
627,803468
628,2881768
629,1976860
630,1190181
631,1101957
632,819331
633,793852
634,1389811
635,810003
636,794733
637,1783355
638,922860
639,806691
640,792072
641,787359
642,1317554
643,800073
644,800650
645,1315972
646,1288223
647,890061
648,862303
649,796934
650,798475
651,1329560
652,1219363
653,851088
654,790581
655,1182765
656,864429
657,788875
658,795974
659,1433835
660,1346666
661,837039
662,788224
663,1281594
664,1262991
665,745388
666,742627
667,1157883
668,808952
669,186376873
670,926025
671,718458
672,677567
673,660757
674,668593
675,666236
676,662442
677,1285890
678,1149585
679,729319
680,1158518
681,757241
682,676285
683,663681
684,1255649
685,673030
686,1089704
687,763540
688,1140703
689,752486
690,1189134
691,766025
692,713518
693,716320
694,706428
695,1183712
696,708471
697,1188442
698,1003656
699,1094825
700,709687
701,4587604
702,813135
703,740168
704,717251
705,1346164
706,838102
707,1138103
708,1211581
709,772296
710,702724
711,699720
712,1149412
713,714808
714,1142841
715,781660
716,692922
717,929597
718,1220030
719,696198
720,699671
721,1266431
722,704697
723,1166749
724,1108076
725,701336
726,1129949
727,781096
728,704883
729,694941
730,700977
731,1184981
732,801511
733,1135969
734,712925
735,1157678
736,1191948
737,701043
738,703643
739,1044906
740,666628
741,683837
742,1170145
743,704565
744,668412
745,1098492
746,703152
747,1100585
748,654589
749,667081
750,1054769
751,724062
752,1010449
753,671234
754,1059355
755,771014
756,669599
757,1067880
758,666973
759,1106720
760,661448
761,1070553
762,703111
763,701084
764,706782
765,1094940
766,711046
767,1323515
768,707882
769,702641
770,1093161
771,1108475
772,743649
773,704965
774,702913
775,1065366
776,1575480
777,987514
778,716044
779,709468
780,9438714
781,777133
782,741572
783,718038
784,1309087
785,796909
786,1296363
787,1218906
788,711067
789,700499
790,708166
791,770021
792,1157875
793,717746
794,1132594
795,1629309
796,772621
797,712542
798,705410
799,711018
800,703708
801,1234175
802,756854
803,1661713
804,789691
805,1236561
806,708970
807,706189
808,707924
809,716155
810,716382
811,1196876
812,1215932
813,758704
814,1149148
815,776857
816,708842
817,711018
818,706498
819,1149825
820,674150
821,1007327
822,709402
823,663245
824,668140
825,1090849
826,710111
827,662454
828,653934
829,657237
830,654177
831,1702214
832,670154
833,671753
834,661709
835,1183486
836,715562
837,1121153
838,667192
839,664205
840,1141761
841,728577
842,660319
843,660369
844,1081324
845,669854
846,1002098
847,733472
848,673315
849,3899573
850,1256572
851,693400
852,681307
853,1108904
854,725698
855,993578
856,677765
857,1379503
858,1093317
859,702612
860,659760
861,660542
862,662001
863,658478
864,1135383
865,662594
866,1044366
867,672973
868,1132446
869,1137316
870,651256
871,665685
872,661045
873,1027671
874,672857
875,1045784
876,710498
877,665330
878,658503
879,1130077
880,729319
881,1061127
882,668824
883,1008892
884,703111
885,653641
886,1131053
887,668601
888,1032653
889,791174
890,1118561
891,1005168
892,8315233
893,788994
894,1390367
895,778933
896,682725
897,1116575
898,750846
899,1005881
900,678864
901,1110292
902,713824
903,666183
904,1167611
905,673306
906,1273394
907,742734
908,1136042
909,667674
910,663661
911,1037334
912,708941
913,661622
914,1527415
915,1258665
916,663122
917,670344
918,725104
919,670011
920,1032377
921,661391
922,678938
923,665803
924,1060645
925,870964
926,1137188
927,720927
928,714334
929,706308
930,773083
931,1130752
932,706613
933,1267696
934,711681
935,1188183
936,707380
937,713144
938,720725
939,704599
940,1263123
941,709311
942,1179044
943,710816
944,714816
945,2400793
946,763759
947,723188
948,714005
949,706741
950,1279809
951,712780
952,1245114
953,717346
954,5093791
955,783568
956,740525
957,723374
958,710399
959,1388390
960,1140912
961,804622
962,1172295
963,710697
964,707326
965,688188
966,663694
967,658610
968,663027
969,1218486
970,674361
971,1320367
972,724791
973,1049500
974,663818
975,662685
976,665149
977,662260
978,1200925
979,683100
980,1063760
981,1461873
982,713291
983,667221
984,667349
985,665367
986,665783
987,1126608
988,677154
989,1080339
990,1109171
991,704924
992,1145775
993,671407
994,720448
995,682906
996,673467
997,675832
998,869147
999,1026015
1000,1086338
1001,8377010
1002,870049
1003,707325
1004,672849
1005,663719
1006,1250663
1007,667624
1008,1230002
1009,651004
1010,1144188
1011,1182567
1012,669928
1013,658973
1014,666920
1015,660839
1016,1497989
1017,1017120
1018,710807
1019,669969
1020,710626
1021,1037206
1022,694689
1023,663373
1024,662911
1025,670661
1026,662252
1027,1206385
1028,659137
1029,670612
1030,1019411
1031,664304
1032,1032336
1033,775151
1034,675725
1035,672597
1036,1208952
1037,734601
1038,1061568
1039,680310
1040,1097434
1041,702761
1042,657848
1043,1119113
1044,676561
1045,1087772
1046,730629
1047,1053876
1048,682832
1049,669895
1050,669986
1051,1080306
1052,1023630
1053,1174182
1054,679639
1055,1098097
1056,3373345
1057,1306161
1058,743649
1059,673158
1060,672462
1061,1094525
1062,672140
1063,1270230
1064,801103
1065,1046595
1066,688547
1067,663570
1068,672882
1069,1014887
1070,671567
1071,1032579
1072,669557
1073,692148
1074,1015229
1075,615926
1076,623202
1077,673216
1078,631356
1079,629068
1080,630651
1081,981972
1082,634272
1083,972528
1084,1007665
1085,692815
1086,633831
1087,628542
1088,632633
1089,631598
1090,638549
1091,690878
1092,1122026
1093,955776
1094,1039258
1095,672462
1096,630952
1097,1044194
1098,639238
1099,638409
1100,640292
1101,643563
1102,637498
1103,1127308
1104,1050328
1105,678370
1106,638516
1107,941022
1108,1135248
1109,659892
1110,631520
1111,643638
1112,1092526
1113,671505
1114,1148539
1115,896220
1116,1165407
1117,1538766
1118,809571
1119,9225474
1120,1390994
1121,739792
1122,703610
1123,1001612
1124,777591
1125,709555
1126,1145861
1127,847257
1128,1149961
1129,748877
1130,710411
1131,710317
1132,710107
1133,1174599
1134,720576
1135,987987
1136,1006214
1137,1274515
1138,761868
1139,702538
1140,705418
1141,707944
1142,1080087
1143,717730
1144,1145181
1145,1132104
1146,731111
1147,1173379
1148,705134
1149,712542
1150,744378
1151,701718
1152,1113976
1153,749438
1154,1284934
1155,713877
1156,1067089
1157,1043349
1158,698415
1159,695699
1160,697936
1161,1186131
1162,713387
1163,1429456
1164,754554
1165,712632
1166,1144188
1167,685901
1168,712967
1169,709918
1170,712633
1171,1163536
1172,707561
1173,1053723
1174,1118763
1175,717601
1176,1038034
1177,685609
1178,696733
1179,710506
1180,696272
1181,1092843
1182,743892
1183,1063685
1184,781022
1185,1152556
1186,753982
1187,705092
1188,702213
1189,698331
1190,1171311
1191,681047
1192,669055
1193,665857
1194,1039468
1195,739430
1196,969714
1197,734255
1198,680731
1199,669224
1200,674345
1201,666463
1202,2744022
1203,1443794
1204,1099679
1205,658424
1206,658989
1207,727202
1208,676544
1209,672161
1210,678757
1211,1149293
1212,671205
1213,1020956
1214,996030
1215,713114
1216,665132
1217,664510
1218,664963
1219,666042
1220,719987
1221,1021220
1222,664135
1223,1015068
1224,960992
1225,672494
1226,745700
1227,11759301
1228,756112
1229,702658
1230,682844
1231,1260329
1232,669751
1233,669132
1234,1049710
1235,708722
1236,1074974
1237,684496
1238,673179
1239,1090322
1240,665741
1241,1171920
1242,662158
1243,1128820
1244,712274
1245,1055969
1246,734539
1247,675543
1248,668729
1249,1186485
1250,727588
1251,1048754
1252,756821
1253,697854
1254,703844
1255,1175719
1256,710915
1257,704858
1258,1013169
1259,1085670
1260,1142429
1261,691232
1262,1063607
1263,747472
1264,1019160
1265,763359
1266,760310
1267,3697804
1268,1279237
1269,714322
1270,678279
1271,993050
1272,731321
1273,666570
1274,2795597
1275,967490
1276,1249341
1277,670830
1278,675308
1279,678601
1280,676680
1281,1232168
1282,709036
1283,700981
1284,1234385
1285,1204729
1286,697030
1287,706823
1288,700705
1289,709060
1290,1188153
1291,704850
1292,707804
1293,1061082
1294,1296072
1295,701500
1296,766536
1297,719563
1298,717964
1299,1133299
1300,699049
1301,1131832
1302,1184372
1303,707033
1304,1188986
1305,700775
1306,715199
1307,762955
1308,708520
1309,1248991
1310,713910
1311,1160755
1312,706197
1313,695876
1314,1132413
1315,746986
1316,701249
1317,716097
1318,711170
1319,1155184
1320,760537
1321,1101953
1322,754596
1323,1055264
1324,748955
1325,701484
1326,709703
1327,665070
1328,663640
1329,1054839
1330,669070
1331,1111260
1332,1631068
1333,650560
1334,827864
1335,665424
1336,664613
1337,991337
1338,740658
1339,8367032
1340,781953
1341,1671939
1342,692984
1343,671617
1344,680179
1345,731836
1346,1035438
1347,678926
1348,674687
1349,1617039
1350,723027
1351,691418
1352,790115
1353,706213
1354,706893
1355,703136
1356,709259
1357,1388085
1358,1228152
1359,748943
1360,701805
1361,702064
1362,1557487
1363,773520
1364,697635
1365,706432
1366,1165259
1367,826223
1368,1120210
1369,701418
1370,703927
1371,1095562
1372,1286825
1373,707293
1374,705921
1375,703609
1376,1167879
1377,680277
1378,701331
1379,753541
1380,1119625
1381,755177
1382,1098105
1383,777845
1384,705117
1385,1129455
1386,647189
1387,675943
1388,673817
1389,672857
1390,1201997
1391,794012
1392,1073529
1393,671778
1394,1130233
1395,738601
1396,1078316
1397,705257
1398,659768
1399,659768
1400,1015546
1401,1104070
1402,715269
1403,663405
1404,659990
1405,1145106
1406,634775
1407,668177
1408,670686
1409,672272
1410,1169712
1411,673867
1412,1085531
1413,673430
1414,1024619
1415,1145914
1416,697240
1417,661931
1418,658853
1419,844842
1420,1152655
1421,714952
1422,1188170
1423,664093
1424,1091719
1425,707713
1426,664720
1427,719715
1428,673912
1429,1335842
1430,671316
1431,1025006
1432,737271
1433,677007
1434,1136545
1435,651730
1436,677266
1437,662779
1438,665012
1439,1290216
1440,669940
1441,1248888
1442,662149
1443,663319
1444,662129
1445,741680
1446,1112941
1447,667967
1448,668276
1449,662529
1450,1137229
1451,1280497
1452,1078567
1453,1464933
1454,726007
1455,1047292
1456,661490
1457,659500
1458,656855
1459,981102
1460,10393246
1461,817069
1462,731078
1463,1311740
1464,712056
1465,702967
1466,705415
1467,706992
1468,1235700
1469,1195706
1470,701528
1471,1040695
1472,3369584
1473,855699
1474,745919
1475,1312935
1476,728887
1477,1141316
1478,724869
1479,1430684
1480,747571
1481,710350
1482,764476
1483,701183
1484,707453
1485,1084170
1486,699696
1487,1078382
1488,1145457
1489,703494
1490,664592
1491,664679
1492,656476
1493,659859
1494,660324
1495,1088308
1496,662594
1497,1090619
1498,751716
1499,1095736
1500,719921
1501,695728
1502,708463
1503,714359
1504,716139
1505,1101397
1506,704112
1507,785327
1508,1512983
1509,1159107
1510,739739
1511,699552
1512,695609
1513,688568
1514,651890
1515,1034828
1516,671531
1517,1124787
1518,697404
1519,1097235
1520,1149288
1521,666117
1522,658569
1523,660328
1524,668082
1525,1190799
1526,733732
1527,659784
1528,1106485
1529,786156
1530,1030634
1531,715051
1532,664786
1533,665223
1534,1094046
1535,1101780
1536,698546
1537,662170
1538,662928
1539,1037326
1540,665626
1541,1124676
1542,780825
1543,1068028
1544,987661
1545,704631
1546,669516
1547,669458
1548,672379
1549,668955
1550,1096448
1551,669005
1552,1020627
1553,662714
1554,1094483
1555,1078435
1556,668202
1557,668292
1558,656488
1559,1135141
1560,673887
1561,1131667
1562,869098
1563,667172
1564,1482333
1565,1572867
1566,713436
1567,664036
1568,656274
1569,1033197
1570,732915
1571,661725
1572,655631
1573,1105154
1574,1283702
1575,666998
1576,675935
1577,7746290
1578,962195
1579,1301988
1580,1263510
1581,746763
1582,676965
1583,678053
1584,665553
1585,668820
1586,1085740
1587,702299
1588,1538131
1589,1286459
1590,1226916
1591,713353
1592,712699
1593,706131
1594,713502
1595,1103832
1596,708904
1597,1170004
1598,658354
1599,1126822
1600,733027
1601,1061386
1602,775484
1603,653657
1604,660443
1605,1021072
1606,661231
1607,1004459
1608,664362
1609,660345
1610,733410
1611,1463425
1612,671807
1613,678143
1614,666751
1615,750513
1616,1124305
1617,682420
1618,1218519
1619,735462
1620,1056034
1621,670245
1622,663883
1623,661626
1624,1101183
1625,655248
1626,1071246
1627,720811
1628,1007364
1629,1081884
1630,704179
1631,675292
1632,669100
1633,694406
1634,706630
1635,1202594
1636,708599
1637,1188076
1638,1414409
1639,736908
1640,703107
1641,708331
1642,700433
1643,703383
1644,705752
1645,1165625
1646,696329
1647,1586319
1648,695287
1649,755783
1650,702740
1651,698059
1652,699436
1653,699185
1654,1149351
1655,709703
1656,1178080
1657,1589249
1658,711475
1659,712909
1660,701995
1661,749750
1662,1126442
1663,699535
1664,1040378
1665,1194767
1666,754612
1667,1253441
1668,670245
1669,660703
1670,665041
1671,664646
1672,669223
1673,1180540
1674,659203
1675,669541
1676,1622420
1677,1006424
1678,799125
1679,703643
1680,662952
1681,1110358
1682,671469
1683,677430
1684,804742
1685,1174137
1686,660851
1687,669450
1688,660493
1689,662310
1690,659150
1691,663262
1692,1043818
1693,666035
1694,659574
1695,1050106
1696,1101764
1697,710865
1698,672799
1699,670125
1700,9273140
1701,736006
1702,686190
1703,1185966
1704,689259
1705,1290340
1706,678815
1707,671416
1708,667484
1709,665766
1710,1091376
1711,675148
1712,721067
1713,662697
1714,1588219
1715,1082173
1716,725990
1717,665144
1718,656690
1719,661165
1720,660888
1721,1088542
1722,671650
1723,2841816
1724,1996042
1725,1034902
1726,680154
1727,664847
1728,675115
1729,670109
1730,670538
1731,670546
1732,1187948
1733,709641
1734,1114927
1735,1215346
1736,660299
1737,659232
1738,660971
1739,666339
1740,659356
1741,656702
1742,4530916
1743,708348
1744,1610435
1745,720292
1746,667884
1747,665124
1748,661473
1749,662503
1750,1114244
1751,672499
1752,1061349
1753,705320
1754,1148761
1755,743463
1756,666587
1757,661177
1758,664642
1759,663479
1760,1140522
1761,672058
1762,663900
1763,1024804
1764,1111961
1765,1202125
1766,677179
1767,665944
1768,661770
1769,655804
1770,659463
1771,665215
1772,1096139
1773,668296
1774,1030605
1775,1514989
1776,730625
1777,714548
1778,664770
1779,655689
1780,659323
1781,1112299
1782,664436
1783,662149
1784,658609
1785,1098781
1786,633832
1787,1123126
1788,662487
1789,655899
1790,1015027
1791,1646683
1792,752614
1793,654716
1794,736793
1795,1136166
1796,1066582
1797,658552
1798,628949
1799,631343
1800,627750
1801,626391
1802,1171295
1803,641079
1804,1036810
1805,669441
1806,626081
1807,683685
1808,627581
1809,632291
1810,626943
1811,631899
1812,634499
1813,1125022
1814,1100700
1815,8205486
1816,908560
1817,1465786
1818,707495
1819,677151
1820,687459
1821,699321
1822,1168179
1823,646394
1824,668844
1825,1122068
1826,1155650
1827,665206
1828,669026
1829,730151
1830,666438
1831,1153001
1832,748176
1833,1064831
1834,670068
1835,1117638
1836,731857
1837,676228
1838,665305
1839,1128268
1840,660930
1841,1149990
1842,717918
1843,656920
1844,666092
1845,1691197
1846,735507
1847,664254
1848,663682
1849,1092840
1850,665618
1851,1154537
1852,700214
1853,714639
1854,663324
1855,1072882
1856,1133419
1857,668152
1858,658561
1859,658696
1860,1118903
1861,722273
1862,961911
1863,658952
1864,1006573
1865,792315
1866,1037213
1867,718005
1868,664563
1869,962463
1870,661099
1871,1027499
1872,692304
1873,658243
1874,658338
1875,1081727
1876,671522
1877,1030502
1878,726105
1879,666059
1880,1168974
1881,729999
1882,1003614
1883,662161
1884,662178
1885,662821
1886,947741
1887,1107362
1888,662610
1889,702559
1890,663517
1891,1074896
1892,704372
1893,669944
1894,668712
1895,662536
1896,653925
1897,1452981
1898,708557
1899,658375
1900,1128730
1901,769993
1902,1080257
1903,666652
1904,657497
1905,662124
1906,1097470
1907,1116542
1908,670488
1909,816323
1910,1529467
1911,1372515
1912,785085
1913,654663
1914,671498
1915,1093989
1916,657053
1917,659096
1918,654902
1919,1020305
1920,4516203
1921,695106
1922,675164
1923,670261
1924,664798
1925,1050328
1926,7336797
1927,1727569
1928,700783
1929,672227
1930,660361
1931,662903
1932,695217
1933,1173000
1934,724960
1935,703980
1936,1358458
1937,777548
1938,1208553
1939,714833
1940,703008
1941,1123724
1942,712327
1943,1039463
1944,678922
1945,725570
1946,1197329
1947,648713
1948,701570
1949,661716
1950,658429
1951,1081134
1952,662780
1953,1076330
1954,1181928
1955,662018
1956,1104133
1957,706415
1958,652780
1959,647205
1960,698599
1961,1069928
1962,720230
1963,655614
1964,1644455
1965,1275879
1966,671468
1967,669054
1968,672656
1969,669623
1970,675297
1971,1118034
1972,679960
1973,664847
1974,1162482
1975,1622078
1976,658186
1977,8208898
1978,832593
1979,675572
1980,668626
1981,1649493
1982,1253754
1983,665824
1984,1059425
1985,796296
1986,670855
1987,655582
1988,6880781
1989,760496
1990,708504
1991,775497
1992,1381934
1993,1200650
1994,777026
1995,680689
1996,672429
1997,664444
1998,664428
1999,9408802
2000,1448346
2001,719612
2002,1165645
2003,680644
2004,736233
2005,661098
2006,667885
2007,1015538
2008,2854717
2009,2088654
2010,698587
2011,1107094
2012,785114
2013,8352183
2014,930301
2015,829388
2016,1394698
2017,840376
2018,1333630
2019,1157817
2020,774628
2021,1212426
2022,707033
2023,697537
2024,1643218
2025,813282
2026,702522
2027,702505
2028,698151
2029,1273576
2030,752536
2031,1293026
2032,672251
2033,1267395
2034,659760
2035,666092
2036,665968
2037,676965
2038,1155749
2039,667468
2040,1042940
2041,751349
2042,1021665
2043,1047683
2044,720168
2045,669982
2046,669594
2047,672334
2048,664510
2049,1122252
2050,667909
2051,1205680
2052,664753
2053,1033391
2054,1032562
2055,658404
2056,670294
2057,667155
2058,1123567
2059,666269
2060,1061007
2061,1102909
2062,669644
2063,1198800
2064,736467
2065,1121087
2066,659656
2067,663373
2068,658354
2069,1055725
2070,1148266
2071,663315
2072,703812
2073,1166304
2074,730777
2075,664795
2076,665919
2077,669644
2078,667505
2079,1058119
2080,658553
2081,1055873
2082,663064
2083,1121029
2084,1198927
2085,664386
2086,671090
2087,671543
2088,722224
2089,656220
2090,998815
2091,1151625
2092,673743
2093,1031816
2094,1061543
2095,799921
2096,673463
2097,661070
2098,1171249
2099,660889
2100,1074975
2101,741667
2102,1041943
2103,685803
2104,910689
2105,628801
2106,632736
2107,4282186
2108,701409
2109,1198750
2110,640267
2111,629378
2112,627684
2113,1114948
2114,627062
2115,635018
2116,636324
2117,890073
2118,1080689
2119,624392
2120,1116826
2121,629419
2122,1008641
2123,978354
2124,8153239
2125,916240
2126,705509
2127,681275
2128,683759
2129,1314628
2130,727778
2131,1369829
2132,747805
2133,1023556
2134,660250
2135,649336
2136,649472
2137,1273127
2138,673088
2139,1602306
2140,1336111
2141,709370
2142,759413
2143,701921
2144,700491
2145,1161060
2146,702646
2147,1065284
2148,1290464
2149,701800
2150,1199781
2151,702650
2152,693952
2153,739714
2154,698357
2155,1305020
2156,710428
2157,701962
2158,1286912
2159,768126
2160,1266671
2161,700095
2162,702109
2163,700474
2164,699835
2165,1219734
2166,697034
2167,1084591
2168,753104
2169,1180383
2170,713835
2171,734449
2172,751913
2173,747757
2174,744057
2175,1214283
2176,1311917
2177,735615
2178,1153495
2179,798491
2180,747456
2181,738090
2182,738370
2183,1305564
2184,752342
2185,747221
2186,1199846
2187,1209842
2188,770821
2189,746050
2190,746562
2191,745799
2192,1266060
2193,746208
2194,1203583
2195,741222
2196,1131008
2197,808709
2198,748218
2199,744386
2200,750451
2201,764076
2202,1481822
2203,3147260
2204,768427
2205,1743629
2206,758086
2207,741193
2208,748317
2209,1236259
2210,744234
2211,1338187
2212,1601918
2213,1177820
2214,1028759
2215,822911
2216,1476993
2217,879801
2218,1467492
2219,799570
2220,810180
2221,1530855
2222,1483598
2223,1405983
2224,818564
2225,821629
2226,803518
2227,794466
2228,789860
2229,1411648
2230,14463272
2231,2736918
2232,921328
2233,879793
2234,872780
2235,1440444
2236,880823
2237,863474
2238,2162400
2239,973620
2240,871219
2241,855390
2242,858468
2243,1288082
2244,857372
2245,1288235
2246,858254
2247,1647294
2248,1724014
2249,1417680
2250,2577701
2251,1067567
2252,920183
2253,1640516
2254,1030453
2255,3342985
2256,1152564
2257,1529738
2258,929378
2259,1409749
2260,1105628
2261,1523188
2262,914835
2263,1624150
2264,972578
2265,939181
2266,992977
2267,1770232
2268,1083235
2269,1862375
2270,1502929
2271,991316
2272,985284
2273,1576836
2274,983896
2275,981193
2276,1861146
2277,8225922
2278,7095178
2279,998415
2280,934488
2281,1936144
2282,1607295
2283,1065507
2284,940553
2285,930017
2286,1624917
2287,1515054
2288,849741
2289,1494894
2290,1562675
2291,858971
2292,858059
2293,1509592
2294,1347301
2295,905503
2296,849647
2297,1425467
2298,12245411
2299,1609631
2300,1557837
2301,856094
2302,1429777
2303,922131
2304,1513822
2305,938521
2306,1527666
2307,976274
2308,849733
2309,849901
2310,1402736
2311,874095
2312,1652864
2313,1387604
2314,976471
2315,793036
2316,797643
2317,794948
2318,1346143
2319,807757
2320,1274704
2321,962846
2322,1216393
2323,793366
2324,860194
2325,816232
2326,1390038
2327,805920
2328,1282244
2329,802175
2330,1445384
2331,793593
2332,799241
2333,804432
2334,810522
2335,1331834
2336,795401
2337,791075
2338,1496860
2339,791941
2340,801417
2341,792756
2342,792583
2343,798874
2344,1364498
2345,847298
2346,1759797
2347,843725
2348,797135
2349,795100
2350,789534
2351,1235716
2352,799538
2353,801729
2354,1725332
2355,896405
2356,799806
2357,808371
2358,793852
2359,1353860
2360,798949
2361,808265
2362,1927636
2363,890171
2364,809772
2365,1366764
2366,905787
2367,1445223
2368,810719
2369,881660
2370,1283661
2371,793922
2372,789089
2373,796530
2374,784120
2375,1301060
2376,784261
2377,1329375
2378,861439
2379,1365804
2380,795331
2381,787099
2382,786361
2383,784932
2384,1427473
2385,1203431
2386,890670
2387,58309295
2388,6043651
2389,22662232
2390,1080347
2391,1770946
2392,1810086
2393,889294
2394,1433316
2395,900229
2396,15859449
2397,962281
2398,1868485
2399,1762434
2400,893905
2401,1670205
2402,1028644
2403,976306
2404,14727925
2405,1734960
2406,1071963
2407,1793758
2408,1005431
2409,1068670
2410,47209304
2411,4849248
2412,1123304
2413,979257
2414,20075375
2415,1258599
2416,996841
2417,1703417
2418,917974
2419,921398
2420,1508681
2421,17428356
2422,1588528
2423,1761721
2424,1008500
2425,2135990
2426,1058696
2427,945022
2428,6719182
2429,1019667
2430,1804899
2431,2302549
2432,970604
2433,949942
2434,936267
2435,3400069
2436,4132008
2437,1670308
2438,1039670
2439,1020660
2440,946588
2441,1486181
2442,15789201
2443,2118125
2444,1078950
2445,963390
2446,1590168
2447,1058371
2448,953205
2449,869480
2450,949406
2451,862369
2452,908366
2453,1377435
2454,963386
2455,865921
2456,1471930
2457,915914
2458,848085
2459,853816
2460,1358116
2461,972095
2462,1462564
2463,1252650
2464,1375008
2465,851863
2466,859761
2467,1422052
2468,1338352
2469,1058194
2470,1469601
2471,1399378
2472,944611
2473,843087
2474,846301
2475,854286
2476,936115
2477,1534213
2478,1487162
2479,901795
2480,856964
2481,852770
2482,853498
2483,856577
2484,1834053
2485,1470644
2486,1471019
2487,931348
2488,863943
2489,856663
2490,1553812
2491,1374753
2492,1832656
2493,951631
2494,874420
2495,872422
2496,1346028
2497,857363
2498,1384518
2499,1445182
2500,943346
2501,1438564
2502,877383
2503,862987
2504,898667
2505,1478341
2506,1407784
2507,970530
2508,1571859
2509,874631
2510,866118
2511,877214
2512,1422797
2513,919272
2514,1660234
2515,1471789
2516,881664
2517,875538
2518,1733478
2519,894798
2520,859081
2521,1564248
2522,1355458
2523,927520
2524,856618
2525,851039
2526,1403128
2527,852494
2528,1390084
2529,845032
2530,13256013
2531,1101854
2532,909438
2533,1511132
2534,1528416
2535,853733
2536,871644
2537,1332810
2538,874849
2539,948705
2540,1453669
2541,945876
2542,1367193
2543,859927
2544,862448
2545,883106
2546,1471118
2547,1429608
2548,950532
2549,1383105
2550,875026
2551,870143
2552,870337
2553,1537600
2554,1363546
2555,1611844
2556,893332
2557,858888
2558,861653
2559,862377
2560,858159
2561,1479453
2562,1344355
2563,895409
2564,1507247
2565,833323
2566,850779
2567,843989
2568,849457
2569,890271
2570,1345492
2571,1470257
2572,960881
2573,855596
2574,1066478
2575,856477
2576,1423267
2577,859332
2578,1432261
2579,912655
2580,855151
2581,1481913
2582,864380
2583,958854
2584,866127
2585,1542400
2586,1447906
2587,901420
2588,2122064
2589,1311126
2590,852662
2591,1607221
2592,855130
2593,1520369
2594,1408888
2595,919614
2596,860309
2597,854455
2598,1386046
2599,5311653
2600,1735945
2601,881557
2602,3787091
2603,957593
2604,1553503
2605,1353786
2606,910076
2607,907287
2608,2019201
2609,1028772
2610,15006235
2611,1003145
2612,3203247
2613,969134
2614,873391
2615,942134
2616,870065
2617,1458699
2618,858768
2619,935180
2620,1476960
2621,1450221
2622,854512
2623,845897
2624,940066
2625,1361173
2626,865274
2627,1457077
2628,1384439
2629,929037
2630,851088
2631,844719
2632,1384456
2633,939733
2634,1490911
2635,828358
2636,1268690
2637,912107
2638,1515977
2639,856593
2640,843236
2641,1396536
2642,1494351
2643,921002
2644,857367
2645,1350028
2646,895965
2647,858253
2648,1340255
2649,853618
2650,1380904
2651,817271
2652,1325390
2653,911988
2654,1429550
2655,848312
2656,848645
2657,1390685
2658,865930
2659,1249011
2660,1199941
2661,978490
2662,1403408
2663,801577
2664,790671
2665,1241492
2666,1388452
2667,801730
2668,1289030
2669,1271618
2670,921522
2671,810230
2672,1336387
2673,1329391
2674,793601
2675,794062
2676,1264462
2677,799143
2678,1324702
2679,797317
2680,856412
2681,1278033
2682,1246161
2683,844245
2684,787223
2685,795546
2686,1370901
2687,1239787
2688,791059
2689,1325505
2690,1014109
2691,812631
2692,805092
2693,1251921
2694,849692
2695,1177466
2696,804412
2697,1248278
2698,1233322
2699,779184
2700,744436
2701,735128
2702,741111
2703,1224962
2704,9224444
2705,1197403
2706,1401596
2707,802731
2708,761019
2709,768880
2710,1337540
2711,750077
2712,828794
2713,2252259
2714,847566
2715,759037
2716,749528
2717,744547
2718,742490
2719,1259736
2720,747488
2721,1549544
2722,866827
2723,751617
2724,751733
2725,751724
2726,753462
2727,754711
2728,765584
2729,1252303
2730,1246029
2731,732656
2732,1236816
2733,751769
2734,751539
2735,757714
2736,1267844
2737,749990
2738,1114391
2739,1227291
2740,741663
2741,1342868
2742,755140
2743,804029
2744,754105
2745,1134218
2746,748494
2747,1261558
2748,805904
2749,1143035
2750,808977
2751,754563
2752,748606
2753,1194869
2754,823343
2755,1255361
2756,772865
2757,734893
2758,741712
2759,1721302
2760,793803
2761,710601
2762,703445
2763,1548127
2764,769189
2765,704430
2766,703989
2767,3581188
2768,1170668
2769,824213
2770,710943
2771,698912
2772,1335241
2773,706889
2774,708982
2775,702361
2776,713320
2777,1343181
2778,1141416
2779,843688
2780,1351091
2781,846075
2782,1116905
2783,822013
2784,758386
2785,1257816
2786,791878
2787,1345417
2788,745412
2789,746953
2790,1183494
2791,754999
2792,707223
2793,703894
2794,1290608
2795,700470
2796,1201997
2797,703210
2798,1635151
2799,705538
2800,698455
2801,697833
2802,698382
2803,699114
2804,1160252
2805,1122912
2806,1015373
2807,9478107
2808,860194
2809,747381
2810,714067
2811,707495
2812,1379029
2813,739006
2814,1246165
2815,702328
2816,1261977
2817,767937
2818,703321
2819,707359
2820,1074377
2821,731276
2822,713485
2823,1181763
2824,674113
2825,1092431
2826,776663
2827,1090532
2828,699704
2829,769334
2830,1155436
2831,1181837
2832,1160429
2833,712765
2834,1096728
2835,744501
2836,750125
2837,746652
2838,745387
2839,1337911
2840,745029
2841,746368
2842,1209310
2843,1308004
2844,810737
2845,748148
2846,699662
2847,696099
2848,1173762
2849,693351
2850,1289772
2851,688056
2852,1192290
2853,1061168
2854,704347
2855,706489
2856,702522
2857,701636
2858,1032159
2859,4402077
2860,790098
2861,743777
2862,1362063
2863,704298
2864,702213
2865,699329
2866,1109142
2867,739681
2868,1221151
2869,817555
2870,697615
2871,702415
2872,1151567
2873,697075
2874,695468
2875,1114915
2876,1154480
2877,1115875
2878,707606
2879,1172666
2880,1207975
2881,698105
2882,702782
2883,699477
2884,702267
2885,2491353
2886,1222770
2887,769992
2888,703927
2889,706205
2890,1269299
2891,706827
2892,710457
2893,708842
2894,706518
2895,1058675
2896,740719
2897,710448
2898,709304
2899,1052471
2900,1081246
2901,695027
2902,764418
2903,1042195
2904,1070496
2905,749767
2906,707820
2907,716893
2908,1130839
2909,651655
2910,1180585
2911,655013
2912,668362
2913,661749
2914,952402
2915,7234338
2916,736105
2917,1208317
2918,851517
2919,1217205
2920,675222
2921,670155
2922,1032723
2923,1010001
2924,707611
2925,662194
2926,662235
2927,1105665
2928,677007
2929,1142338
2930,737682
2931,1031809
2932,1083210
2933,700734
2934,661700
2935,659397
2936,667485
2937,663719
2938,1114565
2939,668642
2940,1088558
2941,660373
2942,1161447
2943,1083964
2944,659907
2945,672755
2946,672713
2947,1021050
2948,667081
2949,1038104
2950,720156
2951,704697
2952,1226640
2953,1123245
2954,754142
2955,709263
2956,705200
2957,1096082
2958,696700
2959,1128894
2960,785097
2961,708616
2962,695863
2963,1274540
2964,702641
2965,745515
2966,707858
2967,1048305
2968,692468
2969,3188259
2970,1717578
2971,1295498
2972,732977
2973,789361
2974,711903
2975,706173
2976,1137011
2977,742309
2978,1150513
2979,800658
2980,1067637
2981,745062
2982,707968
2983,710021
2984,705196
2985,1151690
2986,703408
2987,690194
2988,704891
2989,1178681
2990,779453
2991,1046703
2992,700252
2993,697710
2994,695712
2995,704178
2996,1207222
2997,750484
2998,707136
2999,1135750
3000,743278
3001,732780
3002,708809
3003,710028
3004,1112038
3005,1207489
3006,713444
3007,704426
3008,1207946
3009,747011
3010,1223714
3011,692391
3012,696271
3013,699193
3014,694681
3015,708883
3016,1916286
3017,747493
3018,741647
3019,1680217
3020,815334
3021,749614
3022,743282
3023,1279043
3024,749985
3025,1216620
3026,784520
3027,811045
3028,10227004
3029,1700344
3030,976731
3031,866803
3032,1471171
3033,1420135
3034,988114
3035,857660
3036,845122
3037,830921
3038,1335950
3039,1264095
3040,895405
3041,1650231
3042,871095
3043,801771
3044,796448
3045,792859
3046,1278602
3047,935624
3048,2029844
3049,865315
3050,1326779
3051,793716
3052,801218
3053,1269345
3054,803061
3055,1203933
3056,834753
3057,791483
3058,1304241
3059,858126
3060,1318385
3061,799320
3062,789868
3063,1248649
3064,1240055
3065,735396
3066,753372
3067,1138090
3068,846193
3069,1238782
3070,757039
3071,751839
3072,1138201
3073,785357
3074,744040
3075,741605
3076,1167417
3077,735446
3078,1256238
3079,793337
3080,929436
3081,1240545
3082,732793
3083,743340
3084,1236849
3085,748729
3086,1270490
3087,714718
3088,709353
3089,1078307
3090,1263151
3091,702823
3092,707318
3093,703980
3094,1225432
3095,706473
3096,1183362
3097,734090
3098,1624625
3099,789847
3100,744423
3101,808825
3102,743129
3103,1124478
3104,748391
3105,1185764
3106,807992
3107,1354700
3108,878924
3109,1398941
3110,806196
3111,868916
3112,816331
3113,1676591
3114,875583
3115,1331401
3116,1315613
3117,807939
3118,843623
3119,844076
3120,1524506
3121,1267510
3122,934776
3123,1428178
3124,926811
3125,1357844
3126,862167
3127,850268
3128,861817
3129,1368548
3130,10668390
3131,2074980
3132,930734
3133,891099
3134,882480
3135,806604
3136,1512962
3137,1296467
3138,821460
3139,1438565
3140,783617
3141,789176
3142,791821
3143,795116
3144,1464987
3145,795612
3146,1263568
3147,1680469
3148,935773
3149,828349
3150,807511
3151,810892
3152,3797201
3153,804123
3154,1908973
3155,978193
3156,1327817
3157,773190
3158,755325
3159,758794
3160,756182
3161,1260486
3162,757204
3163,834575
3164,1566408
3165,816006
3166,816347
3167,746236
3168,745313
3169,1298387
3170,756203
3171,1596150
3172,841789
3173,1114161
3174,774339
3175,698146
3176,701471
3177,808474
3178,1141572
3179,701587
3180,1197996
3181,758720
3182,700582
3183,704866
3184,1205305
3185,707953
3186,702114
3187,1163100
3188,747584
3189,1222898
3190,764451
3191,704805
3192,710391
3193,1039719
3194,1554232
3195,771698
3196,710197
3197,1195187
3198,683837
3199,762263
3200,702052
3201,1088138
3202,703877
3203,707297
3204,705509
3205,1278524
3206,788615
3207,1110482
3208,704953
3209,699679
3210,691072
3211,753541
3212,1143426
3213,702229
3214,1116324
3215,718718
3216,1244850
3217,699106
3218,711941
3219,709263
3220,716390
3221,1272599
3222,714849
3223,1167149
3224,698291
3225,701504
3226,1124901
3227,740797
3228,701858
3229,704281
3230,705871
3231,1069033
3232,756895
3233,1078398
3234,769819
3235,1232630
3236,696881
3237,701108
3238,8941645
3239,814016
3240,733336
3241,1266130
3242,771250
3243,1130555
3244,767129
3245,707454
3246,704899
3247,705027
3248,1287547
3249,721009
3250,1210695
3251,716917
3252,1056945
3253,1193411
3254,698801
3255,699387
3256,696651
3257,702522
3258,1262447
3259,706416
3260,1251752
3261,678939
3262,1089618
3263,1284630
3264,719353
3265,704240
3266,1568232
3267,696782
3268,705645
3269,1191936
3270,743093
3271,1132879
3272,706890
3273,1755000
3274,706707
3275,1175315
3276,1119146
3277,1187276
3278,1200514
3279,699617
3280,784153
3281,699753
3282,695543
3283,1099670
3284,697401
3285,1196534
3286,1183337
3287,702304
3288,1053265
3289,647902
3290,664732
3291,659038
3292,721651
3293,1045524
3294,713461
3295,1075066
3296,1067830
3297,718401
3298,1089329
3299,717128
3300,696816
3301,702345
3302,698983
3303,704047
3304,1280431
3305,710103
3306,718203
3307,1273102
3308,716468
3309,698974
3310,705880
3311,705274
3312,694739
3313,1148947
3314,699267
3315,791475
3316,1172905
3317,1204486
3318,705352
3319,703877
3320,693652
3321,660315
3322,1072638
3323,662553
3324,660777
3325,1007026
3326,720457
3327,1051918
3328,720234
3329,675869
3330,664494
3331,660410
3332,664106
3333,1241978
3334,662957
3335,1084006
3336,660967
3337,1083598
3338,722685
3339,667398
3340,708331
3341,673055
3342,1128244
3343,671424
3344,1147274
3345,716382
3346,660563
3347,661263
3348,1051609
3349,701904
3350,660962
3351,655668
3352,1232536
3353,658375
3354,1136788
3355,651833
3356,8890404
3357,1493070
3358,3316740
3359,714091
3360,1456883
3361,686858
3362,679417
3363,747336
3364,1270732
3365,676808
3366,669858
3367,667844
3368,1590102
3369,1177376
3370,705868
3371,709509
3372,699984
3373,695777
3374,1206307
3375,705818
3376,699741
3377,1144179
3378,1329650
3379,702015
3380,707762
3381,703536
3382,707545
3383,1118191
3384,704639
3385,695172
3386,1267770
3387,1324187
3388,732426
3389,700420
3390,710441
3391,703234
3392,713168
3393,1659621
3394,703593
3395,710028
3396,1368783
3397,703877
3398,705859
3399,710531
3400,696053
3401,698295
3402,1231080
3403,704887
3404,700606
3405,1151200
3406,752329
3407,1218383
3408,744955
3409,703404
3410,706321
3411,704154
3412,701628
3413,1689215
3414,695555
3415,1065869
3416,1097095
3417,665433
3418,658259
3419,659496
3420,714812
3421,1216863
3422,661758
3423,1120242
3424,694863
3425,1095019
3426,723905
3427,668453
3428,662096
3429,659850
3430,659347
3431,1194083
3432,729830
3433,1111379
3434,639011
3435,1070022
3436,1059042
3437,671164
3438,666862
3439,663768
3440,665198
3441,1101211
3442,664427
3443,1074414
3444,748535
3445,671501
3446,718240
3447,727136
3448,1058705
3449,661058
3450,668844
3451,668494
3452,1494870
3453,747229
3454,699909
3455,698290
3456,1177276
3457,1280139
3458,710198
3459,707445
3460,1200634
3461,776469
3462,1126039
3463,694665
3464,1089617
3465,704549
3466,978770
3467,770990
3468,662170
3469,970164
3470,663892
3471,952369
3472,653496
3473,663851
3474,8553165
3475,1381271
3476,831094
3477,1323074
3478,728009
3479,717704
3480,1108092
3481,808281
3482,862237
3483,701084
3484,777492
3485,1064691
3486,794030
3487,714400
3488,1540772
3489,775567
3490,1016811
3491,714532
3492,782852
3493,1220191
3494,705798
3495,1198944
3496,713152
3497,1130336
3498,795837
3499,1067662
3500,720539
3501,709818
3502,713980
3503,1228192
3504,699810
3505,793988
3506,713864
3507,1136549
3508,685770
3509,699329
3510,686585
3511,654057
3512,1133373
3513,670855
3514,1043703
3515,1159576
3516,663224
3517,1133933
3518,662997
3519,665944
3520,663974
3521,662738
3522,1025818
3523,710251
3524,1049657
3525,1060406
3526,1191495
3527,663826
3528,673615
3529,673133
3530,662537
3531,663974
3532,665366
3533,1132301
3534,661131
3535,1063710
3536,1109093
3537,726641
3538,1279319
3539,1094475
3540,1081884
3541,1859053
3542,1391287
3543,1218745
3544,2664574
3545,979821
3546,737271
3547,719101
3548,1226553
3549,717168
3550,1366916
3551,1228420
3552,711903
3553,680805
3554,668844
3555,668437
3556,673706
3557,1204115
3558,676294
3559,1568175
3560,747122
3561,677946
3562,674773
3563,674044
3564,667439
3565,662190
3566,1157945
3567,679317
3568,658268
3569,721590
3570,774664
3571,1090116
3572,670546
3573,662941
3574,668193
3575,663533
3576,669289
3577,11572253
3578,1740741
3579,1205079
3580,779674
3581,697384
3582,678980
3583,672746
3584,670797
3585,1151584
3586,709176
3587,709118
3588,1239490
3589,1581467
3590,950939
3591,746837
3592,722880
3593,728351
3594,760586
3595,1298148
3596,808701
3597,1199262
3598,931068
3599,1529561
3600,723501
3601,822717
3602,704582
3603,1179258
3604,756644
3605,1438030
3606,724132
3607,1220492
3608,806859
3609,723312
3610,715175
3611,704203
3612,1285454
3613,710070
3614,1227381
3615,879101
3616,1405485
3617,748959
3618,725051
3619,717655
3620,708479
3621,729706
3622,1432690
3623,1420152
3624,894399
3625,1316684
3626,719509
3627,703968
3628,716798
3629,722954
3630,1326630
3631,766437
3632,849758
3633,1415475
3634,1344346
3635,805042
3636,762386
3637,756359
3638,767088
3639,1420762
3640,1275525
3641,824625
3642,1302058
3643,889360
3644,746191
3645,744023
3646,750451
3647,1379738
3648,1291914
3649,830109
3650,774113
3651,1237533
3652,850997
3653,1510374
3654,765226
3655,758036
3656,1367621
3657,855348
3658,1557669
3659,1316812
3660,844270
3661,770269
3662,886975
3663,1373586
3664,886365
3665,763936
3666,1308762
3667,754818
3668,1240936
3669,807823
3670,1407524
3671,767166
3672,1342261
3673,743228
3674,762923
3675,752659
3676,1238238
3677,801025
3678,1430601
3679,754703
3680,761658
3681,1327314
3682,807589
3683,780313
3684,1231213
3685,11023571
3686,1783322
3687,1448634
3688,817551
3689,795517
3690,795974
3691,1378357
3692,908214
3693,821823
3694,1359384
3695,1420980
3696,796094
3697,802810
3698,807658
3699,1316964
3700,799831
3701,1857789
3702,876839
3703,1374448
3704,787367
3705,800823
3706,861240
3707,1172378
3708,786839
3709,787384
3710,1266777
3711,1531341
3712,771999
3713,790506
3714,786753
3715,779205
3716,782077
3717,1215816
3718,793444
3719,801668
3720,935439
3721,875941
3722,802681
3723,815602
3724,796489
3725,1383154
3726,1153136
3727,1511046
3728,815128
3729,1401081
3730,797260
3731,890513
3732,803946
3733,1342389
3734,1399474
3735,877787
3736,794392
3737,1177965
3738,887844
3739,804445
3740,1242370
3741,840702
3742,1394117
3743,805830
3744,810555
3745,1285561
3746,864446
3747,799048
3748,812883
3749,799048
3750,1450797
3751,1546849
3752,798257
3753,884737
3754,1407297
3755,806933
3756,810333
3757,794791
3758,1552601
3759,854504
3760,904748
3761,5757852
3762,1717112
3763,896883
3764,872468
3765,945121
3766,3044950
3767,855509
3768,863098
3769,1454967
3770,926190
3771,850721
3772,842737
3773,10579054
3774,1739278
3775,990364
3776,874063
3777,1603155
3778,1501623
3779,1492740
3780,871190
3781,933243
3782,863585
3783,1248051
3784,849910
3785,1546182
3786,1348705
3787,859597
3788,847112
3789,853054
3790,847632
3791,1481830
3792,1213966
3793,923754
3794,1401908
3795,841925
3796,850384
3797,860033
3798,1401381
3799,908885
3800,847232
3801,1570952
3802,1456108
3803,840743
3804,864063
3805,854924
3806,1394006
3807,857145
3808,1389663
3809,1539000
3810,873769
3811,856040
3812,850017
3813,852403
3814,848167
3815,1402333
3816,1366558
3817,1479737
3818,6767927
3819,1005275
3820,5117099
3821,3214212
3822,3130965
3823,2328382
3824,1526986
3825,1007632
3826,901720
3827,872154
3828,1668232
3829,1587864
3830,883996
3831,1622338
3832,1554541
3833,853717
3834,848126
3835,1471311
3836,846745
3837,849066
3838,1488109
3839,1718398
3840,880144
3841,863700
3842,1524622
3843,847537
3844,1335138
3845,926074
3846,1614798
3847,873383
3848,952686
3849,13251954
3850,1007414
3851,1585607
3852,951199
3853,923294
3854,2050733
3855,1588260
3856,916829
3857,910743
3858,1563309
3859,944949
3860,917442
3861,1775667
3862,1421830
3863,1041388
3864,925473
3865,914962
3866,915305
3867,1462914
3868,915362
3869,1793071
3870,922090
3871,922576
3872,1022192
3873,1429892
3874,918382
3875,906994
3876,1980589
3877,1010701
3878,921678
3879,924023
3880,914637
3881,1571706
3882,924262
3883,917756
3884,1040218
3885,1532722
3886,933256
3887,921538
3888,924735
3889,928250
3890,1489172
3891,996573
3892,1580086
3893,916578
3894,916247
3895,925963
3896,910751
3897,1471946
3898,925823
3899,2085531
3900,993260
3901,924281
3902,919836
3903,4719925
3904,1196682
3905,1591994
3906,938064
3907,952855
3908,1712815
3909,863334
3910,852193
3911,1377011
3912,941496
3913,1916488
3914,850470
3915,1968706
3916,1038570
3917,920838
3918,1511602
3919,797786
3920,806748
3921,1729461
3922,889393
3923,790412
3924,1233331
3925,790708
3926,1269636
3927,824032
3928,789592
3929,1278157
3930,796975
3931,12047325
3932,1957899
3933,891124
3934,827917
3935,1374481
3936,838860
3937,799748
3938,1305164
3939,1086655
3940,1158415
3941,814617
3942,796188
3943,798841
3944,1267370
3945,818659
3946,2336795
3947,972162
3948,876011
3949,940025
3950,864640
3951,1384908
3952,1435367
3953,935414
3954,865979
3955,1411607
3956,923664
3957,853630
3958,918246
3959,1472885
3960,1455898
3961,931913
3962,855097
3963,1266917
3964,873576
3965,797688
3966,1296961
3967,871182
3968,1309013
3969,786255
3970,802162
3971,1203204
3972,1458395
3973,798150
3974,792625
3975,1996657
3976,838637
3977,796522
3978,1274906
3979,793654
3980,1364799
3981,800674
3982,786642
3983,1350028
3984,1509224
3985,860078
3986,850252
3987,1294003
3988,1282224
3989,808680
3990,800107
3991,1368589
3992,1281877
3993,788508
3994,743723
3995,741564
3996,1448070
3997,756668
3998,746871
3999,753553
4000,1437766
4001,794231
4002,746084
4003,740591
4004,1220134
4005,806241
4006,1402918
4007,756463
4008,1243293
4009,1393260
4010,753013
4011,741395
4012,740814
4013,1192138
4014,794420
4015,1328278
4016,749776
4017,874672
4018,1285887
4019,746595
4020,747373
4021,1182328
4022,781393
4023,1149173
4024,805269
4025,1104952
4026,738977
4027,751975
4028,872159
4029,747967
4030,740637
4031,1060142
4032,9153244
4033,927146
4034,1184182
4035,729179
4036,721676
4037,729455
4038,716786
4039,1170981
4040,1168905
4041,1337750
4042,2352484
4043,700013
4044,697401
4045,1085637
4046,791544
4047,694047
4048,694793
4049,1650902
4050,841699
4051,1280481
4052,745647
4053,701252
4054,706049
4055,701904
4056,1103807
4057,735306
4058,1207675
4059,757455
4060,1033967
4061,701884
4062,751794
4063,702204
4064,704511
4065,1155403
4066,703853
4067,1231777
4068,747204
4069,1146187
4070,696676
4071,697079
4072,698229
4073,703041
4074,1181479
4075,709399
4076,1210340
4077,760339
4078,1098595
4079,1094702
4080,755189
4081,3427052
4082,1561970
4083,1282891
4084,787260
4085,713411
4086,710593
4087,696223
4088,1334043
4089,818717
4090,1118820
4091,1233459
4092,743026
4093,707861
4094,697018
4095,693503
4096,1183003
4097,719913
4098,1124519
4099,758514
4100,1096741
4101,1317867
4102,749330
4103,706255
4104,703370
4105,707301
4106,1140224
4107,696758
4108,1206710
4109,710734
4110,706139
4111,1241591
4112,743739
4113,695435
4114,759115
4115,699192
4116,1228913
4117,716748
4118,1269616
4119,700623
4120,1136619
4121,688229
4122,711360
4123,701051
4124,1224204
4125,697977
4126,753063
4127,1112727
4128,739261
4129,1278956
4130,699226
4131,719464
4132,709670
4133,709934
4134,1104124
4135,698756
4136,693998
4137,1150694
4138,1260717
4139,719756
4140,8529784
4141,900933
4142,725974
4143,1393957
4144,720699
4145,1664498
4146,1318278
4147,700556
4148,698196
4149,700363
4150,697697
4151,1358532
4152,715863
4153,705740
4154,1104870
4155,739438
4156,1176580
4157,698975
4158,655136
4159,655203
4160,657321
4161,1067620
4162,859399
4163,673183
4164,657077
4165,1245778
4166,732484
4167,1032846
4168,670756
4169,662141
4170,656970
4171,662384
4172,675366
4173,1235844
4174,664345
4175,708566
4176,1191169
4177,660241
4178,664053
4179,676511
4180,668502
4181,665396
4182,1118763
4183,713527
4184,1046554
4185,1102958
4186,1409625
4187,701261
4188,699259
4189,696775
4190,697652
4191,697191
4192,704932
4193,1228769
4194,1154443
4195,731198
4196,1101673
4197,664337
4198,663114
4199,713729
4200,670336
4201,1061551
4202,664056
4203,657659
4204,1023918
4205,725908
4206,1007924
4207,693989
4208,659245
4209,658676
4210,652532
4211,658585
4212,698892
4213,1002098
4214,676438
4215,1141424
4216,711594
4217,676277
4218,728223
4219,673142
4220,657473
4221,658602
4222,665215
4223,1089930
4224,794289
4225,1088909
4226,655771
4227,1055532
4228,687636
4229,657708
4230,658940
4231,667089
4232,660341
4233,1075737
4234,657271
4235,657798
4236,1124157
4237,1084472
4238,665318
4239,667431
4240,662001
4241,659248
4242,665408
4243,664559
4244,1126262
4245,702333
4246,696581
4247,1163602
4248,759091
4249,748712
4250,700866
4251,699082
4252,699485
4253,705768
4254,720016
4255,4228435
4256,1391440
4257,907043
4258,1044144
4259,10782513
4260,778303
4261,693619
4262,723811
4263,1454431
4264,1263386
4265,803419
4266,821947
4267,1463051
4268,1321909
4269,713721
4270,705377
4271,1189637
4272,719043
4273,1327112
4274,705752
4275,694925
4276,1211774
4277,734844
4278,1297855
4279,763977
4280,705056
4281,1116183
4282,1094475
4283,3663792
4284,1459577
4285,734679
4286,1268281
4287,784446
4288,709337
4289,1164649
4290,772254
4291,1219211
4292,655347
4293,653604
4294,1193390
4295,728297
4296,1098760
4297,658536
4298,657172
4299,656661
4300,1131609
4301,646209
4302,1156112
4303,673240
4304,1094945
4305,1158806
4306,701076
4307,658041
4308,657123
4309,1125841
4310,651177
4311,1108327
4312,1171994
4313,773849
4314,1696936
4315,668206
4316,662561
4317,725780
4318,675391
4319,667658
4320,1270337
4321,666846
4322,1462741
4323,1328467
4324,689284
4325,670830
4326,664271
4327,668226
4328,656987
4329,1376063
4330,686025
4331,1236227
4332,700651
4333,1163524
4334,680837
4335,675774
4336,706967
4337,707837
4338,1420577
4339,708348
4340,1345100
4341,713898
4342,1252588
4343,702073
4344,698975
4345,698076
4346,686972
4347,1191009
4348,704924
4349,695418
4350,1135322
4351,918929
4352,1215804
4353,711302
4354,699737
4355,708953
4356,706861
4357,1247223
4358,726365
4359,1171117
4360,776362
4361,1113386
4362,759326
4363,715513
4364,707437
4365,701838
4366,707301
4367,1170968
4368,723678
4369,1197947
4370,8912092
4371,1437218
4372,764117
4373,732825
4374,714021
4375,1212813
4376,768336
4377,1098014
4378,757649
4379,699877
4380,712501
4381,1180985
4382,689988
4383,657642
4384,654705
4385,665465
4386,1158798
4387,1163618
4388,707689
4389,660613
4390,1048626
4391,713168
4392,1174566
4393,673920
4394,656002
4395,1067987
4396,731598
4397,1058676
4398,681658
4399,668568
4400,717107
4401,1030634
4402,1149474
4403,668329
4404,999363
4405,670109
4406,1079894
4407,692312
4408,664378
4409,662165
4410,1095155
4411,678864
4412,1193592
4413,665408
4414,674353
4415,1073903
4416,700606
4417,657782
4418,656142
4419,660056
4420,652282
4421,1127699
4422,670266
4423,1033238
4424,712484
4425,1206825
4426,1139735
4427,786774
4428,708451
4429,1382692
4430,730600
4431,1174933
4432,667765
4433,664502
4434,660386
4435,1260935
4436,662977
4437,659241
4438,664044
4439,660872
4440,1186732
4441,722731
4442,1034869
4443,659047
4444,656199
4445,654745
4446,1100676
4447,645998
4448,735771
4449,1130596
4450,730172
4451,1040122
4452,739091
4453,672899
4454,1061777
4455,739380
4456,1046611
4457,672156
4458,666220
4459,673014
4460,1346069
4461,728890
4462,1090647
4463,663340
4464,1138428
4465,730736
4466,1076614
4467,668370
4468,1057543
4469,716666
4470,664057
4471,1212812
4472,676738
4473,915168
4474,668452
4475,4000957
4476,831472
4477,696395
4478,1316000
4479,1077294
4480,1081727
4481,8054534
4482,823126
4483,1161892
4484,1230401
4485,685823
4486,1044053
4487,3169105
4488,680117
4489,640473
4490,635813
4491,1311262
4492,647165
4493,635871
4494,1035932
4495,690602
4496,629778
4497,1115215
4498,623185
4499,634149
4500,630058
4501,628714
4502,1174817
4503,641981
4504,737881
4505,1560059
4506,643777
4507,1057835
4508,676276
4509,700968
4510,649649
4511,635001
4512,1099093
4513,639818
4514,637528
4515,638619
4516,1083376
4517,629786
4518,1021649
4519,1031479
4520,698723
4521,636901
4522,1483985
4523,641825
4524,631953
4525,625604
4526,626630
4527,624384
4528,666756
4529,996058
4530,939873
4531,630597
4532,807621
4533,642302
4534,635398
4535,633378
4536,657893
4537,666377
4538,666578
4539,676054
4540,1220662
4541,1123072
4542,1422748
4543,680129
4544,662158
4545,660662
4546,666302
4547,662528
4548,1164220
4549,662186
4550,1163470
4551,1130460
4552,1130963
4553,667592
4554,688320
4555,666425
4556,670513
4557,1141366
4558,662529
4559,662462
4560,1075980
4561,736842
4562,673072
4563,1208849
4564,672445
4565,668795
4566,666092
4567,661684
4568,1182340
4569,659162
4570,1172011
4571,665280
4572,1092588
4573,787198
4574,707396
4575,710003
4576,841814
4577,1154369
4578,697767
4579,689284
4580,1140970
4581,752684
4582,1197086
4583,661589
4584,662912
4585,654597
4586,655528
4587,661173
4588,1212491
4589,732537
4590,714737
4591,669223
4592,1150822
4593,662812
4594,659348
4595,656966
4596,654679
4597,1130979
4598,721017
4599,985770
4600,703379
4601,663423
4602,664213
4603,8200456
4604,941813
4605,697652
4606,1141909
4607,669124
4608,1051255
4609,742829
4610,679021
4611,667760
4612,1085266
4613,1105294
4614,655062
4615,658721
4616,725562
4617,1418228
4618,724667
4619,667080
4620,655640
4621,1012226
4622,777351
4623,666067
4624,749445
4625,671741
4626,1073693
4627,726967
4628,1096420
4629,658811
4630,659314
4631,662738
4632,1030008
4633,1532865
4634,723749
4635,657522
4636,1013186
4637,652949
4638,666240
4639,664444
4640,704969
4641,1122191
4642,669421
4643,662718
4644,663476
4645,1118730
4646,680553
4647,995461
4648,624973
4649,630750
4650,625554
4651,622893
4652,622114
4653,1099078
4654,630358
4655,969471
4656,689176
4657,630383
4658,691579
4659,623572
4660,619762
4661,771039
4662,631236
4663,1417610
4664,1206508
4665,668486
4666,704219
4667,1054803
4668,611879
4669,623507
4670,619938
4671,628542
4672,629370
4673,1088476
4674,634107
4675,626564
4676,903310
4677,1012325
4678,722092
4679,627318
4680,618707
4681,616214
4682,618336
4683,616742
4684,620742
4685,1105587
4686,635574
4687,633234
4688,951182
4689,663875
4690,631162
4691,628331
4692,623696
4693,660550
4694,619914
4695,624281
4696,2464320
4697,737011
4698,741596
4699,1106218
4700,662611
4701,1091830
4702,668486
4703,674085
4704,731074
4705,676202
4706,1184354
4707,671707
4708,1155852
4709,662903
4710,1041750
4711,719443
4712,670612
4713,666326
4714,669928
4715,666986
4716,1212220
4717,666690
4718,735194
4719,670937
4720,667315
4721,1002564
4722,697669
4723,664889
4724,662042
4725,987971
4726,670286
4727,8597094
4728,1005930
4729,727647
4730,690825
4731,1257952
4732,784029
4733,669100
4734,658853
4735,1208099
4736,666302
4737,669458
4738,663162
4739,657518
4740,1221102
4741,675543
4742,1077249
4743,708496
4744,1124614
4745,728569
4746,1040527
4747,708809
4748,657612
4749,659380
4750,1005798
4751,1316227
4752,682016
4753,674435
4754,1076128
4755,1209648
4756,673014
4757,669833
4758,672495
4759,1067278
4760,664572
4761,1169432
4762,652817
4763,651165
4764,653064
4765,1120299
4766,728759
4767,1085477
4768,668947
4769,1016218
4770,1078321
4771,733117
4772,660402
4773,662009
4774,1107465
4775,663163
4776,1050905
4777,673834
4778,677971
4779,2689373
4780,725578
4781,1643342
4782,791677
4783,665115
4784,1120123
4785,716057
4786,657926
4787,657733
4788,661173
4789,1093445
4790,704030
4791,1124589
4792,678028
4793,678497
4794,3229209
4795,699662
4796,1313330
4797,686606
4798,738548
4799,1109925
4800,705085
4801,663015
4802,664242
4803,1175315
4804,742141
4805,1028017
4806,660192
4807,1074732
4808,724815
4809,655780
4810,744151
4811,675370
4812,1092019
4813,731045
4814,1062346
4815,664881
4816,669405
4817,662202
4818,1087990
4819,669466
4820,1136570
4821,664720
4822,1134745
4823,732191
4824,963905
4825,715278
4826,658218
4827,661750
4828,969590
4829,705051
4830,714256
4831,1151517
4832,722978
4833,990623
4834,679000
4835,667311
4836,669182
4837,1156557
4838,658915
4839,661873
4840,968680
4841,7601658
4842,915736
4843,1289562
4844,686853
4845,676574
4846,665964
4847,667666
4848,1108862
4849,664559
4850,1324908
4851,667707
4852,1100054
4853,652117
4854,659509
4855,664794
4856,659256
4857,1127506
4858,667798
4859,655054
4860,658375
4861,1053052
4862,762127
4863,1009564
4864,663480
4865,663125
4866,657914
4867,655124
4868,650028
4869,1112665
4870,663892
4871,1168208
4872,752787
4873,667579
4874,665230
4875,791409
4876,662055
4877,665103
4878,1022761
4879,664786
4880,1197313
4881,1137592
4882,691056
4883,1016910
4884,651676
4885,637849
4886,631862
4887,667863
4888,633572
4889,1226368
4890,648805
4891,1152272
4892,642402
4893,1196530
4894,625117
4895,639060
4896,640123
4897,629588
4898,633832
4899,1106419
4900,1127061
4901,630165
4902,1470834
4903,626032
4904,637264
4905,625596
4906,629588
4907,622147
4908,621529
4909,666274
4910,1127877
4911,657984
4912,1216986
4913,703605
4914,663464
4915,654634
4916,656904
4917,660303
4918,660027
4919,1120526
4920,668201
4921,1104108
4922,1198969
4923,969603
4924,714598
4925,664728
4926,664687
4927,660921
4928,661465
4929,669792
4930,1107247
4931,663978
4932,1158143
4933,1664667
4934,716172
4935,703758
4936,758167
4937,712006
4938,1057274
4939,696943
4940,1120744
4941,1288366
4942,1038660
4943,698723
4944,703907
4945,699510
4946,697969
4947,698187
4948,762857
4949,1152956
4950,1036826
4951,705290
4952,702498
4953,3700630
4954,722953
4955,682655
4956,8204280
4957,757875
4958,1413465
4959,764953
4960,688807
4961,768052
4962,682135
4963,661959
4964,658417
4965,667715
4966,1167076
4967,1178863
4968,725311
4969,662170
4970,652483
4971,1124128
4972,725042
4973,664200
4974,659701
4975,1097285
4976,663286
4977,1155679
4978,668993
4979,1115759
4980,703342
4981,974992
4982,721128
4983,661968
4984,725438
4985,1028644
4986,1067600
4987,713885
4988,663047
4989,667048
4990,664546
4991,661675
4992,1108050
4993,746236
4994,676973
4995,665239
4996,1189661
4997,663908
4998,668280
4999,1063265
5000,711561
5001,665767
5002,1044939
5003,1513716
5004,1206817
5005,672021
5006,678337
5007,724659
5008,667188
5009,1043365
5010,659121
5011,664481
5012,659978
5013,995646
5014,1453702
5015,795204
5016,628603
5017,876666
5018,743826
5019,868009
5020,640284
5021,632826
5022,1521325
5023,691621
5024,629831
5025,1014841
5026,628525
5027,629403
5028,632575
5029,635611
5030,637185
5031,1157533
5032,633572
5033,1051440
5034,613449
5035,983327
5036,653571
5037,630330
5038,622860
5039,621014
5040,622542
5041,1181767
5042,665248
5043,1063821
5044,1564599
5045,743476
5046,674983
5047,837715
5048,679392
5049,660814
5050,1156581
5051,668762
5052,659656
5053,1091966
5054,1084249
5055,713646
5056,657839
5057,663055
5058,662610
5059,662067
5060,661205
5061,1109764
5062,659615
5063,1016844
5064,1105496
5065,728945
5066,1057608
5067,675733
5068,723378
5069,665190
5070,660485
5071,1090215
5072,662383
5073,666171
5074,1022493
5075,712934
5076,667579
5077,686873
5078,674888
5079,682997
5080,679210
5081,738927
5082,8871068
5083,882789
5084,702773
5085,1160636
5086,766943
5087,669668
5088,679215
5089,1180725
5090,698529
5091,1157685
5092,1257813
5093,711129
5094,1277231
5095,744811
5096,1356097
5097,746702
5098,714120
5099,1277246
5100,793012
5101,1300459
5102,706098
5103,707058
5104,1276649
5105,1278619
5106,720498
5107,1101171
5108,1080314
5109,764810
5110,715645
5111,704932
5112,707837
5113,1238238
5114,787367
5115,1358203
5116,746174
5117,1310752
5118,716073
5119,714639
5120,717280
5121,720737
5122,1232065
5123,1155152
5124,731186
5125,714515
5126,1168925
5127,758151
5128,700767
5129,847475
5130,796171
5131,1606838
5132,1365659
5133,761918
5134,1233149
5135,804144
5136,837324
5137,751275
5138,750261
5139,1327565
5140,1161208
5141,765988
5142,1295243
5143,739933
5144,748300
5145,744263
5146,747179
5147,809253
5148,1086597
5149,746499
5150,1174735
5151,1661487
5152,805718
5153,757632
5154,764579
5155,754686
5156,756207
5157,1264883
5158,1301424
5159,845782
5160,1292297
5161,746257
5162,747567
5163,737823
5164,747031
5165,4433657
5166,931356
5167,1595455
5168,1389490
5169,883942
5170,766054
5171,755457
5172,757237
5173,1373570
5174,808697
5175,766161
5176,1694654
5177,805471
5178,748078
5179,734601
5180,744040
5181,1360238
5182,1161394
5183,1551695
5184,1282899
5185,1385514
5186,774035
5187,759882
5188,751716
5189,1208750
5190,740216
5191,1155172
5192,698179
5193,1081551
5194,751353
5195,1125808
5196,766396
5197,702155
5198,706387
5199,1188953
5200,783408
5201,979248
5202,698691
5203,1056335
5204,753582
5205,1033691
5206,696622
5207,685593
5208,1064011
5209,767574
5210,1120345
5211,701854
5212,1082189
5213,846001
5214,1275318
5215,705158
5216,703939
5217,698373
5218,1560627
5219,758576
5220,713127
5221,706823
5222,1154789
5223,1259567
5224,701809
5225,705694
5226,1248765
5227,775147
5228,1149124
5229,940502
5230,1902261
5231,852737
5232,694801
5233,706428
5234,704042
5235,1339761
5236,783576
5237,777677
5238,705361
5239,711124
5240,1291988
5241,708776
5242,708740
5243,1113262
5244,703663
5245,785328
5246,759791
5247,697186
5248,699576
5249,1170960
5250,753866
5251,1292528
5252,702238
5253,704157
5254,1239478
5255,701175
5256,697619
5257,697132
5258,1141526
5259,1339057
5260,808491
5261,1294601
5262,1209281
5263,740267
5264,756854
5265,755395
5266,757397
5267,1243684
5268,1221440
5269,787775
5270,1192632
5271,740142
5272,840191
5273,754501
5274,755049
5275,745639
5276,1243066
5277,756285
5278,1348495
5279,828324
5280,1227484
5281,748877
5282,743764
5283,818819
5284,1221650
5285,759680
5286,1187635
5287,839775
5288,1265253
5289,758279
5290,757257
5291,762469
5292,752787
5293,9225116
5294,1082061
5295,792991
5296,2159730
5297,766388
5298,758209
5299,754678
5300,4554339
5301,966365
5302,1727849
5303,921690
5304,1414957
5305,780890
5306,766029
5307,756953
5308,1289446
5309,753533
5310,735631
5311,1321686
5312,1903081
5313,843079
5314,760603
5315,756978
5316,746569
5317,1286492
5318,744835
5319,740859
5320,1773031
5321,1881051
5322,818569
5323,766210
5324,758642
5325,761237
5326,1310311
5327,747657
5328,961581
5329,2221688
5330,993911
5331,798908
5332,798359
5333,802665
5334,1342027
5335,803443
5336,1297822
5337,785921
5338,1678000
5339,863074
5340,882241
5341,804783
5342,804330
5343,1969815
5344,790581
5345,803485
5346,1300150
5347,1218139
5348,791047
5349,4541533
5350,1584367
5351,906063
5352,811218
5353,799035
5354,1392691
5355,887251
5356,1473874
5357,1371210
5358,863267
5359,787474
5360,801936
5361,1352178
5362,858831
5363,1383599
5364,810180
5365,1375889
5366,790453
5367,805058
5368,805578
5369,1369657
5370,1258088
5371,800259
5372,1230702
5373,1364489
5374,797123
5375,879348
5376,799200
5377,1341879
5378,798557
5379,795813
5380,1250845
5381,1311810
5382,793671
5383,10474902
5384,1589093
5385,956542
5386,817036
5387,1726914
5388,1536615
5389,810807
5390,835399
5391,863131
5392,1243247
5393,852646
5394,848303
5395,2084963
5396,971709
5397,860792
5398,857709
5399,864067
5400,862567
5401,1568319
5402,1409567
5403,1375037
5404,914592
5405,1489378
5406,854277
5407,838044
5408,839722
5409,1369636
5410,1472399
5411,926861
5412,850693
5413,1572427
5414,875978
5415,1108451
5416,935687
5417,2063852
5418,861306
5419,845807
5420,1504486
5421,1489403
5422,956011
5423,862872
5424,1436155
5425,819561
5426,856584
5427,849700
5428,1411013
5429,1336530
5430,1010993
5431,860594
5432,1478501
5433,838996
5434,862690
5435,858229
5436,1523105
5437,1399259
5438,853957
5439,1398365
5440,1454278
5441,907394
5442,852016
5443,1420906
5444,914526
5445,1637558
5446,863927
5447,1517123
5448,929436
5449,859732
5450,851744
5451,1401550
5452,872690
5453,1595573
5454,951726
5455,1303784
5456,855065
5457,935270
5458,859341
5459,1336807
5460,847953
5461,1551880
5462,1271487
5463,897922
5464,857215
5465,863127
5466,1475939
5467,869250
5468,865163
5469,1367332
5470,1524444
5471,872739
5472,12582398
5473,2015857
5474,955908
5475,880831
5476,1586797
5477,1503390
5478,865743
5479,862142
5480,853083
5481,1424375
5482,948553
5483,864537
5484,967048
5485,1377682
5486,878091
5487,867198
5488,863375
5489,864034
5490,1498776
5491,1509950
5492,924418
5493,8428532
5494,1609557
5495,2149318
5496,1752916
5497,957334
5498,851908
5499,5970994
5500,1262011
5501,2327187
5502,918081
5503,872711
5504,860598
5505,856878
5506,1573720
5507,1773965
5508,894448
5509,1697456
5510,1504358
5511,903294
5512,1529524
5513,2093743
5514,1741969
5515,969224
5516,920450
5517,923487
5518,927553
5519,1570623
5520,1379738
5521,1066479
5522,1415558
5523,858060
5524,858228
5525,924501
5526,841179
5527,1412938
5528,866654
5529,1463236
5530,985643
5531,1468114
5532,849692
5533,852460
5534,853214
5535,1279001
5536,922140
5537,1631962
5538,1608948
5539,1020482
5540,917756
5541,909598
5542,910620
5543,1627928
5544,1592059
5545,1407590
5546,997768
5547,12486782
5548,1023411
5549,956134
5550,1711299
5551,1765264
5552,1041989
5553,1788378
5554,1028945
5555,1650630
5556,924611
5557,1614020
5558,1526388
5559,985453
5560,1719498
5561,927730
5562,989462
5563,1555340
5564,970782
5565,914954
5566,1579765
5567,3097465
5568,1078204
5569,2185098
5570,928159
5571,1720561
5572,1546096
5573,924645
5574,1454407
5575,1635852
5576,907200
5577,1353353
5578,986776
5579,1549326
5580,920919
5581,1692083
5582,961066
5583,910826
5584,991844
5585,1511264
5586,1453710
5587,1011788
5588,1526381
5589,868228
5590,912557
5591,915238
5592,1568274
5593,954796
5594,931731
5595,1608729
5596,898264
5597,3169789
5598,974831
5599,1665973
5600,930075
5601,1662258
5602,1048964
5603,1795642
5604,941174
5605,921439
5606,1670056
5607,1036761
5608,1732847
5609,999387
5610,1516133
5611,931287
5612,912634
5613,920986
5614,1546347
5615,1697574
5616,988819
5617,931447
5618,1612606
5619,918460
5620,1587411
5621,1009514
5622,894523
5623,2475676
5624,1634595
5625,926878
5626,910039
5627,13219974
5628,1062577
5629,1586262
5630,1072453
5631,923223
5632,910174
5633,1564842
5634,1510168
5635,1483948
5636,985444
5637,1517407
5638,976756
5639,910117
5640,911444
5641,4863506
5642,1793198
5643,1593983
5644,3653521
5645,1125648
5646,1662624
5647,1005255
5648,993529
5649,1784492
5650,1642576
5651,1071918
5652,1768680
5653,990261
5654,999745
5655,1917300
5656,1711640
5657,1085918
5658,1685573
5659,975120
5660,987752
5661,6414220
5662,1271961
5663,1890729
5664,2062467
5665,1034317
5666,1005027
5667,1882764
5668,2355414
5669,1089073
5670,1001010
5671,1733844
5672,987522
5673,997216
5674,1645818
5675,1827642
5676,991881
5677,1585982
5678,1791237
5679,983970
5680,1559580
5681,1811924
5682,999598
5683,993887
5684,1805979
5685,1120815
5686,1747754
5687,1092114
5688,2005375
5689,1716185
5690,1018167
5691,1009622
5692,16498735
5693,1963576
5694,2201010
5695,1047795
5696,1020325
5697,1712317
5698,1672904
5699,2208945
5700,1114803
5701,1559543
5702,1001146
5703,1018426
5704,1009230
5705,1008381
5706,2602826
5707,5609657
5708,1132635
5709,1030387
5710,2122649
5711,1044704
5712,1015077
5713,1005493
5714,1632181
5715,1791760
5716,1839903
5717,1007553
5718,1717874
5719,1248966
5720,1671437
5721,1095077
5722,1048268
5723,1080150
5724,1026502
5725,1520085
5726,1000661
5727,1540950
5728,1712247
5729,2953780
5730,3534628
5731,1784319
5732,2122089
5733,1114656
5734,1108928
5735,1909978
5736,1722625
5737,1101385
5738,1750041
5739,1826534
5740,998794
5741,1621213
5742,1067039
5743,989495
5744,983558
5745,1738063
5746,1745499
5747,873316
5748,1448799
5749,983368
5750,1002057
5751,932106
5752,1533875
5753,1545024
5754,1378461
5755,1000298
5756,1565975
5757,931538
5758,981086
5759,935431
5760,15950260
5761,1942222
5762,1381086
5763,1043591
5764,1777390
5765,1573539
5766,1071048
5767,998456
5768,1061065
5769,932786
5770,1566951
5771,1544690
5772,982112
5773,920261
5774,1946734
5775,1003384
5776,923808
5777,1478290
5778,1423551
5779,967658
5780,917348
5781,1901107
5782,1011080
5783,931607
5784,1478497
5785,916961
5786,1662113
5787,893258
5788,1923966
5789,1003520
5790,928509
5791,1568566
5792,1499415
5793,1016560
5794,1002745
5795,1863219
5796,1010165
5797,922247
5798,1569695
5799,1446842
5800,996474
5801,928934
5802,1932223
5803,1009218
5804,926951
5805,1544345
5806,1520984
5807,984657
5808,925019
5809,1855288
5810,1084809
5811,922844
5812,1565419
5813,1516006
5814,979191
5815,850998
5816,1298725
5817,1588030
5818,940729
5819,1364597
5820,935909
5821,1685062
5822,863976
5823,1288520
5824,935629
5825,869406
5826,1368684
5827,955129
5828,1510514
5829,842342
5830,1264178
5831,911472
5832,1463929
5833,924912
5834,926243
5835,2334089
5836,917237
5837,1379120
5838,981947
5839,1579621
5840,916619
5841,1250305
5842,1551938
5843,967617
5844,1462543
5845,1708888
5846,1802477
5847,939555
5848,925197
5849,917917
5850,909219
5851,1633998
5852,925176
5853,1413750
5854,1012576
5855,924904
5856,913957
5857,913364
5858,1592034
5859,1585096
5860,1651479
5861,1569172
5862,1101187
5863,999404
5864,993400
5865,979013
5866,1553227
5867,1689384
5868,1433600
5869,998539
5870,923079
5871,908382
5872,918650
5873,1582092
5874,919565
5875,1401121
5876,1056195
5877,922218
5878,917063
5879,922922
5880,1567656
5881,923334
5882,1441000
5883,1549923
5884,898594
5885,998155
5886,920306
5887,1530084
5888,923178
5889,1506175
5890,1578574
5891,982104
5892,918300
5893,976755
5894,931838
5895,1435360
5896,918868
5897,1611724
5898,991844
5899,1385643
5900,866852
5901,862175
5902,861549
5903,924492
5904,1316091
5905,844320
5906,860239
5907,1379111
5908,1356204
5909,921888
5910,5697987
5911,1656584
5912,1054687
5913,1553260
5914,1044671
5915,933490
5916,1583724
5917,916936
5918,1510679
5919,985906
5920,919153
5921,1341174
5922,920351
5923,922943
5924,916528
5925,13003167
5926,1110172
5927,1461913
5928,1065169
5929,887761
5930,1464666
5931,876069
5932,1045669
5933,864837
5934,1852009
5935,991563
5936,861957
5937,1336967
5938,875051
5939,1479189
5940,860836
5941,938690
5942,1481295
5943,1441779
5944,845976
5945,854685
5946,1436912
5947,1275009
5948,854652
5949,1161171
5950,913813
5951,1468942
5952,804692
5953,791232
5954,1336221
5955,872398
5956,1290333
5957,802088
5958,1924724
5959,884618
5960,798322
5961,1368350
5962,805788
5963,1376656
5964,795125
5965,1309346
5966,1263997
5967,742742
5968,740694
5969,815347
5970,1714364
5971,1210946
5972,737180
5973,1100882
5974,1705692
5975,802994
5976,742367
5977,750867
5978,1281688
5979,1262847
5980,809228
5981,741366
5982,737716
5983,1140179
5984,746488
5985,1363435
5986,793201
5987,861558
5988,1363443
5989,794965
5990,798693
5991,1294942
5992,811696
5993,874993
5994,1352439
5995,933231
5996,1362899
5997,864310
5998,953465
5999,1469989
6000,1348656
6001,956888
6002,1952811
6003,911250
6004,849749
6005,846074
6006,1404912
6007,869925
6008,1327491
6009,1432665
6010,881017
6011,10387346
6012,1635341
6013,849749
6014,1350180
6015,897662
6016,885685
6017,1790998
6018,851731
6019,818049
6020,815313
6021,802187
6022,1295095
6023,1369598
6024,773718
6025,1313055
6026,802031
6027,756553
6028,740134
6029,745408
6030,1378407
6031,1226986
6032,747221
6033,1205265
6034,741555
6035,750126
6036,812042
6037,743365
6038,737782
6039,1247742
6040,737284
6041,1143636
6042,1659439
6043,811679
6044,748218
6045,740349
6046,751506
6047,811383
6048,1364523
6049,1209664
6050,827831
6051,1201177
6052,753454
6053,747897
6054,739788
6055,742232
6056,740777
6057,1325682
6058,806706
6059,1595977
6060,803469
6061,748383
6062,741547
6063,742536
6064,752528
6065,746854
6066,1256386
6067,1267622
6068,905013
6069,1237372
6070,768695
6071,755584
6072,753673
6073,755519
6074,748296
6075,1223290
6076,702431
6077,1175500
6078,686829
6079,1042051
6080,747699
6081,3417584
6082,794866
6083,728577
6084,1353642
6085,732182
6086,1252345
6087,766280
6088,1338129
6089,721808
6090,711220
6091,723155
6092,706361
6093,1143281
6094,712187
6095,1199043
6096,749784
6097,696717
6098,1218519
6099,747373
6100,698422
6101,1088608
6102,708615
6103,1187255
6104,1166256
6105,705402
6106,1156512
6107,1177025
6108,692127
6109,697735
6110,798816
6111,704063
6112,714825
6113,1183057
6114,7717086
6115,1482098
6116,842864
6117,1267548
6118,731679
6119,720934
6120,1248406
6121,767755
6122,705669
6123,693235
6124,766161
6125,1258055
6126,1219540
6127,701302
6128,701496
6129,1246568
6130,1163005
6131,701018
6132,704500
6133,1066071
6134,740327
6135,1213818
6136,766050
6137,1049627
6138,1078295
6139,751098
6140,693626
6141,700544
6142,692984
6143,692695
6144,1172155
6145,1054514
6146,1162774
6147,1620196
6148,707182
6149,712406
6150,704771
6151,706214
6152,1211288
6153,709662
6154,701813
6155,1112583
6156,1743534
6157,706708
6158,712035
6159,703857
6160,697726
6161,704549
6162,717436
6163,1166054
6164,784932
6165,1039002
6166,758641
6167,705711
6168,764694
6169,703243
6170,1159959
6171,707713
6172,704566
6173,702596
6174,775703
6175,1111800
6176,784421
6177,715961
6178,708755
6179,722615
6180,760603
6181,1178142
6182,1100741
6183,739145
6184,699654
6185,701995
6186,1272022
6187,715043
6188,705319
6189,699024
6190,710910
6191,1285153
6192,1216830
6193,749103
6194,697120
6195,1158823
6196,775526
6197,1132528
6198,701310
6199,975038
6200,779085
6201,4363579
6202,824184
6203,1430136
6204,1238291
6205,715084
6206,704516
6207,703527
6208,1254219
6209,856420
6210,1138370
6211,713469
6212,1096448
6213,1225313
6214,716893
6215,690862
6216,1045701
6217,670295
6218,738148
6219,682968
6220,671147
6221,7322451
6222,717812
6223,1556828
6224,701290
6225,737893
6226,671032
6227,1121404
6228,1095463
6229,669339
6230,1034202
6231,721771
6232,1168780
6233,671802
6234,664815
6235,668346
6236,1080916
6237,1081904
6238,662158
6239,666796
6240,667106
6241,969133
6242,1106378
6243,656093
6244,659459
6245,660653
6246,1488266
6247,702583
6248,717947
6249,668885
6250,1159561
6251,678938
6252,1003820
6253,732747
6254,671201
6255,1559947
6256,726534
6257,663731
6258,656971
6259,658663
6260,652125
6261,1173819
6262,666665
6263,1069058
6264,664571
6265,1135367
6266,1075317
6267,654353
6268,664621
6269,658495
6270,1017656
6271,669120
6272,1133257
6273,737789
6274,666174
6275,666636
6276,1155967
6277,724700
6278,987378
6279,656150
6280,654573
6281,663521
6282,1085484
6283,1187898
6284,717363
6285,676755
6286,1061448
6287,3274888
6288,708426
6289,662528
6290,657901
6291,1253267
6292,1221399
6293,727263
6294,672470
6295,1541551
6296,716415
6297,658499
6298,658837
6299,661230
6300,667958
6301,1211848
6302,759759
6303,1156169
6304,714182
6305,1235061
6306,682486
6307,696304
6308,698933
6309,696490
6310,1211934
6311,692774
6312,1268392
6313,705327
6314,1156758
6315,675457
6316,753738
6317,701191
6318,699469
6319,1216636
6320,703359
6321,1129162
6322,767549
6323,1102258
6324,629242
6325,655890
6326,1029839
6327,755935
6328,722240
6329,1147398
6330,660411
6331,1241817
6332,655874
6333,1097964
6334,657254
6335,663150
6336,657897
6337,7736871
6338,733736
6339,684633
6340,1414145
6341,680681
6342,664972
6343,1167158
6344,703503
6345,665384
6346,661749
6347,659896
6348,1035005
6349,669553
6350,1076858
6351,702036
6352,1064872
6353,997595
6354,717527
6355,670410
6356,710808
6357,674320
6358,665564
6359,729039
6360,664341
6361,1061691
6362,657600
6363,1162493
6364,706494
6365,700515
6366,708385
6367,712838
6368,1122797
6369,753681
6370,712332
6371,1138341
6372,1301815
6373,700379
6374,703964
6375,663187
6376,659372
6377,1087986
6378,677641
6379,672185
6380,663063
6381,1129665
6382,1490165
6383,666417
6384,657049
6385,662417
6386,663245
6387,666043
6388,1082029
6389,671597
6390,2256350
6391,1550063
6392,668396
6393,666220
6394,664988
6395,660946
6396,666603
6397,666504
6398,665198
6399,1134394
6400,1024709
6401,1039315
6402,1017738
6403,758370
6404,668102
6405,672025
6406,666594
6407,662982
6408,1130662
6409,656793
6410,657876
6411,999004
6412,1096799
6413,719229
6414,668177
6415,663258
6416,704455
6417,669067
6418,664086
6419,1030210
6420,681934
6421,672470
6422,672841
6423,1503926
6424,709921
6425,675749
6426,672503
6427,668152
6428,670418
6429,1155844
6430,670126
6431,667835
6432,1046228
6433,1238427
6434,670183
6435,675902
6436,673146
6437,663163
6438,661140
6439,671996
6440,1127271
6441,698377
6442,1045145
6443,741445
6444,1138395
6445,661271
6446,663801
6447,665173
6448,667097
6449,630222
6450,1071666
6451,624705
6452,1436650
6453,751263
6454,646509
6455,1257050
6456,637008
6457,634660
6458,625295
6459,634581
6460,1003041
6461,644350
6462,1076746
6463,646275
6464,7678897
6465,1536038
6466,681583
6467,645294
6468,631112
6469,628888
6470,660880
6471,702197
6472,656698
6473,632221
6474,629068
6475,629518
6476,2629825
6477,794379
6478,1103975
6479,1322049
6480,669907
6481,670644
6482,666537
6483,667105
6484,656043
6485,1293195
6486,1194285
6487,674032
6488,1050847
6489,1146528
6490,665190
6491,721507
6492,658697
6493,1045170
6494,668646
6495,1041849
6496,729472
6497,663591
6498,660575
6499,1056546
6500,1069582
6501,638277
6502,663600
6503,658536
6504,1133282
6505,667497
6506,978503
6507,3151228
6508,716267
6509,1196047
6510,764702
6511,658346
6512,727460
6513,1089452
6514,1074213
6515,1173042
6516,661580
6517,662903
6518,1106172
6519,1081888
6520,661539
6521,660962
6522,665346
6523,3226439
6524,698958
6525,1292054
6526,680978
6527,660476
6528,660043
6529,1174273
6530,649513
6531,662552
6532,657679
6533,657390
6534,1164698
6535,665128
6536,1171735
6537,658635
6538,661630
6539,1168180
6540,679313
6541,666928
6542,673961
6543,660723
6544,666179
6545,1086606
6546,715125
6547,1129072
6548,661667
6549,1116847
6550,654947
6551,659397
6552,658853
6553,664494
6554,1128803
6555,705485
6556,1041832
6557,670855
6558,759741
6559,1154212
6560,653496
6561,677781
6562,668592
6563,668889
6564,668712
6565,668119
6566,1169910
6567,655994
6568,1577994
6569,733385
6570,714314
6571,668738
6572,661028
6573,667283
6574,667509
6575,1018620
6576,669392
6577,661869
6578,669400
6579,7961989
6580,1396367
6581,716283
6582,652970
6583,642842
6584,635710
6585,1102341
6586,639385
6587,633511
6588,1130098
6589,684406
6590,1010092
6591,698567
6592,635051
6593,629077
6594,628608
6595,628229
6596,1076890
6597,671983
6598,1042553
6599,710490
6600,704549
6601,659640
6602,1002378
6603,851649
6604,661845
6605,657831
6606,660728
6607,945768
6608,1160615
6609,672024
6610,1089531
6611,722327
6612,666479
6613,1270839
6614,675494
6615,669915
6616,1006709
6617,1117683
6618,662536
6619,670744
6620,664831
6621,1008764
6622,665807
6623,1298803
6624,707660
6625,668329
6626,664016
6627,1149392
6628,647424
6629,661976
6630,1061559
6631,727362
6632,666100
6633,1170416
6634,672647
6635,1159292
6636,785023
6637,934034
6638,661037
6639,661605
6640,670212
6641,987818
6642,1168875
6643,668444
6644,665890
6645,664662
6646,1105368
6647,638182
6648,657238
6649,720659
6650,663315
6651,1194441
6652,671020
6653,1058671
6654,663917
6655,655215
6656,652685
6657,1111631
6658,642703
6659,656052
6660,652652
6661,650110
6662,1151946
6663,728607
6664,1090054
6665,695044
6666,1109773
6667,707878
6668,663987
6669,664757
6670,660168
6671,661066
6672,1113247
6673,675502
6674,1083433
6675,1554162
6676,655005
6677,660320
6678,658412
6679,661939
6680,659891
6681,657975
6682,1048103
6683,680471
6684,674060
6685,1079795
6686,630944
6687,1154748
6688,670200
6689,661556
6690,666311
6691,659397
6692,990862
6693,668296
6694,1081221
6695,720131
6696,672635
6697,664704
6698,1032410
6699,742841
6700,672054
6701,673071
6702,668672
6703,1065643
6704,1116023
6705,670546
6706,668502
6707,672260
6708,10604788
6709,834687
6710,706877
6711,1489943
6712,1365709
6713,1236338
6714,670368
6715,673208
6716,1081995
6717,781331
6718,672940
6719,664049
6720,1187367
6721,666084
6722,1111771
6723,3910005
6724,855142
6725,1430621
6726,869023
6727,723370
6728,698505
6729,1174566
6730,799678
6731,1240664
6732,683442
6733,689844
6734,1120147
6735,756017
6736,1392436
6737,705752
6738,696696
6739,1139029
6740,1252382
6741,768023
6742,699860
6743,698578
6744,1297806
6745,1186720
6746,699106
6747,695649
6748,1171496
6749,682815
6750,692164
6751,697422
6752,747567
6753,1152531
6754,709501
6755,1307529
6756,716782
6757,1142899
6758,668597
6759,698505
6760,694669
6761,695386
6762,1165802
6763,709336
6764,1204853
6765,774356
6766,1163775
6767,681794
6768,706366
6769,703486
6770,706139
6771,704903
6772,1138754
6773,720416
6774,1157801
6775,1254557
6776,703771
6777,716868
6778,708183
6779,707359
6780,707277
6781,1154229
6782,713300
6783,1221638
6784,1141065
6785,775241
6786,1209397
6787,706049
6788,705216
6789,700964
6790,705332
6791,1115405
6792,702423
6793,697360
6794,1110885
6795,663859
6796,668235
6797,656254
6798,660328
6799,713923
6800,662128
6801,1195615
6802,669656
6803,1045191
6804,715554
6805,1081649
6806,718393
6807,662034
6808,665248
6809,662969
6810,655104
6811,1026551
6812,721186
6813,1015002
6814,1044680
6815,672688
6816,1065927
6817,719209
6818,662301
6819,664744
6820,658219
6821,1073034
6822,674765
6823,666871
6824,9947114
6825,1104030
6826,1284967
6827,734411
6828,715410
6829,723724
6830,715434
6831,1186349
6832,1219248
6833,1263082
6834,1081851
6835,838308
6836,726006
6837,709271
6838,712525
6839,1206360
6840,701603
6841,1158028
6842,762852
6843,701661
6844,707050
6845,1463145
6846,776778
6847,762705
6848,717713
6849,1112240
6850,781920
6851,1144579
6852,705452
6853,1096749
6854,758110
6855,1248315
6856,699090
6857,704150
6858,750513
6859,1164023
6860,696832
6861,694463
6862,997409
6863,736224
6864,704631
6865,764101
6866,700112
6867,1625423
6868,747390
6869,741766
6870,703659
6871,703671
6872,1186155
6873,744316
6874,984357
6875,694129
6876,1220875
6877,672218
6878,673924
6879,672730
6880,669718
6881,664333
6882,1111009
6883,668659
6884,659508
6885,1162696
6886,739356
6887,1145634
6888,674604
6889,702056
6890,698974
6891,699889
6892,698270
6893,1179019
6894,1297938
6895,778047
6896,1123006
6897,779617
6898,700726
6899,680113
6900,665569
6901,662211
6902,1124902
6903,657424
6904,1126022
6905,649813
6906,1188026
6907,1073343
6908,658486
6909,662293
6910,653715
6911,659936
6912,990884
6913,670253
6914,1099362
6915,707998
6916,662907
6917,651947
6918,1117741
6919,725623
6920,661214
6921,657852
6922,667286
6923,1153660
6924,1237038
6925,671333
6926,662821
6927,662721
6928,1062169
6929,724927
6930,1034251
6931,662813
6932,668948
6933,667509
6934,1130385
6935,662050
6936,666360
6937,996182
6938,718071
6939,651255
6940,1048194
6941,665206
6942,662651
6943,717853
6944,687735
6945,682515
6946,9401448
6947,767240
6948,705023
6949,1746649
6950,802921
6951,1162473
6952,774739
6953,718013
6954,710416
6955,709085
6956,1222342
6957,712221
6958,704256
6959,711739
6960,1554574
6961,758329
6962,719995
6963,710491
6964,702250
6965,707145
6966,1306717
6967,1166697
6968,1211655
6969,701653
6970,1294266
6971,708616
6972,703502
6973,701505
6974,702262
6975,1257701
6976,712542
6977,700095
6978,1367176
6979,1332036
6980,705986
6981,697718
6982,696202
6983,1191384
6984,709864
6985,1036559
6986,1209780
6987,687945
6988,1200996
6989,834735
6990,708443
6991,701092
6992,699399
6993,1190300
6994,690974
6995,1300336
6996,656747
6997,1043155
6998,727143
6999,663480
7000,660513
7001,699156
7002,1096823
7003,662034
7004,656525
7005,1102925
7006,651597
7007,655783
7008,1062849
7009,709946
7010,712055
7011,1056529
7012,677043
7013,1108755
7014,738577
7015,1148931
7016,659623
7017,659124
7018,658771
7019,994617
7020,1184380
7021,703346
7022,702406
7023,1097696
7024,1184223
7025,801388
7026,704842
7027,1136310
7028,745692
7029,695596
7030,1292458
7031,716802
7032,1151472
7033,672359
7034,694331
7035,688646
7036,698320
7037,1286081
7038,713795
7039,698966
7040,1408031
7041,793168
7042,714557
7043,703251
7044,699914
7045,703234
7046,703502
7047,1183897
7048,1146796
7049,1181652
7050,759491
7051,698851
7052,703687
7053,700475
7054,696767
7055,703054
7056,1116085
7057,707334
7058,700980
7059,1552975
7060,747723
7061,696807
7062,697269
7063,695678
7064,695921
7065,9426935
7066,965265
7067,1421644
7068,807209
7069,1157303
7070,801569
7071,709761
7072,705023
7073,780145
7074,1152972
7075,706263
7076,1212643
7077,706910
7078,1125647
7079,763232
7080,675869
7081,661490
7082,668503
7083,672803
7084,1202619
7085,1186044
7086,714960
7087,662928
7088,660587
7089,1123921
7090,659240
7091,660695
7092,662730
7093,654601
7094,668704
7095,1089169
7096,656043
7097,827830
7098,661069
7099,1176547
7100,720217
7101,666195
7102,669718
7103,1199179
7104,731873
7105,1060109
7106,666846
7107,1009362
7108,765073
7109,669187
7110,1205413
7111,679425
7112,1093202
7113,740955
7114,1055157
7115,659261
7116,661429
7117,654350
7118,931237
7119,1012612
7120,1205932
7121,664427
7122,654226
7123,1162349
7124,723815
7125,658561
7126,664403
7127,664971
7128,659080
7129,1021689
7130,665750
7131,1161274
7132,678003
7133,1145881
7134,1083626
7135,655186
7136,662351
7137,662075
7138,1142787
7139,664485
7140,1014087
7141,1143921
7142,658099
7143,1186794
7144,785192
7145,1152605
7146,666763
7147,659875
7148,662495
7149,1033230
7150,1216233
7151,664930
7152,668655
7153,1218712
7154,722163
7155,661424
7156,705904
7157,672923
7158,1041610
7159,705526
7160,999902
7161,744292
7162,664996
7163,1058264
7164,3354575
7165,761843
7166,687541
7167,665182
7168,659278
7169,1569395
7170,724033
7171,656352
7172,1090437
7173,659776
7174,662952
7175,664093
7176,657440
7177,19944557
7178,1156862
7179,719126
7180,864107
7181,1163107
7182,721763
7183,1257944
7184,670784
7185,1095262
7186,706481
7187,712250
7188,1633944
7189,770681
7190,727408
7191,1156626
7192,1464180
7193,722257
7194,717622
7195,767351
7196,697627
7197,698826
7198,2345975
7199,815545
7200,715203
7201,1319032
7202,695452
7203,690640
7204,691402
7205,697549
7206,757039
7207,1173293
7208,705159
7209,1055878
7210,1113415
7211,1985174
7212,1096288
7213,659376
7214,658009
7215,662491
7216,710346
7217,1074772
7218,664654
7219,1142779
7220,1229861
7221,678370
7222,671407
7223,662953
7224,742158
7225,1155749
7226,668778
7227,1084162
7228,657308
7229,1096375
7230,717371
7231,1003553
7232,660163
7233,665420
7234,667933
7235,665956
7236,659397
7237,9505917
7238,1739538
7239,741758
7240,1315604
7241,798867
7242,712699
7243,674620
7244,668894
7245,1134369
7246,671061
7247,995758
7248,4741428
7249,1319610
7250,761080
7251,1188022
7252,678704
7253,663277
7254,1492929
7255,658436
7256,656150
7257,11743121
7258,1418763
7259,786490
7260,1522878
7261,796106
7262,699259
7263,1168801
7264,660035
7265,669079
7266,659743
7267,663389
7268,1237109
7269,664501
7270,661280
7271,660546
7272,1254507
7273,661717
7274,664670
7275,664452
7276,666406
7277,662586
7278,1109773
7279,652026
7280,655454
7281,1138330
7282,1205664
7283,646550
7284,659776
7285,659265
7286,657382
7287,653592
7288,661247
7289,1098719
7290,672116
7291,1724228
7292,824333
7293,1159223
7294,677418
7295,676244
7296,673030
7297,677624
7298,673969
7299,1070521
7300,659892
7301,666594
7302,1028463
7303,721812
7304,666286
7305,730292
7306,677550
7307,676632
7308,668861
7309,1136368
7310,670916
7311,672445
7312,669355
7313,1541642
7314,716123
7315,674889
7316,664234
7317,662788
7318,741984
7319,671081
7320,1061934
7321,1132075
7322,706765
7323,1025554
7324,699024
7325,709473
7326,1115170
7327,669750
7328,655429
7329,1061658
7330,1131481
7331,720263
7332,674958
7333,664670
7334,1101429
7335,1025323
7336,662912
7337,665849
7338,659516
7339,3685345
7340,814156
7341,689762
7342,672462
7343,1247458
7344,676936
7345,1106275
7346,660069
7347,660645
7348,1209446
7349,734708
7350,717267
7351,661742
7352,668914
7353,1091212
7354,722418
7355,670043
7356,752795
7357,664671
7358,1109764
7359,649892
7360,664753
7361,660208
7362,660452
7363,1089922
7364,707520
7365,1023255
7366,656744
7367,718928
7368,1104503
7369,646777
7370,668218
7371,664865
7372,666883
7373,7803468
7374,910422
7375,707804
7376,684101
7377,1296352
7378,1356295
7379,708241
7380,673079
7381,666471
7382,657959
7383,666718
7384,1150805
7385,666488
7386,1110894
7387,650151
7388,1267281
7389,661882
7390,662998
7391,721120
7392,654691
7393,1082658
7394,669384
7395,673974
7396,1154773
7397,722875
7398,655924
7399,1141007
7400,665643
7401,665174
7402,1048750
7403,2142417
7404,1204753
7405,660822
7406,660023
7407,667044
7408,1062404
7409,662421
7410,1206896
7411,679770
7412,662903
7413,670760
7414,1147769
7415,628191
7416,658268
7417,1085032
7418,715978
7419,660727
7420,1555580
7421,724709
7422,674444
7423,1119830
7424,642801
7425,654919
7426,714289
7427,676260
7428,1135322
7429,669438
7430,1076639
7431,1143409
7432,676285
7433,1137658
7434,658544
7435,661399
7436,671852
7437,663987
7438,718883
7439,718356
7440,1019683
7441,1066961
7442,1193155
7443,660864
7444,658243
7445,659372
7446,628249
7447,626593
7448,629798
7449,1049199
7450,674905
7451,968664
7452,1002045
7453,674369
7454,623663
7455,623795
7456,617985
7457,623594
7458,619778
7459,623420
7460,1051523
7461,626597
7462,1042991
7463,1081929
7464,1035730
7465,638483
7466,630602
7467,629798
7468,622060
7469,624121
7470,629555
7471,1010240
7472,644610
7473,960856
7474,1031215
7475,1004093
7476,718039
7477,624006
7478,622625
7479,615542
7480,627346
7481,1005209
7482,631269
7483,907929
7484,1050732
7485,716531
7486,679804
7487,1249131
7488,669038
7489,713560
7490,672437
7491,675004
7492,1063883
7493,668308
7494,1062940
7495,654375
7496,982388
7497,1816287
7498,793391
7499,666162
7500,7641342
7501,731572
7502,669652
7503,1400454
7504,749969
7505,680314
7506,1214427
7507,669483
7508,657473
7509,657942
7510,661416
7511,1205640
7512,685852
7513,1185736
7514,666277
7515,1156812
7516,725430
7517,666150
7518,665362
7519,658218
7520,658688
7521,1160479
7522,1239099
7523,712974
7524,667967
7525,665523
7526,1129689
7527,682709
7528,715644
7529,668519
7530,674447
7531,1058757
7532,735495
7533,961717
7534,703696
7535,659874
7536,1225012
7537,775217
7538,717436
7539,704013
7540,1264153
7541,693561
7542,712398
7543,704624
7544,701579
7545,1180606
7546,712739
7547,777833
7548,718257
7549,1200852
7550,682428
7551,714849
7552,746327
7553,707042
7554,1146302
7555,709930
7556,712282
7557,1309610
7558,777825
7559,1097203
7560,706803
7561,704779
7562,711619
7563,706374
7564,3902766
7565,1572130
7566,1361495
7567,738099
7568,716983
7569,709654
7570,705134
7571,785035
7572,1288017
7573,713135
7574,1235514
7575,770096
7576,1289244
7577,776329
7578,722768
7579,736492
7580,743121
7581,1245333
7582,801067
7583,752828
7584,1366146
7585,803250
7586,1343535
7587,747724
7588,752347
7589,746335
7590,749120
7591,763866
7592,1408018
7593,744435
7594,1737890
7595,822449
7596,739203
7597,748963
7598,1230719
7599,1315444
7600,818824
7601,739623
7602,740167
7603,1546095
7604,1210604
7605,823974
7606,1263996
7607,847631
7608,11048506
7609,1164038
7610,852362
7611,1478254
7612,1025129
7613,1432640
7614,815714
7615,3470234
7616,1070059
7617,862349
7618,954651
7619,1609462
7620,1508417
7621,1361861
7622,941792
7623,1689735
7624,921864
7625,916384
7626,1390689
7627,1497095
7628,1434729
7629,978663
7630,1449446
7631,913582
7632,913504
7633,912952
7634,1678927
7635,875240
7636,1504602
7637,1368412
7638,997294
7639,911431
7640,1337120
7641,939600
7642,1299883
7643,919795
7644,855440
7645,1454902
7646,851550
7647,844838
7648,852971
7649,1892200
7650,910303
7651,865076
7652,1322526
7653,3527260
7654,1404838
7655,858995
7656,834208
7657,1251924
7658,786650
7659,1602820
7660,1432125
7661,796473
7662,792901
7663,1277787
7664,800708
7665,1417239
7666,819866
7667,1453961
7668,1531049
7669,863960
7670,852670
7671,849968
7672,1410767
7673,1347738
7674,925345
7675,1320952
7676,934475
7677,861248
7678,928978
7679,1475102
7680,854764
7681,1402753
7682,831312
7683,1321055
7684,939675
7685,864376
7686,1362566
7687,913908
7688,1353567
7689,846915
7690,864565
7691,1323441
7692,1393787
7693,792666
7694,1297596
7695,1233281
7696,856403
7697,10208835
7698,890398
7699,1487676
7700,1529599
7701,1313796
7702,765992
7703,752561
7704,754175
7705,746215
7706,1191746
7707,811593
7708,1386318
7709,845629
7710,1206315
7711,750624
7712,743187
7713,746068
7714,747756
7715,1239968
7716,1219857
7717,1265562
7718,1297748
7719,758185
7720,750505
7721,752577
7722,1241307
7723,739293
7724,1215915
7725,800959
7726,1136178
7727,3767693
7728,926820
7729,740348
7730,722669
7731,1214601
7732,700915
7733,699324
7734,1193629
7735,715002
7736,1300385
7737,697919
7738,697425
7739,697970
7740,694063
7741,1182443
7742,706572
7743,705879
7744,1162386
7745,755053
7746,1293138
7747,761592
7748,711537
7749,699024
7750,711838
7751,1160285
7752,706674
7753,1065309
7754,1222717
7755,710181
7756,742408
7757,747683
7758,747604
7759,806006
7760,1200040
7761,746768
7762,1242275
7763,1313713
7764,744299
7765,748902
7766,741955
7767,743571
7768,739545
7769,747204
7770,1139079
7771,753796
7772,1155547
7773,817361
7774,1031054
7775,747229
7776,749413
7777,745800
7778,749907
7779,1229231
7780,752016
7781,1748681
7782,802397
7783,747130
7784,735025
7785,740810
7786,740373
7787,1364304
7788,1211061
7789,827373
7790,1245715
7791,805314
7792,744353
7793,739021
7794,736855
7795,1172439
7796,747220
7797,742124
7798,1309647
7799,1304551
7800,754757
7801,745305
7802,811144
7803,761728
7804,8224027
7805,927064
7806,1432121
7807,785208
7808,1326988
7809,720725
7810,721874
7811,710041
7812,1233952
7813,719159
7814,1097503
7815,754921
7816,757983
7817,698162
7818,1681102
7819,774001
7820,711578
7821,699444
7822,1144781
7823,791475
7824,1164154
7825,709646
7826,1093078
7827,1670601
7828,760154
7829,697887
7830,689593
7831,1181705
7832,776523
7833,1131206
7834,696412
7835,1194503
7836,1137373
7837,700487
7838,703152
7839,706052
7840,698146
7841,1562468
7842,758860
7843,705670
7844,703210
7845,1067184
7846,1120761
7847,660493
7848,656571
7849,666270
7850,1077134
7851,699353
7852,656500
7853,652693
7854,1131433
7855,675510
7856,1059883
7857,742425
7858,667517
7859,1503539
7860,729521
7861,724107
7862,663901
7863,661139
7864,670068
7865,1134395
7866,671992
7867,1044803
7868,1465634
7869,663999
7870,671123
7871,667867
7872,666409
7873,711775
7874,666381
7875,1036604
7876,678337
7877,669137
7878,1118207
7879,702172
7880,1039039
7881,670377
7882,662384
7883,659776
7884,667274
7885,1124470
7886,730728
7887,1119739
7888,708105
7889,1065041
7890,728302
7891,665898
7892,674076
7893,702221
7894,696808
7895,1246774
7896,1142886
7897,822870
7898,1143685
7899,748069
7900,1178710
7901,700948
7902,703539
7903,702909
7904,1247718
7905,734292
7906,1061720
7907,661564
7908,1091529
7909,1079313
7910,708689
7911,663875
7912,655800
7913,1116011
7914,666133
7915,1001682
7916,713225
7917,659867
7918,654898
7919,981473
7920,729806
7921,714199
7922,660962
7923,993236
7924,678465
7925,7828951
7926,870565
7927,700029
7928,1244096
7929,683751
7930,1289574
7931,669215
7932,990471
7933,661992
7934,1125907
7935,3181337
7936,716204
7937,1760728
7938,772052
7939,687961
7940,671658
7941,1234595
7942,687298
7943,1187886
7944,1088732
7945,659315
7946,1049665
7947,736727
7948,674930
7949,665523
7950,671390
7951,668177
7952,1189513
7953,660485
7954,727070
7955,1069643
7956,677455
7957,1188438
7958,669515
7959,669100
7960,664176
7961,676034
7962,675407
7963,1128643
7964,1125965
7965,716024
7966,661836
7967,1446047
7968,734518
7969,730274
7970,681996
7971,1039661
7972,1183819
7973,1082922
7974,659842
7975,665338
7976,661886
7977,1410774
7978,723847
7979,657209
7980,922885
7981,1052520
7982,730885
7983,1046225
7984,706902
7985,662434
7986,656694
7987,1079939
7988,1054580
7989,663447
7990,660530
7991,663756
7992,1169819
7993,665832
7994,670497
7995,662578
7996,669602
7997,1469857
7998,1141535
7999,718574
8000,664736
8001,1112954
8002,718257
8003,1056558
8004,702641
8005,658343
8006,651185
8007,1017396
8008,1587605
8009,730341
8010,667241
8011,1100910
8012,644919
8013,661127
8014,665622
8015,655755
8016,1247792
8017,658173
8018,663748
8019,1101912
8020,1218407
8021,1084649
8022,653789
8023,662652
8024,665873
8025,657028
8026,657538
8027,1124819
8028,720634
8029,655718
8030,1143711
8031,729352
8032,1053962
8033,667617
8034,659121
8035,658202
8036,664489
8037,657951
8038,1187280
8039,1028817
8040,1037840
8041,708665
8042,667373
8043,669054
8044,662009
8045,666162
8046,8965352
8047,761975
8048,1341198
8049,681980
8050,1192385
8051,746117
8052,1058325
8053,671650
8054,663715
8055,731264
8056,659166
8057,1121791
8058,710874
8059,1086173
8060,1168699
8061,663657
8062,667089
8063,665465
8064,664201
8065,672882
8066,1131416
8067,721445
8068,668210
8069,1107272
8070,1568607
8071,685140
8072,670319
8073,665684
8074,647383
8075,628064
8076,1151971
8077,634297
8078,1008250
8079,1121873
8080,683516
8081,1031858
8082,628055
8083,635891
8084,625513
8085,625687
8086,626147
8087,1094001
8088,624231
8089,936844
8090,987991
8091,683442
8092,636234
8093,628961
8094,629452
8095,629497
8096,633181
8097,622959
8098,1057163
8099,616296
8100,618290
8101,963926
8102,662714
8103,677978
8104,985511
8105,617631
8106,664790
8107,623268
8108,627796
8109,987447
8110,644425
8111,627243
8112,1106184
8113,616910
8114,1072103
8115,626782
8116,621352
8117,623672
8118,620141
8119,624446
8120,1037737
8121,633024
8122,966851
8123,1069182
8124,1051490
8125,632942
8126,625872
8127,628661
8128,661482
8129,657250
8130,658124
8131,1125685
8132,711772
8133,1105344
8134,702044
8135,1021121
8136,665668
8137,661552
8138,660192
8139,667237
8140,664353
8141,1245534
8142,656987
8143,1078625
8144,1103679
8145,665362
8146,665689
8147,653781
8148,655096
8149,657064
8150,660060
8151,1109538
8152,658680
8153,990550
8154,1075069
8155,658577
8156,663979
8157,702374
8158,653340
8159,654519
8160,648520
8161,1090656
8162,665189
8163,1021957
8164,727646
8165,1128511
8166,665940
8167,660735
8168,664905
8169,663809
8170,707788
8171,1121515
8172,1038342
8173,7928171
8174,939279
8175,1315786
8176,702925
8177,688098
8178,682531
8179,667340
8180,663414
8181,1282483
8182,1169621
8183,715961
8184,1067365
8185,836244
8186,661881
8187,662025
8188,658721
8189,656455
8190,1247207
8191,1166272
8192,720205
8193,657630
8194,656434
8195,1155341
8196,718776
8197,716357
8198,674848
8199,1087837
8200,721606
8201,1046904
8202,665062
8203,661511
8204,663924
8205,1028002
8206,1156495
8207,664510
8208,660678
8209,1023020
8210,1034268
8211,700029
8212,659030
8213,654016
8214,935246
8215,701134
8216,652496
8217,1123748
8218,658610
8219,1105673
8220,721569
8221,1085143
8222,663022
8223,662343
8224,659776
8225,1157442
8226,1335274
8227,673005
8228,658449
8229,1197288
8230,752149
8231,659525
8232,667406
8233,715088
8234,1086614
8235,669433
8236,1040877
8237,730996
8238,659566
8239,1111096
8240,640474
8241,664234
8242,657675
8243,667521
8244,1036377
8245,666611
8246,1144897
8247,1053781
8248,4379004
8249,1389355
8250,831728
8251,726802
8252,725755
8253,1443394
8254,1149618
8255,785550
8256,1244797
8257,713811
8258,669087
8259,666187
8260,656752
8261,659138
8262,1078588
8263,663138
8264,1103436
8265,663200
8266,1219623
8267,659899
8268,662734
8269,662590
8270,675634
8271,664530
8272,686330
8273,673072
8274,672680
8275,1020927
8276,1226541
8277,668695
8278,675808
8279,671852
8280,671053
8281,675173
8282,1035476
8283,654614
8284,655907
8285,1581495
8286,720951
8287,1094784
8288,7400559
8289,895721
8290,698682
8291,1128350
8292,668618
8293,1257075
8294,732174
8295,656043
8296,652961
8297,1061766
8298,718759
8299,663542
8300,657295
8301,1003994
8302,667241
8303,1085938
8304,691233
8305,901807
8306,668041
8307,1184713
8308,670237
8309,667538
8310,1024693
8311,655606
8312,662026
8313,1092090
8314,648074
8315,667315
8316,1065626
8317,761283
8318,723621
8319,678353
8320,657889
8321,1349971
8322,727127
8323,1040564
8324,670361
8325,668250
8326,666892
8327,935958
8328,1194701
8329,703083
8330,664914
8331,1068053
8332,709188
8333,661069
8334,664671
8335,655738
8336,661790
8337,1117263
8338,673298
8339,1166473
8340,669615
8341,1154319
8342,643506
8343,659689
8344,655639
8345,664807
8346,1170499
8347,741507
8348,1028652
8349,657345
8350,720267
8351,685663
8352,622757
8353,628970
8354,675993
8355,635739
8356,629402
8357,1017186
8358,633988
8359,630359
8360,1009898
8361,1523340
8362,667328
8363,661358
8364,669574
8365,662743
8366,659928
8367,1217229
8368,685626
8369,662594
8370,1135383
8371,751089
8372,1075918
8373,663698
8374,654275
8375,664052
8376,660711
8377,666059
8378,1076462
8379,706325
8380,1076503
8381,663682
8382,1132948
8383,670270
8384,667374
8385,659784
8386,661238
8387,656645
8388,1061939
8389,675675
8390,668642
8391,1137448
8392,723377
8393,666611
8394,660150
8395,668313
8396,656723
8397,668337
8398,1076013
8399,667575
8400,1067801
8401,3757459
8402,813295
8403,685308
8404,668881
8405,659046
8406,664477
8407,8808554
8408,737572
8409,1314566
8410,677097
8411,1280707
8412,669071
8413,667122
8414,663121
8415,669961
8416,1130229
8417,673484
8418,657593
8419,650341
8420,2269753
8421,659792
8422,1176325
8423,657707
8424,659178
8425,660653
8426,663624
8427,1205665
8428,662854
8429,658869
8430,1142243
8431,722352
8432,653707
8433,1249201
8434,663747
8435,661824
8436,1157545
8437,663607
8438,659574
8439,790807
8440,657123
8441,660654
8442,991472
8443,1145874
8444,665486
8445,664200
8446,656241
8447,1164595
8448,747447
8449,1009518
8450,669833
8451,705694
8452,678560
8453,714420
8454,716909
8455,1106308
8456,663122
8457,1135882
8458,649682
8459,656661
8460,661276
8461,1095686
8462,674159
8463,1137068
8464,732191
8465,663081
8466,664225
8467,1120613
8468,737279
8469,1026357
8470,657003
8471,660035
8472,637289
8473,1059108
8474,629192
8475,628059
8476,666166
8477,1391101
8478,1060154
8479,678898
8480,622283
8481,623342
8482,997270
8483,688262
8484,657922
8485,1045697
8486,665268
8487,1051082
8488,1170581
8489,671131
8490,669491
8491,673541
8492,1012625
8493,661791
8494,1050060
8495,748461
8496,657893
8497,656661
8498,1145984
8499,749396
8500,1052260
8501,672095
8502,1018364
8503,703762
8504,664370
8505,1142095
8506,667892
8507,1107478
8508,664036
8509,1058371
8510,663258
8511,668420
8512,781677
8513,658367
8514,1107321
8515,1249609
8516,667357
8517,1026827
8518,727127
8519,978020
8520,657641
8521,658226
8522,659591
8523,1034433
8524,663406
8525,1109179
8526,660183
8527,655243
8528,7702369
8529,880263
8530,657036
8531,644733
8532,623152
8533,620066
8534,1073100
8535,625060
8536,1564516
8537,679960
8538,640733
8539,639983
8540,673401
8541,625406
8542,1033551
8543,634919
8544,640869
8545,639027
8546,1139928
8547,656187
8548,1106258
8549,659565
8550,657674
8551,658387
8552,657984
8553,1122166
8554,668980
8555,1157677
8556,726340
8557,660197
8558,1571319
8559,728285
8560,659064
8561,619703
8562,893282
8563,620124
8564,631722
8565,1050555
8566,621595
8567,630935
8568,629353
8569,951248
8570,1031347
8571,630157
8572,650201
8573,655170
8574,1044057
8575,661535
8576,1012744
8577,697544
8578,728050
8579,667740
8580,1136627
8581,706877
8582,665214
8583,665841
8584,670105
8585,1161290
8586,668477
8587,743269
8588,1071225
8589,673653
8590,773351
8591,714775
8592,678897
8593,671147
8594,664292
8595,1050497
8596,1057283
8597,652726
8598,654593
8599,662141
8600,4027350
8601,861216
8602,694483
8603,679746
8604,1620203
8605,717317
8606,660118
8607,656806
8608,664024
8609,660727
8610,725063
8611,717531
8612,1228832
8613,727312
8614,1006017
8615,667798
8616,661325
8617,661123
8618,3139279
8619,696507
8620,735689
8621,1246008
8622,1617497
8623,736199
8624,670418
8625,662400
8626,658935
8627,657884
8628,1101755
8629,674296
8630,667868
8631,1111606
8632,757142
8633,1011529
8634,718393
8635,664086
8636,659525
8637,670723
8638,661457
8639,1085518
8640,674052
8641,1146632
8642,654000
8643,966714
8644,8235987
8645,796345
8646,691315
8647,668119
8648,740905
8649,1099613
8650,767809
8651,1126863
8652,666302
8653,744056
8654,635814
8655,633246
8656,628451
8657,1070628
8658,631347
8659,629930
8660,736937
8661,634141
8662,624203
8663,1003750
8664,697862
8665,631397
8666,624289
8667,620248
8668,627219
8669,1156400
8670,706222
8671,980154
8672,625147
8673,683726
8674,1176473
8675,636147
8676,622835
8677,633053
8678,1070154
8679,624207
8680,1030753
8681,728104
8682,655203
8683,659891
8684,1082432
8685,757381
8686,1144938
8687,661742
8688,651976
8689,1110415
8690,651264
8691,666595
8692,663625
8693,671543
8694,1094026
8695,740711
8696,654251
8697,1336337
8698,670352
8699,1130727
8700,672866
8701,667909
8702,660970
8703,662528
8704,659607
8705,1146331
8706,676359
8707,1097202
8708,660060
8709,1147583
8710,703535
8711,665684
8712,668482
8713,1021512
8714,667114
8715,1012893
8716,654737
8717,715628
8718,1475715
8719,713646
8720,665882
8721,663348
8722,731754
8723,665099
8724,1120234
8725,672000
8726,1002301
8727,1013738
8728,669808
8729,1135775
8730,663747
8731,656513
8732,661189
8733,659290
8734,656159
8735,1261797
8736,667456
8737,664703
8738,1173041
8739,710832
8740,1061951
8741,668362
8742,666084
8743,675519
8744,966674
8745,672964
8746,1031322
8747,711207
8748,718760
8749,1161921
8750,674921
8751,663348
8752,666751
8753,666092
8754,671390
8755,1188705
8756,683499
8757,971803
8758,1509113
8759,707552
8760,660922
8761,659179
8762,657625
8763,662552
8764,663867
8765,1219285
8766,1048219
8767,1055849
8768,712340
8769,1025323
8770,667163
8771,706831
8772,7334832
8773,1383253
8774,701352
8775,736270
8776,756471
8777,1096156
8778,1101945
8779,787783
8780,676738
8781,667925
8782,663752
8783,665919
8784,1151517
8785,1228008
8786,768588
8787,664794
8788,661498
8789,1254001
8790,659866
8791,658231
8792,659496
8793,1095279
8794,740818
8795,1020478
8796,668477
8797,1084146
8798,736525
8799,1095537
8800,667933
8801,671325
8802,667283
8803,1081929
8804,710935
8805,667394
8806,665231
8807,665840
8808,1119084
8809,724325
8810,1125203
8811,657317
8812,1570976
8813,742195
8814,669396
8815,657250
8816,654226
8817,1034144
8818,693960
8819,649974
8820,1444951
8821,1109645
8822,685431
8823,637478
8824,631948
8825,637371
8826,3438333
8827,663229
8828,623643
8829,622481
8830,1143232
8831,665849
8832,1249959
8833,661890
8834,1119739
8835,1079292
8836,673207
8837,677607
8838,661750
8839,665046
8840,696955
8841,4772292
8842,728969
8843,1097413
8844,1238002
8845,710222
8846,738696
8847,1243375
8848,744913
8849,1269032
8850,892961
8851,1082741
8852,746183
8853,1192072
8854,738082
8855,738301
8856,737975
8857,767484
8858,1412192
8859,1483218
8860,800683
8861,1265022
8862,792154
8863,791973
8864,794944
8865,1396408
8866,735026
8867,1079103
8868,813546
8869,1241752
8870,748725
8871,807997
8872,754995
8873,746018
8874,753080
8875,1114128
8876,738811
8877,1164607
8878,1666801
8879,9390377
8880,812619
8881,724943
8882,707461
8883,700437
8884,1252933
8885,1182365
8886,840150
8887,704339
8888,705077
8889,698822
8890,698731
8891,705756
8892,1075646
8893,659693
8894,659314
8895,997043
8896,1154773
8897,738704
8898,679886
8899,1050872
8900,678160
8901,678947
8902,1008673
8903,667386
8904,675943
8905,1191717
8906,665651
8907,1130439
8908,744172
8909,671976
8910,678695
8911,670464
8912,1158822
8913,668704
8914,1086671
8915,753364
8916,1048898
8917,767273
8918,715398
8919,704199
8920,782925
8921,707016
8922,715636
8923,1578619
8924,1028199
8925,1269452
8926,703260
8927,697100
8928,695460
8929,734745
8930,737740
8931,1362891
8932,773866
8933,1235666
8934,733871
8935,1274515
8936,743220
8937,746034
8938,745189
8939,1323832
8940,808623
8941,1446833
8942,810860
8943,1384843
8944,1430753
8945,798710
8946,791557
8947,1332052
8948,794005
8949,1357860
8950,789587
8951,2090813
8952,1227559
8953,796740
8954,798438
8955,1493807
8956,792575
8957,1353316
8958,1382643
8959,946008
8960,744736
8961,743315
8962,738635
8963,730802
8964,1480767
8965,737439
8966,1301271
8967,828193
8968,1308646
8969,750661
8970,808272
8971,743652
8972,746867
8973,1216718
8974,747060
8975,1268859
8976,678905
8977,1220793
8978,702699
8979,700189
8980,709151
8981,703635
8982,1181470
8983,691876
8984,1094240
8985,680418
8986,1041157
8987,1074999
8988,694438
8989,701278
8990,696152
8991,704170
8992,1158732
8993,1609359
8994,836165
8995,1165802
8996,1310594
8997,725314
8998,705221
8999,699795
9000,1132219
9001,746961
9002,1146261
9003,660081
9004,654087
9005,1119043
9006,707676
9007,1060492
9008,667357
9009,666108
9010,1188183
9011,663731
9012,669808
9013,664143
9014,1067101
9015,660542
9016,1031590
9017,1101813
9018,661020
9019,1127926
9020,743043
9021,957255
9022,704623
9023,662116
9024,700614
9025,1075968
9026,1172749
9027,706329
9028,711846
9029,1302248
9030,770121
9031,695782
9032,704726
9033,700433
9034,1154571
9035,703626
9036,1226116
9037,712974
9038,4664287
9039,867944
9040,727655
9041,704647
9042,699201
9043,703202
9044,1157669
9045,713037
9046,1206945
9047,719110
9048,1138382
9049,694731
9050,697878
9051,700549
9052,695369
9053,1175945
9054,709152
9055,1178772
9056,689988
9057,701368
9058,1117161
9059,740101
9060,759181
9061,707400
9062,714347
9063,1180020
9064,1205412
9065,700416
9066,700095
9067,1131852
9068,1289462
9069,697166
9070,705653
9071,1124473
9072,752527
9073,699403
9074,1177475
9075,708525
9076,1596731
9077,701945
9078,698579
9079,701921
9080,701249
9081,699436
9082,1203262
9083,1071077
9084,1067962
9085,766169
9086,709637
9087,704223
9088,697376
9089,695266
9090,694578
9091,1099613
9092,707878
9093,706287
9094,1187791
9095,812071
9096,706716
9097,707663
9098,701141
9099,694932
9100,695769
9101,1212368
9102,698818
9103,698397
9104,1211556
9105,714400
9106,10876896
9107,1426815
9108,747991
9109,721796
9110,1216191
9111,1697649
9112,830509
9113,721396
9114,710700
9115,699477
9116,699168
9117,698941
9118,1224905
9119,709506
9120,695872
9121,1286150
9122,700808
9123,707358
9124,704355
9125,708508
9126,706337
9127,1231064
9128,697116
9129,1282656
9130,775444
9131,1207221
9132,714091
9133,706938
9134,709427
9135,699329
9136,1121095
9137,675325
9138,657365
9139,1069697
9140,1091043
9141,765332
9142,667399
9143,665659
9144,668712
9145,658033
9146,665062
9147,1144497
9148,664386
9149,1036765
9150,1168258
9151,1052874
9152,669920
9153,711368
9154,667983
9155,662771
9156,665742
9157,663673
9158,1097004
9159,660826
9160,1162172
9161,650769
9162,1071061
9163,665441
9164,659566
9165,659421
9166,706279
9167,1046950
9168,652628
9169,653217
9170,1143055
9171,645479
9172,1031858
9173,1039641
9174,671288
9175,666656
9176,673459
9177,671877
9178,1168740
9179,674645
9180,1007829
9181,709233
9182,654592
9183,656912
9184,1035693
9185,725570
9186,675676
9187,668947
9188,665330
9189,662417
9190,1628926
9191,715645
9192,668630
9193,671439
9194,1131238
9195,721590
9196,1157579
9197,661350
9198,656661
9199,1136236
9200,719378
9201,663916
9202,660352
9203,1193996
9204,1069824
9205,670707
9206,665181
9207,669574
9208,1069725
9209,724408
9210,1077369
9211,669265
9212,666635
9213,665791
9214,1016057
9215,1203896
9216,679116
9217,669977
9218,1069194
9219,1059557
9220,650443
9221,669841
9222,669483
9223,1043826
9224,1025715
9225,1125726
9226,674653
9227,931113
9228,8837089
9229,1498747
9230,702530
9231,1133769
9232,1176514
9233,669322
9234,665420
9235,657184
9236,658095
9237,1178826
9238,661103
9239,1102592
9240,722739
9241,1038721
9242,730365
9243,664786
9244,662668
9245,660410
9246,661758
9247,1200625
9248,1064209
9249,2863191
9250,911971
9251,685024
9252,735932
9253,1241184
9254,681567
9255,669866
9256,1165955
9257,646896
9258,668663
9259,658969
9260,661423
9261,1223875
9262,666619
9263,1196665
9264,670270
9265,1142252
9266,741675
9267,1043616
9268,711920
9269,664246
9270,661123
9271,1087426
9272,1129792
9273,718904
9274,663475
9275,659046
9276,1085604
9277,711586
9278,667988
9279,666083
9280,1133364
9281,705410
9282,1176605
9283,768954
9284,1118862
9285,1227154
9286,690672
9287,708516
9288,709168
9289,707099
9290,1175060
9291,723003
9292,1110420
9293,662945
9294,1045396
9295,668721
9296,727477
9297,4434229
9298,708884
9299,670571
9300,1009679
9301,662713
9302,1124127
9303,732467
9304,720374
9305,669862
9306,670356
9307,666578
9308,667608
9309,1245942
9310,663970
9311,658194
9312,1089152
9313,722150
9314,1042998
9315,660155
9316,669784
9317,807745
9318,669850
9319,666278
9320,1108994
9321,673430
9322,1157517
9323,658202
9324,1032653
9325,722451
9326,669837
9327,665725
9328,662429
9329,671608
9330,1172666
9331,1101405
9332,737564
9333,662998
9334,663991
9335,993867
9336,697264
9337,656954
9338,658923
9339,1008357
9340,8355936
9341,1339357
9342,788854
9343,687377
9344,767566
9345,680121
9346,662228
9347,1078513
9348,679717
9349,1084047
9350,726835
9351,654082
9352,660142
9353,1036085
9354,746837
9355,663834
9356,665656
9357,1190041
9358,667765
9359,1152939
9360,1030577
9361,661659
9362,1037655
9363,726509
9364,665053
9365,658346
9366,662569
9367,656962
9368,1145350
9369,729109
9370,669718
9371,1162416
9372,1015950
9373,1066771
9374,657110
9375,653530
9376,656426
9377,655248
9378,1116728
9379,669083
9380,1000298
9381,1088686
9382,700994
9383,659903
9384,1124469
9385,713345
9386,665107
9387,671984
9388,944351
9389,670319
9390,654700
9391,1089881
9392,644672
9393,716815
9394,1106732
9395,715360
9396,1129418
9397,667472
9398,658417
9399,1068621
9400,730687
9401,1068951
9402,669441
9403,662738
9404,671749
9405,1143776
9406,1159741
9407,671140
9408,1052948
9409,666034
9410,1097528
9411,701945
9412,661140
9413,659298
9414,1071649
9415,1102048
9416,677690
9417,719946
9418,1069754
9419,1057518
9420,704339
9421,665581
9422,671720
9423,1070900
9424,676813
9425,1002415
9426,726933
9427,660522
9428,980698
9429,770688
9430,1068968
9431,674497
9432,670460
9433,667274
9434,1076013
9435,1031857
9436,1126459
9437,666788
9438,1109422
9439,724737
9440,1040913
9441,672721
9442,671901
9443,671115
9444,1081826
9445,1197980
9446,664576
9447,1042302
9448,660336
9449,986331
9450,659632
9451,632488
9452,618941
9453,1034268
9454,668461
9455,619646
9456,972021
9457,625896
9458,620137
9459,628986
9460,991843
9461,615011
9462,656401
9463,657082
9464,979059
9465,10841561
9466,1536788
9467,718965
9468,666108
9469,1189097
9470,755473
9471,1070863
9472,665499
9473,997537
9474,1095546
9475,731152
9476,669330
9477,708331
9478,1097062
9479,664427
9480,1000363
9481,700623
9482,671131
9483,666027
9484,943651
9485,1066610
9486,730090
9487,670225
9488,757772
9489,1129900
9490,749689
9491,1012439
9492,678259
9493,1075910
9494,699613
9495,663171
9496,1140571
9497,677299
9498,1103938
9499,740666
9500,1058680
9501,714923
9502,669199
9503,658165
9504,1023577
9505,1049467
9506,670863
9507,665849
9508,669166
9509,1469890
9510,701043
9511,664914
9512,665655
9513,1092819
9514,706213
9515,1076342
9516,737563
9517,664526
9518,1528268
9519,717041
9520,665881
9521,667707
9522,656344
9523,655656
9524,1099139
9525,707697
9526,1077822
9527,661601
9528,1029085
9529,1135293
9530,656410
9531,665956
9532,675345
9533,1037069
9534,666495
9535,944310
9536,714507
9537,661515
9538,1016378
9539,726752
9540,1057299
9541,666360
9542,658268
9543,663633
9544,1056916
9545,657028
9546,1173997
9547,662932
9548,1040947
9549,739586
9550,1113114
9551,678003
9552,2205125
9553,677200
9554,661774
9555,1133191
9556,1146747
9557,665458
9558,1142461
9559,663356
9560,723477
9561,665112
9562,659467
9563,1037106
9564,704179
9565,980489
9566,1069684
9567,1147072
9568,650711
9569,653992
9570,656830
9571,651173
9572,710239
9573,667575
9574,1100173
9575,666701
9576,1007602
9577,1048380
9578,719752
9579,673240
9580,663810
9581,664176
9582,652476
9583,660645
9584,1013923
9585,7442445
9586,1348249
9587,769457
9588,1191898
9589,690483
9590,668103
9591,668720
9592,668061
9593,661441
9594,1211482
9595,669273
9596,722216
9597,654922
9598,1173465
9599,667258
9600,667316
9601,707487
9602,662479
9603,1081818
9604,663196
9605,1154748
9606,663979
9607,1042059
9608,724198
9609,658734
9610,640099
9611,632526
9612,632275
9613,1160273
9614,633523
9615,1024195
9616,627050
9617,935925
9618,1082707
9619,680546
9620,620433
9621,617528
9622,621068
9623,1024375
9624,630643
9625,1103939
9626,686095
9627,636720
9628,629101
9629,953630
9630,1102893
9631,634862
9632,631796
9633,629217
9634,1036180
9635,665264
9636,1154666
9637,671968
9638,1110441
9639,705320
9640,1119805
9641,733702
9642,1065144
9643,1545568
9644,1150529
9645,647395
9646,655940
9647,1068329
9648,676512
9649,724713
9650,3891794
9651,1294382
9652,1252320
9653,733764
9654,720802
9655,708682
9656,704858
9657,771929
9658,1148279
9659,1127675
9660,1060064
9661,743982
9662,696857
9663,696490
9664,697540
9665,1232753
9666,766453
9667,745741
9668,1306334
9669,1703120
9670,811033
9671,753739
9672,751258
9673,751547
9674,753249
9675,783024
9676,1224736
9677,758345
9678,1370472
9679,749973
9680,752173
9681,757484
9682,758663
9683,1183201
9684,3299436
9685,1647157
9686,1557561
9687,764133
9688,753413
9689,757434
9690,742738
9691,9567574
9692,1511231
9693,866942
9694,782674
9695,1298667
9696,765543
9697,758873
9698,752623
9699,1288717
9700,795117
9701,1207918
9702,833566
9703,1292207
9704,817287
9705,1194457
9706,796765
9707,798685
9708,795067
9709,1425615
9710,1765779
9711,871100
9712,1401278
9713,788339
9714,798750
9715,792072
9716,1332629
9717,816076
9718,884070
9719,1279847
9720,952360
9721,1271754
9722,815973
9723,799517
9724,810803
9725,1321599
9726,1166791
9727,1456673
9728,932803
9729,843639
9730,945022
9731,1617595
9732,1400928
9733,905318
9734,862143
9735,1577231
9736,851850
9737,849004
9738,856268
9739,1545218
9740,1560850
9741,976958
9742,913730
9743,1601131
9744,916557
9745,1549651
9746,1490359
9747,1019296
9748,926627
9749,1851390
9750,1088674
9751,925605
9752,1578912
9753,1478064
9754,967609
9755,843825
9756,1375029
9757,1457563
9758,867174
9759,1389289
9760,850747
9761,1441148
9762,842963
9763,859761
9764,2151078
9765,941380
9766,850672
9767,1509055
9768,1393276
9769,922860
9770,868067
9771,1889745
9772,945740
9773,854562
9774,1259868
9775,788475
9776,1356624
9777,860066
9778,792089
9779,1390237
9780,1304102
9781,801928
9782,786691
9783,11178705
9784,1119797
9785,1149800
9786,1521968
9787,945805
9788,1432627
9789,1549494
9790,882760
9791,852815
9792,851805
9793,857405
9794,990372
9795,1461737
9796,1978821
9797,979368
9798,871030
9799,870119
9800,872756
9801,1368783
9802,812005
9803,1255345
9804,899698
9805,1333198
9806,813711
9807,798941
9808,803880
9809,800984
9810,1303949
9811,797033
9812,1256238
9813,861306
9814,1357456
9815,804943
9816,788925
9817,797292
9818,1289624
9819,803295
9820,1294340
9821,874128
9822,1926623
9823,809649
9824,790227
9825,805722
9826,799962
9827,1328431
9828,1305160
9829,1218955
9830,720642
9831,1384204
9832,828222
9833,754678
9834,755634
9835,1358198
9836,753694
9837,1230924
9838,738033
9839,1618202
9840,813208
9841,755873
9842,744135
9843,812450
9844,1260894
9845,739899
9846,1215466
9847,735882
9848,1199311
9849,760425
9850,760587
9851,3706341
9852,904271
9853,773993
9854,1492411
9855,739203
9856,751481
9857,1396796
9858,1242102
9859,707470
9860,703910
9861,700841
9862,829260
9863,1058576
9864,699609
9865,1116094
9866,740686
9867,1086671
9868,763380
9869,737946
9870,1760926
9871,743315
9872,802867
9873,753937
9874,750348
9875,1357943
9876,1117790
9877,1179654
9878,9505484
9879,858872
9880,1448037
9881,771768
9882,1362780
9883,825466
9884,1475555
9885,742870
9886,1203967
9887,743010
9888,734349
9889,747089
9890,734724
9891,1291630
9892,1213497
9893,818911
9894,1195228
9895,748114
9896,753228
9897,759783
9898,750921
9899,749223
9900,1267536
9901,744720
9902,1179864
9903,881326
9904,1262810
9905,792274
9906,741671
9907,737411
9908,742416
9909,1236680
9910,1228020
9911,1581495
9912,789225
9913,738383
9914,745264
9915,741980
9916,1233491
9917,752688
9918,1101537
9919,1134032
9920,799805
9921,1297847
9922,747138
9923,753323
9924,754061
9925,749029
9926,1222107
9927,764229
9928,1238011
9929,736587
9930,1175060
9931,742384
9932,754728
9933,752000
9934,712122
9935,1161492
9936,703173
9937,699040
9938,1256741
9939,781817
9940,713769
9941,702163
9942,703325
9943,702831
9944,1203930
9945,713523
9946,697780
9947,1118586
9948,1522404
9949,830006
9950,709023
9951,699144
9952,713209
9953,1257581
9954,701162
9955,1152078
9956,1184750
9957,701768
9958,1101503
9959,759321
9960,755094
9961,701281
9962,697961
9963,1190886
9964,698884
9965,1133480
9966,795035
9967,1094075
9968,719303
9969,698756
9970,695852
9971,698706
9972,754360
9973,1233726
9974,1110189
9975,773425
9976,1066223
9977,753298
9978,1121766
9979,655920
9980,655322
9981,654869
9982,1005353
9983,664184
9984,778365
9985,1102023
9986,666784
9987,663064
9988,1029246
9989,1188434
9990,663262
9991,663039
9992,664601
9993,1016358
9994,7631986
9995,760178
9996,700441
9997,1297773
9998,1187017
9999,825713
