iteration,latency_ns
0,1165333
1,755539
2,816274
3,1296191
4,6392966
5,831497
6,718483
7,1635493
8,1184466
9,826776
10,1087887
11,1278792
12,700338
13,704038
14,736533
15,740476
16,1425726
17,745552
18,1274321
19,9540089
20,1157327
21,864096
22,828749
23,815157
24,1445878
25,905234
26,978437
27,1602907
28,871862
29,854714
30,3189487
31,1348437
32,1514284
33,861892
34,1579847
35,858052
36,844422
37,1488937
38,865044
39,1457386
40,1261870
41,877659
42,1342415
43,878874
44,804716
45,1446863
46,798001
47,1258381
48,797411
49,1817403
50,867021
51,790564
52,1297860
53,793210
54,1402209
55,800189
56,802356
57,1305506
58,1338100
59,739495
60,745548
61,1122286
62,746117
63,1255117
64,745111
65,1169778
66,759021
67,1263835
68,755498
69,747715
70,744012
71,731795
72,1336687
73,799563
74,742569
75,1279677
76,1194309
77,815136
78,1220686
79,1237693
80,1251170
81,731524
82,749816
83,1228271
84,756434
85,1260882
86,751181
87,742219
88,1254569
89,1123539
90,702588
91,704112
92,698385
93,1166638
94,1176230
95,765106
96,703729
97,1554982
98,748502
99,708471
100,707474
101,707730
102,701269
103,1223314
104,1050134
105,1962654
106,1304109
107,694237
108,711924
109,722566
110,701434
111,1236503
112,743471
113,744382
114,1243515
115,1274532
116,737712
117,748325
118,748696
119,751464
120,754118
121,10698133
122,2180771
123,920817
124,1394299
125,958083
126,789110
127,751799
128,5162461
129,1866186
130,865492
131,906784
132,1619400
133,823496
134,806748
135,1539050
136,1376516
137,937681
138,863214
139,1351676
140,1537015
141,925938
142,859432
143,1401641
144,986120
145,911856
146,1476717
147,969785
148,1744676
149,899607
150,2234984
151,995679
152,920735
153,1465268
154,1386800
155,902775
156,997414
157,1906514
158,932913
159,848567
160,1411163
161,935872
162,1358589
163,917187
164,920808
165,1143014
166,1777747
167,4810354
168,1612643
169,991143
170,890522
171,867610
172,1465135
173,1384023
174,1444012
175,846132
176,868660
177,876900
178,945625
179,1505508
180,1381695
181,982297
182,1397805
183,834814
184,791660
185,787219
186,1355912
187,798339
188,870824
189,1356974
190,1183037
191,881429
192,801141
193,802557
194,799076
195,1330078
196,805433
197,888965
198,1394282
199,1124152
200,867375
201,9430177
202,1032953
203,794775
204,1400026
205,850528
206,751534
207,750636
208,1325151
209,1404574
210,743315
211,746652
212,1254203
213,829153
214,822158
215,749207
216,745655
217,1153693
218,786424
219,715974
220,1031969
221,1160722
222,746434
223,698875
224,699959
225,699600
226,1236639
227,750813
228,1205421
229,702344
230,1386401
231,694755
232,697529
233,1246338
234,715553
235,710560
236,717939
237,1202054
238,705612
239,1230463
240,695938
241,720242
242,2022741
243,2966091
244,815434
245,731053
246,749920
247,1283385
248,742944
249,755717
250,836384
251,1332362
252,756871
253,1474080
254,753063
255,777158
256,1241744
257,783642
258,794239
259,1276180
260,876505
261,1274144
262,800556
263,792228
264,1292054
265,1298041
266,900138
267,863943
268,1286509
269,911737
270,1449351
271,852827
272,1421507
273,842251
274,856980
275,818350
276,1310677
277,1187820
278,865175
279,1300063
280,1343333
281,787556
282,832721
283,794865
284,1312729
285,857636
286,1406066
287,753413
288,1275694
289,785703
290,740200
291,746302
292,750896
293,759767
294,753339
295,1174916
296,1311497
297,764570
298,755857
299,749425
300,848769
301,1215869
302,762523
303,750913
304,1166738
305,1661063
306,8654161
307,844377
308,731638
309,1368379
310,728359
311,702724
312,2346762
313,705558
314,1269670
315,694780
316,720065
317,707412
318,710848
319,1174368
320,1135940
321,733806
322,787684
323,1208441
324,672363
325,699922
326,694178
327,697858
328,693877
329,1241949
330,708097
331,1155065
332,1554665
333,697804
334,770813
335,708851
336,712460
337,1226578
338,705175
339,1140117
340,1217304
341,1656674
342,760797
343,704162
344,696247
345,766161
346,1098434
347,707746
348,1175904
349,712859
350,3229340
351,1923307
352,1035137
353,722006
354,712398
355,800720
356,700557
357,702811
358,702600
359,708697
360,1279191
361,1100684
362,762778
363,1248319
364,736806
365,712640
366,702546
367,701554
368,693474
369,699461
370,1233396
371,713490
372,1767488
373,1161776
374,693417
375,751432
376,695275
377,695118
378,1077051
379,698270
380,1158571
381,1150002
382,669281
383,1068036
384,657048
385,655079
386,662627
387,730782
388,1054621
389,714548
390,1070607
391,725697
392,663072
393,1092189
394,648351
395,657432
396,657748
397,663732
398,1114997
399,698331
400,657835
401,660069
402,1053410
403,731379
404,1058346
405,660208
406,662990
407,658453
408,664378
409,664980
410,1184021
411,1052400
412,1478950
413,724878
414,670587
415,676112
416,672705
417,667155
418,673080
419,8224319
420,1257919
421,772938
422,1132108
423,765011
424,679977
425,668988
426,670979
427,665606
428,1130539
429,665556
430,727313
431,1100219
432,668412
433,1197981
434,677138
435,664596
436,665482
437,665984
438,1105743
439,680677
440,1173314
441,705777
442,2986617
443,5831528
444,779341
445,2985472
446,780721
447,1597984
448,718030
449,673583
450,660888
451,653496
452,656846
453,1494318
454,728309
455,672486
456,668877
457,977180
458,761798
459,677624
460,666326
461,1262237
462,675264
463,1205552
464,758745
465,1109818
466,1459454
467,788236
468,670517
469,663999
470,1198166
471,679824
472,1140220
473,2546871
474,704899
475,1468967
476,748663
477,665231
478,661102
479,974378
480,688629
481,780062
482,1120308
483,698489
484,687863
485,1249617
486,1194786
487,703988
488,694171
489,1084929
490,1110482
491,747481
492,710164
493,704153
494,702131
495,1197824
496,909553
497,1099991
498,690536
499,1169786
500,1195504
501,690520
502,694674
503,1129005
504,755433
505,1028735
506,1208766
507,753850
508,691521
509,1195685
510,669808
511,687369
512,693107
513,690121
514,1107355
515,666702
516,654935
517,1014368
518,687377
519,1127538
520,659743
521,652450
522,658527
523,666797
524,658721
525,8800861
526,988564
527,1377110
528,777537
529,1159041
530,666895
531,662845
532,666504
533,659187
534,1240870
535,666442
536,1141090
537,1692058
538,664646
539,656847
540,658284
541,656612
542,655306
543,656393
544,1157142
545,663719
546,1180338
547,1061416
548,657291
549,669660
550,665573
551,3145529
552,705109
553,677451
554,675836
555,1379532
556,1077879
557,745598
558,671123
559,675408
560,664193
561,666343
562,661172
563,1133229
564,667674
565,658354
566,659096
567,798779
568,1167017
569,663476
570,653262
571,654202
572,657481
573,662635
574,1208721
575,673607
576,1032089
577,648384
578,1100906
579,664477
580,714668
581,661107
582,655977
583,1090989
584,667233
585,669746
586,1035656
587,649859
588,1041256
589,714709
590,656871
591,655557
592,655215
593,727226
594,668234
595,1124857
596,728784
597,663962
598,657542
599,1057526
600,693025
601,649850
602,649484
603,646662
604,649414
605,1148880
606,1161826
607,709554
608,649295
609,1007253
610,1109382
611,656946
612,657423
613,665557
614,662553
615,1107556
616,695271
617,646398
618,707132
619,1124770
620,661412
621,1102921
622,662359
623,653612
624,658453
625,1098484
626,645512
627,653600
628,649608
629,652595
630,1099320
631,707837
632,1042998
633,721611
634,657732
635,732352
636,654415
637,658585
638,655421
639,653740
640,1139607
641,664271
642,1003680
643,1205074
644,727647
645,1074415
646,652569
647,657794
648,657959
649,7817415
650,709151
651,1286332
652,772246
653,1188858
654,637630
655,637713
656,622959
657,628669
658,622382
659,671917
660,990987
661,627915
662,623816
663,1466322
664,1011039
665,704430
666,632794
667,625987
668,644012
669,660052
670,1095661
671,658095
672,720131
673,657547
674,1055342
675,645030
676,1052681
677,659508
678,657291
679,657465
680,658033
681,657539
682,1136018
683,1128729
684,782662
685,659463
686,1486416
687,727581
688,661078
689,658602
690,951248
691,656339
692,651461
693,1099275
694,642129
695,650745
696,653571
697,1188693
698,659063
699,1116900
700,650761
701,650975
702,648545
703,736851
704,665383
705,664865
706,659492
707,658008
708,1101830
709,715480
710,1120905
711,665564
712,1118684
713,1102666
714,661811
715,665338
716,654486
717,1025438
718,655507
719,1023345
720,696848
721,701002
722,660855
723,1158196
724,656719
725,661012
726,668840
727,1106695
728,657238
729,1001814
730,1034796
731,666710
732,1027507
733,1164772
734,649904
735,652747
736,657983
737,1086877
738,660254
739,1079700
740,712707
741,1043237
742,1070043
743,702402
744,663999
745,702374
746,652850
747,654226
748,1118033
749,666285
750,1105187
751,652829
752,1117432
753,1082667
754,645722
755,656031
756,657481
757,1099613
758,657497
759,1024322
760,701039
761,667307
762,660646
763,1120823
764,721755
765,1058429
766,659219
767,1040502
768,707495
769,666199
770,1176811
771,665643
772,660385
773,1133591
774,674855
775,681411
776,631471
777,9227068
778,790808
779,1435363
780,655121
781,628648
782,1069602
783,1181252
784,639950
785,630198
786,621476
787,1047390
788,1055676
789,638767
790,619671
791,620215
792,1018114
793,634883
794,983669
795,665515
796,625035
797,703366
798,964152
799,947725
800,692885
801,628344
802,624735
803,953164
804,1026910
805,661687
806,623276
807,621488
808,1013029
809,671790
810,674839
811,959859
812,1066120
813,621117
814,932873
815,659203
816,627858
817,618583
818,620577
819,625695
820,1071752
821,698232
822,1153565
823,733002
824,1175485
825,666710
826,663257
827,671432
828,671074
829,659953
830,1136496
831,651931
832,1008216
833,1667461
834,728676
835,670872
836,677146
837,677629
838,687059
839,678757
840,1162761
841,663394
842,1131173
843,1154031
844,652924
845,655166
846,651899
847,664662
848,651272
849,651791
850,1104467
851,650663
852,1000335
853,722434
854,1143348
855,681827
856,665643
857,663661
858,665239
859,656319
860,1215396
861,1042203
862,1049298
863,708517
864,654630
865,1133381
866,663892
867,664460
868,661749
869,662347
870,1240462
871,709785
872,1170618
873,654601
874,1032843
875,722232
876,658804
877,662450
878,659623
879,658453
880,1137254
881,1096452
882,720498
883,706749
884,670010
885,1068629
886,734473
887,653241
888,657959
889,1063533
890,654284
891,996743
892,704941
893,654704
894,651894
895,1152094
896,1121840
897,674530
898,666995
899,671901
900,1018962
901,658503
902,1133443
903,659306
904,7147458
905,1726922
906,844904
907,695510
908,667827
909,1096766
910,735787
911,1356645
912,676755
913,1170630
914,1135301
915,675651
916,660348
917,665725
918,668947
919,1062520
920,667098
921,1028006
922,657288
923,624804
924,1034157
925,620693
926,1188187
927,633019
928,627771
929,624158
930,1071786
931,632633
932,1015797
933,691863
934,656719
935,1019221
936,1070154
937,659429
938,654852
939,651346
940,655071
941,1128700
942,1165028
943,658668
944,652644
945,658095
946,1175678
947,715504
948,1179893
949,661115
950,1078625
951,655231
952,1112847
953,652343
954,1046052
955,708171
956,668115
957,1044790
958,660328
959,657757
960,712624
961,1448898
962,687459
963,657901
964,654082
965,1003202
966,696313
967,661338
968,1419641
969,996775
970,1043567
971,694706
972,676128
973,664494
974,664889
975,671827
976,1106659
977,660773
978,975174
979,1040143
980,731613
981,1038833
982,657262
983,653530
984,705097
985,663138
986,656076
987,1131667
988,665474
989,1084833
990,1145132
991,643221
992,654551
993,662367
994,660118
995,654720
996,661811
997,1100115
998,659038
999,1015740
1000,4498611
1001,769519
1002,654284
1003,631504
1004,2702075
1005,727222
1006,641899
1007,1160421
1008,722274
1009,956690
1010,677258
1011,626098
1012,1112686
1013,629102
1014,628150
1015,625167
1016,1040939
1017,634491
1018,8755425
1019,810967
1020,676281
1021,761493
1022,681249
1023,694553
1024,1131490
1025,644470
1026,1038429
1027,1133694
1028,633345
1029,954787
1030,1095262
1031,683240
1032,631166
1033,625456
1034,927121
1035,625188
1036,629266
1037,1057093
1038,615798
1039,1043056
1040,694925
1041,658198
1042,1266497
1043,676512
1044,673363
1045,1037264
1046,1197980
1047,660237
1048,659994
1049,658923
1050,1035364
1051,651029
1052,1247376
1053,665783
1054,660731
1055,711084
1056,1527291
1057,710132
1058,656636
1059,659780
1060,1028459
1061,704405
1062,1108759
1063,671439
1064,664987
1065,1127423
1066,773091
1067,1049381
1068,656768
1069,657983
1070,651215
1071,1058313
1072,1171986
1073,664242
1074,1109583
1075,661066
1076,1079836
1077,658659
1078,704030
1079,675572
1080,1015871
1081,1033423
1082,649266
1083,657749
1084,658103
1085,1084442
1086,722430
1087,1076915
1088,667221
1089,952513
1090,696354
1091,761382
1092,1122912
1093,665498
1094,992709
1095,658635
1096,1084204
1097,701768
1098,655030
1099,653707
1100,1080104
1101,656447
1102,1120370
1103,726868
1104,661449
1105,1436435
1106,691863
1107,654761
1108,657835
1109,656678
1110,656393
1111,1121461
1112,664485
1113,1182480
1114,665441
1115,1222511
1116,1126784
1117,670228
1118,663146
1119,664279
1120,1110927
1121,657188
1122,1041890
1123,657222
1124,623840
1125,619588
1126,1021648
1127,670463
1128,629741
1129,631096
1130,1061695
1131,632818
1132,959500
1133,670023
1134,623890
1135,625369
1136,1014149
1137,695275
1138,631170
1139,633007
1140,625971
1141,689165
1142,966195
1143,623054
1144,10433429
1145,880469
1146,3672625
1147,2611128
1148,693124
1149,659191
1150,647044
1151,637577
1152,1566082
1153,939646
1154,673030
1155,1844893
1156,651565
1157,1052965
1158,630383
1159,630927
1160,714174
1161,1196736
1162,631595
1163,1176799
1164,636732
1165,620223
1166,629563
1167,3512049
1168,985721
1169,1729955
1170,735446
1171,672058
1172,668675
1173,660678
1174,1310043
1175,1172592
1176,756120
1177,680631
1178,658334
1179,1177334
1180,764694
1181,682003
1182,666162
1183,666570
1184,1191343
1185,783486
1186,680183
1187,669371
1188,1223900
1189,1132829
1190,677707
1191,722818
1192,1093939
1193,680850
1194,742273
1195,716650
1196,662957
1197,667707
1198,1075098
1199,716823
1200,1175159
1201,666731
1202,663649
1203,1208289
1204,655734
1205,658461
1206,656838
1207,649488
1208,1393512
1209,706057
1210,655924
1211,1129356
1212,713007
1213,898564
1214,659817
1215,719159
1216,4084166
1217,720560
1218,1222260
1219,1221568
1220,663505
1221,1009890
1222,1184166
1223,650394
1224,660101
1225,653106
1226,654914
1227,1081501
1228,695761
1229,1023395
1230,698521
1231,654032
1232,719896
1233,657390
1234,659017
1235,712488
1236,668712
1237,1105529
1238,661176
1239,655783
1240,1014805
1241,1195447
1242,653654
1243,663785
1244,662079
1245,659413
1246,664860
1247,8077323
1248,1314896
1249,1118285
1250,1115763
1251,647824
1252,634771
1253,625682
1254,627812
1255,622745
1256,793135
1257,988984
1258,621999
1259,1053188
1260,1076087
1261,681971
1262,632048
1263,624137
1264,678971
1265,622658
1266,622349
1267,976562
1268,628483
1269,619864
1270,1453092
1271,714013
1272,652652
1273,1130999
1274,658445
1275,652367
1276,658989
1277,724296
1278,1058881
1279,660241
1280,1039698
1281,665247
1282,658483
1283,2717999
1284,749738
1285,656645
1286,654552
1287,1198482
1288,667225
1289,1075605
1290,1032150
1291,644445
1292,976608
1293,1096514
1294,710457
1295,653683
1296,655858
1297,652887
1298,658309
1299,1215449
1300,653789
1301,1106893
1302,647700
1303,1014961
1304,1105237
1305,655916
1306,653361
1307,655273
1308,654411
1309,659516
1310,1120658
1311,1165468
1312,714466
1313,652109
1314,653666
1315,1038796
1316,699576
1317,662639
1318,651725
1319,1016651
1320,621636
1321,1007553
1322,665086
1323,622040
1324,625987
1325,1102340
1326,663122
1327,675717
1328,1028995
1329,631660
1330,975277
1331,1126150
1332,617813
1333,630741
1334,626547
1335,907505
1336,660234
1337,676009
1338,1077290
1339,637597
1340,1346583
1341,675766
1342,898581
1343,626308
1344,624899
1345,630391
1346,889562
1347,660971
1348,631805
1349,1038034
1350,671065
1351,938468
1352,913388
1353,655079
1354,619291
1355,617451
1356,621620
1357,621001
1358,1039048
1359,663480
1360,932015
1361,668795
1362,629959
1363,1098785
1364,616832
1365,627891
1366,634639
1367,635254
1368,627824
1369,1054729
1370,618023
1371,1032612
1372,626132
1373,927681
1374,1035615
1375,623387
1376,677336
1377,8444580
1378,707404
1379,1328361
1380,644449
1381,1335999
1382,630189
1383,1122311
1384,627705
1385,632736
1386,637214
1387,630560
1388,1105648
1389,655478
1390,626267
1391,628203
1392,1234563
1393,695769
1394,953869
1395,627672
1396,621813
1397,627874
1398,625031
1399,632686
1400,1104544
1401,661004
1402,1179101
1403,659397
1404,1259435
1405,665548
1406,664695
1407,661164
1408,660670
1409,660628
1410,1183086
1411,961903
1412,1045784
1413,1163627
1414,667056
1415,664905
1416,708121
1417,656945
1418,649785
1419,648441
1420,1116180
1421,650612
1422,1020474
1423,1134617
1424,657423
1425,666178
1426,670979
1427,669665
1428,664703
1429,666941
1430,1176140
1431,652904
1432,998382
1433,1152790
1434,722151
1435,1041297
1436,665985
1437,660518
1438,660855
1439,669054
1440,669573
1441,1116867
1442,1052841
1443,3649487
1444,875084
1445,706024
1446,676664
1447,672079
1448,669154
1449,1168822
1450,749721
1451,1053661
1452,737831
1453,1037856
1454,721178
1455,673138
1456,657114
1457,664938
1458,662669
1459,1103906
1460,660460
1461,665190
1462,1018603
1463,753574
1464,1023061
1465,719035
1466,658697
1467,656748
1468,659451
1469,655874
1470,1216207
1471,623568
1472,995485
1473,1006927
1474,1063450
1475,680145
1476,638182
1477,634994
1478,635854
1479,636204
1480,629068
1481,1087381
1482,617829
1483,1010466
1484,674328
1485,624174
1486,1080364
1487,622250
1488,615930
1489,664876
1490,628707
1491,1023568
1492,620066
1493,688497
1494,968602
1495,621471
1496,916458
1497,974757
1498,700062
1499,620734
1500,7026459
1501,675375
1502,633815
1503,628776
1504,1335925
1505,637758
1506,1577997
1507,700532
1508,620409
1509,625414
1510,1046398
1511,644325
1512,632324
1513,982606
1514,611587
1515,607743
1516,606948
1517,955937
1518,1064176
1519,678506
1520,632839
1521,626049
1522,995349
1523,617788
1524,1030811
1525,667753
1526,622229
1527,618472
1528,944845
1529,685147
1530,632196
1531,629221
1532,1013680
1533,1053006
1534,1002184
1535,626984
1536,621496
1537,617977
1538,2913876
1539,1200011
1540,758543
1541,645245
1542,628381
1543,1197185
1544,1073743
1545,616774
1546,627228
1547,631845
1548,983454
1549,634783
1550,964164
1551,684472
1552,624385
1553,954865
1554,690331
1555,988992
1556,2036626
1557,1100952
1558,631631
1559,949324
1560,1049706
1561,700989
1562,626576
1563,955318
1564,1017203
1565,658371
1566,620676
1567,619085
1568,1009927
1569,635076
1570,944327
1571,1047600
1572,673257
1573,616272
1574,1050110
1575,609470
1576,623754
1577,624080
1578,619922
1579,685341
1580,1179469
1581,634895
1582,1388683
1583,1149540
1584,646785
1585,624694
1586,622827
1587,620466
1588,621455
1589,624438
1590,621183
1591,1047366
1592,630969
1593,921444
1594,1131354
1595,1082345
1596,620433
1597,628678
1598,630544
1599,623865
1600,644853
1601,1110898
1602,662339
1603,1557158
1604,1122475
1605,1111898
1606,650332
1607,660262
1608,659121
1609,656233
1610,659697
1611,1122220
1612,655355
1613,655721
1614,1022995
1615,1276485
1616,665309
1617,666108
1618,665573
1619,661857
1620,1059228
1621,664872
1622,654972
1623,655915
1624,933305
1625,7798887
1626,749738
1627,680426
1628,669301
1629,1332736
1630,664304
1631,656537
1632,1146359
1633,689696
1634,661481
1635,1635719
1636,664262
1637,658482
1638,663958
1639,655409
1640,653847
1641,1092542
1642,667736
1643,665590
1644,1178364
1645,707042
1646,1097792
1647,656603
1648,665140
1649,702204
1650,659203
1651,668012
1652,1093326
1653,658301
1654,1162230
1655,652026
1656,1217749
1657,655396
1658,649447
1659,661457
1660,661420
1661,662149
1662,1145321
1663,669165
1664,665865
1665,1212504
1666,656612
1667,666368
1668,663883
1669,658136
1670,716027
1671,656027
1672,1049241
1673,3254399
1674,1290423
1675,751374
1676,1195718
1677,670245
1678,658869
1679,723019
1680,665127
1681,1183721
1682,670439
1683,661750
1684,742276
1685,1138437
1686,696778
1687,1070455
1688,657530
1689,653632
1690,654441
1691,1166647
1692,996907
1693,704314
1694,653616
1695,652932
1696,1159947
1697,1110552
1698,660954
1699,655474
1700,659418
1701,689737
1702,789996
1703,1129051
1704,655734
1705,659195
1706,1056620
1707,702419
1708,662001
1709,1157434
1710,662627
1711,1179159
1712,656619
1713,666764
1714,672420
1715,706823
1716,1082440
1717,679532
1718,1107746
1719,733011
1720,662544
1721,1180333
1722,658610
1723,655701
1724,661189
1725,655932
1726,1176085
1727,707924
1728,1108215
1729,1125338
1730,661733
1731,1162596
1732,661251
1733,669005
1734,663698
1735,662227
1736,665910
1737,707841
1738,1037205
1739,782481
1740,674312
1741,1141416
1742,689560
1743,672890
1744,671901
1745,672828
1746,7894526
1747,693935
1748,1162230
1749,699477
1750,1135751
1751,677892
1752,666969
1753,662017
1754,660168
1755,654935
1756,730794
1757,1142367
1758,683046
1759,1451642
1760,748877
1761,1212132
1762,668882
1763,662458
1764,663649
1765,660142
1766,1208651
1767,809311
1768,1788596
1769,796139
1770,1510444
1771,709765
1772,750784
1773,670644
1774,682601
1775,1442191
1776,1258941
1777,771225
1778,1294016
1779,719430
1780,671741
1781,664535
1782,675824
1783,1175879
1784,759824
1785,1351887
1786,709613
1787,1407030
1788,706180
1789,717721
1790,714264
1791,715867
1792,1248188
1793,1142120
1794,796608
1795,1195570
1796,1220661
1797,699218
1798,701562
1799,718158
1800,851121
1801,1393018
1802,1192784
1803,722467
1804,1321493
1805,725986
1806,704429
1807,705488
1808,706247
1809,703453
1810,772840
1811,710272
1812,1194754
1813,773313
1814,1132937
1815,812767
1816,753002
1817,760821
1818,749606
1819,1238856
1820,760805
1821,1359443
1822,747864
1823,1738607
1824,835312
1825,765559
1826,827151
1827,749231
1828,1423708
1829,1316915
1830,929255
1831,774244
1832,744762
1833,839469
1834,751621
1835,751325
1836,1236070
1837,1277283
1838,803151
1839,744860
1840,743583
1841,3641729
1842,2155969
1843,824226
1844,854578
1845,752268
1846,754279
1847,1502880
1848,1979966
1849,1333634
1850,860845
1851,765407
1852,757237
1853,770294
1854,14455472
1855,933581
1856,1816361
1857,823970
1858,807890
1859,801178
1860,797412
1861,1393219
1862,1701122
1863,1305647
1864,903900
1865,1517642
1866,862328
1867,1542766
1868,842448
1869,6542174
1870,1176918
1871,918325
1872,874363
1873,1748450
1874,949056
1875,2319705
1876,1099506
1877,1737132
1878,925395
1879,933857
1880,1624991
1881,1495310
1882,938699
1883,1007813
1884,1880981
1885,941356
1886,863399
1887,1448214
1888,2021752
1889,925840
1890,854475
1891,848118
1892,1643861
1893,5162523
1894,3244070
1895,3015376
1896,2293703
1897,2626620
1898,2113461
1899,1670819
1900,2591739
1901,2629718
1902,1519941
1903,3674727
1904,1701407
1905,1701390
1906,1471752
1907,2716001
1908,3302661
1909,2508574
1910,1387084
1911,17542327
1912,1315296
1913,1788283
1914,905367
1915,879419
1916,1593399
1917,874557
1918,857384
1919,1572703
1920,1484425
1921,910719
1922,926293
1923,922592
1924,923202
1925,1635802
1926,1448531
1927,1104441
1928,1573675
1929,913319
1930,868076
1931,834200
1932,1556057
1933,959640
1934,1701789
1935,842140
1936,860004
1937,865892
1938,853391
1939,1327186
1940,793412
1941,787325
1942,2480278
1943,869274
1944,793873
1945,789060
1946,794651
1947,1343893
1948,800020
1949,786675
1950,1372067
1951,1283303
1952,875937
1953,790976
1954,792253
1955,788438
1956,1295614
1957,863984
1958,791092
1959,1267972
1960,813798
1961,1323133
1962,771393
1963,1235984
1964,760710
1965,1312943
1966,1255361
1967,793712
1968,1170148
1969,805771
1970,742796
1971,734894
1972,747188
1973,1264639
1974,747295
1975,745923
1976,1292066
1977,1228110
1978,776531
1979,747723
1980,733448
1981,743282
1982,1144468
1983,5952128
1984,845370
1985,778368
1986,11045972
1987,1116048
1988,807679
1989,13932323
1990,1719646
1991,1342612
1992,848221
1993,751514
1994,752041
1995,739615
1996,1428396
1997,750401
1998,744893
1999,8967337
2000,1701258
2001,800609
2002,754571
2003,748601
2004,1282397
2005,747958
2006,744770
2007,1321262
2008,732442
2009,1359442
2010,750529
2011,755733
2012,756627
2013,759482
2014,763816
2015,1262715
2016,741349
2017,1180317
2018,1250565
2019,795191
2020,747315
2021,1203245
2022,738568
2023,733596
2024,1216199
2025,787021
2026,1097058
2027,759960
2028,1152832
2029,697602
2030,754217
2031,705542
2032,1357646
2033,775835
2034,705678
2035,697166
2036,692679
2037,745280
2038,699494
2039,1206319
2040,706675
2041,1204457
2042,747876
2043,701150
2044,698925
2045,1057650
2046,697895
2047,700371
2048,696750
2049,1276315
2050,804482
2051,1077669
2052,716250
2053,703956
2054,773000
2055,703379
2056,1107585
2057,697742
2058,1100815
2059,724960
2060,1292141
2061,695357
2062,699251
2063,700565
2064,699082
2065,718249
2066,767883
2067,1160631
2068,1219363
2069,705261
2070,1232161
2071,736954
2072,701347
2073,706547
2074,698275
2075,1161484
2076,690516
2077,753867
2078,713621
2079,1231666
2080,680146
2081,690598
2082,692263
2083,690998
2084,692205
2085,694030
2086,711129
2087,699074
2088,1078740
2089,9715547
2090,1395213
2091,1839879
2092,745231
2093,730147
2094,709085
2095,1610068
2096,1264882
2097,750344
2098,1186538
2099,706774
2100,778838
2101,723267
2102,697207
2103,1054938
2104,700289
2105,1264239
2106,758460
2107,1171542
2108,738771
2109,1136607
2110,699427
2111,701789
2112,1560475
2113,755807
2114,689820
2115,692341
2116,694550
2117,689601
2118,1326564
2119,1101854
2120,767727
2121,1130797
2122,733789
2123,769733
2124,705913
2125,688567
2126,1192637
2127,695587
2128,700709
2129,700713
2130,1096222
2131,764686
2132,1065643
2133,695333
2134,696630
2135,751530
2136,700565
2137,1151106
2138,703444
2139,1203390
2140,693651
2141,1160211
2142,704219
2143,700087
2144,693639
2145,699461
2146,1211053
2147,748107
2148,688101
2149,1187882
2150,1200164
2151,693544
2152,708682
2153,708767
2154,703614
2155,1153602
2156,644976
2157,649381
2158,647164
2159,1175727
2160,719328
2161,1076882
2162,663550
2163,670051
2164,664143
2165,666553
2166,992297
2167,702052
2168,983331
2169,1008192
2170,1125265
2171,739006
2172,667744
2173,667332
2174,667406
2175,654576
2176,660810
2177,1201354
2178,659364
2179,976480
2180,1470388
2181,700940
2182,653048
2183,730843
2184,667810
2185,659624
2186,1012222
2187,656159
2188,657691
2189,1595459
2190,710898
2191,715784
2192,703696
2193,693577
2194,694480
2195,1139549
2196,3553254
2197,743233
2198,1361325
2199,8673979
2200,1880284
2201,816055
2202,722958
2203,1323792
2204,722957
2205,1308308
2206,706390
2207,1108838
2208,1173697
2209,704356
2210,691159
2211,693289
2212,699155
2213,2579543
2214,771438
2215,1241121
2216,763927
2217,1037832
2218,773215
2219,707346
2220,715570
2221,2350260
2222,713931
2223,706848
2224,1575735
2225,690858
2226,1578826
2227,766042
2228,702481
2229,698290
2230,1279236
2231,699210
2232,1072036
2233,765341
2234,1189192
2235,1155164
2236,700668
2237,692464
2238,697277
2239,692271
2240,1183860
2241,712180
2242,711018
2243,1140904
2244,745840
2245,1155383
2246,752025
2247,694846
2248,693140
2249,703569
2250,708393
2251,1200596
2252,1049146
2253,742001
2254,691118
2255,1464942
2256,765827
2257,704120
2258,837084
2259,1178850
2260,703329
2261,1162971
2262,690623
2263,1208119
2264,1184029
2265,662471
2266,657918
2267,651186
2268,657262
2269,1133422
2270,655738
2271,1205314
2272,661041
2273,1073986
2274,704800
2275,1058103
2276,668762
2277,667113
2278,664832
2279,1068412
2280,1098719
2281,746277
2282,658292
2283,661651
2284,1055862
2285,1047790
2286,664102
2287,652277
2288,661408
2289,1549461
2290,730584
2291,653311
2292,660200
2293,1047415
2294,712612
2295,967057
2296,735883
2297,670813
2298,1977362
2299,667806
2300,1115529
2301,705015
2302,655273
2303,661362
2304,1156590
2305,1467380
2306,726266
2307,658495
2308,986792
2309,647506
2310,1048042
2311,665824
2312,655079
2313,653855
2314,7746306
2315,880634
2316,694113
2317,1444011
2318,675308
2319,664720
2320,1207918
2321,662425
2322,756528
2323,1120234
2324,717317
2325,665742
2326,733163
2327,663933
2328,1149824
2329,656204
2330,1152379
2331,788698
2332,664946
2333,658829
2334,1361054
2335,674254
2336,1207580
2337,672268
2338,977580
2339,716510
2340,645760
2341,1202887
2342,667171
2343,727889
2344,655899
2345,929906
2346,655590
2347,711838
2348,1156313
2349,1043209
2350,653876
2351,659158
2352,650543
2353,654927
2354,651969
2355,1019003
2356,740006
2357,1144488
2358,720263
2359,1202516
2360,667229
2361,693351
2362,708970
2363,700037
2364,705031
2365,1135255
2366,714985
2367,1601572
2368,739644
2369,1194659
2370,695176
2371,702732
2372,695493
2373,687331
2374,656773
2375,1081727
2376,726616
2377,1159115
2378,656611
2379,1150554
2380,1120810
2381,654655
2382,654844
2383,966871
2384,1086160
2385,1000862
2386,696411
2387,668906
2388,667723
2389,1137114
2390,1194844
2391,664518
2392,661156
2393,653398
2394,1033407
2395,984579
2396,692279
2397,655713
2398,657732
2399,1072037
2400,696955
2401,993961
2402,786304
2403,660468
2404,1049376
2405,722785
2406,977678
2407,3286836
2408,1256695
2409,661489
2410,1748817
2411,768043
2412,1087562
2413,1018072
2414,696185
2415,650007
2416,658111
2417,655103
2418,649179
2419,1079477
2420,662293
2421,1119607
2422,721251
2423,1102835
2424,1035467
2425,653163
2426,658375
2427,658495
2428,7195939
2429,731614
2430,1250420
2431,681637
2432,664712
2433,1160981
2434,1224452
2435,672095
2436,663908
2437,661490
2438,1204543
2439,660822
2440,1129483
2441,660451
2442,654349
2443,652030
2444,741099
2445,657926
2446,667225
2447,663624
2448,664600
2449,1137238
2450,668202
2451,1195220
2452,660023
2453,1035487
2454,1028953
2455,659129
2456,655800
2457,661589
2458,948134
2459,661506
2460,1005456
2461,1039192
2462,746635
2463,1038578
2464,988725
2465,4309840
2466,1420202
2467,705645
2468,669186
2469,1088901
2470,739022
2471,1172967
2472,667991
2473,1056307
2474,666351
2475,652026
2476,662450
2477,651857
2478,659500
2479,1085068
2480,711755
2481,1042356
2482,818717
2483,1087245
2484,711503
2485,665383
2486,661189
2487,656677
2488,652685
2489,1087763
2490,630441
2491,893505
2492,1038772
2493,623128
2494,1067583
2495,645232
2496,631730
2497,622633
2498,628875
2499,622394
2500,1036728
2501,624656
2502,1031824
2503,1056579
2504,614356
2505,625439
2506,620742
2507,623482
2508,628158
2509,669442
2510,617235
2511,625538
2512,645179
2513,1010042
2514,695983
2515,999532
2516,624598
2517,636481
2518,629531
2519,629897
2520,632052
2521,1023247
2522,732648
2523,1455923
2524,690103
2525,1057764
2526,707124
2527,628257
2528,621579
2529,621426
2530,619349
2531,1093721
2532,620507
2533,1016720
2534,1069050
2535,621245
2536,1012741
2537,693157
2538,634920
2539,638945
2540,637020
2541,639463
2542,1141658
2543,653567
2544,1127959
2545,1029896
2546,639192
2547,1183753
2548,660629
2549,8729113
2550,889343
2551,703560
2552,689845
2553,671155
2554,1371650
2555,643782
2556,656888
2557,1582320
2558,745499
2559,656480
2560,651182
2561,1247223
2562,660703
2563,1176115
2564,656685
2565,1110617
2566,698834
2567,1072222
2568,723593
2569,668395
2570,660539
2571,1090631
2572,1199665
2573,662561
2574,671196
2575,663875
2576,1039504
2577,663315
2578,973200
2579,691398
2580,656253
2581,656319
2582,1136660
2583,656224
2584,655005
2585,709085
2586,1055425
2587,674204
2588,1088044
2589,1138610
2590,655042
2591,1093309
2592,1076499
2593,653579
2594,657473
2595,659825
2596,1069013
2597,708925
2598,1013379
2599,698039
2600,662100
2601,663146
2602,1135317
2603,730159
2604,985569
2605,655940
2606,1006750
2607,713284
2608,655557
2609,1178978
2610,659282
2611,655281
2612,644800
2613,1452145
2614,696865
2615,649633
2616,652755
2617,1007228
2618,711520
2619,666327
2620,1480133
2621,1272640
2622,1013948
2623,654304
2624,674068
2625,665425
2626,668922
2627,664271
2628,4027037
2629,1353233
2630,757834
2631,1183885
2632,675140
2633,659170
2634,656538
2635,651424
2636,656847
2637,1156120
2638,658161
2639,1158930
2640,661667
2641,1191697
2642,660897
2643,661614
2644,655136
2645,659969
2646,1099539
2647,660159
2648,1128156
2649,722212
2650,643567
2651,1401459
2652,694228
2653,677175
2654,625929
2655,952896
2656,631211
2657,622934
2658,1013956
2659,623201
2660,634536
2661,688881
2662,663756
2663,1039513
2664,671659
2665,657390
2666,709056
2667,7972618
2668,841073
2669,1221382
2670,745849
2671,1078340
2672,1144229
2673,656954
2674,656224
2675,654853
2676,660645
2677,1064139
2678,1149977
2679,654935
2680,655038
2681,656249
2682,1305366
2683,1077467
2684,670286
2685,664023
2686,994900
2687,655882
2688,1015563
2689,662895
2690,629472
2691,623935
2692,1041985
2693,677917
2694,728343
2695,1023971
2696,631863
2697,1046863
2698,1069392
2699,617879
2700,617067
2701,628492
2702,1020148
2703,954112
2704,1116089
2705,623494
2706,664922
2707,623016
2708,625789
2709,625888
2710,1139886
2711,606289
2712,619795
2713,1038327
2714,667390
2715,673995
2716,1012497
2717,624738
2718,1115673
2719,681592
2720,1086292
2721,662120
2722,620363
2723,622287
2724,1035380
2725,656060
2726,680245
2727,1092926
2728,664559
2729,1066998
2730,646130
2731,657135
2732,725566
2733,1104026
2734,664881
2735,1033465
2736,697051
2737,662820
2738,656929
2739,1007447
2740,1139767
2741,655664
2742,663764
2743,656620
2744,1180791
2745,661717
2746,1187062
2747,659821
2748,1052326
2749,730608
2750,1116183
2751,660323
2752,657255
2753,655343
2754,1069734
2755,1016465
2756,1382903
2757,678946
2758,668210
2759,1156680
2760,659071
2761,672429
2762,666483
2763,1020342
2764,663513
2765,1077871
2766,722929
2767,659434
2768,706049
2769,1145440
2770,651519
2771,668033
2772,663488
2773,1112760
2774,651524
2775,1058857
2776,1143224
2777,670855
2778,1134094
2779,1130983
2780,641264
2781,657926
2782,655874
2783,653790
2784,1114750
2785,710955
2786,1019271
2787,684805
2788,1070203
2789,688740
2790,685600
2791,674035
2792,720683
2793,664102
2794,9639042
2795,3131459
2796,1030201
2797,1422385
2798,782230
2799,756252
2800,1113671
2801,739063
2802,1368758
2803,748519
2804,732075
2805,1399881
2806,741226
2807,708212
2808,1370452
2809,797201
2810,1264470
2811,757397
2812,747674
2813,1618980
2814,1472576
2815,861776
2816,745899
2817,1264882
2818,855509
2819,1430420
2820,811033
2821,1472881
2822,812215
2823,815849
2824,813118
2825,1414112
2826,1215948
2827,851459
2828,1175752
2829,1274861
2830,737559
2831,914241
2832,754703
2833,1200308
2834,814094
2835,1160545
2836,809538
2837,1227014
2838,750756
2839,758160
2840,761851
2841,753751
2842,763145
2843,1203917
2844,4398500
2845,862872
2846,1477916
2847,707091
2848,707762
2849,700338
2850,784846
2851,1303253
2852,722756
2853,695983
2854,1282915
2855,802183
2856,1331793
2857,737176
2858,721251
2859,730258
2860,732986
2861,998469
2862,1297876
2863,1284494
2864,796884
2865,1290946
2866,705266
2867,707677
2868,717655
2869,1098113
2870,725755
2871,812524
2872,1425908
2873,707610
2874,1285705
2875,712113
2876,702077
2877,698632
2878,706864
2879,1315139
2880,1123489
2881,1154999
2882,911167
2883,1191593
2884,805998
2885,747101
2886,741889
2887,738178
2888,1304341
2889,804350
2890,11593619
2891,2080703
2892,930965
2893,874347
2894,859279
2895,1492872
2896,985597
2897,1390631
2898,1127902
2899,860478
2900,1521556
2901,909598
2902,790045
2903,1397785
2904,797762
2905,800094
2906,1182974
2907,759598
2908,1268792
2909,749907
2910,756409
2911,1292726
2912,824613
2913,1167351
2914,756829
2915,1224810
2916,1276530
2917,767307
2918,757670
2919,1133797
2920,745396
2921,1373204
2922,736006
2923,1149585
2924,1239440
2925,749589
2926,751910
2927,719814
2928,1155420
2929,710013
2930,1085081
2931,786287
2932,897847
2933,716601
2934,758044
2935,1200744
2936,715912
2937,703177
2938,1209842
2939,687710
2940,706758
2941,700906
2942,1134696
2943,925407
2944,1125347
2945,747674
2946,1085176
2947,1125640
2948,746269
2949,707190
2950,706155
2951,697759
2952,1202694
2953,747262
2954,1442739
2955,709971
2956,1631501
2957,766804
2958,696074
2959,699431
2960,705088
2961,1130349
2962,755967
2963,1061634
2964,731272
2965,1317850
2966,676532
2967,666327
2968,665869
2969,665334
2970,670744
2971,1204271
2972,693569
2973,1551192
2974,1191804
2975,8810486
2976,4395797
2977,1565328
2978,794783
2979,777594
2980,4170869
2981,847038
2982,748827
2983,730477
2984,726690
2985,1430428
2986,1097067
2987,7503521
2988,964053
2989,743332
2990,729274
2991,1215614
2992,713086
2993,707301
2994,1074950
2995,794133
2996,10823063
2997,2123972
2998,721367
2999,767241
3000,683660
3001,1243953
3002,683071
3003,1113856
3004,7093629
3005,1374390
3006,686219
3007,677200
3008,668531
3009,664704
3010,1167393
3011,681757
3012,1575052
3013,755968
3014,7225892
3015,1461551
3016,721284
3017,685576
3018,662453
3019,724214
3020,1153718
3021,661206
3022,1227047
3023,738392
3024,1038952
3025,659071
3026,6568469
3027,778381
3028,681184
3029,665668
3030,664905
3031,1334545
3032,672462
3033,740900
3034,655120
3035,657942
3036,865096
3037,661148
3038,6038390
3039,1067134
3040,1041231
3041,1291596
3042,17003769
3043,753756
3044,697685
3045,1510518
3046,739751
3047,1086173
3048,794997
3049,1208659
3050,675894
3051,673751
3052,675226
3053,818070
3054,665965
3055,658754
3056,1728999
3057,1085090
3058,677876
3059,1017323
3060,824877
3061,792909
3062,667398
3063,665717
3064,6595048
3065,733196
3066,768336
3067,1285845
3068,662001
3069,1201605
3070,667464
3071,660995
3072,662619
3073,661457
3074,1021941
3075,679503
3076,7371805
3077,2682818
3078,1268701
3079,749911
3080,770528
3081,675255
3082,669363
3083,1141683
3084,667431
3085,666422
3086,670855
3087,6850786
3088,1263811
3089,662466
3090,665639
3091,671139
3092,666010
3093,672252
3094,1165769
3095,677154
3096,1003982
3097,676496
3098,731795
3099,7038510
3100,1275438
3101,670076
3102,663394
3103,754979
3104,661135
3105,769239
3106,1068374
3107,664761
3108,660794
3109,1080092
3110,7021012
3111,1207044
3112,690145
3113,15801347
3114,799151
3115,693552
3116,670126
3117,3855430
3118,1208758
3119,703033
3120,681057
3121,6412490
3122,1199641
3123,692596
3124,687100
3125,1141452
3126,732532
3127,1102575
3128,783301
3129,1207766
3130,1153108
3131,660703
3132,6583936
3133,720341
3134,670970
3135,661222
3136,659315
3137,995395
3138,670101
3139,1296017
3140,667518
3141,665024
3142,666990
3143,653567
3144,1091611
3145,2619414
3146,1057757
3147,675086
3148,761229
3149,1176019
3150,653241
3151,655734
3152,663657
3153,658527
3154,1053282
3155,748160
3156,666755
3157,663290
3158,3761315
3159,1116995
3160,674558
3161,673397
3162,670010
3163,661573
3164,653390
3165,797985
3166,1177091
3167,1089971
3168,728042
3169,664262
3170,1078328
3171,674353
3172,2093026
3173,699065
3174,1081863
3175,726015
3176,664275
3177,1152976
3178,650897
3179,1090878
3180,666405
3181,671073
3182,660790
3183,658671
3184,1137608
3185,663315
3186,988716
3187,754073
3188,665544
3189,717569
3190,725479
3191,1130687
3192,672581
3193,666838
3194,997492
3195,1067216
3196,701492
3197,658829
3198,658214
3199,1047683
3200,711211
3201,1130345
3202,663027
3203,671992
3204,1021240
3205,1033757
3206,643448
3207,7867540
3208,764212
3209,694879
3210,1470454
3211,700499
3212,665548
3213,662977
3214,1086466
3215,998432
3216,664996
3217,661407
3218,660777
3219,1163692
3220,1152873
3221,662536
3222,660876
3223,1161880
3224,739657
3225,667818
3226,670764
3227,852502
3228,1159424
3229,678102
3230,1093338
3231,738779
3232,662763
3233,1152738
3234,633044
3235,628389
3236,633362
3237,625043
3238,1053179
3239,651219
3240,1176629
3241,1082292
3242,704784
3243,980571
3244,636860
3245,628175
3246,621546
3247,622810
3248,620619
3249,1097413
3250,633947
3251,967901
3252,1133060
3253,693973
3254,633955
3255,635237
3256,626803
3257,633453
3258,633531
3259,634643
3260,1158901
3261,1084183
3262,1000451
3263,702884
3264,661976
3265,1327549
3266,663088
3267,666512
3268,662735
3269,671275
3270,1113704
3271,742099
3272,1126356
3273,656344
3274,657510
3275,989478
3276,1142779
3277,734836
3278,666042
3279,1447201
3280,712439
3281,674604
3282,669508
3283,654066
3284,653336
3285,1100009
3286,673121
3287,1093462
3288,672486
3289,1233549
3290,1084492
3291,652627
3292,662635
3293,660517
3294,1001979
3295,667319
3296,1018249
3297,736298
3298,661724
3299,661540
3300,1007203
3301,1172506
3302,656101
3303,666870
3304,1010450
3305,719946
3306,668445
3307,1128318
3308,661539
3309,667798
3310,663088
3311,1098958
3312,643844
3313,841229
3314,673104
3315,662441
3316,1133154
3317,661292
3318,1054353
3319,662919
3320,1205977
3321,669232
3322,678860
3323,680945
3324,667229
3325,678428
3326,1177145
3327,1058704
3328,1153099
3329,738973
3330,1097997
3331,666009
3332,668338
3333,664378
3334,8480070
3335,781150
3336,703416
3337,687566
3338,1850925
3339,676034
3340,810345
3341,673356
3342,670871
3343,673541
3344,1097544
3345,669116
3346,1107763
3347,2514021
3348,1335406
3349,697417
3350,901848
3351,674221
3352,667695
3353,1183036
3354,693099
3355,1154245
3356,670475
3357,968268
3358,738767
3359,673850
3360,667926
3361,666714
3362,753310
3363,3524949
3364,1382201
3365,700825
3366,1163161
3367,1213517
3368,675811
3369,680859
3370,1161735
3371,684072
3372,1158123
3373,730131
3374,658552
3375,656394
3376,1077150
3377,1084908
3378,627095
3379,636098
3380,635624
3381,1079313
3382,840986
3383,1096358
3384,622267
3385,1032962
3386,670756
3387,677274
3388,1009329
3389,639125
3390,627788
3391,626951
3392,1441795
3393,692531
3394,805550
3395,629465
3396,1043023
3397,677129
3398,623293
3399,1061449
3400,636274
3401,1055280
3402,1094842
3403,663336
3404,670122
3405,673133
3406,1118693
3407,671222
3408,1160599
3409,659097
3410,661102
3411,662338
3412,1497548
3413,707087
3414,663892
3415,660106
3416,1022794
3417,703737
3418,1087788
3419,736389
3420,668914
3421,1111890
3422,649306
3423,659339
3424,656620
3425,658470
3426,1086589
3427,673373
3428,1120242
3429,674085
3430,1248068
3431,713997
3432,676883
3433,669038
3434,667740
3435,670282
3436,670665
3437,1107016
3438,652838
3439,1070384
3440,1198709
3441,660497
3442,661271
3443,826611
3444,671547
3445,662553
3446,1015707
3447,675889
3448,665515
3449,1024190
3450,740819
3451,1109823
3452,8024207
3453,762803
3454,702901
3455,687574
3456,1256086
3457,1090442
3458,690269
3459,1305848
3460,682803
3461,671098
3462,664893
3463,672108
3464,665363
3465,667468
3466,668844
3467,678597
3468,1039113
3469,1094648
3470,741555
3471,765473
3472,675967
3473,670027
3474,673030
3475,674171
3476,1229973
3477,667764
3478,678613
3479,1044321
3480,722117
3481,667205
3482,657671
3483,655466
3484,718409
3485,674093
3486,1036444
3487,676916
3488,1065976
3489,662153
3490,1044544
3491,682288
3492,622489
3493,626218
3494,633202
3495,639151
3496,1063743
3497,674172
3498,941207
3499,988213
3500,679593
3501,625319
3502,1048252
3503,638195
3504,628566
3505,627269
3506,627565
3507,626020
3508,1052421
3509,626609
3510,1122698
3511,640127
3512,987744
3513,1031297
3514,703131
3515,631017
3516,632242
3517,628175
3518,625027
3519,1059326
3520,635051
3521,1112484
3522,640065
3523,1059141
3524,689803
3525,631318
3526,640679
3527,638887
3528,633696
3529,1085613
3530,640222
3531,969690
3532,718215
3533,662981
3534,671172
3535,1048194
3536,760701
3537,662178
3538,660126
3539,659129
3540,658432
3541,1541167
3542,666603
3543,1016424
3544,698657
3545,662710
3546,1093404
3547,662442
3548,764204
3549,1057625
3550,1046909
3551,694071
3552,657357
3553,656125
3554,1081570
3555,682598
3556,1094067
3557,723596
3558,674481
3559,1457719
3560,697804
3561,664806
3562,3878156
3563,675271
3564,640646
3565,629262
3566,1223759
3567,1143364
3568,649982
3569,1039962
3570,627730
3571,7075653
3572,841530
3573,717931
3574,642002
3575,1198005
3576,639229
3577,1085674
3578,631363
3579,1056410
3580,669128
3581,625908
3582,625662
3583,628887
3584,635113
3585,1087310
3586,858163
3587,1513197
3588,1080010
3589,619712
3590,635372
3591,629724
3592,626049
3593,634173
3594,627034
3595,627251
3596,1081518
3597,631730
3598,1102629
3599,1083091
3600,624615
3601,634108
3602,633457
3603,629200
3604,636967
3605,631434
3606,1081364
3607,634763
3608,997236
3609,1143042
3610,695259
3611,1105657
3612,631755
3613,625344
3614,622695
3615,836511
3616,632534
3617,1040159
3618,631569
3619,978214
3620,1060669
3621,617026
3622,628475
3623,642129
3624,788261
3625,648742
3626,1203934
3627,640276
3628,640692
3629,1061527
3630,1074463
3631,676598
3632,659047
3633,649949
3634,663122
3635,644223
3636,654617
3637,1382313
3638,645846
3639,638207
3640,1123769
3641,718475
3642,1094364
3643,642995
3644,670228
3645,673491
3646,685016
3647,684930
3648,1239791
3649,1133743
3650,1128907
3651,722616
3652,657547
3653,735128
3654,661708
3655,658025
3656,657658
3657,1174458
3658,721264
3659,2757462
3660,770883
3661,1203505
3662,706564
3663,700730
3664,708616
3665,699349
3666,1206653
3667,717560
3668,1100012
3669,1131082
3670,1144361
3671,708430
3672,690722
3673,704792
3674,695625
3675,697837
3676,692806
3677,1221807
3678,1145276
3679,740184
3680,1162955
3681,765951
3682,928744
3683,708146
3684,709554
3685,1241525
3686,703659
3687,1155267
3688,781858
3689,1232679
3690,728483
3691,717795
3692,722723
3693,801227
3694,864854
3695,9637682
3696,1742858
3697,1242765
3698,794700
3699,721104
3700,705229
3701,705687
3702,1224509
3703,723460
3704,1153491
3705,810811
3706,1207176
3707,1588141
3708,786271
3709,713638
3710,709201
3711,1181878
3712,706012
3713,1246296
3714,734737
3715,1096761
3716,1388711
3717,1238539
3718,748169
3719,751538
3720,1729955
3721,1268166
3722,745923
3723,752754
3724,1183033
3725,1197296
3726,1480854
3727,755370
3728,751242
3729,1262773
3730,740208
3731,746059
3732,754167
3733,1510275
3734,880975
3735,1494462
3736,1058997
3737,1329247
3738,914691
3739,1238926
3740,772304
3741,837611
3742,1874385
3743,2036028
3744,990962
3745,1352867
3746,806658
3747,807836
3748,803510
3749,795991
3750,1315662
3751,841772
3752,1488809
3753,834649
3754,863424
3755,852654
3756,852209
3757,1349785
3758,904213
3759,911077
3760,1048272
3761,1624859
3762,936675
3763,923347
3764,925678
3765,928048
3766,7035061
3767,1098051
3768,1599187
3769,1058003
3770,1611375
3771,1021838
3772,921822
3773,913219
3774,1844567
3775,1586427
3776,927891
3777,1527192
3778,946617
3779,929321
3780,931924
3781,13855091
3782,1401834
3783,1938979
3784,1016803
3785,965582
3786,928818
3787,1501701
3788,1570746
3789,1699717
3790,963518
3791,931933
3792,933445
3793,932938
3794,1481043
3795,869250
3796,844628
3797,2007344
3798,863750
3799,857429
3800,854813
3801,1425026
3802,859291
3803,857631
3804,1411653
3805,835646
3806,850017
3807,1106518
3808,851381
3809,1566448
3810,859881
3811,1310154
3812,912465
3813,1415397
3814,847356
3815,845794
3816,1055977
3817,1428479
3818,870458
3819,1300484
3820,913290
3821,1482946
3822,856511
3823,807201
3824,801985
3825,1409621
3826,792884
3827,1302762
3828,784096
3829,1358734
3830,801820
3831,803110
3832,800267
3833,1303525
3834,791174
3835,796134
3836,1638513
3837,1310200
3838,798776
3839,799765
3840,790733
3841,797980
3842,798606
3843,1297521
3844,1370814
3845,1051634
3846,1261990
3847,793737
3848,801705
3849,793646
3850,803687
3851,816343
3852,1304377
3853,738939
3854,1245040
3855,1873273
3856,754435
3857,1364642
3858,751229
3859,1120893
3860,763240
3861,4660209
3862,1719288
3863,932794
3864,805183
3865,1326045
3866,1302342
3867,10344287
3868,1639341
3869,1618844
3870,1187655
3871,891461
3872,1295037
3873,1364424
3874,883493
3875,1496077
3876,1317995
3877,947750
3878,1124622
3879,1429884
3880,1568587
3881,869749
3882,853857
3883,1791138
3884,907217
3885,813311
3886,1224971
3887,1012984
3888,1290015
3889,795327
3890,792546
3891,1313693
3892,1303347
3893,748819
3894,748786
3895,1258876
3896,742042
3897,1339736
3898,734675
3899,737588
3900,1205973
3901,800548
3902,755222
3903,749796
3904,745094
3905,754019
3906,1283871
3907,823578
3908,1006935
3909,1261100
3910,805871
3911,753500
3912,758860
3913,1714018
3914,1295947
3915,740814
3916,759651
3917,1373805
3918,1320656
3919,750151
3920,742779
3921,1620689
3922,753314
3923,748720
3924,745656
3925,706254
3926,4110901
3927,904271
3928,1426711
3929,791207
3930,1192163
3931,707631
3932,706324
3933,707969
3934,702925
3935,1207028
3936,784298
3937,1259493
3938,1137983
3939,705340
3940,706436
3941,707948
3942,709127
3943,1198516
3944,698228
3945,714021
3946,1126562
3947,1320619
3948,692506
3949,697253
3950,698455
3951,693214
3952,695139
3953,696749
3954,1206846
3955,1156800
3956,1194540
3957,1102365
3958,800411
3959,710424
3960,704639
3961,9280676
3962,783749
3963,1525100
3964,1247833
3965,729562
3966,1186448
3967,680521
3968,668284
3969,661943
3970,671732
3971,1194499
3972,661968
3973,1093498
3974,731841
3975,666863
3976,1175678
3977,669297
3978,670620
3979,663365
3980,661465
3981,1064204
3982,664509
3983,1280976
3984,673166
3985,1074229
3986,707277
3987,661605
3988,656686
3989,664308
3990,656669
3991,1171286
3992,1127065
3993,735240
3994,658120
3995,847162
3996,1210863
3997,663381
3998,655701
3999,657547
4000,665297
4001,1128445
4002,751514
4003,674085
4004,1164454
4005,1019200
4006,723967
4007,1236853
4008,657893
4009,657815
4010,1057786
4011,662252
4012,1145675
4013,666723
4014,1010297
4015,701249
4016,659892
4017,1126801
4018,663719
4019,694982
4020,1097351
4021,1190514
4022,660896
4023,670723
4024,664572
4025,1021162
4026,675750
4027,1248831
4028,706766
4029,697418
4030,771315
4031,794932
4032,705710
4033,695711
4034,701726
4035,1162630
4036,1288742
4037,713003
4038,1126442
4039,697285
4040,1122244
4041,906899
4042,702756
4043,1074789
4044,741927
4045,1185134
4046,692362
4047,695184
4048,1505541
4049,695472
4050,662125
4051,653678
4052,660872
4053,738017
4054,718137
4055,660995
4056,1036979
4057,661770
4058,1189167
4059,651647
4060,662721
4061,665499
4062,663336
4063,664209
4064,1081596
4065,1160623
4066,1084792
4067,1193424
4068,661506
4069,674283
4070,670908
4071,674646
4072,669240
4073,1104701
4074,654869
4075,658326
4076,1060764
4077,1251030
4078,650802
4079,2215871
4080,673879
4081,664835
4082,662495
4083,8357617
4084,1281643
4085,1236721
4086,1119129
4087,687022
4088,672651
4089,667798
4090,747683
4091,1121556
4092,673751
4093,676895
4094,1116868
4095,728680
4096,1089403
4097,738400
4098,672602
4099,669400
4100,672470
4101,672800
4102,1180569
4103,670822
4104,1095525
4105,660509
4106,1047473
4107,721462
4108,666619
4109,662936
4110,664135
4111,659998
4112,1144052
4113,1137559
4114,732619
4115,703449
4116,663306
4117,1059302
4118,700866
4119,663649
4120,663999
4121,660080
4122,656735
4123,1163635
4124,1132965
4125,724984
4126,671449
4127,1386426
4128,1110671
4129,664485
4130,659899
4131,1092411
4132,658730
4133,1208837
4134,666149
4135,1002593
4136,705521
4137,656846
4138,3628063
4139,811528
4140,1307562
4141,774789
4142,676392
4143,678209
4144,671967
4145,1144443
4146,709381
4147,1223673
4148,770099
4149,1113716
4150,658721
4151,659434
4152,658688
4153,663138
4154,659570
4155,658965
4156,1112908
4157,691018
4158,2180454
4159,869567
4160,1174273
4161,671526
4162,659532
4163,666240
4164,662751
4165,660884
4166,1126150
4167,664160
4168,663793
4169,1198615
4170,672045
4171,841274
4172,669079
4173,676916
4174,675967
4175,671600
4176,1191478
4177,967716
4178,1003755
4179,705574
4180,713263
4181,1095431
4182,667666
4183,1516283
4184,671416
4185,1158189
4186,740835
4187,1088439
4188,668898
4189,1020408
4190,1155267
4191,661663
4192,663126
4193,669895
4194,1252942
4195,729595
4196,987069
4197,667505
4198,8245967
4199,736954
4200,1367840
4201,658767
4202,646336
4203,995209
4204,1080367
4205,673957
4206,630716
4207,619201
4208,1003964
4209,927347
4210,1144530
4211,636423
4212,632427
4213,1004339
4214,691150
4215,1020737
4216,653097
4217,650881
4218,636551
4219,1028587
4220,1081736
4221,808054
4222,631842
4223,633856
4224,1495768
4225,672273
4226,619555
4227,624706
4228,964972
4229,673784
4230,628867
4231,1021747
4232,628236
4233,1365145
4234,1039323
4235,669037
4236,631405
4237,631648
4238,633235
4239,1054860
4240,681778
4241,636007
4242,1169288
4243,630037
4244,1071550
4245,625567
4246,832169
4247,632184
4248,632608
4249,1019823
4250,674955
4251,967658
4252,681897
4253,625423
4254,1045257
4255,1181426
4256,619259
4257,626016
4258,623577
4259,1184116
4260,624533
4261,994934
4262,687735
4263,623947
4264,626173
4265,1093614
4266,693004
4267,1001043
4268,676940
4269,625719
4270,629864
4271,1223302
4272,680203
4273,1093857
4274,622526
4275,681114
4276,1004612
4277,628014
4278,628657
4279,658210
4280,657110
4281,654169
4282,1206928
4283,1010643
4284,1289653
4285,1123925
4286,655412
4287,658672
4288,655672
4289,657246
4290,662153
4291,676673
4292,661588
4293,667860
4294,1101813
4295,726695
4296,1222659
4297,662821
4298,659908
4299,660377
4300,664613
4301,661791
4302,718492
4303,1061485
4304,1248624
4305,1062816
4306,664234
4307,814033
4308,667390
4309,657724
4310,1119641
4311,655644
4312,658606
4313,657255
4314,1033885
4315,733735
4316,1052714
4317,669223
4318,673665
4319,667406
4320,713687
4321,1037375
4322,705270
4323,989544
4324,1467946
4325,665144
4326,7758691
4327,836091
4328,703313
4329,693000
4330,1210753
4331,722599
4332,1123827
4333,797889
4334,1062478
4335,735561
4336,668663
4337,669037
4338,662990
4339,662520
4340,1150335
4341,665119
4342,1480602
4343,723546
4344,666141
4345,668568
4346,659957
4347,663892
4348,723736
4349,1076948
4350,674843
4351,1008826
4352,998320
4353,1066990
4354,693424
4355,666487
4356,647647
4357,617863
4358,625336
4359,877618
4360,2880562
4361,1127538
4362,645788
4363,974432
4364,691208
4365,627721
4366,626192
4367,3116202
4368,832894
4369,660822
4370,638961
4371,1021269
4372,633840
4373,1045965
4374,688773
4375,1083310
4376,673953
4377,652352
4378,659512
4379,656200
4380,653617
4381,1406486
4382,691938
4383,1132318
4384,640910
4385,1088917
4386,668860
4387,659096
4388,662891
4389,663975
4390,654795
4391,681732
4392,1117564
4393,746537
4394,671910
4395,1477167
4396,737741
4397,663261
4398,646810
4399,973657
4400,623112
4401,688860
4402,1023437
4403,631520
4404,631430
4405,773898
4406,1141098
4407,686487
4408,1022637
4409,644210
4410,1053637
4411,1009193
4412,612246
4413,628554
4414,623305
4415,1169955
4416,670921
4417,1120135
4418,628809
4419,625546
4420,1003697
4421,685015
4422,1078530
4423,636308
4424,633703
4425,635480
4426,973451
4427,677030
4428,624751
4429,616939
4430,1193555
4431,628381
4432,962261
4433,653917
4434,630878
4435,620268
4436,934393
4437,670237
4438,676516
4439,1081851
4440,625929
4441,632860
4442,633078
4443,1061811
4444,631706
4445,637515
4446,634483
4447,1120444
4448,935448
4449,7999531
4450,720374
4451,671497
4452,661091
4453,1238946
4454,1166461
4455,700071
4456,643733
4457,1085592
4458,640593
4459,686413
4460,639707
4461,641503
4462,1073853
4463,631677
4464,1068881
4465,679725
4466,628023
4467,904419
4468,1081459
4469,672404
4470,676244
4471,666261
4472,1270205
4473,1142903
4474,708966
4475,668581
4476,660913
4477,1092477
4478,709872
4479,1090083
4480,663941
4481,656838
4482,1084665
4483,651807
4484,869691
4485,663591
4486,661247
4487,1241707
4488,667600
4489,1112645
4490,658519
4491,1155876
4492,729385
4493,1096312
4494,712558
4495,737180
4496,666034
4497,1113914
4498,1141423
4499,671267
4500,1228320
4501,734564
4502,1083009
4503,665280
4504,666047
4505,666611
4506,1078439
4507,743162
4508,666689
4509,657588
4510,1055350
4511,729092
4512,1122117
4513,664271
4514,982396
4515,713712
4516,659632
4517,1047975
4518,826249
4519,683363
4520,1024335
4521,698538
4522,665845
4523,666418
4524,664011
4525,660208
4526,1095703
4527,671172
4528,1097001
4529,665107
4530,1048375
4531,1155468
4532,658585
4533,667098
4534,674077
4535,1003404
4536,660637
4537,985671
4538,711767
4539,654621
4540,1489184
4541,737053
4542,668906
4543,855357
4544,668687
4545,1132001
4546,711174
4547,1057378
4548,1064114
4549,1131984
4550,651981
4551,665482
4552,661613
4553,661288
4554,660885
4555,764694
4556,998584
4557,667382
4558,1110268
4559,1451448
4560,703025
4561,660727
4562,660176
4563,652010
4564,663253
4565,663014
4566,1135388
4567,1135845
4568,953811
4569,701208
4570,720399
4571,969372
4572,666401
4573,657831
4574,650402
4575,8601864
4576,1237096
4577,1131416
4578,658536
4579,3990314
4580,813069
4581,662804
4582,636502
4583,633753
4584,630296
4585,661440
4586,744762
4587,1163845
4588,665029
4589,664819
4590,1157327
4591,736101
4592,1093602
4593,662302
4594,668239
4595,1194841
4596,648969
4597,663513
4598,669442
4599,662301
4600,1040881
4601,655239
4602,1002510
4603,1239271
4604,659311
4605,1136693
4606,664254
4607,673768
4608,667319
4609,664159
4610,667658
4611,1168966
4612,1074563
4613,667641
4614,793292
4615,1349691
4616,662157
4617,663818
4618,659138
4619,667769
4620,1147868
4621,676627
4622,668593
4623,1038684
4624,1130715
4625,648710
4626,665376
4627,810357
4628,656468
4629,1076858
4630,664077
4631,1016861
4632,655858
4633,655516
4634,1570358
4635,685090
4636,665449
4637,660522
4638,660955
4639,810197
4640,669021
4641,1151233
4642,661943
4643,995947
4644,983785
4645,714610
4646,662610
4647,661514
4648,657078
4649,658853
4650,657003
4651,1120719
4652,841699
4653,1041701
4654,1078164
4655,1041033
4656,660241
4657,665474
4658,663838
4659,661358
4660,666018
4661,668770
4662,1102777
4663,670978
4664,1705926
4665,743414
4666,678024
4667,671139
4668,668494
4669,665618
4670,661729
4671,1123279
4672,661791
4673,1018295
4674,1008377
4675,719790
4676,1215572
4677,658037
4678,658301
4679,662018
4680,662553
4681,656595
4682,1181562
4683,662739
4684,1148687
4685,656542
4686,1151559
4687,668160
4688,760628
4689,659698
4690,663451
4691,1163322
4692,668687
4693,1025957
4694,964461
4695,721454
4696,1038335
4697,7880695
4698,988399
4699,720675
4700,698261
4701,1387356
4702,690503
4703,1307768
4704,670010
4705,1146462
4706,655079
4707,657806
4708,656402
4709,655454
4710,1145090
4711,668589
4712,1078011
4713,712760
4714,659179
4715,717028
4716,1107268
4717,662697
4718,670731
4719,670505
4720,679520
4721,1155910
4722,667909
4723,1010763
4724,701068
4725,667909
4726,1511886
4727,774731
4728,668956
4729,679507
4730,1196476
4731,676553
4732,1175806
4733,1088212
4734,664687
4735,1077888
4736,720057
4737,669297
4738,659306
4739,705402
4740,998984
4741,676763
4742,673356
4743,1101990
4744,655528
4745,1059207
4746,1066520
4747,675139
4748,668738
4749,668461
4750,671106
4751,1155769
4752,680294
4753,1016041
4754,710807
4755,674118
4756,1206872
4757,720415
4758,1072256
4759,667967
4760,663463
4761,660921
4762,1505690
4763,750768
4764,665742
4765,668923
4766,1068848
4767,1094866
4768,667373
4769,656196
4770,653831
4771,1073990
4772,738795
4773,1067900
4774,670954
4775,1305127
4776,717915
4777,1038219
4778,720922
4779,665004
4780,661807
4781,1052647
4782,1089630
4783,650464
4784,657279
4785,657633
4786,1030679
4787,830669
4788,1056805
4789,660077
4790,665412
4791,654329
4792,1573906
4793,701442
4794,664696
4795,628681
4796,1021414
4797,664563
4798,635422
4799,1405847
4800,1068164
4801,1006140
4802,621945
4803,633469
4804,622522
4805,625060
4806,624718
4807,1044779
4808,634458
4809,927714
4810,1045301
4811,853816
4812,700746
4813,641956
4814,1348739
4815,675474
4816,1153928
4817,732928
4818,1114837
4819,687088
4820,628455
4821,1462841
4822,710300
4823,629806
4824,622514
4825,638792
4826,1081262
4827,663859
4828,623955
4829,617912
4830,999721
4831,682329
4832,626984
4833,1001880
4834,630552
4835,994418
4836,959809
4837,665214
4838,716259
4839,636048
4840,624669
4841,623597
4842,966397
4843,623008
4844,995394
4845,706197
4846,635632
4847,1106494
4848,656047
4849,660613
4850,661263
4851,664060
4852,724317
4853,711989
4854,1029765
4855,675354
4856,736192
4857,1126562
4858,642686
4859,662854
4860,659113
4861,656670
4862,665491
4863,659339
4864,1199430
4865,1063669
4866,1021805
4867,1081402
4868,710890
4869,663056
4870,661189
4871,658568
4872,659372
4873,1131132
4874,656661
4875,658972
4876,1068605
4877,1227550
4878,1167475
4879,676763
4880,658869
4881,667608
4882,662009
4883,1214444
4884,671679
4885,686581
4886,999403
4887,1016016
4888,1177083
4889,667691
4890,666998
4891,659739
4892,663014
4893,665660
4894,666628
4895,1130963
4896,660241
4897,1130427
4898,1016510
4899,1091611
4900,701282
4901,663641
4902,661816
4903,661041
4904,1209841
4905,660085
4906,658086
4907,659265
4908,1567866
4909,736492
4910,671424
4911,663006
4912,666454
4913,705707
4914,1094141
4915,668964
4916,1029612
4917,668473
4918,1013812
4919,706840
4920,1073327
4921,671477
4922,659030
4923,668201
4924,664663
4925,849457
4926,1073327
4927,737073
4928,9779631
4929,1884722
4930,833908
4931,706069
4932,648944
4933,1128642
4934,637569
4935,1125067
4936,632513
4937,1266856
4938,689782
4939,1015654
4940,691583
4941,628978
4942,627363
4943,937850
4944,982800
4945,666343
4946,630692
4947,632608
4948,629209
4949,676788
4950,672544
4951,1118952
4952,639521
4953,636967
4954,636592
4955,1038087
4956,620346
4957,626675
4958,622975
4959,622489
4960,624281
4961,1398542
4962,1145074
4963,792982
4964,886010
4965,1123221
4966,675407
4967,615086
4968,631203
4969,1024540
4970,663929
4971,627965
4972,1466417
4973,1079127
4974,685835
4975,672664
4976,672169
4977,663447
4978,669660
4979,670674
4980,669702
4981,667481
4982,966719
4983,1055376
4984,1089696
4985,733847
4986,667472
4987,753257
4988,673776
4989,1037053
4990,655272
4991,673780
4992,1067637
4993,737580
4994,1052055
4995,1037432
4996,669281
4997,664885
4998,661902
4999,664020
5000,1174413
5001,668222
5002,1073343
5003,702777
5004,666846
5005,660304
5006,1042187
5007,721042
5008,666344
5009,661275
5010,666532
5011,671699
5012,1368964
5013,1149074
5014,662537
5015,1092851
5016,716299
5017,666648
5018,661465
5019,655248
5020,621253
5021,1092703
5022,630247
5023,1061527
5024,653604
5025,1001336
5026,1021672
5027,678712
5028,632616
5029,627878
5030,1011179
5031,655993
5032,675910
5033,1107746
5034,655380
5035,664996
5036,663891
5037,809772
5038,719661
5039,1072383
5040,663356
5041,1042026
5042,670171
5043,973728
5044,701723
5045,674286
5046,663282
5047,996483
5048,1186868
5049,9739395
5050,1501759
5051,738507
5052,1153401
5053,685262
5054,681233
5055,1026918
5056,718471
5057,664712
5058,1147492
5059,670414
5060,662561
5061,1199900
5062,727197
5063,664844
5064,663228
5065,659599
5066,1113880
5067,703494
5068,653868
5069,1449384
5070,989544
5071,620280
5072,631924
5073,625526
5074,816769
5075,628434
5076,1022484
5077,630630
5078,879941
5079,925918
5080,1023733
5081,634985
5082,634132
5083,636332
5084,628430
5085,778245
5086,951548
5087,709238
5088,971083
5089,622172
5090,618892
5091,1147315
5092,636477
5093,633053
5094,632851
5095,656809
5096,669858
5097,1142186
5098,662805
5099,666561
5100,1187811
5101,1580470
5102,683363
5103,668288
5104,662911
5105,665223
5106,666195
5107,1145449
5108,671283
5109,1104581
5110,1550479
5111,755489
5112,661078
5113,661832
5114,663357
5115,662685
5116,660266
5117,1156939
5118,654914
5119,993945
5120,701801
5121,1033498
5122,668860
5123,669199
5124,702934
5125,665766
5126,659924
5127,1064715
5128,663204
5129,1172015
5130,1000121
5131,1100733
5132,658911
5133,656813
5134,659200
5135,662421
5136,1151852
5137,675601
5138,1015044
5139,996458
5140,705554
5141,653216
5142,1551085
5143,714190
5144,662577
5145,624372
5146,1007088
5147,631904
5148,1223257
5149,684706
5150,626259
5151,628846
5152,998707
5153,686322
5154,685876
5155,1053336
5156,639521
5157,1111536
5158,1071745
5159,623721
5160,755053
5161,635244
5162,1036035
5163,1032117
5164,635632
5165,2348109
5166,669735
5167,666256
5168,661980
5169,746771
5170,662293
5171,750578
5172,1124956
5173,672923
5174,7682119
5175,854455
5176,667340
5177,1129866
5178,748601
5179,1024487
5180,636493
5181,958314
5182,1070307
5183,693157
5184,624809
5185,627034
5186,960296
5187,1127020
5188,623861
5189,622464
5190,633370
5191,629761
5192,1063896
5193,666747
5194,621546
5195,1131053
5196,628917
5197,970728
5198,673360
5199,744288
5200,672403
5201,635529
5202,627372
5203,1067068
5204,625892
5205,1004673
5206,713564
5207,1000137
5208,680496
5209,624339
5210,621661
5211,624388
5212,626383
5213,1225498
5214,641631
5215,631949
5216,627017
5217,1071884
5218,691307
5219,1061663
5220,665663
5221,667521
5222,672001
5223,675308
5224,1081427
5225,672626
5226,1098818
5227,1209006
5228,706724
5229,662854
5230,672647
5231,657885
5232,657708
5233,657407
5234,654218
5235,675754
5236,1107836
5237,1175035
5238,1501747
5239,732676
5240,668947
5241,665549
5242,661683
5243,661856
5244,1177520
5245,663859
5246,1141642
5247,659508
5248,998056
5249,847191
5250,670199
5251,2595270
5252,1141575
5253,666302
5254,668185
5255,668865
5256,1152235
5257,661049
5258,1145189
5259,829145
5260,653616
5261,654811
5262,660118
5263,1047597
5264,657230
5265,659161
5266,652936
5267,1524761
5268,741506
5269,671090
5270,666805
5271,670150
5272,699609
5273,1093964
5274,675457
5275,994463
5276,3268502
5277,711602
5278,1240631
5279,677471
5280,667959
5281,877103
5282,1069544
5283,672318
5284,669977
5285,1162053
5286,661481
5287,1081773
5288,1044139
5289,669248
5290,8411384
5291,810753
5292,696573
5293,1149075
5294,700178
5295,1250293
5296,731260
5297,1157467
5298,661935
5299,668045
5300,661102
5301,659438
5302,658828
5303,1097120
5304,668518
5305,663517
5306,1090606
5307,723720
5308,907249
5309,660402
5310,669062
5311,661943
5312,664712
5313,1154192
5314,668156
5315,669833
5316,734802
5317,1281502
5318,1054085
5319,635294
5320,824444
5321,688732
5322,637346
5323,632925
5324,1105603
5325,1005229
5326,678461
5327,622465
5328,1152548
5329,640877
5330,625929
5331,623638
5332,625995
5333,626374
5334,1212425
5335,624908
5336,1057102
5337,610825
5338,979227
5339,667657
5340,621442
5341,625872
5342,664939
5343,656076
5344,1155790
5345,658536
5346,1166239
5347,733559
5348,1007187
5349,685836
5350,658478
5351,659743
5352,655289
5353,651766
5354,653653
5355,1080850
5356,666277
5357,1076104
5358,1305548
5359,661725
5360,664774
5361,654415
5362,664753
5363,660493
5364,661214
5365,1093478
5366,666414
5367,666438
5368,1056488
5369,1197408
5370,658057
5371,750851
5372,669281
5373,671061
5374,1089028
5375,674905
5376,1075412
5377,665833
5378,668201
5379,1503571
5380,663607
5381,658181
5382,654989
5383,658956
5384,814304
5385,1376038
5386,1073768
5387,1071612
5388,707219
5389,1042166
5390,667632
5391,665490
5392,668346
5393,664317
5394,668395
5395,1184215
5396,661490
5397,1120909
5398,1063023
5399,1102678
5400,660872
5401,654312
5402,661061
5403,659776
5404,1066520
5405,651116
5406,990150
5407,925213
5408,1041960
5409,705695
5410,703947
5411,1087433
5412,658470
5413,670562
5414,1002391
5415,986306
5416,663599
5417,674295
5418,665248
5419,8055515
5420,941722
5421,1358890
5422,905948
5423,1134218
5424,676771
5425,662862
5426,661173
5427,656059
5428,1171319
5429,710473
5430,1023230
5431,710144
5432,1126739
5433,732668
5434,714594
5435,665417
5436,662854
5437,1053175
5438,710333
5439,657407
5440,1112595
5441,1569629
5442,665815
5443,668065
5444,666998
5445,667748
5446,655722
5447,862213
5448,1100392
5449,662178
5450,1065795
5451,1111664
5452,1082020
5453,648804
5454,671366
5455,667439
5456,668086
5457,670393
5458,665507
5459,1261866
5460,1061753
5461,1429876
5462,1058263
5463,635195
5464,654370
5465,661667
5466,653357
5467,1100985
5468,667505
5469,661507
5470,804198
5471,1549552
5472,663723
5473,664798
5474,659821
5475,3255824
5476,776956
5477,1250557
5478,683240
5479,1378860
5480,664629
5481,1071980
5482,1194667
5483,665338
5484,662408
5485,654268
5486,1130921
5487,658421
5488,1044094
5489,1151465
5490,822614
5491,3788195
5492,875253
5493,694690
5494,674727
5495,665095
5496,1175728
5497,695744
5498,1252332
5499,1156523
5500,670682
5501,669990
5502,672478
5503,666277
5504,1194935
5505,671765
5506,662689
5507,1142078
5508,747212
5509,1173576
5510,855332
5511,663859
5512,662425
5513,668069
5514,662821
5515,1166296
5516,1111202
5517,688052
5518,628030
5519,1015459
5520,626782
5521,623746
5522,626864
5523,669747
5524,956822
5525,625612
5526,622584
5527,982766
5528,629686
5529,627994
5530,7571618
5531,1523946
5532,708949
5533,676178
5534,1227451
5535,658041
5536,1066079
5537,673743
5538,633086
5539,625967
5540,1130069
5541,1080306
5542,630894
5543,625489
5544,619028
5545,1058568
5546,632381
5547,957449
5548,663138
5549,627317
5550,944569
5551,1019341
5552,932576
5553,636794
5554,634450
5555,633968
5556,1225441
5557,637330
5558,1024990
5559,676739
5560,681600
5561,642224
5562,626189
5563,621487
5564,629564
5565,703494
5566,1083528
5567,620248
5568,1057608
5569,677517
5570,623919
5571,1111331
5572,628039
5573,642183
5574,660427
5575,662821
5576,1102154
5577,753974
5578,1180017
5579,654976
5580,1026300
5581,700775
5582,712155
5583,1062817
5584,667876
5585,663949
5586,986030
5587,1071843
5588,701945
5589,704545
5590,679190
5591,1161171
5592,1093684
5593,664864
5594,660831
5595,661514
5596,1572418
5597,716373
5598,661230
5599,654716
5600,1112434
5601,875636
5602,1148135
5603,668939
5604,660769
5605,661848
5606,1084805
5607,656133
5608,659281
5609,662178
5610,1099733
5611,663455
5612,1107721
5613,699761
5614,661865
5615,664369
5616,1128527
5617,638467
5618,659763
5619,1087310
5620,719979
5621,662615
5622,1471645
5623,729430
5624,662623
5625,1300978
5626,659916
5627,666130
5628,667995
5629,668494
5630,1135181
5631,669594
5632,1120399
5633,627074
5634,629296
5635,628005
5636,1075617
5637,618596
5638,662252
5639,632843
5640,1018970
5641,628961
5642,956230
5643,680583
5644,624841
5645,629720
5646,1006885
5647,927574
5648,661062
5649,621702
5650,624273
5651,1191331
5652,672042
5653,1014240
5654,1069222
5655,678983
5656,675597
5657,859197
5658,629712
5659,6754796
5660,1310780
5661,689033
5662,655079
5663,646711
5664,1039673
5665,1414203
5666,695370
5667,651597
5668,1046967
5669,628183
5670,624413
5671,3737773
5672,847900
5673,1461395
5674,731437
5675,621401
5676,623437
5677,734115
5678,1131902
5679,647597
5680,1247878
5681,636477
5682,952434
5683,1115047
5684,641549
5685,623989
5686,628133
5687,618415
5688,615645
5689,1392787
5690,722274
5691,1136500
5692,700907
5693,988848
5694,631327
5695,631302
5696,664250
5697,660872
5698,659273
5699,1537904
5700,1114993
5701,1090491
5702,647123
5703,655285
5704,651181
5705,654860
5706,657073
5707,657254
5708,1205454
5709,669541
5710,982800
5711,1028286
5712,688295
5713,1050077
5714,635340
5715,632192
5716,4263637
5717,700507
5718,661021
5719,1255451
5720,996516
5721,1607720
5722,666570
5723,663245
5724,659166
5725,659891
5726,669170
5727,1230512
5728,663134
5729,952662
5730,1044268
5731,737868
5732,1132961
5733,659776
5734,657625
5735,656904
5736,650955
5737,655426
5738,1147732
5739,1093902
5740,990525
5741,684125
5742,620644
5743,620816
5744,617109
5745,654485
5746,626992
5747,618081
5748,1043065
5749,626391
5750,1098472
5751,1042961
5752,1140822
5753,629427
5754,628921
5755,621603
5756,620668
5757,617990
5758,1123130
5759,971375
5760,1027296
5761,691184
5762,637524
5763,1088789
5764,653196
5765,640510
5766,648182
5767,662652
5768,1048313
5769,643671
5770,704722
5771,684616
5772,647424
5773,652368
5774,1111573
5775,9290267
5776,787602
5777,685023
5778,1233079
5779,758144
5780,673323
5781,672375
5782,1136562
5783,675292
5784,1270766
5785,702456
5786,674835
5787,677443
5788,801610
5789,660505
5790,662092
5791,669417
5792,1037214
5793,743056
5794,1144370
5795,703016
5796,712542
5797,789493
5798,710758
5799,710573
5800,725582
5801,1261198
5802,725561
5803,719620
5804,1302049
5805,1346764
5806,692254
5807,774034
5808,710734
5809,706634
5810,1197271
5811,706836
5812,711595
5813,1336922
5814,828584
5815,757162
5816,763071
5817,744872
5818,750954
5819,1343089
5820,750142
5821,760368
5822,1219475
5823,793490
5824,1324949
5825,750620
5826,762841
5827,752194
5828,758102
5829,1382770
5830,759198
5831,818478
5832,1815929
5833,802982
5834,792682
5835,769683
5836,801796
5837,1379561
5838,771167
5839,764670
5840,1514753
5841,1388769
5842,754694
5843,756528
5844,764035
5845,749178
5846,1285656
5847,1275812
5848,792707
5849,1241669
5850,818070
5851,738490
5852,744493
5853,743171
5854,1302457
5855,745173
5856,741346
5857,2080971
5858,1650300
5859,842242
5860,3343067
5861,2470035
5862,1192200
5863,1959288
5864,3610486
5865,1580729
5866,2225083
5867,798273
5868,1906958
5869,982771
5870,774228
5871,1210345
5872,823620
5873,1238811
5874,753990
5875,13122394
5876,1258253
5877,887135
5878,807605
5879,1791842
5880,782497
5881,784916
5882,781640
5883,894716
5884,1337478
5885,894876
5886,1453344
5887,857231
5888,863169
5889,845106
5890,1424874
5891,851542
5892,1393705
5893,1530946
5894,854051
5895,851031
5896,948854
5897,875224
5898,1360650
5899,4734770
5900,2279720
5901,1503213
5902,941355
5903,918435
5904,1526702
5905,917954
5906,1575850
5907,990397
5908,1747407
5909,1059850
5910,920491
5911,1583473
5912,946556
5913,1542688
5914,976578
5915,1639461
5916,922733
5917,1128235
5918,1491574
5919,1613590
5920,1049092
5921,935616
5922,1655813
5923,908317
5924,901057
5925,1565987
5926,969517
5927,911184
5928,915753
5929,1424907
5930,1578994
5931,854059
5932,1324233
5933,930561
5934,1532590
5935,842585
5936,1326720
5937,1151510
5938,1363669
5939,844620
5940,1449870
5941,1135058
5942,838378
5943,921814
5944,1321814
5945,886245
5946,1507338
5947,1424178
5948,852964
5949,783029
5950,780005
5951,1339073
5952,848637
5953,781075
5954,1336922
5955,898758
5956,792571
5957,791693
5958,793485
5959,788591
5960,1334228
5961,810559
5962,2535871
5963,927137
5964,787379
5965,754794
5966,752132
5967,743632
5968,1246000
5969,819319
5970,798046
5971,1872234
5972,1731603
5973,801207
5974,792492
5975,791367
5976,1527340
5977,1187494
5978,809604
5979,1248443
5980,745000
5981,747187
5982,816645
5983,737094
5984,737823
5985,1329139
5986,740349
5987,1362356
5988,744259
5989,1337494
5990,773853
5991,791149
5992,797115
5993,1366063
5994,789106
5995,1339666
5996,1310100
5997,880976
5998,790646
5999,794416
6000,792171
6001,1450579
6002,1347428
6003,797795
6004,2024142
6005,783115
6006,794791
6007,793296
6008,793519
6009,1349320
6010,1280168
6011,802112
6012,1525108
6013,787507
6014,801050
6015,791784
6016,789509
6017,1301131
6018,741704
6019,739397
6020,1674634
6021,844344
6022,745037
6023,748222
6024,748568
6025,741226
6026,1285491
6027,744707
6028,744770
6029,1239960
6030,744666
6031,758774
6032,750826
6033,877218
6034,1268348
6035,739438
6036,742561
6037,741457
6038,1238509
6039,1238567
6040,695493
6041,697824
6042,694364
6043,691200
6044,688329
6045,1225481
6046,698958
6047,769391
6048,1204251
6049,712414
6050,707545
6051,700087
6052,702250
6053,712249
6054,1121190
6055,692729
6056,1243293
6057,1122937
6058,1154196
6059,703342
6060,11386321
6061,921521
6062,743582
6063,1566275
6064,735363
6065,1220694
6066,857936
6067,801684
6068,710206
6069,709201
6070,3378702
6071,754056
6072,739998
6073,1227331
6074,752804
6075,1365223
6076,701385
6077,696157
6078,702682
6079,697042
6080,1175929
6081,699016
6082,1207967
6083,699691
6084,1188776
6085,699642
6086,748720
6087,691319
6088,690347
6089,1138696
6090,710556
6091,1158271
6092,1225650
6093,697553
6094,709671
6095,712599
6096,706296
6097,707383
6098,1220031
6099,713049
6100,702432
6101,1215363
6102,767315
6103,1250849
6104,707948
6105,705480
6106,708195
6107,705204
6108,697837
6109,1238134
6110,1208861
6111,697627
6112,1196192
6113,763063
6114,694096
6115,687278
6116,672730
6117,651474
6118,1206361
6119,1116130
6120,697570
6121,1101965
6122,710931
6123,713354
6124,1082522
6125,667880
6126,663064
6127,1060739
6128,1084380
6129,703445
6130,656986
6131,653740
6132,1151069
6133,1179160
6134,655474
6135,658387
6136,661943
6137,1503832
6138,987175
6139,703659
6140,660868
6141,651590
6142,1164265
6143,1205750
6144,722348
6145,666870
6146,679165
6147,665412
6148,1182867
6149,737950
6150,982746
6151,671300
6152,2214689
6153,748094
6154,1218276
6155,654383
6156,654316
6157,1562469
6158,705587
6159,659307
6160,652549
6161,680278
6162,668033
6163,1230409
6164,1129883
6165,667666
6166,781826
6167,1192475
6168,664905
6169,663274
6170,664320
6171,656459
6172,665824
6173,1280106
6174,1086140
6175,1090833
6176,744914
6177,696115
6178,672388
6179,1243013
6180,667192
6181,716720
6182,1059256
6183,677769
6184,1277378
6185,673657
6186,656352
6187,688011
6188,705596
6189,693169
6190,1204811
6191,701418
6192,1043843
6193,1639803
6194,751658
6195,703705
6196,705286
6197,708002
6198,712171
6199,1091269
6200,710671
6201,1135021
6202,1210995
6203,688555
6204,756508
6205,698657
6206,701887
6207,702625
6208,1264120
6209,710647
6210,1101462
6211,727305
6212,1338982
6213,660867
6214,660831
6215,660237
6216,762210
6217,658025
6218,651111
6219,1152371
6220,662033
6221,1133624
6222,648586
6223,1101495
6224,658787
6225,657959
6226,658754
6227,653703
6228,658618
6229,1146878
6230,1110098
6231,684286
6232,661189
6233,2392598
6234,1239296
6235,718767
6236,701101
6237,703185
6238,1237298
6239,782872
6240,1177350
6241,707643
6242,1114668
6243,1197379
6244,703465
6245,710977
6246,1100325
6247,695897
6248,1130839
6249,814902
6250,696090
6251,695275
6252,1190082
6253,1317278
6254,708925
6255,699642
6256,1126002
6257,732459
6258,1041141
6259,667246
6260,1114927
6261,703333
6262,662108
6263,1139281
6264,664476
6265,1078550
6266,656904
6267,1093202
6268,698389
6269,659669
6270,658862
6271,1008139
6272,1183679
6273,670814
6274,654448
6275,656167
6276,1517308
6277,701587
6278,654877
6279,658145
6280,1032542
6281,711903
6282,1013577
6283,743204
6284,1838977
6285,822363
6286,668568
6287,666228
6288,667168
6289,662960
6290,1112871
6291,661382
6292,1051288
6293,9450819
6294,960910
6295,1380595
6296,692432
6297,759569
6298,676771
6299,1402745
6300,673751
6301,1159366
6302,1117288
6303,660303
6304,1156033
6305,664477
6306,662911
6307,660073
6308,658795
6309,1188776
6310,678337
6311,1088522
6312,1015863
6313,720243
6314,1048235
6315,672375
6316,663414
6317,660275
6318,660208
6319,667365
6320,1109159
6321,713185
6322,1263868
6323,660410
6324,1114610
6325,732854
6326,664028
6327,659145
6328,664176
6329,658836
6330,1153224
6331,667164
6332,730448
6333,1055301
6334,665668
6335,1163449
6336,669256
6337,671770
6338,664230
6339,668840
6340,668152
6341,1129270
6342,1150162
6343,728355
6344,667440
6345,1226643
6346,668828
6347,669153
6348,665618
6349,664597
6350,1122768
6351,656872
6352,1135841
6353,655244
6354,1015390
6355,716963
6356,662017
6357,653860
6358,709283
6359,662829
6360,670027
6361,669483
6362,1062693
6363,646978
6364,1076302
6365,1163610
6366,675321
6367,675230
6368,672795
6369,666570
6370,718709
6371,1101026
6372,1018793
6373,720172
6374,661613
6375,1624472
6376,728709
6377,672412
6378,673381
6379,1151723
6380,664407
6381,1148037
6382,705303
6383,667781
6384,665647
6385,1145193
6386,665182
6387,662779
6388,655355
6389,663592
6390,1074765
6391,1079910
6392,653843
6393,653559
6394,707100
6395,1516703
6396,747909
6397,683796
6398,696729
6399,1192479
6400,741750
6401,1078440
6402,673607
6403,1073812
6404,720823
6405,658421
6406,1305045
6407,669141
6408,1183111
6409,726683
6410,1039858
6411,669038
6412,667716
6413,662268
6414,1173902
6415,657748
6416,981177
6417,725714
6418,8330123
6419,1036810
6420,753537
6421,712575
6422,704833
6423,1269035
6424,815314
6425,1268998
6426,703066
6427,1204778
6428,689626
6429,711244
6430,689222
6431,1221221
6432,763092
6433,1198903
6434,775106
6435,1205899
6436,726048
6437,710140
6438,666999
6439,665540
6440,655640
6441,662236
6442,1122735
6443,705637
6444,1058803
6445,1077368
6446,677118
6447,671976
6448,683059
6449,701727
6450,710256
6451,707025
6452,1104239
6453,715715
6454,708030
6455,1356831
6456,705678
6457,713477
6458,701714
6459,715130
6460,708315
6461,1164883
6462,673508
6463,673207
6464,667856
6465,1501112
6466,707251
6467,708998
6468,664831
6469,660913
6470,658651
6471,3754702
6472,787483
6473,1269262
6474,1239008
6475,665050
6476,1212771
6477,666278
6478,677208
6479,682028
6480,672445
6481,1257190
6482,670772
6483,662870
6484,1124466
6485,719781
6486,1131548
6487,678284
6488,713848
6489,667979
6490,663884
6491,667341
6492,1105043
6493,733212
6494,1142787
6495,674889
6496,1060974
6497,708682
6498,659763
6499,658267
6500,778805
6501,670880
6502,1183790
6503,1037436
6504,711952
6505,658503
6506,652017
6507,992474
6508,695201
6509,672461
6510,665193
6511,3153724
6512,1380858
6513,1223553
6514,741280
6515,657864
6516,657976
6517,1219639
6518,658478
6519,657917
6520,662787
6521,1167343
6522,746829
6523,1048103
6524,657312
6525,651923
6526,663826
6527,1387942
6528,727180
6529,671184
6530,8765745
6531,1419299
6532,714457
6533,687109
6534,1117840
6535,720197
6536,1125750
6537,739925
6538,667468
6539,1628135
6540,715409
6541,657230
6542,659389
6543,655079
6544,655990
6545,1229067
6546,659397
6547,1227908
6548,669681
6549,1096316
6550,644280
6551,673084
6552,672997
6553,676673
6554,1115104
6555,675107
6556,666537
6557,661840
6558,1606084
6559,705064
6560,662017
6561,663414
6562,660093
6563,657523
6564,655442
6565,655153
6566,1141959
6567,1110238
6568,709477
6569,1082123
6570,730332
6571,666727
6572,714013
6573,666520
6574,666690
6575,1088328
6576,683223
6577,1172180
6578,660995
6579,1052825
6580,696164
6581,664988
6582,655281
6583,667909
6584,674019
6585,1142899
6586,670913
6587,665783
6588,1170487
6589,1489271
6590,719608
6591,655536
6592,653365
6593,658828
6594,662804
6595,1019320
6596,660262
6597,1162407
6598,708166
6599,659179
6600,664510
6601,1123105
6602,671012
6603,655931
6604,655071
6605,663541
6606,1070879
6607,740637
6608,1095278
6609,815524
6610,682865
6611,670604
6612,1157694
6613,665145
6614,664069
6615,998176
6616,1083318
6617,704330
6618,655483
6619,661882
6620,1073710
6621,672058
6622,1067694
6623,723818
6624,663493
6625,1150116
6626,733011
6627,1070372
6628,668420
6629,670101
6630,674954
6631,1103164
6632,742911
6633,1132821
6634,666644
6635,677373
6636,656871
6637,1121734
6638,701446
6639,668234
6640,1108854
6641,702028
6642,1171117
6643,661457
6644,654877
6645,1615572
6646,722183
6647,661115
6648,654086
6649,661955
6650,656611
6651,1093280
6652,669371
6653,980505
6654,676755
6655,8013033
6656,1560994
6657,739203
6658,699106
6659,1189200
6660,683125
6661,1140769
6662,734914
6663,667344
6664,657975
6665,1198825
6666,749273
6667,1116987
6668,670904
6669,1070010
6670,717643
6671,1133138
6672,715545
6673,672779
6674,675593
6675,1128387
6676,666739
6677,1101594
6678,709332
6679,1131037
6680,728223
6681,1111450
6682,668898
6683,661070
6684,703251
6685,1042311
6686,1026485
6687,721161
6688,669599
6689,666974
6690,1002559
6691,1141877
6692,658074
6693,653867
6694,654016
6695,1554039
6696,779576
6697,668160
6698,657052
6699,666092
6700,660023
6701,1427231
6702,732875
6703,666141
6704,1091125
6705,740151
6706,1117419
6707,670957
6708,715059
6709,664394
6710,1045273
6711,675527
6712,1132780
6713,666256
6714,1174763
6715,728920
6716,998918
6717,717226
6718,668675
6719,662648
6720,1225507
6721,1039616
6722,1159251
6723,674558
6724,1172741
6725,654152
6726,660463
6727,660117
6728,663908
6729,1070681
6730,713572
6731,1013997
6732,3289618
6733,1346942
6734,684311
6735,659751
6736,657189
6737,668160
6738,1147146
6739,674419
6740,1121379
6741,1228572
6742,665623
6743,1135144
6744,667789
6745,669323
6746,669965
6747,669112
6748,1177075
6749,678567
6750,1055742
6751,725586
6752,1079770
6753,1309079
6754,673080
6755,676186
6756,682337
6757,673883
6758,1177651
6759,728540
6760,1180515
6761,635261
6762,994212
6763,666648
6764,686495
6765,633028
6766,632760
6767,640535
6768,970992
6769,648454
6770,7507229
6771,2284874
6772,786345
6773,686800
6774,668057
6775,665915
6776,694018
6777,1341174
6778,710589
6779,700631
6780,1350964
6781,777462
6782,1142924
6783,709686
6784,708657
6785,698546
6786,706935
6787,1097009
6788,672721
6789,1003532
6790,1090157
6791,794112
6792,1082205
6793,670987
6794,661131
6795,661197
6796,663534
6797,662544
6798,1051238
6799,656702
6800,1521008
6801,760763
6802,684245
6803,715822
6804,672161
6805,663649
6806,668469
6807,1100605
6808,664007
6809,1077991
6810,1250903
6811,759939
6812,1087796
6813,676314
6814,662903
6815,707569
6816,676454
6817,1087838
6818,664354
6819,1060649
6820,756376
6821,1118577
6822,674386
6823,663018
6824,673875
6825,668127
6826,668008
6827,1137468
6828,669948
6829,659080
6830,1129438
6831,1089317
6832,710878
6833,665944
6834,653522
6835,653361
6836,653950
6837,1094676
6838,667859
6839,666838
6840,1172011
6841,712908
6842,1112175
6843,668824
6844,663846
6845,659792
6846,660179
6847,654156
6848,1073058
6849,658771
6850,1088485
6851,657522
6852,1065523
6853,725907
6854,655989
6855,659916
6856,658425
6857,667501
6858,1075411
6859,672545
6860,668527
6861,1104005
6862,712805
6863,1095612
6864,661704
6865,709517
6866,660233
6867,658721
6868,662911
6869,1078155
6870,662788
6871,1470759
6872,1681799
6873,769449
6874,677949
6875,665866
6876,661655
6877,1250614
6878,668152
6879,1059817
6880,746244
6881,1113704
6882,708764
6883,1112686
6884,662351
6885,664531
6886,662421
6887,1184438
6888,718891
6889,1112574
6890,1151785
6891,1092155
6892,732936
6893,669784
6894,7915040
6895,742042
6896,675910
6897,663365
6898,1269418
6899,762069
6900,1074558
6901,664564
6902,656945
6903,781191
6904,683207
6905,673978
6906,1167215
6907,670661
6908,1165872
6909,733678
6910,1052689
6911,1107252
6912,747933
6913,664135
6914,663406
6915,1245983
6916,669709
6917,1180466
6918,1128424
6919,661206
6920,1085221
6921,1059553
6922,660258
6923,654708
6924,667274
6925,657798
6926,656554
6927,1230719
6928,1066487
6929,710206
6930,666603
6931,665334
6932,1041214
6933,714009
6934,669957
6935,627149
6936,630247
6937,627442
6938,1145786
6939,1150913
6940,686462
6941,627663
6942,1005905
6943,1086370
6944,639814
6945,637952
6946,634367
6947,1114634
6948,625377
6949,1088422
6950,629218
6951,638858
6952,1079796
6953,633556
6954,3784778
6955,742652
6956,676261
6957,666203
6958,1243058
6959,740477
6960,1076367
6961,664893
6962,1075317
6963,734609
6964,669590
6965,664551
6966,665384
6967,670863
6968,1069577
6969,730654
6970,1252304
6971,662310
6972,662236
6973,1080252
6974,705678
6975,653155
6976,656595
6977,1145140
6978,678069
6979,1241435
6980,663875
6981,1028327
6982,707528
6983,1077611
6984,727111
6985,672940
6986,667835
6987,1066153
6988,1265554
6989,660410
6990,670200
6991,673656
6992,1514980
6993,735437
6994,675485
6995,667555
6996,1171677
6997,664605
6998,1075073
6999,704557
7000,667390
7001,662025
7002,1058671
7003,1125598
7004,674267
7005,670863
7006,670109
7007,1167977
7008,780120
7009,1007285
7010,669343
7011,674035
7012,673903
7013,1010350
7014,1286735
7015,699477
7016,1182138
7017,679450
7018,675507
7019,671712
7020,672412
7021,1029427
7022,700116
7023,1110107
7024,663954
7025,1264487
7026,684513
7027,659640
7028,665248
7029,663232
7030,662400
7031,668070
7032,1073083
7033,682103
7034,1056739
7035,1504585
7036,716860
7037,665099
7038,670027
7039,665940
7040,659451
7041,663917
7042,1105220
7043,1077199
7044,1108483
7045,716930
7046,1095143
7047,778802
7048,661576
7049,659738
7050,659182
7051,667925
7052,1121021
7053,663056
7054,1082852
7055,665482
7056,1169349
7057,671234
7058,667958
7059,668989
7060,699938
7061,986356
7062,658153
7063,662261
7064,1154221
7065,656204
7066,1144147
7067,662569
7068,660744
7069,662157
7070,664452
7071,1135045
7072,715369
7073,956629
7074,1056990
7075,696350
7076,660595
7077,1121903
7078,664358
7079,669759
7080,664023
7081,673558
7082,1109279
7083,668494
7084,1181693
7085,670694
7086,1032212
7087,718339
7088,1128404
7089,668313
7090,671465
7091,669215
7092,1119649
7093,1184664
7094,659945
7095,659858
7096,707177
7097,1036192
7098,661910
7099,1188743
7100,671090
7101,665639
7102,661316
7103,1147949
7104,645805
7105,663303
7106,1083108
7107,731296
7108,654853
7109,1217052
7110,732829
7111,1075292
7112,729521
7113,1019077
7114,674501
7115,668028
7116,674613
7117,1010644
7118,634182
7119,1019407
7120,1092299
7121,647581
7122,1048923
7123,685951
7124,624573
7125,620565
7126,625344
7127,616642
7128,619980
7129,9446917
7130,1339139
7131,1246061
7132,688814
7133,680862
7134,670752
7135,728986
7136,1105027
7137,671300
7138,969174
7139,980146
7140,1209347
7141,1146829
7142,665334
7143,668828
7144,666109
7145,666797
7146,1097915
7147,700264
7148,677291
7149,663394
7150,1241290
7151,747188
7152,1019460
7153,660880
7154,658585
7155,657472
7156,666528
7157,658021
7158,1057064
7159,1042570
7160,1115063
7161,1075308
7162,656851
7163,667316
7164,668213
7165,671229
7166,674336
7167,671197
7168,1059668
7169,671514
7170,1012407
7171,1478410
7172,710420
7173,3071396
7174,709007
7175,676079
7176,668296
7177,1367102
7178,694290
7179,1248076
7180,1254771
7181,683075
7182,666422
7183,662194
7184,664328
7185,659817
7186,661003
7187,665466
7188,672070
7189,1029423
7190,723880
7191,1198475
7192,679387
7193,675222
7194,664679
7195,665095
7196,665647
7197,1252126
7198,660835
7199,1111528
7200,643951
7201,1154559
7202,659656
7203,658029
7204,711429
7205,666998
7206,1080841
7207,668259
7208,1034194
7209,970934
7210,705468
7211,719043
7212,1038602
7213,669368
7214,665634
7215,660575
7216,2840881
7217,665346
7218,1060731
7219,862320
7220,1093647
7221,746269
7222,673904
7223,674522
7224,676689
7225,1087260
7226,731515
7227,1124227
7228,705686
7229,663019
7230,668894
7231,946678
7232,719781
7233,660748
7234,664127
7235,1128404
7236,677373
7237,1053364
7238,704714
7239,737757
7240,672029
7241,1051791
7242,706053
7243,675037
7244,662499
7245,662050
7246,667032
7247,8066635
7248,758987
7249,1305943
7250,1089712
7251,757550
7252,686322
7253,676528
7254,1170849
7255,736710
7256,1128725
7257,1053641
7258,651103
7259,1052129
7260,714631
7261,1181401
7262,675374
7263,664728
7264,665087
7265,1109843
7266,1130238
7267,665214
7268,671724
7269,667699
7270,1156507
7271,668453
7272,1049401
7273,674431
7274,665046
7275,667316
7276,1239853
7277,643230
7278,670175
7279,717469
7280,661963
7281,1136384
7282,657398
7283,1149491
7284,667958
7285,1223562
7286,753817
7287,674184
7288,656035
7289,661959
7290,666253
7291,1183873
7292,668020
7293,1110527
7294,661823
7295,1091327
7296,1068815
7297,2074160
7298,671967
7299,666578
7300,663299
7301,1568904
7302,745156
7303,672862
7304,668914
7305,1160681
7306,753974
7307,1084867
7308,677912
7309,1102097
7310,723353
7311,666830
7312,1292590
7313,675959
7314,1055903
7315,735540
7316,1025368
7317,681015
7318,669450
7319,681485
7320,1053760
7321,664238
7322,1209599
7323,679231
7324,728342
7325,672738
7326,1147349
7327,794589
7328,658219
7329,1177313
7330,672305
7331,1191651
7332,673669
7333,673694
7334,660522
7335,1165283
7336,810139
7337,1009086
7338,668197
7339,1014417
7340,910459
7341,1128820
7342,657650
7343,669079
7344,671073
7345,1175570
7346,774277
7347,812878
7348,703877
7349,1062746
7350,1209244
7351,706601
7352,697116
7353,1103848
7354,704013
7355,1197288
7356,754192
7357,702942
7358,752878
7359,1184507
7360,1309054
7361,709489
7362,720716
7363,1164607
7364,780837
7365,1037354
7366,8680097
7367,775975
7368,1488970
7369,1334648
7370,729302
7371,1246247
7372,688481
7373,704170
7374,698538
7375,700874
7376,1253738
7377,696680
7378,1122764
7379,716493
7380,1063035
7381,684179
7382,728165
7383,678052
7384,3024218
7385,786498
7386,680179
7387,664955
7388,1069676
7389,855131
7390,1058597
7391,664712
7392,728734
7393,665618
7394,661667
7395,1114342
7396,674896
7397,1032076
7398,667464
7399,1196040
7400,677117
7401,656847
7402,656805
7403,663113
7404,660583
7405,1074571
7406,658317
7407,661473
7408,654713
7409,1106946
7410,714565
7411,1112142
7412,679792
7413,677451
7414,675239
7415,675222
7416,678765
7417,1209162
7418,1159177
7419,1156755
7420,666594
7421,666545
7422,669965
7423,670496
7424,665804
7425,672853
7426,1157434
7427,673067
7428,664299
7429,1105982
7430,1075576
7431,652760
7432,664127
7433,653884
7434,659949
7435,657967
7436,659941
7437,1209624
7438,665960
7439,1023815
7440,1618482
7441,730428
7442,669297
7443,666269
7444,665791
7445,671869
7446,1165102
7447,657852
7448,662821
7449,1135313
7450,1196971
7451,667056
7452,670385
7453,679351
7454,719645
7455,1127617
7456,668098
7457,674571
7458,671609
7459,1544389
7460,746273
7461,672989
7462,673290
7463,667983
7464,671115
7465,671748
7466,1121523
7467,681098
7468,1054127
7469,1233586
7470,1021599
7471,681584
7472,673998
7473,674204
7474,674369
7475,670468
7476,665948
7477,1065845
7478,701117
7479,1048321
7480,1089185
7481,658927
7482,669343
7483,666636
7484,661004
7485,663941
7486,662285
7487,995572
7488,663538
7489,7645525
7490,844418
7491,1325538
7492,674435
7493,671770
7494,660303
7495,735269
7496,1169275
7497,694875
7498,677225
7499,679581
7500,1207856
7501,732425
7502,970287
7503,685271
7504,672367
7505,678514
7506,679009
7507,1088097
7508,673640
7509,1083828
7510,1048342
7511,726566
7512,675918
7513,669656
7514,661959
7515,665865
7516,664819
7517,1145976
7518,663447
7519,1030136
7520,1296767
7521,1061527
7522,672598
7523,665729
7524,665866
7525,657633
7526,660641
7527,657860
7528,1138972
7529,703746
7530,693804
7531,1625090
7532,758271
7533,701945
7534,700866
7535,700338
7536,703725
7537,1170940
7538,720510
7539,713592
7540,1117461
7541,1288836
7542,706815
7543,753282
7544,710758
7545,713568
7546,1242196
7547,707627
7548,703152
7549,1219627
7550,4430345
7551,865419
7552,720284
7553,1316082
7554,705435
7555,703437
7556,1243730
7557,725697
7558,1251422
7559,697668
7560,703972
7561,700590
7562,698320
7563,756458
7564,1103304
7565,720448
7566,1209998
7567,1617217
7568,814106
7569,717771
7570,707552
7571,708063
7572,690042
7573,667756
7574,1030820
7575,661164
7576,659735
7577,662116
7578,1477586
7579,709679
7580,677826
7581,676495
7582,675535
7583,675239
7584,1068180
7585,662949
7586,662178
7587,1150397
7588,706172
7589,1077010
7590,719756
7591,668292
7592,668338
7593,664024
7594,672292
7595,1325715
7596,703663
7597,765172
7598,1178801
7599,759301
7600,1167685
7601,695979
7602,704516
7603,695217
7604,10033063
7605,1606570
7606,735590
7607,1239943
7608,690216
7609,769070
7610,769400
7611,671292
7612,1247158
7613,668914
7614,1170952
7615,665734
7616,1120852
7617,711537
7618,1154645
7619,658058
7620,660645
7621,661844
7622,1127802
7623,1139055
7624,654437
7625,670451
7626,669627
7627,1144164
7628,661057
7629,1154212
7630,664567
7631,664588
7632,660352
7633,1173469
7634,650802
7635,670151
7636,665766
7637,677080
7638,1225638
7639,679198
7640,1069041
7641,675164
7642,1150772
7643,732124
7644,942505
7645,709798
7646,706617
7647,672231
7648,1160775
7649,1067043
7650,672763
7651,659409
7652,665441
7653,1070520
7654,637948
7655,658042
7656,652825
7657,649261
7658,1086865
7659,717935
7660,1058387
7661,709551
7662,1164298
7663,716292
7664,659775
7665,660884
7666,660011
7667,655112
7668,1147966
7669,669240
7670,1169741
7671,1370035
7672,1080853
7673,716498
7674,679882
7675,668688
7676,669495
7677,663850
7678,1089020
7679,665498
7680,1569213
7681,676075
7682,1461876
7683,692781
7684,666236
7685,660072
7686,660435
7687,662310
7688,1039715
7689,679630
7690,1107589
7691,662607
7692,1148271
7693,672763
7694,722751
7695,670846
7696,664411
7697,1025299
7698,701278
7699,660983
7700,1125079
7701,1188743
7702,678085
7703,697145
7704,698101
7705,697969
7706,763606
7707,1150030
7708,703415
7709,700029
7710,1105125
7711,843697
7712,1079585
7713,711442
7714,698513
7715,700428
7716,698430
7717,1087446
7718,765040
7719,1046464
7720,1119982
7721,748090
7722,707676
7723,710902
7724,706877
7725,714792
7726,715344
7727,8170152
7728,746508
7729,1440460
7730,1106674
7731,679050
7732,677105
7733,727956
7734,677047
7735,666756
7736,669231
7737,1111466
7738,674472
7739,1093144
7740,714623
7741,1085325
7742,701970
7743,657303
7744,667006
7745,657246
7746,712719
7747,1095587
7748,664778
7749,1076911
7750,1176506
7751,745651
7752,1024051
7753,668873
7754,657188
7755,662285
7756,664127
7757,1109723
7758,721145
7759,1022843
7760,1041091
7761,716517
7762,664177
7763,667501
7764,667130
7765,664526
7766,665190
7767,1101730
7768,663900
7769,969594
7770,1784645
7771,2594590
7772,1205396
7773,673739
7774,672280
7775,666743
7776,667522
7777,1200374
7778,663735
7779,1575546
7780,729471
7781,661531
7782,1142280
7783,669586
7784,660027
7785,660258
7786,660802
7787,1060521
7788,621912
7789,1000429
7790,668362
7791,624388
7792,1017750
7793,1041198
7794,626456
7795,631578
7796,634165
7797,626667
7798,1160137
7799,1026048
7800,624396
7801,626951
7802,1047951
7803,631488
7804,1165427
7805,630968
7806,627820
7807,634449
7808,1040427
7809,625777
7810,1025925
7811,661610
7812,622485
7813,618760
7814,1003252
7815,666010
7816,1131733
7817,680034
7818,640732
7819,1081645
7820,605143
7821,632731
7822,624524
7823,625237
7824,628332
7825,681633
7826,982095
7827,991234
7828,1056285
7829,702307
7830,672144
7831,667575
7832,661968
7833,677942
7834,668601
7835,1102493
7836,3066893
7837,1226755
7838,846910
7839,687652
7840,662009
7841,7365823
7842,726373
7843,725915
7844,1261854
7845,671844
7846,1103415
7847,766177
7848,726909
7849,656447
7850,1185175
7851,670422
7852,669005
7853,665700
7854,665696
7855,1197275
7856,665330
7857,1147134
7858,664210
7859,1262649
7860,659195
7861,667398
7862,668008
7863,662874
7864,1063344
7865,714792
7866,962084
7867,789233
7868,671872
7869,1138712
7870,650424
7871,669467
7872,665408
7873,657036
7874,1102583
7875,658717
7876,1127881
7877,1220332
7878,715628
7879,1226124
7880,702984
7881,701051
7882,706341
7883,707384
7884,1127634
7885,703881
7886,1296282
7887,704598
7888,690388
7889,1108838
7890,740241
7891,757760
7892,709218
7893,709151
7894,1251117
7895,706832
7896,1275158
7897,719888
7898,1186036
7899,790070
7900,1133224
7901,720609
7902,1178340
7903,1200711
7904,701838
7905,697545
7906,694797
7907,689359
7908,1259501
7909,788178
7910,1207922
7911,709028
7912,1261668
7913,819747
7914,732483
7915,709703
7916,1282063
7917,1264606
7918,783713
7919,720325
7920,721087
7921,1652625
7922,907101
7923,745004
7924,750723
7925,1262389
7926,718047
7927,749421
7928,746619
7929,1296030
7930,764101
7931,757340
7932,2887562
7933,3102631
7934,871397
7935,810942
7936,770731
7937,1698646
7938,1505014
7939,1058263
7940,1385477
7941,888882
7942,798812
7943,799002
7944,1307064
7945,958145
7946,833430
7947,1499521
7948,904551
7949,1622152
7950,820827
7951,11647700
7952,2022823
7953,1085625
7954,1741890
7955,899628
7956,936432
7957,833846
7958,806332
7959,1602116
7960,1419666
7961,935888
7962,1417132
7963,860981
7964,864776
7965,862435
7966,1549762
7967,1385881
7968,921464
7969,1341590
7970,1415681
7971,868546
7972,862044
7973,852275
7974,855719
7975,13414150
7976,989812
7977,2013463
7978,834217
7979,1382404
7980,879673
7981,1429080
7982,807024
7983,791339
7984,6090402
7985,3053277
7986,1599525
7987,1754651
7988,877164
7989,1483198
7990,3272317
7991,1049475
7992,1349134
7993,963542
7994,1551777
7995,1414026
7996,902791
7997,934326
7998,7233691
7999,1957809
8000,1791731
8001,959678
8002,3507661
8003,1705720
8004,1046460
8005,952208
8006,1606920
8007,858467
8008,1551402
8009,972623
8010,23112196
8011,1217666
8012,842160
8013,1584779
8014,1343197
8015,1460999
8016,837455
8017,6237110
8018,1048259
8019,798833
8020,1559786
8021,781458
8022,755709
8023,1340474
8024,764076
8025,748222
8026,1223957
8027,759931
8028,2004424
8029,769445
8030,1010013
8031,1617088
8032,1239218
8033,799443
8034,1171166
8035,814156
8036,1136570
8037,741898
8038,3631260
8039,1981758
8040,824555
8041,786774
8042,1880972
8043,824032
8044,1655797
8045,927187
8046,829932
8047,1659740
8048,819615
8049,1410343
8050,2096355
8051,963658
8052,864685
8053,842828
8054,846606
8055,1461971
8056,856696
8057,1512026
8058,1445441
8059,922177
8060,1701089
8061,850042
8062,1391472
8063,1343943
8064,828889
8065,845790
8066,1388168
8067,1369311
8068,1017730
8069,849205
8070,1445269
8071,1355368
8072,903645
8073,795937
8074,786942
8075,6349115
8076,10415927
8077,1173070
8078,1399564
8079,826294
8080,1239651
8081,829322
8082,1486985
8083,836779
8084,1688123
8085,818742
8086,746966
8087,738717
8088,1150314
8089,757834
8090,1294654
8091,741613
8092,741671
8093,1345879
8094,825098
8095,1150479
8096,744810
8097,1579650
8098,800765
8099,738960
8100,695534
8101,1091755
8102,686338
8103,1061959
8104,799303
8105,690854
8106,690899
8107,1350481
8108,702114
8109,698521
8110,697116
8111,696865
8112,1044016
8113,724659
8114,692530
8115,693449
8116,1174297
8117,1227290
8118,708405
8119,703437
8120,1152420
8121,1094990
8122,687912
8123,700791
8124,702246
8125,1175929
8126,695811
8127,1232144
8128,699106
8129,697524
8130,1191581
8131,732009
8132,700606
8133,693655
8134,697244
8135,1148399
8136,1067900
8137,1173280
8138,765659
8139,5650029
8140,919721
8141,704491
8142,694105
8143,1415183
8144,1148864
8145,706123
8146,1291712
8147,725591
8148,704907
8149,701961
8150,699559
8151,701619
8152,1218544
8153,712810
8154,707351
8155,1233054
8156,678461
8157,1209982
8158,706288
8159,702567
8160,689102
8161,690891
8162,1212936
8163,1811627
8164,709843
8165,1308251
8166,751197
8167,706279
8168,702423
8169,703164
8170,1137155
8171,697417
8172,1170614
8173,683223
8174,1047292
8175,1108591
8176,706733
8177,706073
8178,749549
8179,700738
8180,9297762
8181,1487227
8182,845584
8183,1378107
8184,720164
8185,708994
8186,705352
8187,696148
8188,1257350
8189,673850
8190,1538580
8191,721878
8192,666389
8193,662701
8194,662981
8195,660085
8196,1157641
8197,675993
8198,689778
8199,1106262
8200,1549853
8201,747023
8202,733839
8203,699881
8204,695068
8205,699654
8206,1085922
8207,700289
8208,1134922
8209,1090969
8210,773021
8211,1029311
8212,2219377
8213,719439
8214,1224250
8215,705962
8216,1147661
8217,1315650
8218,704236
8219,1194198
8220,691382
8221,698925
8222,694520
8223,696329
8224,1232647
8225,696469
8226,1225551
8227,695633
8228,1154262
8229,679198
8230,700210
8231,692329
8232,699861
8233,1265937
8234,692872
8235,1333758
8236,1134840
8237,1155407
8238,699416
8239,705575
8240,700165
8241,697384
8242,697857
8243,698579
8244,1405538
8245,663291
8246,1185257
8247,731832
8248,1286385
8249,712987
8250,661799
8251,664885
8252,673376
8253,1197362
8254,710272
8255,1518989
8256,753768
8257,788665
8258,702901
8259,710675
8260,697294
8261,697751
8262,1290826
8263,694520
8264,689968
8265,1256077
8266,695856
8267,698213
8268,695411
8269,699885
8270,770615
8271,1173861
8272,705954
8273,1164381
8274,1202191
8275,767883
8276,1004208
8277,714132
8278,706580
8279,703746
8280,710856
8281,1217793
8282,695679
8283,696102
8284,1131716
8285,789674
8286,696062
8287,699222
8288,709419
8289,704672
8290,694599
8291,1197621
8292,708834
8293,710919
8294,1531448
8295,761818
8296,705752
8297,8556280
8298,833376
8299,727646
8300,708591
8301,1124321
8302,773561
8303,1699911
8304,680545
8305,662878
8306,659314
8307,662504
8308,724919
8309,1129002
8310,671926
8311,1203682
8312,662709
8313,1033692
8314,713062
8315,656863
8316,652635
8317,657625
8318,654292
8319,1031165
8320,713761
8321,1161950
8322,651466
8323,1185237
8324,676033
8325,672560
8326,665725
8327,668223
8328,659541
8329,1180927
8330,1043130
8331,1061593
8332,1192788
8333,657296
8334,657629
8335,660793
8336,657328
8337,670818
8338,1093185
8339,666920
8340,662397
8341,1092028
8342,1201964
8343,657188
8344,715146
8345,660419
8346,667089
8347,1055586
8348,657472
8349,974572
8350,2940538
8351,1460323
8352,765774
8353,680949
8354,797659
8355,660361
8356,664028
8357,1182287
8358,691604
8359,1184614
8360,728383
8361,672730
8362,664980
8363,1170643
8364,655751
8365,657901
8366,712868
8367,656377
8368,1128383
8369,654733
8370,1114495
8371,703033
8372,1092147
8373,722740
8374,673121
8375,667390
8376,670863
8377,670855
8378,1204729
8379,664444
8380,1135058
8381,644989
8382,1109056
8383,1166131
8384,657077
8385,699333
8386,691686
8387,694104
8388,1379680
8389,700816
8390,2672097
8391,1302812
8392,710507
8393,710222
8394,702860
8395,675247
8396,662368
8397,1122813
8398,660291
8399,1179234
8400,646864
8401,1124321
8402,671860
8403,667794
8404,663006
8405,663608
8406,1101121
8407,665675
8408,982791
8409,701426
8410,653847
8411,1023069
8412,672247
8413,7429256
8414,784565
8415,1371473
8416,685766
8417,659479
8418,1202492
8419,1107865
8420,659969
8421,655046
8422,655371
8423,661465
8424,666393
8425,655054
8426,1090565
8427,672050
8428,1137703
8429,1111227
8430,665877
8431,662879
8432,661358
8433,663892
8434,1111009
8435,668420
8436,1141255
8437,1027816
8438,653051
8439,1015756
8440,774660
8441,668494
8442,661123
8443,662611
8444,666554
8445,1082663
8446,663434
8447,1084138
8448,647630
8449,997261
8450,1141205
8451,662302
8452,719547
8453,656076
8454,662714
8455,1028554
8456,658033
8457,1121726
8458,716254
8459,656702
8460,1039522
8461,656645
8462,656492
8463,654951
8464,657967
8465,1238217
8466,741234
8467,1051214
8468,934075
8469,1115599
8470,741288
8471,672771
8472,669281
8473,667003
8474,987014
8475,665231
8476,725326
8477,871718
8478,660637
8479,660411
8480,998007
8481,730324
8482,677802
8483,673199
8484,1094339
8485,676990
8486,1108451
8487,663550
8488,3913919
8489,908123
8490,674513
8491,1406836
8492,671089
8493,662310
8494,1180420
8495,740769
8496,1016625
8497,784883
8498,1175142
8499,1209314
8500,666611
8501,658877
8502,662499
8503,663814
8504,1078156
8505,1098924
8506,672989
8507,670504
8508,667624
8509,1190873
8510,727308
8511,1105562
8512,680216
8513,1072321
8514,724346
8515,1114915
8516,664954
8517,1064918
8518,726142
8519,664069
8520,1183020
8521,764468
8522,1590695
8523,670294
8524,679293
8525,734741
8526,669034
8527,670398
8528,7759403
8529,898111
8530,1343205
8531,765625
8532,672527
8533,666760
8534,663760
8535,662771
8536,753582
8537,1133525
8538,658655
8539,658552
8540,1156388
8541,669368
8542,1140294
8543,675626
8544,666318
8545,665247
8546,667304
8547,1137164
8548,679507
8549,1107346
8550,1152906
8551,1025641
8552,1100548
8553,674554
8554,679545
8555,669063
8556,672144
8557,1145803
8558,649990
8559,1024495
8560,749857
8561,746076
8562,664394
8563,953975
8564,676821
8565,3343059
8566,764344
8567,649665
8568,638883
8569,1247458
8570,614875
8571,622464
8572,1023798
8573,697846
8574,629028
8575,1133241
8576,638768
8577,1066940
8578,689626
8579,611060
8580,1060360
8581,627186
8582,682120
8583,1025155
8584,668770
8585,635805
8586,1067649
8587,626992
8588,1065333
8589,729999
8590,1099328
8591,634339
8592,629546
8593,1033781
8594,628516
8595,1032921
8596,670987
8597,627915
8598,1466380
8599,637535
8600,632308
8601,634214
8602,631965
8603,666001
8604,1116365
8605,652669
8606,1001382
8607,1123629
8608,706073
8609,660488
8610,655557
8611,661185
8612,657720
8613,656241
8614,1118491
8615,664559
8616,1115640
8617,1186221
8618,1184129
8619,741403
8620,667304
8621,682976
8622,672672
8623,1008352
8624,666755
8625,665416
8626,1181788
8627,720206
8628,1052850
8629,726575
8630,664353
8631,670830
8632,727342
8633,670414
8634,1075696
8635,666553
8636,1146804
8637,672589
8638,1074319
8639,1129899
8640,658960
8641,658511
8642,661737
8643,655931
8644,1039291
8645,665631
8646,660126
8647,1115949
8648,638475
8649,1140554
8650,665985
8651,8266670
8652,812916
8653,1289702
8654,690838
8655,1054848
8656,780445
8657,1062655
8658,784136
8659,672605
8660,667229
8661,670822
8662,996651
8663,669581
8664,665655
8665,1576963
8666,716806
8667,678184
8668,1540681
8669,731433
8670,722653
8671,666463
8672,1151682
8673,673677
8674,1083767
8675,711561
8676,801376
8677,658169
8678,1101405
8679,1132788
8680,673841
8681,679325
8682,1057081
8683,1137877
8684,658243
8685,666417
8686,674205
8687,1023045
8688,667802
8689,1071015
8690,663348
8691,661296
8692,1172658
8693,736718
8694,1183572
8695,666821
8696,660411
8697,1052981
8698,712348
8699,666524
8700,1200308
8701,683908
8702,1081418
8703,613202
8704,619766
8705,626074
8706,680611
8707,1109592
8708,639546
8709,630491
8710,627001
8711,994216
8712,670880
8713,1086313
8714,645825
8715,632414
8716,637873
8717,637190
8718,630626
8719,1115545
8720,633931
8721,959867
8722,1007302
8723,1011430
8724,657131
8725,629267
8726,642438
8727,667448
8728,660262
8729,1141147
8730,660670
8731,660233
8732,1190564
8733,736468
8734,1036427
8735,741881
8736,676025
8737,675943
8738,669013
8739,673818
8740,1127984
8741,665272
8742,1079275
8743,647717
8744,1006886
8745,714866
8746,664741
8747,662463
8748,658445
8749,658610
8750,1164228
8751,659714
8752,1493741
8753,969644
8754,1076087
8755,722818
8756,729628
8757,671424
8758,1128552
8759,664177
8760,1094636
8761,1184095
8762,666133
8763,1077974
8764,698645
8765,1109838
8766,663892
8767,663813
8768,713856
8769,1074154
8770,1194466
8771,661383
8772,668922
8773,671332
8774,1028796
8775,1084616
8776,633078
8777,7136890
8778,725731
8779,654696
8780,719435
8781,628916
8782,630960
8783,1115306
8784,689919
8785,1069503
8786,3414897
8787,1181001
8788,718903
8789,634870
8790,626004
8791,622399
8792,637346
8793,1169275
8794,675840
8795,1068741
8796,634433
8797,1075181
8798,687669
8799,629246
8800,627495
8801,624816
8802,621537
8803,1044317
8804,676569
8805,1024735
8806,1181174
8807,636427
8808,976266
8809,682206
8810,633725
8811,629192
8812,626300
8813,623305
8814,1078897
8815,677134
8816,1003528
8817,687645
8818,689420
8819,968470
8820,633118
8821,638801
8822,636844
8823,637313
8824,1025113
8825,666804
8826,622472
8827,1022934
8828,2132661
8829,726121
8830,678588
8831,1407738
8832,1107614
8833,668527
8834,659537
8835,1113126
8836,728565
8837,1041350
8838,732607
8839,668486
8840,672062
8841,662594
8842,665004
8843,1197370
8844,663607
8845,1112014
8846,654284
8847,1073636
8848,709638
8849,658062
8850,657588
8851,658149
8852,660287
8853,1078069
8854,665004
8855,1181924
8856,642867
8857,1088851
8858,1100927
8859,655305
8860,656801
8861,657196
8862,663047
8863,1123385
8864,656125
8865,1004620
8866,710441
8867,710140
8868,656039
8869,1038244
8870,698188
8871,663130
8872,657259
8873,651012
8874,651775
8875,1143590
8876,1158942
8877,737036
8878,671609
8879,670142
8880,1100239
8881,701970
8882,670587
8883,667526
8884,1073595
8885,662153
8886,1205520
8887,1112166
8888,1424973
8889,746133
8890,677023
8891,716530
8892,1031656
8893,664815
8894,668836
8895,1104409
8896,635372
8897,671666
8898,956781
8899,668914
8900,727461
8901,8108591
8902,742594
8903,1308678
8904,806550
8905,1293397
8906,746001
8907,675597
8908,1162930
8909,1315440
8910,713107
8911,1289681
8912,760813
8913,1279612
8914,715311
8915,712022
8916,709559
8917,1233536
8918,709860
8919,1193946
8920,713914
8921,1182826
8922,754810
8923,721087
8924,757512
8925,748123
8926,1320083
8927,753261
8928,1257173
8929,750797
8930,751057
8931,1293578
8932,753756
8933,748519
8934,1253325
8935,819261
8936,797016
8937,1283444
8938,971230
8939,1282038
8940,788282
8941,802583
8942,797903
8943,1315406
8944,809018
8945,796217
8946,1269237
8947,962636
8948,1463821
8949,812129
8950,801466
8951,807127
8952,1343082
8953,786239
8954,802884
8955,1510881
8956,751691
8957,752276
8958,748358
8959,810320
8960,1212433
8961,766388
8962,1140773
8963,1292100
8964,1285829
8965,728441
8966,750167
8967,745029
8968,746417
8969,747076
8970,1361453
8971,1454905
8972,1321529
8973,1316693
8974,768093
8975,747015
8976,745289
8977,754069
8978,1278635
8979,886431
8980,777112
8981,1635143
8982,802381
8983,748626
8984,741712
8985,742536
8986,745432
8987,1374852
8988,1216434
8989,884037
8990,1253416
8991,792147
8992,788422
8993,787829
8994,800378
8995,796926
8996,1459042
8997,854714
8998,1273971
8999,921538
9000,940235
9001,860746
9002,852996
9003,1322291
9004,854154
9005,11651123
9006,1812682
9007,994542
9008,4238665
9009,1109283
9010,1665010
9011,878751
9012,773808
9013,757039
9014,1693055
9015,1629869
9016,768579
9017,746734
9018,1158179
9019,1264923
9020,730946
9021,746326
9022,1214284
9023,762280
9024,1208952
9025,817460
9026,744642
9027,1183601
9028,838020
9029,1204964
9030,759906
9031,1106777
9032,771039
9033,706593
9034,706490
9035,705727
9036,1185125
9037,773910
9038,1048429
9039,718574
9040,988230
9041,743707
9042,1091084
9043,706321
9044,696222
9045,1035516
9046,766973
9047,1105871
9048,763005
9049,1150764
9050,1034169
9051,1273777
9052,726266
9053,702749
9054,1092283
9055,1183283
9056,696375
9057,698530
9058,698789
9059,1319214
9060,1018607
9061,753446
9062,705723
9063,1150772
9064,765159
9065,1155415
9066,706993
9067,705171
9068,1135515
9069,749681
9070,1120432
9071,760360
9072,1165744
9073,762695
9074,703341
9075,700664
9076,699704
9077,706036
9078,1215441
9079,710683
9080,711924
9081,1206233
9082,771274
9083,1188282
9084,709361
9085,705480
9086,735054
9087,752684
9088,1722110
9089,743512
9090,1332069
9091,745664
9092,818263
9093,750175
9094,748000
9095,741457
9096,1636890
9097,1194173
9098,800839
9099,1214048
9100,730114
9101,749673
9102,742269
9103,12039080
9104,839164
9105,1464670
9106,1364333
9107,850640
9108,763927
9109,754880
9110,748988
9111,760171
9112,1372182
9113,753446
9114,749388
9115,1789498
9116,827789
9117,755292
9118,749960
9119,742832
9120,1182657
9121,703219
9122,703334
9123,705896
9124,777030
9125,1086222
9126,1273827
9127,701286
9128,696692
9129,706741
9130,1233368
9131,727654
9132,1108562
9133,745087
9134,1146780
9135,1227088
9136,760026
9137,701348
9138,691349
9139,697125
9140,1204383
9141,771282
9142,1119661
9143,711076
9144,1303488
9145,1189579
9146,707507
9147,701031
9148,1260305
9149,718372
9150,1220159
9151,690648
9152,1217819
9153,1176111
9154,704793
9155,777978
9156,701954
9157,705875
9158,1115211
9159,698781
9160,2513877
9161,1220101
9162,771810
9163,1150088
9164,702723
9165,711450
9166,700264
9167,1186547
9168,703008
9169,1123225
9170,702852
9171,1236997
9172,1184375
9173,704549
9174,699292
9175,697231
9176,750962
9177,1198001
9178,774171
9179,1088835
9180,710733
9181,1013799
9182,1170095
9183,707259
9184,696173
9185,697767
9186,695588
9187,1324035
9188,1194804
9189,750880
9190,694834
9191,1525849
9192,762218
9193,683215
9194,665120
9195,1027363
9196,660810
9197,1131499
9198,760916
9199,659104
9200,656723
9201,1025957
9202,1068621
9203,671106
9204,10231960
9205,1637804
9206,780046
9207,712191
9208,686923
9209,1199203
9210,785946
9211,1236544
9212,676639
9213,1175954
9214,1117119
9215,684031
9216,665161
9217,657390
9218,1160079
9219,660344
9220,1242630
9221,735244
9222,1163207
9223,732124
9224,992255
9225,663439
9226,658552
9227,663137
9228,1005328
9229,660575
9230,657790
9231,1173877
9232,1041432
9233,1020050
9234,2202686
9235,1047196
9236,683141
9237,675960
9238,665581
9239,1058160
9240,656484
9241,1214873
9242,658940
9243,1176749
9244,743822
9245,663732
9246,649974
9247,652722
9248,1047081
9249,712966
9250,1097202
9251,751246
9252,727749
9253,1034494
9254,687075
9255,676771
9256,738185
9257,674699
9258,1037864
9259,678584
9260,1026036
9261,726810
9262,1067015
9263,656225
9264,661482
9265,659957
9266,664971
9267,658568
9268,1107499
9269,726415
9270,1018034
9271,1046513
9272,731528
9273,1075923
9274,678222
9275,681558
9276,1174426
9277,707235
9278,1196559
9279,705963
9280,1281836
9281,696222
9282,1193897
9283,681184
9284,700981
9285,695234
9286,696799
9287,1220126
9288,699243
9289,1517732
9290,1104046
9291,1120122
9292,662511
9293,665149
9294,669623
9295,654518
9296,653345
9297,1067476
9298,660143
9299,1080100
9300,670912
9301,1114429
9302,653480
9303,707611
9304,680837
9305,667230
9306,670912
9307,1143698
9308,665804
9309,667439
9310,1021335
9311,1136697
9312,645936
9313,657016
9314,652974
9315,657745
9316,751440
9317,999095
9318,668078
9319,661741
9320,1028562
9321,735128
9322,1084735
9323,665354
9324,665359
9325,669932
9326,663908
9327,666879
9328,8010070
9329,707371
9330,1288643
9331,665807
9332,1684049
9333,716683
9334,671106
9335,663484
9336,668733
9337,660117
9338,1225498
9339,1097301
9340,737304
9341,662721
9342,1537913
9343,804700
9344,683240
9345,673277
9346,1077269
9347,664041
9348,1085843
9349,705307
9350,661214
9351,659994
9352,1085802
9353,1093049
9354,662965
9355,663439
9356,697730
9357,1070047
9358,739405
9359,1065659
9360,665873
9361,1023799
9362,711722
9363,661782
9364,1199847
9365,669541
9366,1105954
9367,720951
9368,1135445
9369,672495
9370,673018
9371,667031
9372,1165863
9373,672771
9374,1119233
9375,667509
9376,663348
9377,666578
9378,684129
9379,629662
9380,686437
9381,634557
9382,630659
9383,943271
9384,1042072
9385,692444
9386,966204
9387,1010112
9388,662594
9389,635220
9390,658643
9391,661012
9392,659533
9393,1126484
9394,659784
9395,663192
9396,1065819
9397,1222771
9398,652232
9399,663818
9400,671254
9401,669709
9402,656286
9403,1096415
9404,663373
9405,717185
9406,1084463
9407,1119517
9408,649097
9409,662462
9410,664526
9411,663755
9412,661383
9413,665498
9414,1111577
9415,662705
9416,1009560
9417,1062808
9418,729690
9419,1069001
9420,673084
9421,671852
9422,667884
9423,667703
9424,675597
9425,1141242
9426,663731
9427,3572083
9428,952068
9429,708356
9430,687010
9431,678703
9432,668955
9433,1251784
9434,1044931
9435,679190
9436,1260078
9437,745157
9438,1054913
9439,675564
9440,678806
9441,672848
9442,680009
9443,7270138
9444,943465
9445,1733493
9446,739982
9447,1114936
9448,670995
9449,661272
9450,658486
9451,655273
9452,658400
9453,1265492
9454,672210
9455,1168596
9456,642360
9457,1233895
9458,663744
9459,669305
9460,660744
9461,662116
9462,1155214
9463,631083
9464,1020383
9465,670781
9466,626115
9467,695353
9468,1005906
9469,701595
9470,626399
9471,628690
9472,634812
9473,638936
9474,1215700
9475,683894
9476,1026600
9477,622719
9478,952472
9479,1067015
9480,692856
9481,627787
9482,631166
9483,1002535
9484,628216
9485,619036
9486,1042327
9487,607191
9488,622201
9489,622860
9490,975660
9491,1001435
9492,632826
9493,743212
9494,633077
9495,1422904
9496,1063851
9497,674423
9498,621228
9499,625130
9500,996046
9501,671749
9502,623906
9503,997278
9504,624615
9505,1050200
9506,688019
9507,633523
9508,630008
9509,628656
9510,629246
9511,1096073
9512,623128
9513,628541
9514,628768
9515,1069919
9516,735273
9517,988069
9518,673800
9519,676845
9520,670991
9521,957090
9522,664914
9523,1219664
9524,657567
9525,1116410
9526,674588
9527,668391
9528,666739
9529,669256
9530,673306
9531,666838
9532,1156573
9533,661725
9534,1101133
9535,691616
9536,669969
9537,3660636
9538,1246465
9539,705361
9540,745610
9541,1110560
9542,1206929
9543,658960
9544,1026143
9545,713226
9546,660234
9547,1215734
9548,674579
9549,670369
9550,1079577
9551,1232646
9552,655289
9553,670010
9554,663591
9555,1076396
9556,666145
9557,1109575
9558,660596
9559,663447
9560,661280
9561,977711
9562,730139
9563,8857961
9564,770771
9565,673809
9566,1342842
9567,646888
9568,645063
9569,1097829
9570,627886
9571,1020017
9572,689445
9573,629913
9574,630186
9575,1019263
9576,675985
9577,709955
9578,1014772
9579,680426
9580,1049426
9581,1072396
9582,627586
9583,630881
9584,632242
9585,992466
9586,1510399
9587,633362
9588,642063
9589,627042
9590,633539
9591,1095847
9592,694665
9593,1009914
9594,636707
9595,634033
9596,1070875
9597,634688
9598,635653
9599,995300
9600,644804
9601,630494
9602,1047457
9603,624858
9604,1034008
9605,664259
9606,632315
9607,1049615
9608,626164
9609,621030
9610,631623
9611,1023555
9612,625320
9613,941582
9614,672503
9615,632381
9616,949984
9617,1009020
9618,625505
9619,632855
9620,638504
9621,627227
9622,634376
9623,1036143
9624,693033
9625,877902
9626,671139
9627,1054362
9628,725965
9629,667777
9630,719945
9631,1098558
9632,666739
9633,1001192
9634,1030395
9635,704858
9636,661222
9637,1033449
9638,1367555
9639,727329
9640,666146
9641,660229
9642,1044403
9643,970184
9644,786926
9645,661568
9646,653781
9647,1074513
9648,667122
9649,1046670
9650,724601
9651,666974
9652,1069454
9653,2944917
9654,797663
9655,684117
9656,672738
9657,1226009
9658,682671
9659,657032
9660,662953
9661,1249152
9662,652191
9663,709238
9664,659566
9665,663884
9666,658828
9667,654762
9668,1156326
9669,679762
9670,634952
9671,1100544
9672,1030024
9673,634182
9674,637824
9675,629530
9676,795653
9677,642793
9678,632484
9679,1061704
9680,630070
9681,933095
9682,7553778
9683,739178
9684,665190
9685,643020
9686,641989
9687,635146
9688,1167722
9689,653422
9690,1054514
9691,1157336
9692,1136261
9693,631554
9694,624759
9695,621026
9696,624940
9697,620557
9698,1061510
9699,629572
9700,628105
9701,1067727
9702,1492670
9703,717309
9704,659389
9705,723637
9706,665247
9707,663583
9708,1062309
9709,669434
9710,661828
9711,663649
9712,1141415
9713,651849
9714,661527
9715,659331
9716,665775
9717,668470
9718,664127
9719,1200040
9720,683895
9721,1407273
9722,1075407
9723,718220
9724,661053
9725,664938
9726,975326
9727,627285
9728,1184425
9729,632908
9730,634808
9731,1133876
9732,1063607
9733,1057658
9734,631203
9735,624541
9736,630049
9737,630185
9738,629971
9739,1051894
9740,638796
9741,1010248
9742,747699
9743,634660
9744,1080215
9745,636382
9746,628566
9747,656616
9748,628096
9749,638668
9750,1072164
9751,645372
9752,1110683
9753,638100
9754,1104124
9755,1173441
9756,663088
9757,661749
9758,661280
9759,658943
9760,1160673
9761,731379
9762,1054370
9763,664378
9764,1084702
9765,701142
9766,715237
9767,729657
9768,668309
9769,1112493
9770,658619
9771,1078431
9772,659096
9773,1061758
9774,706522
9775,655767
9776,1033901
9777,665107
9778,670830
9779,705860
9780,1483182
9781,699560
9782,662578
9783,665899
9784,1034911
9785,700557
9786,670109
9787,727671
9788,674262
9789,1063385
9790,652611
9791,757867
9792,665598
9793,668012
9794,1129372
9795,667592
9796,1005773
9797,719764
9798,659174
9799,1079544
9800,641536
9801,663505
9802,662405
9803,661345
9804,1169840
9805,669162
9806,662441
9807,659796
9808,1447530
9809,7377883
9810,1425410
9811,676346
9812,652298
9813,639319
9814,641541
9815,1170417
9816,630165
9817,1064728
9818,618390
9819,964857
9820,715612
9821,632385
9822,625962
9823,633271
9824,750266
9825,1063978
9826,628315
9827,1166993
9828,639130
9829,974304
9830,943943
9831,674727
9832,625987
9833,670406
9834,631071
9835,624454
9836,957157
9837,631648
9838,918114
9839,698332
9840,622662
9841,981048
9842,614381
9843,631558
9844,625670
9845,630490
9846,623721
9847,1121037
9848,644486
9849,1067592
9850,633839
9851,938076
9852,1048598
9853,630671
9854,629509
9855,632138
9856,632649
9857,628871
9858,1055367
9859,638953
9860,1025607
9861,1002820
9862,616189
9863,620264
9864,621562
9865,619543
9866,625093
9867,617157
9868,613561
9869,1046916
9870,633078
9871,994130
9872,1113040
9873,1154489
9874,624524
9875,626861
9876,623779
9877,629502
9878,620285
9879,620540
9880,1084064
9881,667398
9882,1122775
9883,662603
9884,1193448
9885,686865
9886,739598
9887,673418
9888,3357269
9889,725887
9890,1897547
9891,1399849
9892,762044
9893,1268685
9894,674761
9895,668033
9896,666504
9897,663113
9898,1121590
9899,668045
9900,1026778
9901,1583321
9902,682234
9903,667027
9904,673348
9905,731021
9906,665622
9907,1187680
9908,665642
9909,1025809
9910,750846
9911,1143138
9912,667254
9913,692045
9914,701492
9915,699147
9916,1228094
9917,754839
9918,712761
9919,1140282
9920,753949
9921,1208058
9922,697351
9923,708450
9924,712452
9925,703972
9926,692390
9927,1202109
9928,1179118
9929,8210851
9930,1501875
9931,842090
9932,729764
9933,724078
9934,720839
9935,714693
9936,1231959
9937,1185488
9938,753545
9939,1320969
9940,734494
9941,725665
9942,720226
9943,861047
9944,1238880
9945,700825
9946,704957
9947,1641200
9948,765164
9949,704285
9950,739462
9951,748210
9952,746286
9953,1378333
9954,763125
9955,759457
9956,1658957
9957,805335
9958,756182
9959,753273
9960,752829
9961,755329
9962,1331339
9963,759581
9964,1411517
9965,755374
9966,1309281
9967,762997
9968,763969
9969,756050
9970,1387311
9971,744440
9972,1401357
9973,1182072
9974,906722
9975,1170289
9976,738392
9977,745322
9978,754452
9979,1131614
9980,762980
9981,1243895
9982,791669
9983,1778032
9984,946621
9985,826784
9986,817431
9987,1250648
9988,803827
9989,1364967
9990,837463
9991,816443
9992,1266765
9993,867123
9994,802517
9995,823464
9996,1277028
9997,1394669
9998,820559
9999,816191
