iteration,latency_ns
0,6203608
1,1914470
2,1965784
3,1013425
4,1116830
5,970686
6,1481459
7,982281
8,1396634
9,1546011
10,945423
11,947340
12,1098457
13,1039799
14,1741825
15,1638152
16,1871099
17,1047048
18,1036998
19,975804
20,1016804
21,5581534
22,1069097
23,2372649
24,1534748
25,953900
26,1623806
27,930120
28,1650990
29,947774
30,1043599
31,960880
32,1581303
33,1576896
34,1000760
35,937679
36,1525916
37,1548428
38,934048
39,935407
40,1672510
41,930372
42,1530258
43,1487163
44,1017977
45,943586
46,1546008
47,1498270
48,1007444
49,880710
50,1490695
51,946993
52,943275
53,1575714
54,864886
55,889103
56,890512
57,1501092
58,1414077
59,925295
60,1469493
61,1470158
62,884350
63,883362
64,879339
65,880429
66,13637381
67,2015409
68,910561
69,900462
70,888463
71,1639144
72,1030191
73,1484755
74,1001339
75,1533475
76,868863
77,885857
78,876307
79,871272
80,871363
81,1672746
82,8769861
83,1192485
84,1078436
85,898013
86,1666715
87,1595414
88,1021893
89,1572257
90,881524
91,887794
92,971000
93,1594525
94,1632667
95,858083
96,1411752
97,1187826
98,1783916
99,882842
100,1569469
101,1958998
102,964606
103,1542157
104,1931385
105,1103798
106,980624
107,1867324
108,987812
109,1028737
110,1018134
111,1687872
112,1632617
113,1810066
114,1044883
115,954011
116,1680879
117,937889
118,939988
119,1970530
120,967328
121,1761251
122,1160828
123,1708215
124,1018514
125,2275799
126,1104487
127,1026759
128,1025532
129,1761660
130,1015970
131,1653423
132,1923285
133,1046024
134,1037317
135,1026057
136,1022876
137,2736567
138,2214584
139,1067217
140,1025350
141,15298859
142,1703960
143,1751151
144,968097
145,971418
146,965226
147,951062
148,1521228
149,1063322
150,1562592
151,1036854
152,943904
153,938336
154,926968
155,1522719
156,945308
157,1441170
158,1036676
159,1515639
160,896613
161,882944
162,1397328
163,882354
164,1489955
165,847654
166,1407274
167,1398472
168,1093757
169,891953
170,1394812
171,1490393
172,937638
173,866447
174,1601679
175,1116392
176,1439265
177,1322147
178,856757
179,865630
180,864043
181,1248371
182,910512
183,1451136
184,1396477
185,812993
186,816183
187,801734
188,815963
189,813775
190,1276493
191,1360818
192,1452979
193,812523
194,887703
195,809470
196,1329921
197,833246
198,815774
199,1543706
200,1474433
201,830698
202,821024
203,842561
204,950752
205,1118358
206,2797679
207,1466069
208,981376
209,888145
210,861354
211,1356126
212,987271
213,1426394
214,1262556
215,973776
216,951397
217,1675054
218,1413664
219,2300628
220,923276
221,900144
222,2044170
223,976234
224,872816
225,1649388
226,2281445
227,1773783
228,881693
229,18941237
230,2161395
231,1049464
232,979868
233,1641560
234,1963677
235,1075913
236,1150093
237,1843264
238,1662989
239,1080819
240,1662667
241,1110122
242,1016155
243,955486
244,1575421
245,957183
246,2602316
247,1048741
248,948154
249,942545
250,1630911
251,1020125
252,1647768
253,1020121
254,1684402
255,957505
256,1612278
257,953317
258,1508234
259,958587
260,870433
261,1610683
262,883994
263,863948
264,864494
265,1560593
266,861449
267,1401917
268,998175
269,1929848
270,872280
271,872164
272,1535685
273,1381289
274,933610
275,1326460
276,1029915
277,878455
278,879293
279,1466816
280,951714
281,1435981
282,864216
283,1437241
284,929174
285,1509138
286,1294985
287,922681
288,878699
289,864258
290,1696426
291,925271
292,871577
293,1508551
294,1560894
295,832098
296,820152
297,821895
298,1365010
299,833213
300,1254646
301,888942
302,1263415
303,810251
304,879686
305,818591
306,816137
307,1323333
308,820643
309,1239065
310,1749904
311,1081935
312,1196182
313,965250
314,1384403
315,1379484
316,12802540
317,2102340
318,939083
319,885461
320,973962
321,1380409
322,884246
323,1484657
324,1419521
325,931851
326,870388
327,864659
328,1513079
329,1536160
330,959389
331,874411
332,1390166
333,944593
334,896072
335,875427
336,1524392
337,1442103
338,1222283
339,874060
340,884052
341,1783387
342,897431
343,1663543
344,923519
345,929802
346,960768
347,1196326
348,1685113
349,1786258
350,1045680
351,4056013
352,4928281
353,4284908
354,3254594
355,1972571
356,3379836
357,4643888
358,1159015
359,1080592
360,1058308
361,1787195
362,11013665
363,2307097
364,1447493
365,1061865
366,2180932
367,1021046
368,1012644
369,1125219
370,1015020
371,1633220
372,1027960
373,13714982
374,1922789
375,1845510
376,989104
377,1676083
378,1066495
379,968699
380,947237
381,1746162
382,1499382
383,4737763
384,1625715
385,1081844
386,1887411
387,1827402
388,978902
389,3117827
390,9380568
391,1909129
392,1707657
393,1064802
394,958261
395,958245
396,1771507
397,1610750
398,1424507
399,859677
400,874729
401,874753
402,869826
403,872466
404,1670969
405,1559101
406,1478514
407,894907
408,888302
409,883337
410,1569796
411,901648
412,1562232
413,1088250
414,1057750
415,1058027
416,943503
417,1296571
418,2510568
419,2112828
420,921045
421,985296
422,930199
423,1825300
424,977943
425,1802548
426,1011508
427,1035693
428,933908
429,1779302
430,964622
431,1733845
432,988031
433,883515
434,1759153
435,961925
436,2188558
437,1049782
438,1885312
439,910974
440,17999899
441,1221346
442,1999250
443,962400
444,1780507
445,1728442
446,1129156
447,1866870
448,1825717
449,995247
450,1596739
451,1114236
452,938567
453,1582476
454,945246
455,1572967
456,912772
457,1473595
458,1011088
459,933193
460,927394
461,1550964
462,1066115
463,1740900
464,1496821
465,1008357
466,935626
467,928084
468,1652534
469,944494
470,1640849
471,1031331
472,1474896
473,952132
474,954804
475,1485334
476,946567
477,1015870
478,994524
479,1503566
480,885002
481,883263
482,6108354
483,1120183
484,1796274
485,1707182
486,901664
487,937287
488,1952467
489,1555578
490,1033880
491,1528560
492,939232
493,1522587
494,870661
495,864126
496,954383
497,866323
498,863907
499,1504801
500,896518
501,866836
502,1496813
503,1366212
504,914011
505,859495
506,874444
507,1481087
508,934796
509,879971
510,1617677
511,855056
512,884907
513,881491
514,875651
515,1426395
516,1356009
517,12784515
518,2594233
519,1526647
520,915304
521,1432995
522,1109684
523,1149787
524,2220157
525,813774
526,1351396
527,873638
528,1511529
529,1006036
530,1295831
531,1614084
532,873680
533,881888
534,1834420
535,861396
536,1905660
537,991075
538,1404639
539,900562
540,10977655
541,1199061
542,1897494
543,1618957
544,986295
545,892734
546,879058
547,1667487
548,6342308
549,3855776
550,3382340
551,1694150
552,2815474
553,3331769
554,5926765
555,1786191
556,3942473
557,2476495
558,2978061
559,3197831
560,1587602
561,1452133
562,1449418
563,3739707
564,1726529
565,23618682
566,2454739
567,2203775
568,1626029
569,3941279
570,1446403
571,1022364
572,990496
573,958005
574,1045094
575,948295
576,1017329
577,2919792
578,1057486
579,7582914
580,2124770
581,1177900
582,1692489
583,963995
584,949687
585,932202
586,1070254
587,961644
588,1850835
589,1027498
590,948546
591,1868100
592,974193
593,1906279
594,1919930
595,1726711
596,1064809
597,911408
598,921144
599,1278843
600,2644122
601,2192209
602,2216641
603,1333288
604,1641618
605,1412065
606,1847315
607,2484397
608,1053355
609,1904424
610,1174294
611,1001397
612,2058916
613,1891136
614,2412257
615,987324
616,982930
617,966411
618,2002323
619,1092943
620,4872337
621,1810673
622,936089
623,954610
624,1045755
625,1442499
626,938679
627,16074941
628,2244279
629,1081984
630,957659
631,1554364
632,964565
633,2260859
634,957109
635,935610
636,1061893
637,1719723
638,1591051
639,910107
640,1471029
641,990530
642,936019
643,933304
644,1649581
645,1063418
646,1413767
647,1514045
648,1029729
649,935485
650,1618313
651,951760
652,1655992
653,999352
654,943119
655,1604067
656,1581576
657,2453319
658,1237640
659,868512
660,870359
661,1433359
662,1390038
663,981319
664,1536995
665,862730
666,938022
667,871536
668,1471236
669,868768
670,1368059
671,1520769
672,865064
673,853200
674,859091
675,912945
676,872193
677,1385857
678,3200558
679,1580337
680,981946
681,871491
682,863110
683,2550573
684,1499212
685,918451
686,859970
687,1471608
688,868855
689,866732
690,867579
691,1439927
692,1538783
693,1153199
694,873238
695,1784019
696,872346
697,863981
698,1594458
699,1619350
700,1024049
701,949979
702,2180821
703,1306902
704,1150841
705,22178388
706,5897737
707,2613010
708,2024137
709,1263196
710,1041344
711,1727558
712,1826618
713,1065702
714,969438
715,1772639
716,1418331
717,2296902
718,1712469
719,1027873
720,951723
721,2189826
722,970550
723,1699739
724,1804072
725,968765
726,2312904
727,962987
728,932309
729,980488
730,1820442
731,3130714
732,1133616
733,1016792
734,1027547
735,1517990
736,1031670
737,1981464
738,997092
739,1014652
740,1006346
741,1688582
742,1033206
743,1810144
744,1706467
745,932739
746,940619
747,926093
748,1577408
749,950273
750,1875535
751,1657854
752,1010550
753,953301
754,1564570
755,964817
756,935123
757,1487481
758,1570596
759,924456
760,941124
761,1034764
762,961938
763,1336794
764,1497697
765,1625513
766,921210
767,1520439
768,937856
769,5196338
770,2379502
771,998608
772,916274
773,884477
774,1635694
775,2685370
776,1100150
777,939880
778,898877
779,2548404
780,1654500
781,878380
782,1466481
783,963957
784,1550349
785,879252
786,1791152
787,1045000
788,952619
789,949537
790,1595632
791,1012888
792,2865987
793,2146897
794,3019812
795,1163827
796,1313251
797,3244375
798,1587275
799,920269
800,3488891
801,1120225
802,2179458
803,1158251
804,913383
805,1941434
806,958315
807,1115909
808,866667
809,1548436
810,10126573
811,2607950
812,1151204
813,967877
814,951467
815,1565487
816,6671428
817,1314820
818,1617454
819,1090071
820,1847707
821,1466118
822,2075116
823,1011826
824,1611857
825,1089940
826,1730388
827,1013334
828,1594306
829,1011356
830,932611
831,13764751
832,2430257
833,1030092
834,1039749
835,2019197
836,1011819
837,1753044
838,1969716
839,960157
840,948402
841,1693402
842,1016490
843,2032704
844,1030410
845,944837
846,1708818
847,943672
848,1903284
849,1018262
850,1873842
851,1202944
852,946659
853,1575009
854,1109858
855,5782902
856,3104952
857,3866334
858,3202392
859,2926867
860,1666546
861,2974822
862,1688293
863,2730996
864,3444814
865,1945739
866,2050246
867,3654428
868,4035997
869,4737829
870,1087907
871,3034435
872,2364086
873,1893350
874,1573661
875,1442359
876,3676329
877,1315576
878,2663354
879,1076532
880,31782990
881,1803659
882,1212242
883,2499697
884,1844399
885,1868799
886,1056040
887,1031298
888,1043892
889,2053149
890,2257712
891,1861115
892,1127838
893,1030753
894,1017320
895,2600845
896,1816270
897,1023821
898,1030364
899,1042120
900,11711044
901,3036554
902,1098478
903,988315
904,948881
905,1756034
906,1819864
907,1048675
908,1652927
909,958653
910,1596322
911,953900
912,935535
913,2357737
914,952305
915,946349
916,957803
917,1686211
918,8631339
919,1766740
920,1038701
921,965618
922,971988
923,1594892
924,960930
925,1818769
926,925774
927,1810583
928,961652
929,2497321
930,2805907
931,15250328
932,3039553
933,1040485
934,1956970
935,2118091
936,1056568
937,1748215
938,973420
939,1514883
940,951400
941,1677756
942,1011186
943,1054801
944,1652518
945,1711742
946,1318537
947,2945850
948,1257525
949,2344817
950,1189796
951,2128433
952,1732960
953,992207
954,1840492
955,1273180
956,981979
957,1532050
958,1682246
959,1022298
960,962206
961,1903066
962,1067895
963,1132600
964,957452
965,1785010
966,921268
967,923090
968,1922599
969,1809475
970,948488
971,1636198
972,1445548
973,1001046
974,933846
975,1839888
976,932284
977,941826
978,1757839
979,1533393
980,1087068
981,1026676
982,1651931
983,1025879
984,1633782
985,1016321
986,1956040
987,1479109
988,1103439
989,1020517
990,1019823
991,6948584
992,3089181
993,1656335
994,3378188
995,2794816
996,1786559
997,21274055
998,1606372
999,2519560
1000,8323702
1001,2876834
1002,1158185
1003,995986
1004,1034846
1005,1851541
1006,2451658
1007,984874
1008,1099654
1009,2112419
1010,949798
1011,2398675
1012,1072157
1013,960706
1014,933342
1015,935610
1016,1662307
1017,1104430
1018,2042691
1019,1776266
1020,946366
1021,958873
1022,979674
1023,2140994
1024,2700330
1025,1148726
1026,1788674
1027,1125211
1028,2846610
1029,2891063
1030,2657848
1031,1319921
1032,6448526
1033,2020704
1034,4262955
1035,3275536
1036,2856792
1037,1121972
1038,1036684
1039,13554241
1040,28752863
1041,3107066
1042,1394787
1043,2255027
1044,3037748
1045,1351131
1046,2801372
1047,1197838
1048,2403892
1049,4489054
1050,1638181
1051,2126933
1052,1200275
1053,1069919
1054,1048977
1055,1832854
1056,1975450
1057,1070146
1058,1814858
1059,1463310
1060,1763014
1061,3084944
1062,1197392
1063,1064281
1064,2280169
1065,1101155
1066,1994884
1067,2384309
1068,1062488
1069,1037531
1070,2104364
1071,1332272
1072,2085182
1073,2005417
1074,1052666
1075,1038749
1076,1038506
1077,1905601
1078,1159258
1079,1912347
1080,2167674
1081,1018014
1082,1010332
1083,1919509
1084,999240
1085,1650800
1086,1031059
1087,1127643
1088,2227901
1089,1747545
1090,1028626
1091,1021274
1092,1022533
1093,30653360
1094,2214510
1095,1486941
1096,2248373
1097,1893281
1098,1561963
1099,1540047
1100,1130164
1101,1015098
1102,1897749
1103,1841938
1104,1117358
1105,1821904
1106,1698982
1107,1121014
1108,1123988
1109,1919894
1110,980637
1111,1006287
1112,1004986
1113,1764894
1114,1009361
1115,2949642
1116,1034780
1117,1015156
1118,1016944
1119,1910224
1120,1031926
1121,1882276
1122,1063475
1123,1248252
1124,1686030
1125,1108222
1126,1598920
1127,1979906
1128,1223836
1129,1102381
1130,1770847
1131,1978696
1132,1092034
1133,1005288
1134,1487192
1135,1106123
1136,1014012
1137,1908501
1138,1855114
1139,993066
1140,1626888
1141,1118977
1142,1017646
1143,1671313
1144,1013000
1145,1788860
1146,1070572
1147,1874751
1148,1106417
1149,1651307
1150,1034379
1151,1732758
1152,1090146
1153,1006122
1154,4238444
1155,1212101
1156,1039832
1157,1256298
1158,1007287
1159,1601940
1160,1027374
1161,16346295
1162,2154654
1163,1102343
1164,986614
1165,960285
1166,1958985
1167,1923640
1168,1865965
1169,955643
1170,952446
1171,1555140
1172,1286807
1173,1658214
1174,1701969
1175,1015230
1176,950434
1177,945895
1178,1598602
1179,950661
1180,1645083
1181,1099093
1182,959621
1183,954676
1184,1055264
1185,3175155
1186,2552468
1187,1428774
1188,1239276
1189,2166509
1190,1845526
1191,960174
1192,1827270
1193,1651820
1194,1032062
1195,946717
1196,1038328
1197,1774563
1198,1499877
1199,1556727
1200,993173
1201,941078
1202,939608
1203,1517250
1204,1876444
1205,952297
1206,1512794
1207,999861
1208,932128
1209,933949
1210,1464375
1211,10234772
1212,1199297
1213,2115657
1214,1705199
1215,1741119
1216,951702
1217,944820
1218,1740442
1219,1930567
1220,1764754
1221,1730924
1222,1024689
1223,1019576
1224,16624368
1225,2355948
1226,1880884
1227,1083463
1228,1049869
1229,1264497
1230,1905515
1231,1803734
1232,998443
1233,1789240
1234,1022297
1235,959613
1236,1697388
1237,1501443
1238,1820322
1239,1917906
1240,1009526
1241,1050872
1242,2321578
1243,1628681
1244,1259314
1245,951363
1246,923085
1247,1026659
1248,1908510
1249,1662877
1250,987225
1251,933987
1252,1693775
1253,1547982
1254,1037320
1255,1709421
1256,928695
1257,948563
1258,1023814
1259,1431174
1260,1517565
1261,938521
1262,1681775
1263,925816
1264,951108
1265,940071
1266,941769
1267,1643736
1268,948923
1269,1598400
1270,1762664
1271,944408
1272,938257
1273,1507932
1274,951231
1275,1790772
1276,1613067
1277,1002652
1278,925238
1279,939753
1280,935060
1281,1843746
1282,983383
1283,1468815
1284,1006833
1285,939042
1286,936105
1287,1550534
1288,1056164
1289,1519918
1290,1584575
1291,1030517
1292,946700
1293,938059
1294,930137
1295,1787774
1296,928149
1297,1503306
1298,984924
1299,934114
1300,1041001
1301,958451
1302,1033355
1303,1485300
1304,20154383
1305,2026317
1306,1003677
1307,950074
1308,1911104
1309,2452224
1310,1030873
1311,1023454
1312,2119854
1313,1021992
1314,2003538
1315,1196459
1316,945403
1317,935357
1318,953887
1319,1935078
1320,1425490
1321,1009543
1322,942611
1323,1605165
1324,1037357
1325,1003970
1326,1734741
1327,1644195
1328,1071369
1329,1014243
1330,1795469
1331,1104128
1332,2066248
1333,8295544
1334,1069651
1335,2031865
1336,1076053
1337,1817340
1338,946122
1339,1660948
1340,1118102
1341,940525
1342,939785
1343,1615232
1344,1039352
1345,2220966
1346,928265
1347,933499
1348,1022314
1349,1563153
1350,942842
1351,1615232
1352,1427275
1353,927588
1354,933479
1355,927716
1356,936394
1357,1563121
1358,950971
1359,1610460
1360,999389
1361,948687
1362,939215
1363,932925
1364,1478163
1365,931028
1366,1547540
1367,1005606
1368,1648115
1369,931934
1370,931045
1371,1368802
1372,939542
1373,1657239
1374,1349773
1375,13049094
1376,1081439
1377,1789830
1378,965713
1379,1285473
1380,1979345
1381,1073285
1382,1343651
1383,938881
1384,1656285
1385,1871805
1386,2096996
1387,1128230
1388,942545
1389,933016
1390,1459431
1391,944098
1392,1598602
1393,1392259
1394,2291979
1395,996857
1396,2525401
1397,1784209
1398,1063822
1399,940289
1400,4756508
1401,3196543
1402,4840358
1403,2315857
1404,1006362
1405,953524
1406,945358
1407,1614852
1408,970373
1409,963772
1410,2031370
1411,953052
1412,949401
1413,947642
1414,1148462
1415,3233569
1416,1086437
1417,2125723
1418,958278
1419,942656
1420,1615467
1421,1723051
1422,1011926
1423,959439
1424,1938122
1425,980162
1426,1017370
1427,1828964
1428,1002756
1429,1021120
1430,1666620
1431,1862793
1432,1210420
1433,1837993
1434,1795117
1435,1763085
1436,1157797
1437,1015643
1438,1650296
1439,2027362
1440,1084517
1441,1016205
1442,1508341
1443,1007700
1444,24314678
1445,2079160
1446,1021145
1447,988378
1448,5411061
1449,2249471
1450,1044330
1451,1684175
1452,1035870
1453,956105
1454,943780
1455,1772940
1456,1746947
1457,940901
1458,1705963
1459,931884
1460,1543244
1461,950988
1462,935452
1463,1743073
1464,1012620
1465,1689003
1466,923651
1467,1534525
1468,941834
1469,935613
1470,1811256
1471,928509
1472,1613873
1473,1010836
1474,934081
1475,937564
1476,1580906
1477,942483
1478,1605442
1479,1558808
1480,1062893
1481,944334
1482,935205
1483,1646926
1484,948546
1485,1812693
1486,1038960
1487,919819
1488,959018
1489,1028935
1490,942528
1491,1861702
1492,1059985
1493,995858
1494,949435
1495,941120
1496,1620361
1497,1055714
1498,1579915
1499,1684021
1500,997994
1501,942697
1502,944284
1503,940224
1504,1575210
1505,962809
1506,2319893
1507,1027229
1508,944329
1509,942388
1510,939938
1511,1721093
1512,937360
1513,1527800
1514,1094495
1515,953160
1516,937270
1517,930901
1518,1946057
1519,959269
1520,1623993
1521,924717
1522,1048928
1523,16421582
1524,1193691
1525,988679
1526,3318712
1527,1052818
1528,1026912
1529,1588771
1530,1030501
1531,1768364
1532,1649714
1533,1204716
1534,1012773
1535,1000819
1536,1707140
1537,1739458
1538,1005263
1539,2351339
1540,1182741
1541,1622481
1542,1018588
1543,1651527
1544,958683
1545,1013219
1546,2294370
1547,1298545
1548,1420930
1549,1551459
1550,935878
1551,937192
1552,933114
1553,1538543
1554,1468907
1555,1029679
1556,1641981
1557,915490
1558,935692
1559,1446907
1560,1565342
1561,1029187
1562,946097
1563,1778439
1564,919170
1565,945365
1566,1696249
1567,1367513
1568,1013822
1569,1501294
1570,1405324
1571,984903
1572,1016473
1573,928695
1574,2020076
1575,1009650
1576,1496102
1577,1029361
1578,1005164
1579,931252
1580,1818509
1581,949207
1582,1568433
1583,1399872
1584,908922
1585,932482
1586,1300425
1587,932908
1588,2135079
1589,2067867
1590,953222
1591,941640
1592,932643
1593,1715521
1594,959100
1595,16744163
1596,1221378
1597,1014961
1598,1744667
1599,1199218
1600,1614170
1601,1671027
1602,1046569
1603,959133
1604,947349
1605,1620915
1606,961987
1607,2045021
1608,1664017
1609,941281
1610,946824
1611,937707
1612,1734374
1613,1555450
1614,1384659
1615,8045014
1616,1185100
1617,1852223
1618,1011356
1619,942471
1620,936935
1621,935771
1622,1609747
1623,932706
1624,1699999
1625,1552282
1626,1123517
1627,1104838
1628,932404
1629,1584752
1630,939149
1631,1591175
1632,1459080
1633,1250486
1634,1015214
1635,1007010
1636,1698487
1637,1007812
1638,1595876
1639,1833656
1640,1098148
1641,1033793
1642,1555524
1643,1002959
1644,1016189
1645,2405804
1646,1054512
1647,1022322
1648,1774027
1649,1025519
1650,1617950
1651,1855795
1652,1168247
1653,1015185
1654,1011608
1655,2032005
1656,982710
1657,2349827
1658,1005102
1659,936857
1660,1178210
1661,1678425
1662,954168
1663,1592125
1664,1557362
1665,948183
1666,934065
1667,929579
1668,14441523
1669,2050527
1670,1097701
1671,1718946
1672,960410
1673,947187
1674,941045
1675,924193
1676,1613596
1677,1787649
1678,1611340
1679,1526957
1680,1029629
1681,934804
1682,1987144
1683,1035643
1684,1118387
1685,1558329
1686,912978
1687,936683
1688,923032
1689,1629494
1690,1515842
1691,1639540
1692,1000728
1693,953606
1694,938931
1695,1535979
1696,950979
1697,2182354
1698,1059968
1699,934928
1700,928492
1701,1120973
1702,3422080
1703,1710086
1704,1676748
1705,1048898
1706,953028
1707,1025478
1708,1522302
1709,935869
1710,2304598
1711,1063995
1712,1711871
1713,943858
1714,948687
1715,1117441
1716,1653761
1717,1542315
1718,990178
1719,1607347
1720,938596
1721,1085809
1722,1698756
1723,1627363
1724,1167239
1725,928353
1726,2086450
1727,1193501
1728,1664249
1729,1036597
1730,14197679
1731,18221375
1732,2005153
1733,2129578
1734,2716571
1735,1292795
1736,1284514
1737,2353838
1738,1247793
1739,1801322
1740,1325349
1741,4294281
1742,8524236
1743,5412829
1744,2172750
1745,1031248
1746,1926313
1747,2025343
1748,995816
1749,972248
1750,1663109
1751,957439
1752,956775
1753,3062420
1754,963817
1755,939608
1756,1629461
1757,1531480
1758,1014218
1759,941120
1760,1713386
1761,1747872
1762,955072
1763,1739743
1764,1001529
1765,944159
1766,934395
1767,1148742
1768,1885044
1769,1904433
1770,956114
1771,961802
1772,1627107
1773,1011112
1774,2042294
1775,2379865
1776,1356427
1777,965015
1778,981715
1779,1063834
1780,1018002
1781,2493356
1782,1457882
1783,1018452
1784,1689412
1785,2443922
1786,4404993
1787,1220416
1788,17613563
1789,8754929
1790,4923193
1791,5671224
1792,2987644
1793,6086524
1794,1978919
1795,2013430
1796,3987913
1797,4541595
1798,1846853
1799,3395280
1800,1794060
1801,2858399
1802,1574575
1803,6959270
1804,12247133
1805,2973967
1806,1183021
1807,1063330
1808,1050906
1809,1029064
1810,2624600
1811,1783432
1812,1228636
1813,1089031
1814,1044731
1815,1887468
1816,2083456
1817,1027919
1818,1111753
1819,1876581
1820,16637693
1821,1436117
1822,972582
1823,973863
1824,1582848
1825,1879030
1826,983817
1827,1067771
1828,1707508
1829,987745
1830,1594810
1831,1647702
1832,1073108
1833,1739380
1834,922536
1835,938720
1836,939752
1837,1517296
1838,956808
1839,943445
1840,2283461
1841,1012351
1842,946382
1843,1420472
1844,986485
1845,1569494
1846,1681247
1847,1033487
1848,973280
1849,963850
1850,1915586
1851,1753614
1852,1701325
1853,1809232
1854,1031509
1855,1001104
1856,980815
1857,1775712
1858,1750672
1859,1057519
1860,1032699
1861,2510948
1862,1531356
1863,7026305
1864,1955607
1865,14280158
1866,3525848
1867,1101381
1868,1979344
1869,1156438
1870,1077548
1871,1804589
1872,971335
1873,952801
1874,1699094
1875,1671126
1876,18892687
1877,1375547
1878,1624075
1879,1795337
1880,1000269
1881,992107
1882,945787
1883,1666942
1884,1050369
1885,1568671
1886,1861301
1887,1070848
1888,1094351
1889,936836
1890,1649899
1891,1746662
1892,923689
1893,939604
1894,5142219
1895,2069854
1896,2789113
1897,2901484
1898,1507912
1899,1466862
1900,12644943
1901,2862715
1902,2138309
1903,1325485
1904,1041017
1905,1781895
1906,1090985
1907,1659308
1908,1836952
1909,1175417
1910,970311
1911,1713816
1912,1792148
1913,1076189
1914,955543
1915,993710
1916,2278302
1917,993024
1918,1669651
1919,1012504
1920,953412
1921,1629094
1922,1051823
1923,1736079
1924,2874619
1925,957815
1926,978947
1927,1682362
1928,977055
1929,1628479
1930,1773184
1931,2287287
1932,18112907
1933,3038405
1934,5100108
1935,8927863
1936,1145764
1937,1052954
1938,3269654
1939,4874839
1940,1696913
1941,3317840
1942,1184084
1943,1741771
1944,1162773
1945,1026275
1946,1029208
1947,2205902
1948,1149114
1949,1850256
1950,1975858
1951,1058952
1952,1029018
1953,2132044
1954,2126240
1955,2054314
1956,1229635
1957,1939162
1958,10734084
1959,1174513
1960,1927800
1961,1177210
1962,2456920
1963,1165182
1964,1190258
1965,1027027
1966,2346093
1967,1849814
1968,1131754
1969,1013025
1970,2336601
1971,1019547
1972,1933826
1973,2022121
1974,1106702
1975,1015416
1976,1010687
1977,1988193
1978,21000227
1979,3364674
1980,2072146
1981,1186046
1982,1899827
1983,1027915
1984,1655154
1985,7059684
1986,1596321
1987,1097247
1988,1236583
1989,2445116
1990,2053133
1991,1044924
1992,1750508
1993,1742593
1994,1034429
1995,1027498
1996,1851265
1997,1129556
1998,1013083
1999,1703857
2000,1136405
2001,1022599
2002,1652465
2003,1131233
2004,1491889
2005,1922624
2006,2035884
2007,2130747
2008,1054355
2009,1016812
2010,1035354
2011,1693142
2012,1061352
2013,1740413
2014,1610316
2015,1030476
2016,1018771
2017,1012529
2018,1733762
2019,1135430
2020,1147755
2021,1636971
2022,1119622
2023,1009031
2024,2167071
2025,1089267
2026,1032046
2027,2757472
2028,1768496
2029,1104586
2030,1018555
2031,1010608
2032,1109044
2033,1871310
2034,1817637
2035,1485854
2036,1004091
2037,1023008
2038,1011959
2039,1675149
2040,1795328
2041,1102810
2042,1600147
2043,1105062
2044,1008076
2045,16881854
2046,2124542
2047,1079836
2048,1927489
2049,1040047
2050,1145384
2051,1802681
2052,1033037
2053,1017180
2054,1012748
2055,1008109
2056,1954581
2057,1122224
2058,1826766
2059,1014747
2060,1005676
2061,1636293
2062,1748896
2063,1752556
2064,1011657
2065,1154125
2066,1898662
2067,2225076
2068,1027985
2069,2905545
2070,1047821
2071,5307892
2072,7721169
2073,1245476
2074,1275092
2075,1933909
2076,1034681
2077,2116917
2078,1120746
2079,1659230
2080,1019067
2081,1021876
2082,1621440
2083,1549420
2084,1066226
2085,1103835
2086,1706112
2087,1006507
2088,1008386
2089,1763160
2090,1635806
2091,1897638
2092,1896857
2093,1125380
2094,1765365
2095,1770541
2096,1022901
2097,1017184
2098,1006664
2099,1791003
2100,1652811
2101,1717880
2102,1000488
2103,1016156
2104,1657598
2105,1022463
2106,1036962
2107,2056442
2108,1023854
2109,1015115
2110,1029278
2111,3618071
2112,1659998
2113,10676784
2114,3325623
2115,1236542
2116,2220669
2117,1223534
2118,1130758
2119,2313197
2120,1853957
2121,2580155
2122,1477465
2123,2606161
2124,1259169
2125,1308198
2126,1953937
2127,1019923
2128,2490671
2129,1063483
2130,1051604
2131,2020654
2132,1296414
2133,3459097
2134,1270098
2135,1101047
2136,2632007
2137,1395511
2138,2580316
2139,2079094
2140,1182332
2141,1115058
2142,2097810
2143,1157160
2144,1633080
2145,1824081
2146,1193406
2147,1862173
2148,1143364
2149,1362140
2150,2530588
2151,1092504
2152,2598145
2153,1053442
2154,1049278
2155,1029213
2156,1879137
2157,5050818
2158,1158619
2159,1037766
2160,1037977
2161,1916685
2162,1809793
2163,1124975
2164,1646195
2165,23347287
2166,2586768
2167,1226636
2168,4564449
2169,1498791
2170,2538073
2171,1245550
2172,1076573
2173,1066958
2174,1978192
2175,5894362
2176,1312069
2177,1124603
2178,2165918
2179,1082211
2180,2120656
2181,1042735
2182,1040877
2183,1832103
2184,1064900
2185,1042579
2186,1128098
2187,1895387
2188,1304163
2189,1053728
2190,2104397
2191,1113732
2192,1052889
2193,1049093
2194,2189975
2195,1146974
2196,1465958
2197,5293758
2198,3070169
2199,10091252
2200,1627206
2201,2772532
2202,1128433
2203,2278092
2204,2061253
2205,1077436
2206,1082336
2207,2718307
2208,24584391
2209,1878332
2210,1254604
2211,3170702
2212,1308443
2213,1952988
2214,1223981
2215,1209433
2216,1854535
2217,1039662
2218,1031208
2219,1033367
2220,1735782
2221,2136987
2222,2026557
2223,1101794
2224,1872565
2225,1172613
2226,2882162
2227,2438168
2228,1005515
2229,1588193
2230,1433065
2231,1287157
2232,1031943
2233,2075595
2234,1400071
2235,2247534
2236,1772854
2237,1009724
2238,1651275
2239,2021286
2240,1577433
2241,1700308
2242,1096214
2243,1019931
2244,2227513
2245,995680
2246,1714406
2247,1084694
2248,1524549
2249,1088395
2250,2332094
2251,999947
2252,1024115
2253,2662346
2254,1160044
2255,1031042
2256,1770400
2257,997076
2258,1010918
2259,1546181
2260,1599593
2261,1213741
2262,1752878
2263,1012025
2264,1020592
2265,1018233
2266,1675207
2267,1047536
2268,1981699
2269,2598462
2270,1040067
2271,2810873
2272,1308450
2273,1019084
2274,19529776
2275,1943550
2276,2071171
2277,1888894
2278,1045325
2279,1036123
2280,1022814
2281,1727930
2282,2827667
2283,1214695
2284,1108725
2285,1103901
2286,1903132
2287,2492873
2288,1796200
2289,1138693
2290,1016473
2291,1597412
2292,1012781
2293,1022467
2294,2582840
2295,1114620
2296,1039882
2297,1029435
2298,1613067
2299,1258586
2300,2279876
2301,1008485
2302,1034446
2303,8563672
2304,1998973
2305,1237252
2306,2647075
2307,1140473
2308,1015482
2309,2015140
2310,988861
2311,2319480
2312,1065107
2313,1677991
2314,1758913
2315,1044111
2316,1035610
2317,1026073
2318,1045235
2319,2014219
2320,1813090
2321,1127730
2322,1432582
2323,1023372
2324,2049415
2325,1641238
2326,2531006
2327,964924
2328,947583
2329,946667
2330,940001
2331,1729573
2332,1958436
2333,1012488
2334,933932
2335,937889
2336,1567755
2337,15358111
2338,2393760
2339,1009852
2340,1945218
2341,977593
2342,959133
2343,1612320
2344,1576747
2345,5577882
2346,1161535
2347,2306188
2348,961041
2349,2000179
2350,936101
2351,1649470
2352,1021153
2353,950363
2354,1699652
2355,2687460
2356,903668
2357,928525
2358,923296
2359,1621956
2360,1202105
2361,1963392
2362,1178867
2363,974102
2364,959092
2365,969748
2366,1525891
2367,939926
2368,955961
2369,2328761
2370,1198867
2371,950914
2372,1873231
2373,1732308
2374,1631535
2375,1041666
2376,945610
2377,943338
2378,1074409
2379,1609168
2380,1582175
2381,913218
2382,1485586
2383,999592
2384,943730
2385,930557
2386,1673567
2387,1624500
2388,1397439
2389,1011079
2390,1709161
2391,1001694
2392,1183034
2393,1643674
2394,2030580
2395,1365085
2396,1000827
2397,936039
2398,938183
2399,1594215
2400,940954
2401,1590563
2402,1001438
2403,2313255
2404,956234
2405,942388
2406,1549420
2407,1027849
2408,1407138
2409,1501025
2410,15159254
2411,1953351
2412,1743440
2413,1088820
2414,963111
2415,937840
2416,1583439
2417,1522979
2418,1731358
2419,986671
2420,940364
2421,948084
2422,1154038
2423,6201469
2424,1699396
2425,1095566
2426,1860475
2427,968464
2428,950793
2429,941471
2430,1625653
2431,1611072
2432,2536057
2433,1104603
2434,963697
2435,1642063
2436,977527
2437,1644245
2438,1056685
2439,961467
2440,931582
2441,1024685
2442,1668359
2443,1986330
2444,1018498
2445,940794
2446,1656512
2447,956122
2448,930239
2449,1790620
2450,1007077
2451,929926
2452,1506040
2453,1005147
2454,1556809
2455,941516
2456,1621406
2457,1090502
2458,950735
2459,947014
2460,1517535
2461,2023443
2462,4853605
2463,981240
2464,961979
2465,952053
2466,955341
2467,1623352
2468,967233
2469,1595917
2470,1768992
2471,1024648
2472,1013735
2473,1023302
2474,1593737
2475,1828162
2476,1617003
2477,1074433
2478,1145000
2479,1561356
2480,1627532
2481,913610
2482,927774
2483,261061148
2484,3901613
2485,1874614
2486,5993838
2487,3599239
2488,1447304
2489,1421735
2490,2906553
2491,2528726
2492,2789786
2493,9721740
2494,2222011
2495,19132771
2496,1738215
2497,2773986
2498,3020130
2499,1482281
2500,1471616
2501,1687223
2502,15367930
2503,3720719
2504,1210007
2505,15560278
2506,1323622
2507,1008605
2508,1974260
2509,1137503
2510,1641989
2511,961971
2512,952404
2513,1475676
2514,993913
2515,1762503
2516,940240
2517,1748041
2518,3752694
2519,1686256
2520,1685749
2521,1095003
2522,1443822
2523,1952281
2524,1150927
2525,1735327
2526,1296538
2527,978757
2528,967754
2529,1918762
2530,1122290
2531,2061440
2532,1109622
2533,909699
2534,864424
2535,866910
2536,1845341
2537,991252
2538,1510831
2539,1143736
2540,1629787
2541,915101
2542,887183
2543,1678714
2544,1672324
2545,1071823
2546,880033
2547,1963310
2548,947324
2549,2216178
2550,876014
2551,876088
2552,934048
2553,1112737
2554,1510014
2555,1508593
2556,1789591
2557,964321
2558,949335
2559,942322
2560,1529539
2561,1058952
2562,1569254
2563,1307789
2564,1012446
2565,892118
2566,886811
2567,1421682
2568,1491872
2569,1000798
2570,885737
2571,1544839
2572,886637
2573,866245
2574,874031
2575,1602580
2576,851028
2577,1397435
2578,997031
2579,1432512
2580,876171
2581,870326
2582,965226
2583,886485
2584,869376
2585,1245150
2586,16348310
2587,1010988
2588,912082
2589,1681903
2590,885234
2591,857612
2592,1997027
2593,944729
2594,840780
2595,1420682
2596,1474462
2597,799879
2598,806654
2599,1326324
2600,836336
2601,1694679
2602,833014
2603,837335
2604,842250
2605,1701502
2606,1488857
2607,1180361
2608,2049903
2609,1022256
2610,1500807
2611,1891430
2612,821074
2613,1673072
2614,875728
2615,823655
2616,1482727
2617,920248
2618,830351
2619,1584071
2620,804481
2621,834027
2622,827232
2623,881164
2624,1458728
2625,828265
2626,1651763
2627,889037
2628,888203
2629,887129
2630,1381582
2631,877129
2632,6257909
2633,1058911
2634,905353
2635,1580514
2636,901028
2637,872656
2638,1421946
2639,1582774
2640,821151
2641,840739
2642,830921
2643,821016
2644,1972496
2645,823729
2646,2292821
2647,1720210
2648,888848
2649,823791
2650,843551
2651,866055
2652,1427943
2653,1336208
2654,907327
2655,1389418
2656,1361091
2657,888236
2658,839152
2659,824666
2660,1379777
2661,917174
2662,1215591
2663,816765
2664,1347682
2665,808983
2666,808062
2667,883523
2668,1202696
2669,10962417
2670,880686
2671,1400748
2672,1452024
2673,837955
2674,812676
2675,1244224
2676,873370
2677,899129
2678,827392
2679,1353548
2680,898703
2681,1449634
2682,821007
2683,1381392
2684,798603
2685,1379021
2686,1374527
2687,773955
2688,766772
2689,1200329
2690,1252932
2691,760982
2692,770466
2693,775959
2694,775748
2695,765782
2696,1095441
2697,840222
2698,983557
2699,1547011
2700,776513
2701,772998
2702,771891
2703,769833
2704,786162
2705,1217768
2706,778500
2707,1095731
2708,1355857
2709,760139
2710,763576
2711,766211
2712,763729
2713,770982
2714,1215872
2715,777814
2716,786884
2717,1857390
2718,1011430
2719,843965
2720,850363
2721,1326014
2722,859347
2723,1363734
2724,936204
2725,1714824
2726,1554831
2727,929331
2728,838372
2729,841284
2730,1426940
2731,1035367
2732,1594281
2733,1653666
2734,892784
2735,887212
2736,1749165
2737,876356
2738,938100
2739,907311
2740,1650722
2741,849591
2742,842032
2743,908381
2744,1941026
2745,1149032
2746,2096685
2747,2145183
2748,907848
2749,869971
2750,1629391
2751,1145219
2752,950962
2753,1640242
2754,1982913
2755,975354
2756,1897613
2757,1877117
2758,2840633
2759,1106635
2760,17642015
2761,1200755
2762,2650540
2763,2125707
2764,3921510
2765,4534052
2766,1702890
2767,3581197
2768,3146645
2769,1569270
2770,13312913
2771,5900202
2772,1826361
2773,3079173
2774,2957763
2775,2562080
2776,3486298
2777,4044683
2778,1684968
2779,3183763
2780,5165681
2781,1800871
2782,3230513
2783,1930546
2784,1682840
2785,4419230
2786,1836783
2787,1615946
2788,4102131
2789,30443977
2790,6811206
2791,1847517
2792,5577155
2793,1862029
2794,3407246
2795,2807766
2796,4004051
2797,1940889
2798,1641861
2799,4561057
2800,2567169
2801,1873165
2802,2722594
2803,2984925
2804,1792333
2805,3753091
2806,1643943
2807,5232613
2808,1941749
2809,1618594
2810,2834723
2811,2805953
2812,2653956
2813,1614005
2814,2730574
2815,2806374
2816,1571452
2817,1634054
2818,2231929
2819,2555236
2820,3450928
2821,1668124
2822,5468125
2823,1141506
2824,1010476
2825,2312111
2826,2220433
2827,22051435
2828,1285637
2829,983710
2830,1903764
2831,957927
2832,1029882
2833,1742556
2834,1790821
2835,1756690
2836,1066379
2837,969773
2838,952590
2839,2036032
2840,1921777
2841,1232832
2842,2063459
2843,1027977
2844,1123347
2845,1780210
2846,1102650
2847,2194138
2848,968604
2849,9199055
2850,1110679
2851,1583736
2852,1156462
2853,1080365
2854,965350
2855,1033607
2856,1747108
2857,972111
2858,1652713
2859,1653038
2860,1115392
2861,1054553
2862,1318930
2863,2128685
2864,984127
2865,1859463
2866,1639218
2867,957977
2868,958749
2869,945862
2870,1725595
2871,973702
2872,2800331
2873,984734
2874,975110
2875,967530
2876,1628515
2877,1042632
2878,1543636
2879,1074041
2880,985362
2881,976126
2882,952710
2883,1649924
2884,983053
2885,2348922
2886,1956560
2887,1008654
2888,961859
2889,978373
2890,955601
2891,1808356
2892,2072257
2893,1624467
2894,972054
2895,998576
2896,15531297
2897,2959923
2898,1880888
2899,1117474
2900,974825
2901,1788194
2902,1992154
2903,1740491
2904,968274
2905,2316250
2906,1837580
2907,918038
2908,938980
2909,941834
2910,948422
2911,1800108
2912,1758620
2913,1001298
2914,1505875
2915,943925
2916,949290
2917,947311
2918,1681891
2919,1077263
2920,1518193
2921,950351
2922,935205
2923,930450
2924,932437
2925,1325836
2926,932577
2927,1681185
2928,1023095
2929,951830
2930,952512
2931,944598
2932,1476263
2933,937964
2934,2118710
2935,1016205
2936,1039435
2937,930937
2938,938360
2939,1400777
2940,930165
2941,942305
2942,1035680
2943,1787918
2944,1074012
2945,959476
2946,1523739
2947,959464
2948,1573348
2949,1004359
2950,1660119
2951,962239
2952,1191544
2953,960376
2954,2320797
2955,1005759
2956,956039
2957,1842734
2958,949653
2959,6749161
2960,2016982
2961,903189
2962,1498399
2963,1545569
2964,982459
2965,878344
2966,1337393
2967,969406
2968,910289
2969,11641716
2970,2636463
2971,1135623
2972,989096
2973,916865
2974,906142
2975,895234
2976,1344213
2977,893296
2978,1355262
2979,1600716
2980,889066
2981,869066
2982,873783
2983,872449
2984,875716
2985,1474821
2986,1235674
2987,1491091
2988,1075515
2989,893776
2990,875283
2991,1353181
2992,885092
2993,1204918
2994,974589
2995,1439926
2996,1375349
2997,1069919
2998,1054227
2999,875266
3000,1401037
3001,1302862
3002,922862
3003,866344
3004,1576392
3005,965284
3006,886675
3007,973425
3008,1432181
3009,1488848
3010,858496
3011,1320281
3012,1430137
3013,882977
3014,877806
3015,1406882
3016,967654
3017,1283986
3018,883668
3019,939971
3020,1504933
3021,875258
3022,868583
3023,1262907
3024,1423458
3025,871689
3026,811903
3027,1570841
3028,900384
3029,825786
3030,1473008
3031,871358
3032,818822
3033,824799
3034,936576
3035,812808
3036,1335192
3037,1464929
3038,1413614
3039,825497
3040,803865
3041,806426
3042,807145
3043,813865
3044,1325811
3045,1263188
3046,1419765
3047,791283
3048,820470
3049,806005
3050,813716
3051,1356394
3052,817136
3053,1429422
3054,1401401
3055,1399905
3056,814890
3057,812131
3058,812197
3059,815336
3060,1300726
3061,800115
3062,1415098
3063,11116573
3064,928711
3065,928385
3066,1582485
3067,846352
3068,826501
3069,1470525
3070,1303329
3071,888773
3072,896963
3073,823321
3074,819615
3075,1868844
3076,964672
3077,1366964
3078,833609
3079,1464904
3080,825749
3081,845303
3082,2282346
3083,994305
3084,821486
3085,7360661
3086,1164587
3087,925011
3088,1522765
3089,1032657
3090,1549560
3091,897625
3092,1275468
3093,1181427
3094,1645026
3095,1683101
3096,941517
3097,1203844
3098,2241450
3099,1862557
3100,1131811
3101,1777389
3102,1613563
3103,945201
3104,960930
3105,1004631
3106,1489208
3107,1007758
3108,8804244
3109,1392437
3110,1035681
3111,1833602
3112,939608
3113,1561600
3114,1695369
3115,957737
3116,935928
3117,990984
3118,937393
3119,1785262
3120,1754593
3121,1573760
3122,940860
3123,935407
3124,929881
3125,933371
3126,1586235
3127,953322
3128,1451000
3129,1005941
3130,942070
3131,949257
3132,947447
3133,12985698
3134,2321554
3135,988894
3136,1820199
3137,941958
3138,926163
3139,1701507
3140,932788
3141,1699412
3142,1442764
3143,1003726
3144,946952
3145,937588
3146,1436019
3147,1599693
3148,943730
3149,1114818
3150,1888208
3151,946683
3152,874502
3153,1480765
3154,1479906
3155,941450
3156,880492
3157,1484032
3158,956019
3159,875506
3160,1330408
3161,922057
3162,858443
3163,859744
3164,1484673
3165,882515
3166,880169
3167,1614050
3168,3593106
3169,1037188
3170,891982
3171,895403
3172,1505404
3173,949281
3174,1479464
3175,850152
3176,853432
3177,854877
3178,858484
3179,1522067
3180,875609
3181,1285993
3182,1581696
3183,849541
3184,868480
3185,864956
3186,865249
3187,865998
3188,1464409
3189,876567
3190,966613
3191,1553896
3192,884019
3193,872470
3194,873251
3195,859653
3196,1548118
3197,2110304
3198,925775
3199,866861
3200,942119
3201,1351404
3202,878187
3203,1752817
3204,1536936
3205,928216
3206,1569482
3207,870363
3208,952198
3209,884242
3210,1540972
3211,1444424
3212,918599
3213,1420611
3214,854609
3215,858996
3216,861061
3217,849459
3218,1511125
3219,15736640
3220,1473921
3221,1932021
3222,1121501
3223,2067739
3224,1698066
3225,1534719
3226,1185409
3227,946333
3228,928394
3229,1681952
3230,957551
3231,1879075
3232,1791148
3233,1026725
3234,1268834
3235,1965020
3236,2034860
3237,935263
3238,934301
3239,1670729
3240,1673778
3241,1594492
3242,942859
3243,1025978
3244,1649656
3245,942078
3246,7565347
3247,2464925
3248,1503211
3249,973532
3250,7657645
3251,1240738
3252,2475218
3253,2167744
3254,1128366
3255,3025810
3256,1349029
3257,2359931
3258,1940018
3259,1196546
3260,1390864
3261,1879191
3262,2054050
3263,1231800
3264,2019882
3265,1179065
3266,2055074
3267,1759805
3268,3777655
3269,1149329
3270,1067453
3271,2544496
3272,1073046
3273,1144273
3274,1087309
3275,1124781
3276,1021166
3277,20199675
3278,1919493
3279,4701344
3280,1450604
3281,2325696
3282,1173427
3283,3803244
3284,4284558
3285,1088444
3286,1033334
3287,1161064
3288,2929862
3289,1051480
3290,14589959
3291,3834029
3292,2810248
3293,1310858
3294,1188329
3295,1150635
3296,1143063
3297,2721396
3298,1272593
3299,1146078
3300,2316411
3301,1195748
3302,1921183
3303,1020741
3304,1880562
3305,1034227
3306,1024478
3307,1023933
3308,1866233
3309,1814386
3310,1917494
3311,1110526
3312,1032248
3313,1013454
3314,2000187
3315,1038043
3316,1715059
3317,1010149
3318,1143670
3319,1025020
3320,1517371
3321,1037440
3322,1679078
3323,1874590
3324,1043706
3325,1037246
3326,1113480
3327,1676033
3328,1663761
3329,1598870
3330,998836
3331,1021641
3332,15521041
3333,2907924
3334,6142575
3335,1746460
3336,1118469
3337,984173
3338,1567296
3339,937489
3340,1541455
3341,1028353
3342,949178
3343,1481509
3344,1417910
3345,927604
3346,930434
3347,947964
3348,946258
3349,1475375
3350,1491571
3351,1719152
3352,932379
3353,947588
3354,952037
3355,1591101
3356,983197
3357,1886072
3358,1093913
3359,953850
3360,945738
3361,1166178
3362,1625240
3363,1532129
3364,1539150
3365,1004329
3366,1925222
3367,951979
3368,931962
3369,929426
3370,1779293
3371,1005623
3372,976770
3373,946464
3374,1139284
3375,960000
3376,964573
3377,7416544
3378,2326151
3379,2285878
3380,979629
3381,949182
3382,1716703
3383,1597731
3384,1122182
3385,1612117
3386,1061880
3387,939352
3388,1599341
3389,1720631
3390,1475684
3391,1001690
3392,1692964
3393,946304
3394,948592
3395,1433305
3396,938505
3397,1555669
3398,1450113
3399,1009224
3400,1586066
3401,13066244
3402,2216642
3403,1954834
3404,1124537
3405,1823870
3406,969162
3407,1503207
3408,1599139
3409,1011087
3410,942891
3411,1732919
3412,1517283
3413,1035900
3414,1591278
3415,1006886
3416,946778
3417,935684
3418,1606371
3419,1719966
3420,933511
3421,1763275
3422,1040167
3423,934870
3424,931430
3425,1744968
3426,1824006
3427,966614
3428,1562406
3429,1755063
3430,1012095
3431,926101
3432,1489658
3433,954862
3434,961863
3435,1451600
3436,966836
3437,1062021
3438,936163
3439,1983661
3440,1008262
3441,933528
3442,1645319
3443,973784
3444,1018849
3445,2053051
3446,1037667
3447,2455499
3448,1778625
3449,1062496
3450,970406
3451,963173
3452,1729152
3453,1499327
3454,1416601
3455,909649
3456,940661
3457,948245
3458,931570
3459,1588734
3460,2241730
3461,1483826
3462,1610238
3463,2856536
3464,2448321
3465,3937842
3466,1509969
3467,3038636
3468,2811120
3469,24741459
3470,2394029
3471,1196579
3472,3030610
3473,1163459
3474,1048857
3475,5327810
3476,8091858
3477,2025446
3478,4206879
3479,2339724
3480,2066255
3481,1738929
3482,1055251
3483,1174232
3484,1014243
3485,1810016
3486,1636978
3487,1936308
3488,1007762
3489,1013437
3490,1588903
3491,944267
3492,922995
3493,1643315
3494,1740248
3495,957472
3496,946134
3497,946163
3498,1798859
3499,943143
3500,1686566
3501,1532934
3502,971082
3503,938522
3504,939881
3505,940653
3506,2507144
3507,1019728
3508,925345
3509,1614348
3510,942991
3511,953160
3512,1546346
3513,998642
3514,948294
3515,1574215
3516,1844631
3517,959963
3518,1417861
3519,1527912
3520,915506
3521,1443475
3522,1061741
3523,1563454
3524,929467
3525,1523677
3526,978390
3527,947807
3528,933086
3529,1557441
3530,1575111
3531,1035520
3532,1445829
3533,918968
3534,945498
3535,939703
3536,943065
3537,16462851
3538,1786150
3539,1013032
3540,1112117
3541,4624730
3542,2541671
3543,1164091
3544,1027061
3545,1860579
3546,1049605
3547,1964962
3548,1647475
3549,984953
3550,992855
3551,991302
3552,1376709
3553,2874194
3554,1407080
3555,1017043
3556,1862871
3557,1061434
3558,3592977
3559,1619193
3560,1217545
3561,1992236
3562,2074798
3563,1031365
3564,1916263
3565,1038391
3566,2547474
3567,1011959
3568,981703
3569,1000901
3570,972087
3571,1533409
3572,1630886
3573,1815432
3574,1059894
3575,970579
3576,1046994
3577,957700
3578,1760342
3579,1672906
3580,1489749
3581,1085858
3582,961199
3583,949385
3584,937001
3585,10299007
3586,1451285
3587,1092278
3588,1059324
3589,1963681
3590,1829677
3591,1109647
3592,1554714
3593,1148796
3594,1047135
3595,1699656
3596,1769781
3597,15225496
3598,2393921
3599,1064153
3600,2055768
3601,2786279
3602,1181543
3603,1723977
3604,1129094
3605,1681709
3606,948733
3607,940608
3608,1062777
3609,943808
3610,1520584
3611,1872140
3612,1596243
3613,989211
3614,931470
3615,934837
3616,1429496
3617,1460220
3618,1019695
3619,1428249
3620,931756
3621,955168
3622,953998
3623,1015623
3624,947522
3625,1841693
3626,916403
3627,934945
3628,940508
3629,1615116
3630,957642
3631,1469443
3632,985713
3633,1546826
3634,934416
3635,927369
3636,931412
3637,927274
3638,1923087
3639,1620709
3640,938707
3641,1632543
3642,931863
3643,930776
3644,1754642
3645,1052595
3646,944436
3647,941086
3648,1589816
3649,1573240
3650,1558263
3651,984792
3652,935391
3653,939009
3654,1453871
3655,1542897
3656,1043656
3657,1631625
3658,968658
3659,973953
3660,1675843
3661,968935
3662,1622679
3663,1803627
3664,2604638
3665,1544049
3666,970310
3667,2994898
3668,4744149
3669,27818930
3670,3032464
3671,2590457
3672,1378612
3673,1062199
3674,2001567
3675,2202689
3676,2122704
3677,1058106
3678,1023872
3679,1022144
3680,1607697
3681,1557523
3682,1883036
3683,1028311
3684,1020592
3685,1019109
3686,1678838
3687,1033049
3688,1591027
3689,1746790
3690,1108214
3691,1044094
3692,1040976
3693,1600122
3694,1729140
3695,1649238
3696,1105326
3697,5911859
3698,2206708
3699,1043115
3700,1780714
3701,1599973
3702,1017894
3703,1666682
3704,959368
3705,1484796
3706,1610056
3707,1021558
3708,931743
3709,1517552
3710,1536726
3711,935928
3712,1487700
3713,1440372
3714,988204
3715,948245
3716,1514801
3717,1547449
3718,952021
3719,946080
3720,3310992
3721,1661267
3722,1002731
3723,938092
3724,1642539
3725,936907
3726,935436
3727,1525685
3728,980690
3729,951062
3730,945023
3731,1508374
3732,1923924
3733,1391632
3734,2076289
3735,931111
3736,14561619
3737,1621894
3738,2040312
3739,1031748
3740,981285
3741,961306
3742,968555
3743,1747814
3744,2554571
3745,1295952
3746,978567
3747,949294
3748,1642097
3749,943210
3750,1545850
3751,1822049
3752,964214
3753,939546
3754,938740
3755,1085194
3756,1649173
3757,1499245
3758,1602770
3759,943541
3760,1009394
3761,933275
3762,938856
3763,1600514
3764,1446651
3765,1862239
3766,947287
3767,959430
3768,1027985
3769,1579775
3770,953111
3771,1579857
3772,2238054
3773,1091509
3774,969335
3775,1960902
3776,2127880
3777,1294237
3778,1053004
3779,2860270
3780,1057767
3781,1049733
3782,2051684
3783,1018271
3784,2346073
3785,2261697
3786,1024958
3787,2239512
3788,1019828
3789,1928122
3790,1026994
3791,1508626
3792,2623650
3793,1172361
3794,1902586
3795,1159143
3796,1001625
3797,1587041
3798,1056097
3799,1795832
3800,980261
3801,1673361
3802,1864478
3803,1037060
3804,1034781
3805,1688351
3806,1642745
3807,1580167
3808,1088225
3809,941801
3810,14264318
3811,1060009
3812,1810689
3813,2409113
3814,963206
3815,947064
3816,1552943
3817,953329
3818,1618454
3819,1414354
3820,1015651
3821,962207
3822,1001723
3823,6611345
3824,1153233
3825,1582377
3826,1791772
3827,964548
3828,941678
3829,933854
3830,1635467
3831,1056763
3832,1644472
3833,953759
3834,1008811
3835,933714
3836,1558866
3837,936271
3838,1618454
3839,1942360
3840,1064508
3841,958700
3842,1060774
3843,1511959
3844,1448547
3845,1023185
3846,949323
3847,1534826
3848,960476
3849,1464375
3850,2060209
3851,1122844
3852,1902405
3853,1053541
3854,3094229
3855,2026024
3856,3471027
3857,1064876
3858,964655
3859,2073968
3860,1097433
3861,3069544
3862,2006701
3863,2521365
3864,1591320
3865,948637
3866,2843777
3867,941248
3868,2060192
3869,1832449
3870,1794675
3871,970831
3872,1100175
3873,943304
3874,928840
3875,2005863
3876,2199240
3877,17660330
3878,1758009
3879,2282185
3880,2025004
3881,2468655
3882,1143438
3883,1103529
3884,1109845
3885,2118818
3886,1794932
3887,1209767
3888,1027159
3889,1623386
3890,1634261
3891,1107119
3892,1036023
3893,1591249
3894,1933103
3895,1036486
3896,1882644
3897,1028163
3898,1714394
3899,1085628
3900,1706678
3901,1829616
3902,1250122
3903,1023822
3904,1016473
3905,1021112
3906,2318307
3907,1690771
3908,989034
3909,1085582
3910,1152191
3911,1547779
3912,1677706
3913,1112959
3914,1678838
3915,1435982
3916,2072299
3917,1599960
3918,1068308
3919,1758376
3920,1089688
3921,2067388
3922,2655803
3923,1017931
3924,1130882
3925,1560270
3926,1401769
3927,1036718
3928,935944
3929,1701763
3930,1052852
3931,942706
3932,1493859
3933,1578515
3934,1040720
3935,1520864
3936,936229
3937,953470
3938,1184372
3939,972363
3940,1551315
3941,1498373
3942,912024
3943,940917
3944,940979
3945,940843
3946,1780838
3947,952479
3948,1578668
3949,1569547
3950,952020
3951,944234
3952,20674310
3953,1838108
3954,1809600
3955,989005
3956,966853
3957,956432
3958,7448213
3959,1474454
3960,1735889
3961,1273163
3962,952590
3963,1550559
3964,1062542
3965,2219008
3966,1658743
3967,1631395
3968,1114674
3969,1683720
3970,1009596
3971,1018588
3972,1861971
3973,2130338
3974,1107875
3975,2102485
3976,1013368
3977,1125087
3978,1236331
3979,1909542
3980,1869975
3981,2313247
3982,1029758
3983,1013591
3984,2275790
3985,2623870
3986,2242221
3987,1211828
3988,1745931
3989,1030753
3990,963817
3991,2330054
3992,919381
3993,928554
3994,933544
3995,927963
3996,1557994
3997,940876
3998,1997776
3999,1085776
4000,1055577
4001,955511
4002,948133
4003,1449451
4004,930182
4005,1595508
4006,983342
4007,928133
4008,988125
4009,950029
4010,1746406
4011,1411148
4012,1537370
4013,1363346
4014,1615769
4015,945684
4016,1679449
4017,1763671
4018,906629
4019,1496437
4020,943713
4021,15215131
4022,1133377
4023,1781503
4024,930170
4025,944205
4026,2080308
4027,1397555
4028,2576430
4029,1083216
4030,6972703
4031,3614176
4032,2278806
4033,9312785
4034,1352553
4035,3179310
4036,1632823
4037,1134038
4038,2358923
4039,1079659
4040,1807394
4041,1670961
4042,1012277
4043,1193009
4044,1692663
4045,1637958
4046,1032628
4047,1751197
4048,914944
4049,941338
4050,1668140
4051,975300
4052,946952
4053,2229496
4054,920892
4055,945105
4056,946845
4057,949939
4058,1520088
4059,1202617
4060,9620851
4061,1268921
4062,1034252
4063,1015569
4064,1008981
4065,2157021
4066,1753300
4067,1072430
4068,2352210
4069,1042955
4070,1867477
4071,1025709
4072,15491049
4073,2220466
4074,1206789
4075,1046184
4076,1855704
4077,1847824
4078,1684737
4079,1704286
4080,1092356
4081,1015635
4082,1635463
4083,1109874
4084,1627028
4085,1699632
4086,1664381
4087,1006221
4088,1482426
4089,1404866
4090,990707
4091,941966
4092,941174
4093,2134200
4094,1011005
4095,950921
4096,1495631
4097,914672
4098,942421
4099,939174
4100,1574674
4101,1807216
4102,1133141
4103,2447305
4104,950810
4105,1589895
4106,1022157
4107,1705484
4108,1697802
4109,1592411
4110,989641
4111,931268
4112,925349
4113,2035268
4114,1010232
4115,955754
4116,1970043
4117,931983
4118,939402
4119,1470976
4120,1464210
4121,1007201
4122,1592687
4123,912032
4124,1073475
4125,1101543
4126,1669375
4127,1588846
4128,1109940
4129,1511992
4130,952941
4131,958306
4132,940509
4133,1818587
4134,1491394
4135,1112624
4136,967725
4137,964478
4138,964296
4139,1655480
4140,1523570
4141,976895
4142,931917
4143,1784692
4144,942387
4145,943635
4146,1419959
4147,1036387
4148,1918369
4149,942247
4150,1513661
4151,14726519
4152,1945557
4153,1099762
4154,1609870
4155,1645888
4156,1069977
4157,1536296
4158,1590246
4159,996230
4160,958848
4161,1041856
4162,1356254
4163,1736493
4164,934895
4165,1495362
4166,948394
4167,940351
4168,946114
4169,1713147
4170,1593281
4171,1123063
4172,1567251
4173,952508
4174,954486
4175,1472619
4176,927262
4177,1145760
4178,936497
4179,1724304
4180,940112
4181,1535132
4182,1553653
4183,996403
4184,932301
4185,1603653
4186,1529964
4187,946456
4188,941901
4189,6069171
4190,1880278
4191,963289
4192,1525904
4193,1694547
4194,1561654
4195,1042988
4196,1013483
4197,948171
4198,1635158
4199,1459666
4200,1031372
4201,1640622
4202,905733
4203,917357
4204,933779
4205,1551142
4206,1129035
4207,1797282
4208,1079712
4209,934275
4210,931549
4211,927274
4212,1509390
4213,998712
4214,2251243
4215,995974
4216,943730
4217,929442
4218,924163
4219,1443623
4220,923156
4221,1631989
4222,1014710
4223,1550080
4224,939451
4225,939587
4226,1404168
4227,13254106
4228,1049732
4229,1966440
4230,1083847
4231,975234
4232,1654951
4233,924837
4234,939149
4235,1577416
4236,1712927
4237,1036292
4238,1429389
4239,1763201
4240,931033
4241,943528
4242,1017672
4243,926184
4244,1747691
4245,941045
4246,1770859
4247,926246
4248,1507964
4249,2220082
4250,1841421
4251,6638804
4252,2300293
4253,3087359
4254,3058950
4255,1343457
4256,9447554
4257,1335754
4258,1731404
4259,1192634
4260,1154811
4261,961021
4262,1747913
4263,1777501
4264,1773180
4265,963582
4266,936130
4267,1045346
4268,955159
4269,1361937
4270,1661663
4271,1796477
4272,959050
4273,943292
4274,927778
4275,930083
4276,1055462
4277,1787186
4278,934341
4279,1726352
4280,1422599
4281,8645249
4282,1401309
4283,947489
4284,16320400
4285,2769901
4286,1096437
4287,973214
4288,1708996
4289,1308918
4290,946498
4291,3633730
4292,1218784
4293,1328674
4294,1884491
4295,1062814
4296,1615818
4297,1146801
4298,6790478
4299,1126788
4300,1798389
4301,1971513
4302,941995
4303,943255
4304,939575
4305,1618991
4306,988819
4307,1757562
4308,1069523
4309,951492
4310,938377
4311,936163
4312,1586301
4313,940632
4314,1787232
4315,1828757
4316,923643
4317,940838
4318,940347
4319,1334328
4320,1443305
4321,1033471
4322,1027122
4323,1660573
4324,914659
4325,932305
4326,1548283
4327,1507944
4328,1039737
4329,1472934
4330,1900063
4331,1014611
4332,930145
4333,1547052
4334,1006791
4335,1458737
4336,944664
4337,1656120
4338,1097011
4339,929389
4340,918183
4341,1537036
4342,1474243
4343,1587185
4344,959621
4345,945196
4346,1032281
4347,2080882
4348,1196694
4349,1870483
4350,2406404
4351,1039753
4352,954726
4353,1191667
4354,2010225
4355,944503
4356,949798
4357,1036528
4358,930149
4359,16787269
4360,1537655
4361,1913673
4362,966936
4363,1612626
4364,992707
4365,1149717
4366,2597409
4367,3659872
4368,1151419
4369,1028345
4370,1297278
4371,1777233
4372,1031377
4373,1892260
4374,1827976
4375,1015904
4376,1013136
4377,1003975
4378,3965178
4379,1917482
4380,1161366
4381,1077499
4382,1820892
4383,1240123
4384,2127219
4385,1609977
4386,1037531
4387,1021827
4388,1022025
4389,1009935
4390,1025123
4391,1243973
4392,996850
4393,1086044
4394,1885573
4395,1022884
4396,1021517
4397,1115537
4398,1855618
4399,1025970
4400,1612856
4401,1013677
4402,1038382
4403,1411789
4404,936254
4405,940459
4406,1577751
4407,1072004
4408,935457
4409,2267377
4410,945961
4411,944292
4412,1556375
4413,969361
4414,940223
4415,1829467
4416,3235230
4417,1033194
4418,966039
4419,962367
4420,1058031
4421,962272
4422,1036560
4423,2049626
4424,942830
4425,935659
4426,944160
4427,1010600
4428,934585
4429,1027370
4430,903082
4431,1661461
4432,967089
4433,948782
4434,1555326
4435,1622493
4436,17401025
4437,1991381
4438,1034561
4439,978113
4440,1512509
4441,1882846
4442,1090274
4443,943698
4444,943887
4445,952970
4446,1566895
4447,1801838
4448,1156669
4449,943854
4450,1011925
4451,936022
4452,1569874
4453,942706
4454,1875647
4455,931322
4456,948580
4457,943103
4458,1516126
4459,1072806
4460,955602
4461,1071026
4462,1041996
4463,952731
4464,941330
4465,1543319
4466,949968
4467,1876262
4468,1057122
4469,1518688
4470,1036106
4471,955275
4472,947204
4473,1697194
4474,1498844
4475,1604777
4476,1006792
4477,1766088
4478,946523
4479,958844
4480,1790855
4481,1008369
4482,936221
4483,1095809
4484,2284131
4485,1092390
4486,1716360
4487,990215
4488,1004685
4489,1629106
4490,1085070
4491,1595322
4492,1818443
4493,1050947
4494,1012293
4495,1018923
4496,1021835
4497,1890739
4498,2045908
4499,2173390
4500,1128370
4501,1114025
4502,1676917
4503,1107577
4504,2751562
4505,1200664
4506,1036858
4507,1007436
4508,1601828
4509,1017890
4510,1730664
4511,1201746
4512,1646285
4513,1094954
4514,1550737
4515,16762841
4516,1136396
4517,1861442
4518,1886932
4519,1053053
4520,1023557
4521,1738575
4522,1005796
4523,1625971
4524,1017061
4525,933202
4526,936944
4527,1625591
4528,1528180
4529,1528270
4530,1072083
4531,1578230
4532,936167
4533,1625955
4534,1616401
4535,1225835
4536,931281
4537,1553509
4538,1015334
4539,935279
4540,1613682
4541,1623414
4542,997114
4543,953429
4544,1472256
4545,931801
4546,990277
4547,1503574
4548,1189569
4549,941615
4550,929165
4551,1529361
4552,923164
4553,926766
4554,1513669
4555,1030914
4556,930827
4557,930855
4558,1430244
4559,1591604
4560,940479
4561,936278
4562,1451439
4563,913028
4564,1680816
4565,1018956
4566,1850805
4567,950508
4568,1541583
4569,921252
4570,942276
4571,1545458
4572,1087908
4573,1027118
4574,8048404
4575,1195228
4576,971290
4577,937588
4578,2012063
4579,941004
4580,930793
4581,1557123
4582,929281
4583,1818844
4584,1024107
4585,1712952
4586,1008638
4587,13800104
4588,1161221
4589,2120759
4590,2051704
4591,1050261
4592,1730511
4593,1066114
4594,1019955
4595,1801053
4596,1628924
4597,1096515
4598,1666013
4599,1002599
4600,1021794
4601,1645587
4602,1922162
4603,3080458
4604,1680652
4605,926122
4606,928410
4607,924131
4608,932135
4609,1603703
4610,1607346
4611,1580989
4612,911970
4613,936432
4614,927703
4615,936130
4616,1558978
4617,1015618
4618,1466019
4619,1604599
4620,927716
4621,942148
4622,946002
4623,942908
4624,1596958
4625,1534937
4626,1048204
4627,1621535
4628,943713
4629,943362
4630,1560997
4631,1598945
4632,999877
4633,941285
4634,1666958
4635,932722
4636,933210
4637,1530171
4638,985031
4639,936096
4640,934490
4641,2039300
4642,996787
4643,876323
4644,1426907
4645,848913
4646,885671
4647,882069
4648,1409959
4649,1436490
4650,925138
4651,1513822
4652,964136
4653,6668581
4654,30527183
4655,4868053
4656,1901690
4657,6155400
4658,1860595
4659,3296804
4660,3167443
4661,3237559
4662,1694265
4663,1657132
4664,3289860
4665,5682369
4666,6435874
4667,3157529
4668,1241229
4669,1079271
4670,9507946
4671,2476941
4672,3352542
4673,1772556
4674,1152758
4675,2004686
4676,2107504
4677,1636306
4678,1261469
4679,1023119
4680,1017003
4681,1971187
4682,1036073
4683,2070667
4684,1004643
4685,1014879
4686,1831070
4687,986452
4688,942768
4689,2991448
4690,1094842
4691,938728
4692,928017
4693,1241734
4694,2452439
4695,14642747
4696,2122510
4697,1175067
4698,987109
4699,1688718
4700,1719958
4701,1498440
4702,1007246
4703,1868910
4704,1138366
4705,1818364
4706,930397
4707,933635
4708,1559779
4709,1519014
4710,1031736
4711,1441917
4712,1910740
4713,997093
4714,938847
4715,1534888
4716,1012834
4717,1627454
4718,1628780
4719,919583
4720,1185815
4721,1545974
4722,957724
4723,946320
4724,1711552
4725,1587936
4726,925816
4727,940215
4728,940199
4729,1568449
4730,892614
4731,1486560
4732,1045772
4733,1460096
4734,879562
4735,889942
4736,898760
4737,1882280
4738,1699152
4739,1054843
4740,935961
4741,1063983
4742,1838067
4743,994792
4744,2306894
4745,904044
4746,1720478
4747,2347832
4748,974111
4749,1734725
4750,959500
4751,1364911
4752,1685727
4753,983734
4754,901219
4755,1725203
4756,1519692
4757,978584
4758,2022584
4759,981256
4760,1467263
4761,2199025
4762,922032
4763,888034
4764,870627
4765,1851090
4766,1299141
4767,1965541
4768,940004
4769,930524
4770,942987
4771,1510204
4772,939847
4773,15149897
4774,2761553
4775,1120394
4776,1038943
4777,1976408
4778,1210693
4779,1712659
4780,1792841
4781,997795
4782,1011839
4783,1627239
4784,1016481
4785,1760834
4786,1222729
4787,1050856
4788,1016056
4789,1006659
4790,1758888
4791,987415
4792,1587292
4793,995548
4794,931777
4795,5122235
4796,2102349
4797,988795
4798,2121932
4799,1066520
4800,1597974
4801,949906
4802,941533
4803,1672862
4804,1613604
4805,1028808
4806,1688660
4807,881036
4808,868872
4809,871458
4810,1686203
4811,974119
4812,1594381
4813,1963376
4814,879814
4815,872664
4816,1550836
4817,1012587
4818,1407113
4819,901830
4820,1294618
4821,948856
4822,1106165
4823,1728095
4824,1604583
4825,867059
4826,1597929
4827,1456379
4828,870565
4829,873151
4830,5448781
4831,916638
4832,1755331
4833,1390719
4834,965122
4835,1490262
4836,968022
4837,1600254
4838,899537
4839,924870
4840,1567441
4841,1666558
4842,1114917
4843,1385610
4844,921975
4845,889298
4846,1019018
4847,37584182
4848,1903986
4849,2790707
4850,1536631
4851,3597971
4852,3110243
4853,1601766
4854,7238252
4855,1614980
4856,1172836
4857,2122183
4858,1937006
4859,1433350
4860,2162407
4861,3858118
4862,1056032
4863,2057078
4864,1261428
4865,1917469
4866,1995375
4867,1999428
4868,1155971
4869,1067494
4870,1026693
4871,1994484
4872,1859530
4873,1691829
4874,1090923
4875,1011282
4876,1516858
4877,1092137
4878,1911781
4879,1693225
4880,1003103
4881,1015540
4882,1012045
4883,1654191
4884,997767
4885,1783841
4886,1558680
4887,1025350
4888,930083
4889,933796
4890,1532570
4891,1478700
4892,997844
4893,1041947
4894,2053182
4895,1004048
4896,937824
4897,1545202
4898,917055
4899,941616
4900,939636
4901,1581092
4902,1768422
4903,1589568
4904,922090
4905,946700
4906,946130
4907,16833366
4908,2653840
4909,1031694
4910,1495714
4911,918794
4912,893366
4913,947427
4914,2016561
4915,870644
4916,892867
4917,1431946
4918,1523962
4919,882982
4920,871297
4921,1639622
4922,1771544
4923,869161
4924,1562968
4925,2055322
4926,1366580
4927,2954711
4928,3322744
4929,1052620
4930,911805
4931,958576
4932,1638482
4933,938447
4934,1739231
4935,1017866
4936,1671238
4937,897360
4938,1667025
4939,1724795
4940,1713655
4941,1338884
4942,1732949
4943,1140060
4944,2408560
4945,875721
4946,1390860
4947,961384
4948,1949840
4949,1007948
4950,946366
4951,1617061
4952,932437
4953,1634831
4954,1001455
4955,1583046
4956,1617789
4957,1583575
4958,930591
4959,915130
4960,931478
4961,1570580
4962,1588870
4963,1792970
4964,932566
4965,932152
4966,930372
4967,1607020
4968,940322
4969,929959
4970,1610985
4971,1577953
4972,1317426
4973,1019191
4974,1017155
4975,1787046
4976,2244940
4977,1086734
4978,951835
4979,1213274
4980,962020
4981,1540749
4982,15578295
4983,1569114
4984,2239236
4985,912780
4986,998576
4987,1528312
4988,941541
4989,873998
4990,869996
4991,1493562
4992,1776996
4993,1365993
4994,925262
4995,867121
4996,1175636
4997,1593059
4998,1327356
4999,883734
5000,1937065
5001,1511587
5002,858736
5003,883680
5004,1462401
5005,1448873
5006,949369
5007,868318
5008,1521497
5009,1472025
5010,929281
5011,871801
5012,1382516
5013,2159437
5014,882614
5015,857311
5016,1755175
5017,864510
5018,868385
5019,1428679
5020,921388
5021,1812639
5022,952491
5023,1483900
5024,1028977
5025,821412
5026,826914
5027,1339748
5028,817558
5029,1245769
5030,1837873
5031,822676
5032,819966
5033,815795
5034,1062559
5035,806211
5036,1199531
5037,801515
5038,1927572
5039,857141
5040,818038
5041,825848
5042,2202841
5043,865349
5044,1898080
5045,7466325
5046,1074843
5047,844977
5048,832973
5049,2729021
5050,3326069
5051,1866725
5052,3177211
5053,30774752
5054,1982463
5055,2897255
5056,3027598
5057,1672093
5058,1524549
5059,2582410
5060,2696530
5061,3071957
5062,1855655
5063,2691164
5064,2930481
5065,3116509
5066,1691845
5067,3052576
5068,3274424
5069,1653943
5070,3306184
5071,3195007
5072,3511883
5073,1617801
5074,4685234
5075,3171916
5076,1593600
5077,2952104
5078,2934996
5079,2031989
5080,1625736
5081,3371621
5082,3519842
5083,1957974
5084,3096397
5085,3201247
5086,2838010
5087,3226143
5088,8012440
5089,20081487
5090,3198637
5091,6826307
5092,2912972
5093,2327972
5094,1267702
5095,1083199
5096,2152089
5097,1108597
5098,1891186
5099,1279227
5100,3221107
5101,3707506
5102,1768034
5103,6185066
5104,1204968
5105,1106400
5106,2100242
5107,1154149
5108,1850864
5109,971872
5110,1125446
5111,1438642
5112,1672605
5113,1060807
5114,1653861
5115,967147
5116,954647
5117,1015082
5118,1108333
5119,1858464
5120,1618019
5121,1777289
5122,987093
5123,1010315
5124,1671473
5125,1117305
5126,1710160
5127,1864816
5128,995701
5129,1018093
5130,1015549
5131,1712762
5132,1026796
5133,1973731
5134,1582563
5135,986394
5136,1013970
5137,1693316
5138,1041927
5139,1034413
5140,2311000
5141,1051109
5142,978253
5143,996126
5144,987526
5145,2212866
5146,1969143
5147,1158251
5148,952665
5149,14005080
5150,7540907
5151,1805481
5152,1770528
5153,1026610
5154,958806
5155,947473
5156,2823772
5157,1058671
5158,1603922
5159,1079601
5160,971962
5161,1834110
5162,1827096
5163,1081464
5164,1693580
5165,1090518
5166,973466
5167,1888910
5168,968365
5169,1778814
5170,1516887
5171,1297686
5172,1908150
5173,1219131
5174,1752288
5175,1629606
5176,966915
5177,2020931
5178,1082203
5179,1495106
5180,948295
5181,1007783
5182,1852871
5183,1401875
5184,2089924
5185,1035821
5186,1578590
5187,952070
5188,1524760
5189,1016003
5190,1051084
5191,1960976
5192,1009930
5193,926766
5194,932755
5195,943226
5196,1557383
5197,1776497
5198,1066111
5199,948881
5200,1043446
5201,938360
5202,1616909
5203,951029
5204,1528193
5205,1682882
5206,961764
5207,953346
5208,949889
5209,948521
5210,938939
5211,1837196
5212,1704815
5213,922445
5214,927286
5215,930339
5216,932722
5217,1843412
5218,1012178
5219,1741388
5220,1727252
5221,1034830
5222,16373627
5223,7388146
5224,3077157
5225,1394049
5226,1289859
5227,2009985
5228,1291136
5229,1127172
5230,2083204
5231,2062992
5232,1146260
5233,1118597
5234,1109873
5235,1777935
5236,1845073
5237,1079267
5238,1150733
5239,1031992
5240,1016119
5241,1522187
5242,1015015
5243,1797571
5244,1577441
5245,1101951
5246,1003561
5247,1014610
5248,1028402
5249,1662852
5250,953127
5251,1603814
5252,1575185
5253,924684
5254,928505
5255,1545189
5256,1489279
5257,979018
5258,937237
5259,1731552
5260,942859
5261,936733
5262,1576805
5263,1003917
5264,934953
5265,928509
5266,2696476
5267,1125942
5268,933235
5269,1745699
5270,1876812
5271,1618185
5272,1002058
5273,1648966
5274,1016936
5275,1573988
5276,1545474
5277,994189
5278,931330
5279,1478712
5280,1657368
5281,933578
5282,1046998
5283,1691329
5284,910170
5285,1446044
5286,1398104
5287,1019654
5288,951611
5289,1555702
5290,1549403
5291,990286
5292,942504
5293,1493178
5294,13859180
5295,1112943
5296,1692354
5297,1766741
5298,1096157
5299,940918
5300,1731342
5301,941710
5302,933503
5303,1574835
5304,1097316
5305,953218
5306,949033
5307,1696946
5308,952987
5309,1403111
5310,1534880
5311,991975
5312,929971
5313,1155851
5314,2807960
5315,1058531
5316,1646831
5317,925205
5318,946907
5319,950703
5320,1733110
5321,960017
5322,1575430
5323,1058977
5324,939628
5325,935589
5326,932185
5327,1527626
5328,929360
5329,1780285
5330,1580721
5331,1020584
5332,936531
5333,934441
5334,1625368
5335,1567978
5336,1058936
5337,1697009
5338,1074231
5339,1731958
5340,1134624
5341,1665777
5342,987275
5343,1013021
5344,1672865
5345,1018485
5346,1761330
5347,1130444
5348,1718533
5349,1018085
5350,1007415
5351,1024458
5352,1898844
5353,2216518
5354,943821
5355,951215
5356,937286
5357,1623423
5358,945717
5359,1873482
5360,1659833
5361,942305
5362,950963
5363,944846
5364,1554075
5365,1638990
5366,944999
5367,17067260
5368,1450146
5369,1023141
5370,1989093
5371,998567
5372,2338266
5373,965486
5374,956601
5375,960959
5376,1652299
5377,956886
5378,1709706
5379,1720697
5380,950029
5381,934495
5382,942908
5383,929542
5384,2291094
5385,1018621
5386,1007312
5387,1639573
5388,935465
5389,928067
5390,1597830
5391,1026985
5392,933527
5393,1494421
5394,1541055
5395,1022942
5396,871404
5397,1587086
5398,850817
5399,872296
5400,868616
5401,1373090
5402,5925849
5403,1082625
5404,3411927
5405,1021694
5406,884593
5407,1023103
5408,1882611
5409,873176
5410,867046
5411,1594157
5412,942329
5413,883949
5414,1469922
5415,939315
5416,1572038
5417,863387
5418,1482524
5419,874630
5420,883337
5421,875146
5422,1394771
5423,877682
5424,1311933
5425,1588593
5426,860557
5427,3112407
5428,1439658
5429,881718
5430,870050
5431,1602084
5432,1486709
5433,939629
5434,884126
5435,868955
5436,876129
5437,1485292
5438,879571
5439,872044
5440,1453661
5441,1611345
5442,949562
5443,940351
5444,931194
5445,932235
5446,13881699
5447,2465322
5448,996337
5449,971500
5450,1718884
5451,944681
5452,930397
5453,1632522
5454,1609337
5455,1027246
5456,934506
5457,1528779
5458,945465
5459,938191
5460,1629209
5461,1634104
5462,923788
5463,1020121
5464,939493
5465,1693394
5466,939785
5467,1746947
5468,1755398
5469,937096
5470,893692
5471,871986
5472,1603521
5473,1381900
5474,943949
5475,871342
5476,1468278
5477,855171
5478,869681
5479,871342
5480,1421310
5481,1421157
5482,904696
5483,871859
5484,1486919
5485,867001
5486,870375
5487,869075
5488,1330710
5489,1408142
5490,986800
5491,806793
5492,1451405
5493,817736
5494,815262
5495,1309338
5496,820863
5497,1770132
5498,808268
5499,879537
5500,831292
5501,809413
5502,987828
5503,819536
5504,1353535
5505,825369
5506,1377435
5507,1288909
5508,817174
5509,881016
5510,814688
5511,817508
5512,1249007
5513,812011
5514,1324076
5515,1356679
5516,806034
5517,812668
5518,5723923
5519,992124
5520,845212
5521,1629539
5522,1590069
5523,907534
5524,1535735
5525,831867
5526,815447
5527,1397815
5528,809739
5529,10869842
5530,2376696
5531,1944767
5532,939332
5533,1665227
5534,1525974
5535,895956
5536,878327
5537,1716728
5538,948658
5539,939108
5540,1627139
5541,1600919
5542,920942
5543,1527258
5544,1023925
5545,933895
5546,937902
5547,1535181
5548,1680077
5549,1014738
5550,938150
5551,1453520
5552,941466
5553,929434
5554,935341
5555,1063199
5556,1052975
5557,1431839
5558,1002640
5559,1695270
5560,936634
5561,1418935
5562,994189
5563,930454
5564,921652
5565,1992372
5566,1011566
5567,942780
5568,1498977
5569,913440
5570,938137
5571,937328
5572,1647701
5573,1800780
5574,1013905
5575,1690887
5576,998923
5577,1692977
5578,1074590
5579,1589531
5580,1100617
5581,1631700
5582,901148
5583,922723
5584,936530
5585,1581778
5586,953681
5587,1851752
5588,1729656
5589,955737
5590,944780
5591,938980
5592,1553620
5593,938360
5594,1711821
5595,1812747
5596,1034119
5597,953210
5598,945610
5599,1506118
5600,933478
5601,1576788
5602,1590799
5603,939802
5604,944177
5605,1626883
5606,932867
5607,1434283
5608,1678862
5609,1012293
5610,962379
5611,933714
5612,939831
5613,15035655
5614,1996024
5615,973751
5616,958464
5617,931396
5618,1675624
5619,966944
5620,1495544
5621,1649957
5622,966473
5623,945056
5624,937002
5625,930430
5626,1457989
5627,1688132
5628,1027540
5629,1604207
5630,936700
5631,929760
5632,1419286
5633,941239
5634,1698066
5635,1735183
5636,1010786
5637,939686
5638,928930
5639,933292
5640,1610366
5641,1282655
5642,934180
5643,1817864
5644,1577375
5645,936436
5646,1545549
5647,1003285
5648,933536
5649,940343
5650,1628623
5651,1734840
5652,948865
5653,1519254
5654,1039555
5655,933908
5656,926907
5657,1434912
5658,1728045
5659,2419216
5660,987179
5661,950174
5662,7743263
5663,1604157
5664,1032917
5665,962066
5666,1655000
5667,940636
5668,944821
5669,1835056
5670,2305527
5671,1377225
5672,934788
5673,1671035
5674,937679
5675,1600766
5676,1775109
5677,979976
5678,927732
5679,1583745
5680,1723073
5681,924780
5682,1591890
5683,926725
5684,1075306
5685,14371085
5686,1941641
5687,1890183
5688,963491
5689,1079163
5690,1531150
5691,926563
5692,930128
5693,2117000
5694,1803399
5695,968072
5696,943081
5697,1097255
5698,1592249
5699,928914
5700,1439208
5701,1011488
5702,936357
5703,925725
5704,931429
5705,1563558
5706,1065281
5707,2136599
5708,1046024
5709,954234
5710,944391
5711,939104
5712,1589506
5713,1699879
5714,1062587
5715,923945
5716,1648111
5717,948703
5718,1487886
5719,1465036
5720,986184
5721,895183
5722,2052208
5723,955829
5724,883589
5725,1529283
5726,861346
5727,1478246
5728,846956
5729,1446126
5730,1072034
5731,1554570
5732,874151
5733,1496486
5734,940450
5735,861338
5736,863350
5737,1458072
5738,864452
5739,999481
5740,1505809
5741,851420
5742,863114
5743,858888
5744,855745
5745,1422400
5746,869988
5747,1449307
5748,1528403
5749,862706
5750,884548
5751,876943
5752,872582
5753,1538828
5754,878388
5755,1336691
5756,1468142
5757,808405
5758,901586
5759,798504
5760,799611
5761,1321945
5762,824229
5763,5225119
5764,10178812
5765,1892806
5766,906075
5767,825394
5768,815179
5769,1404573
5770,814196
5771,939835
5772,818479
5773,819698
5774,827059
5775,909013
5776,1442855
5777,1481092
5778,927253
5779,1769227
5780,893172
5781,815971
5782,814816
5783,823196
5784,1477824
5785,1425949
5786,808372
5787,1313866
5788,1211250
5789,878500
5790,819061
5791,1312069
5792,1465301
5793,867707
5794,873924
5795,1420203
5796,1386154
5797,942280
5798,1539799
5799,964808
5800,1786356
5801,1318653
5802,892036
5803,935515
5804,1486895
5805,1490906
5806,980546
5807,5997019
5808,947758
5809,1513343
5810,1523417
5811,986849
5812,1416031
5813,969108
5814,872346
5815,867909
5816,955217
5817,1713002
5818,1488816
5819,898265
5820,867526
5821,867984
5822,957245
5823,1427064
5824,873874
5825,1920216
5826,937063
5827,869405
5828,857236
5829,870834
5830,863019
5831,1457304
5832,6358339
5833,1768781
5834,1027366
5835,993367
5836,884907
5837,1530836
5838,887112
5839,1408303
5840,934172
5841,11983293
5842,2139243
5843,1060864
5844,899397
5845,1602183
5846,839958
5847,1355023
5848,955618
5849,1549997
5850,885234
5851,1530315
5852,917101
5853,819251
5854,823432
5855,1379384
5856,819136
5857,815369
5858,1421227
5859,802411
5860,813708
5861,815134
5862,886980
5863,1327076
5864,827711
5865,1468262
5866,1811227
5867,854266
5868,844229
5869,823007
5870,816612
5871,815419
5872,1857555
5873,1329619
5874,781907
5875,815575
5876,1439282
5877,826377
5878,823733
5879,1426159
5880,810251
5881,1506061
5882,794241
5883,751184
5884,1212679
5885,822733
5886,758631
5887,1220272
5888,774039
5889,842511
5890,1442537
5891,859620
5892,921850
5893,1424656
5894,917898
5895,816410
5896,1415589
5897,1431244
5898,875886
5899,813105
5900,827558
5901,1313531
5902,1531521
5903,842585
5904,1512847
5905,884143
5906,823126
5907,797446
5908,811350
5909,1380070
5910,894093
5911,1633653
5912,848116
5913,866733
5914,862135
5915,1193732
5916,1795085
5917,1059984
5918,2362281
5919,1131447
5920,944643
5921,939133
5922,2037528
5923,1342482
5924,2125707
5925,1094000
5926,1015515
5927,1013904
5928,1047758
5929,1729689
5930,1095896
5931,2171354
5932,1268744
5933,17278835
5934,2623576
5935,1821495
5936,1059629
5937,1049613
5938,1712307
5939,1037122
5940,1721267
5941,1118395
5942,1124876
5943,1017279
5944,1517118
5945,1029261
5946,1016354
5947,1918679
5948,7218260
5949,1202770
5950,1064817
5951,2033629
5952,1251349
5953,934961
5954,1804861
5955,926865
5956,932751
5957,1518985
5958,1650978
5959,1006295
5960,1016457
5961,1637190
5962,937923
5963,925081
5964,1524549
5965,980682
5966,913895
5967,924986
5968,2153402
5969,1030592
5970,946968
5971,1581142
5972,906919
5973,927754
5974,1473202
5975,923929
5976,919306
5977,1639061
5978,1647499
5979,914894
5980,937414
5981,947076
5982,1495152
5983,1495688
5984,1050035
5985,1789673
5986,983876
5987,941623
5988,941706
5989,937774
5990,1583364
5991,1686707
5992,1536900
5993,1009956
5994,870784
5995,869273
5996,1404762
5997,891131
5998,1488122
5999,951107
6000,1353082
6001,874176
6002,873907
6003,1520621
6004,870640
6005,1427931
6006,945478
6007,1545409
6008,891871
6009,960124
6010,1121378
6011,14647047
6012,1795712
6013,1053392
6014,1939439
6015,916287
6016,903023
6017,1596094
6018,1615827
6019,1390467
6020,1537445
6021,867195
6022,884655
6023,1526730
6024,1021087
6025,1619923
6026,1533926
6027,1025953
6028,1464300
6029,1453334
6030,1505565
6031,975192
6032,1394594
6033,1480484
6034,878967
6035,864990
6036,862453
6037,1391499
6038,888198
6039,1598647
6040,1395138
6041,1021562
6042,937117
6043,937700
6044,934994
6045,1371355
6046,930781
6047,1134938
6048,1925185
6049,1043748
6050,1028555
6051,1680937
6052,1652196
6053,1499766
6054,1080766
6055,950929
6056,1004945
6057,1132145
6058,1674365
6059,923862
6060,2077883
6061,1033045
6062,962239
6063,1567255
6064,1430228
6065,987696
6066,935188
6067,2133410
6068,1008101
6069,935717
6070,1622621
6071,1611122
6072,927481
6073,951756
6074,994156
6075,1489596
6076,899567
6077,859450
6078,1549022
6079,846303
6080,857856
6081,857959
6082,1611146
6083,1378513
6084,1405337
6085,930801
6086,861173
6087,945073
6088,1399351
6089,856567
6090,865869
6091,1292031
6092,12930799
6093,885200
6094,1689461
6095,840408
6096,833015
6097,806939
6098,1439493
6099,1366245
6100,900140
6101,814402
6102,812676
6103,816575
6104,821853
6105,926923
6106,813349
6107,1558940
6108,1805535
6109,8156059
6110,3787580
6111,1765344
6112,2947990
6113,1945499
6114,7084083
6115,2408357
6116,1045441
6117,1879910
6118,1860756
6119,959174
6120,932218
6121,935188
6122,1643294
6123,1300677
6124,1777570
6125,1292184
6126,1624026
6127,973202
6128,942029
6129,1406114
6130,1948089
6131,1387129
6132,2804747
6133,1091398
6134,974701
6135,1078560
6136,1951352
6137,1229309
6138,1681204
6139,1002731
6140,1943875
6141,1520063
6142,1322280
6143,954345
6144,949083
6145,1736241
6146,2133563
6147,1004978
6148,933763
6149,960976
6150,1776844
6151,1014462
6152,1516858
6153,1777162
6154,1109787
6155,1036188
6156,1007622
6157,17390376
6158,1116115
6159,1791636
6160,1972740
6161,1154054
6162,1807311
6163,1861157
6164,1513314
6165,1028278
6166,932929
6167,934486
6168,1803523
6169,948261
6170,1702325
6171,1665641
6172,928807
6173,944680
6174,936365
6175,1446555
6176,933639
6177,1741226
6178,1575430
6179,1009811
6180,933998
6181,928737
6182,1336038
6183,927006
6184,1574169
6185,962888
6186,1484957
6187,1000835
6188,933495
6189,935593
6190,1631039
6191,1570361
6192,992425
6193,1535995
6194,1002149
6195,918678
6196,919818
6197,1641167
6198,1666843
6199,936626
6200,998787
6201,1688838
6202,955007
6203,936150
6204,1666905
6205,1020518
6206,944110
6207,933829
6208,1596255
6209,1506015
6210,879418
6211,1445718
6212,836529
6213,863932
6214,862531
6215,1495177
6216,1342977
6217,911648
6218,878293
6219,1663431
6220,865332
6221,874494
6222,878298
6223,1495941
6224,6026036
6225,2018345
6226,2215877
6227,1032599
6228,1032567
6229,1513897
6230,924230
6231,16544252
6232,2858837
6233,1324436
6234,2390823
6235,2172692
6236,1123884
6237,1747187
6238,1032191
6239,954404
6240,1108262
6241,1005056
6242,1838612
6243,1541364
6244,939025
6245,935308
6246,1608519
6247,1025114
6248,1052786
6249,1808525
6250,1768856
6251,1036676
6252,1011339
6253,1715964
6254,1010551
6255,1821875
6256,1575471
6257,1030220
6258,1011885
6259,1025230
6260,1739020
6261,1972959
6262,1812879
6263,1104318
6264,1014020
6265,1693931
6266,1674906
6267,1006288
6268,1682774
6269,1563926
6270,1029328
6271,945234
6272,1494698
6273,1415473
6274,985597
6275,931347
6276,2086710
6277,1162799
6278,933796
6279,1517374
6280,1608672
6281,929628
6282,938914
6283,1583241
6284,1595884
6285,1041822
6286,1522563
6287,970724
6288,925919
6289,926530
6290,1935495
6291,1019203
6292,949418
6293,1501401
6294,860045
6295,865514
6296,860091
6297,1449291
6298,1350454
6299,918294
6300,1896019
6301,954470
6302,1039117
6303,883849
6304,893589
6305,1460282
6306,875629
6307,1463024
6308,854753
6309,857815
6310,861255
6311,13540755
6312,981946
6313,1450934
6314,930062
6315,1549320
6316,822234
6317,835637
6318,817194
6319,1584607
6320,1432971
6321,825195
6322,808966
6323,1313411
6324,1321065
6325,882879
6326,832998
6327,1251651
6328,965771
6329,1562071
6330,869459
6331,1385630
6332,858318
6333,881784
6334,879009
6335,1517626
6336,1930778
6337,1215931
6338,1392908
6339,855283
6340,873288
6341,1658367
6342,1775501
6343,1274522
6344,2125777
6345,1520667
6346,1316481
6347,1121377
6348,1530236
6349,880578
6350,2109619
6351,1757976
6352,1295865
6353,938638
6354,1392909
6355,860305
6356,865440
6357,1519918
6358,1411223
6359,1007076
6360,6589131
6361,1154761
6362,972140
6363,1787409
6364,1487204
6365,1015181
6366,927022
6367,1574294
6368,1784952
6369,941883
6370,1517325
6371,1731011
6372,953714
6373,1435201
6374,1005061
6375,1522715
6376,958682
6377,1677896
6378,1098007
6379,1939564
6380,1083731
6381,1428559
6382,1091513
6383,1015449
6384,1499097
6385,1012326
6386,984161
6387,13049234
6388,1752556
6389,1002211
6390,1667004
6391,1557867
6392,1004644
6393,1024668
6394,1912009
6395,1023247
6396,951648
6397,1486685
6398,910058
6399,929939
6400,939468
6401,1489630
6402,1629057
6403,875951
6404,1446923
6405,875180
6406,874436
6407,866389
6408,1488188
6409,858545
6410,1611307
6411,1364717
6412,871239
6413,871346
6414,873329
6415,873437
6416,868033
6417,1467142
6418,1302159
6419,2106520
6420,962152
6421,877666
6422,877084
6423,1417030
6424,874556
6425,1385522
6426,947146
6427,1480166
6428,934912
6429,818045
6430,825757
6431,1277959
6432,815233
6433,1353895
6434,1267711
6435,879318
6436,823725
6437,826720
6438,816847
6439,7021988
6440,2120879
6441,811853
6442,1996618
6443,784216
6444,783290
6445,774836
6446,764951
6447,1477230
6448,1222931
6449,776302
6450,1210949
6451,1435160
6452,1095400
6453,1324250
6454,815191
6455,1412400
6456,798818
6457,814002
6458,1116334
6459,876253
6460,908223
6461,819235
6462,903779
6463,1656389
6464,829466
6465,819429
6466,1752378
6467,882333
6468,819218
6469,14137278
6470,1434003
6471,1869707
6472,998955
6473,1681833
6474,1938080
6475,942321
6476,966031
6477,953966
6478,1603385
6479,932739
6480,939595
6481,1626116
6482,1542236
6483,1027569
6484,1025544
6485,1015528
6486,1734618
6487,1675348
6488,1068366
6489,1003520
6490,1936210
6491,1009443
6492,2308220
6493,1007159
6494,1024074
6495,8763711
6496,1494453
6497,2031212
6498,1019737
6499,956742
6500,1176140
6501,1561914
6502,951484
6503,2237331
6504,1009079
6505,939352
6506,932516
6507,930892
6508,1794911
6509,942553
6510,1521244
6511,1631300
6512,926832
6513,933528
6514,929963
6515,1532782
6516,940050
6517,885803
6518,1492467
6519,1490269
6520,866795
6521,863865
6522,876716
6523,1471996
6524,1397187
6525,2061675
6526,944234
6527,875485
6528,863081
6529,1370533
6530,863110
6531,1399757
6532,1518935
6533,1089733
6534,1472500
6535,865374
6536,857084
6537,860281
6538,2036310
6539,979828
6540,1435999
6541,1432966
6542,906410
6543,810829
6544,806885
6545,1302519
6546,10194995
6547,1589610
6548,849174
6549,1388984
6550,910144
6551,824447
6552,905122
6553,1433933
6554,905345
6555,894060
6556,818119
6557,1185504
6558,885857
6559,842907
6560,1573273
6561,1411773
6562,857579
6563,809235
6564,1345559
6565,878715
6566,1604744
6567,1506395
6568,815175
6569,810846
6570,921107
6571,1270623
6572,837566
6573,13621206
6574,1988192
6575,3911370
6576,4409631
6577,1763630
6578,3518082
6579,4183611
6580,3095683
6581,1338574
6582,1947820
6583,2060692
6584,1026709
6585,977761
6586,966692
6587,3189872
6588,1048213
6589,1335469
6590,3045769
6591,1854874
6592,3525426
6593,1182597
6594,1225641
6595,1039984
6596,1841669
6597,2229706
6598,1864647
6599,1006036
6600,961120
6601,950620
6602,1491059
6603,975915
6604,18882145
6605,1815824
6606,1081195
6607,1974657
6608,6771673
6609,1936473
6610,973656
6611,1917221
6612,948621
6613,930963
6614,1586408
6615,935944
6616,1576437
6617,946270
6618,934139
6619,1499626
6620,1460662
6621,929607
6622,868228
6623,867790
6624,1469906
6625,871458
6626,865184
6627,1466180
6628,1417175
6629,955040
6630,876138
6631,1532174
6632,892541
6633,1513921
6634,1385407
6635,1618127
6636,913358
6637,939555
6638,867983
6639,1375523
6640,867480
6641,1400607
6642,1469126
6643,963458
6644,875849
6645,857864
6646,1568945
6647,968733
6648,2660371
6649,1902905
6650,978728
6651,1039344
6652,964085
6653,967299
6654,1822846
6655,1671077
6656,1069762
6657,994635
6658,996730
6659,1036090
6660,1888435
6661,1996577
6662,1139635
6663,1834593
6664,941900
6665,941876
6666,1010534
6667,3347507
6668,2122638
6669,911193
6670,981702
6671,952235
6672,1764811
6673,1597276
6674,1355742
6675,1913024
6676,1527821
6677,966543
6678,897951
6679,2048300
6680,19793013
6681,1891413
6682,978934
6683,1725262
6684,1672109
6685,968877
6686,962087
6687,953144
6688,1612042
6689,918402
6690,1808315
6691,1139246
6692,1018696
6693,1019596
6694,1745559
6695,1859583
6696,1809649
6697,994090
6698,949352
6699,1982000
6700,1553508
6701,1009117
6702,940599
6703,1520976
6704,923122
6705,936431
6706,1750800
6707,1062149
6708,1613906
6709,945927
6710,1943669
6711,1030265
6712,960224
6713,955023
6714,2110961
6715,1043165
6716,946952
6717,1634595
6718,1980030
6719,969179
6720,1956226
6721,1344266
6722,1160593
6723,1446362
6724,1794605
6725,892317
6726,1503174
6727,1555776
6728,862234
6729,1508618
6730,936733
6731,1500571
6732,866501
6733,870256
6734,1459249
6735,842090
6736,873052
6737,868000
6738,1610650
6739,1487969
6740,864634
6741,879855
6742,954990
6743,876934
6744,883899
6745,1366427
6746,948881
6747,1452694
6748,874882
6749,2822119
6750,13662920
6751,3569041
6752,1164442
6753,971653
6754,1614661
6755,1287422
6756,977448
6757,1468729
6758,1007151
6759,1792408
6760,886105
6761,1436630
6762,930070
6763,870252
6764,1693717
6765,1364122
6766,888336
6767,973115
6768,1571183
6769,911723
6770,2071332
6771,1145689
6772,1540696
6773,1491571
6774,3893814
6775,4897161
6776,3821679
6777,5801759
6778,3400399
6779,6229193
6780,1922817
6781,3947520
6782,4237172
6783,2093422
6784,7064637
6785,3638460
6786,8206088
6787,4841233
6788,3099367
6789,5205483
6790,16983512
6791,2491514
6792,1227921
6793,1953760
6794,1964028
6795,1804920
6796,1179655
6797,1602816
6798,964437
6799,1871033
6800,937018
6801,952482
6802,1627305
6803,1443553
6804,1023884
6805,1549753
6806,1012256
6807,958526
6808,1427625
6809,944379
6810,942673
6811,1685398
6812,1606103
6813,964094
6814,931677
6815,1071236
6816,941772
6817,1525317
6818,1520204
6819,1613521
6820,970996
6821,942917
6822,934995
6823,997634
6824,2718542
6825,1601647
6826,1018968
6827,1642555
6828,1006796
6829,1759611
6830,1824606
6831,941711
6832,1593401
6833,1049845
6834,961830
6835,954486
6836,1686253
6837,1784316
6838,2056103
6839,1144290
6840,1023017
6841,1289875
6842,3830547
6843,8744639
6844,1772677
6845,2631143
6846,978464
6847,959489
6848,941802
6849,2220400
6850,1626491
6851,1029972
6852,1054727
6853,1246248
6854,1844391
6855,997101
6856,953904
6857,14434423
6858,2101526
6859,1002846
6860,947724
6861,942482
6862,1684832
6863,2218095
6864,1039406
6865,1130799
6866,1026473
6867,1677186
6868,1024131
6869,1775274
6870,990463
6871,1733506
6872,926060
6873,1040323
6874,1779133
6875,1552389
6876,1002863
6877,931194
6878,1461699
6879,972094
6880,1379426
6881,2222151
6882,900058
6883,934081
6884,1495772
6885,1857406
6886,928649
6887,933218
6888,1972001
6889,935692
6890,934982
6891,1585558
6892,1725182
6893,944701
6894,1599895
6895,998836
6896,1035466
6897,946741
6898,1698776
6899,1592550
6900,943301
6901,1551410
6902,987745
6903,928836
6904,957155
6905,1361982
6906,1414462
6907,944387
6908,1374027
6909,855625
6910,883672
6911,876951
6912,1431418
6913,939335
6914,889649
6915,2164328
6916,854593
6917,859719
6918,865927
6919,870711
6920,1439964
6921,888104
6922,883053
6923,1504036
6924,1513384
6925,871656
6926,870148
6927,871647
6928,1583232
6929,886022
6930,1689718
6931,2742755
6932,1082831
6933,883440
6934,2947544
6935,2939944
6936,2055665
6937,24530640
6938,1409174
6939,1182526
6940,1749265
6941,1080188
6942,1572934
6943,2143204
6944,1112373
6945,950620
6946,2084782
6947,965444
6948,1914359
6949,947658
6950,1628751
6951,949384
6952,1235273
6953,1603484
6954,1018167
6955,2139953
6956,1333135
6957,1639647
6958,946163
6959,937530
6960,1527767
6961,924350
6962,1210866
6963,1041236
6964,1036457
6965,9216605
6966,2904033
6967,1499584
6968,1858612
6969,1048642
6970,2239413
6971,1125788
6972,1030786
6973,1023950
6974,1665009
6975,1837678
6976,1010852
6977,1630519
6978,1078477
6979,1015502
6980,1622683
6981,1090729
6982,1806034
6983,1766799
6984,927638
6985,1035494
6986,967105
6987,1488832
6988,944755
6989,940190
6990,2180313
6991,955180
6992,936369
6993,947741
6994,1726587
6995,932325
6996,1712515
6997,1616223
6998,925903
6999,950905
7000,951533
7001,1578052
7002,13640049
7003,2505004
7004,1022760
7005,979328
7006,1603054
7007,1512533
7008,985957
7009,883320
7010,1545694
7011,848074
7012,883973
7013,876724
7014,1438567
7015,876299
7016,962524
7017,1668123
7018,863040
7019,874547
7020,874688
7021,5629494
7022,1067874
7023,1563732
7024,1486383
7025,901937
7026,887819
7027,878785
7028,873556
7029,878257
7030,1275646
7031,1543261
7032,1533596
7033,931338
7034,887171
7035,874159
7036,1384023
7037,880426
7038,1234039
7039,1049336
7040,1394577
7041,1087841
7042,1644022
7043,948678
7044,1620399
7045,923114
7046,2183977
7047,1389612
7048,1588717
7049,1656228
7050,945481
7051,937158
7052,1195662
7053,1558514
7054,1113269
7055,1737769
7056,964561
7057,931111
7058,929624
7059,934192
7060,1592823
7061,1606606
7062,1055756
7063,1626099
7064,881276
7065,873404
7066,877455
7067,1375457
7068,881222
7069,1461062
7070,1445457
7071,1010629
7072,936609
7073,923903
7074,1542918
7075,1669317
7076,17183634
7077,1723976
7078,1111848
7079,2147801
7080,1154558
7081,1054029
7082,1158503
7083,1847675
7084,1906110
7085,1628032
7086,1024391
7087,1019935
7088,1017378
7089,1802135
7090,2802446
7091,1036652
7092,946130
7093,5538584
7094,1294060
7095,1795006
7096,1071683
7097,1558866
7098,1096371
7099,944755
7100,1466345
7101,1044347
7102,1564095
7103,1000047
7104,933718
7105,1656718
7106,1555074
7107,937146
7108,931900
7109,1793180
7110,941248
7111,958638
7112,1578259
7113,1720193
7114,945027
7115,1601282
7116,1013317
7117,945445
7118,873160
7119,2152118
7120,977919
7121,893473
7122,1374155
7123,1479769
7124,934903
7125,873250
7126,1505300
7127,859483
7128,1556565
7129,1334700
7130,865642
7131,866716
7132,866856
7133,871181
7134,869343
7135,1544814
7136,1959725
7137,966424
7138,886031
7139,876175
7140,873535
7141,1415135
7142,877711
7143,1508358
7144,1332366
7145,923577
7146,1406778
7147,879075
7148,870363
7149,874957
7150,1470591
7151,892899
7152,1547986
7153,947180
7154,1273642
7155,888633
7156,15142554
7157,1171750
7158,1028493
7159,1597739
7160,933292
7161,882126
7162,1621415
7163,864688
7164,864167
7165,869847
7166,874353
7167,1978936
7168,891083
7169,1395023
7170,1287732
7171,953235
7172,878756
7173,912636
7174,1392908
7175,898322
7176,1406721
7177,1595859
7178,1031728
7179,1633847
7180,941128
7181,1536598
7182,952169
7183,1493810
7184,1093261
7185,935172
7186,1519840
7187,936229
7188,926394
7189,946068
7190,1067127
7191,938108
7192,926077
7193,1598416
7194,946130
7195,941624
7196,1445656
7197,990162
7198,948513
7199,939005
7200,2130659
7201,1247405
7202,1611472
7203,1762160
7204,999001
7205,1015074
7206,1758042
7207,1663732
7208,1029551
7209,1549263
7210,985523
7211,936481
7212,931491
7213,1992517
7214,1011534
7215,934424
7216,1538849
7217,988216
7218,963387
7219,1422627
7220,999633
7221,1580312
7222,940285
7223,1393982
7224,992831
7225,1019518
7226,946263
7227,1452546
7228,1394705
7229,1003826
7230,1614190
7231,930608
7232,924197
7233,863511
7234,1437638
7235,1366696
7236,957749
7237,876757
7238,1493339
7239,848475
7240,871549
7241,863609
7242,16500076
7243,942657
7244,845823
7245,838054
7246,1774101
7247,793378
7248,811234
7249,1642828
7250,806917
7251,812572
7252,802692
7253,1368654
7254,1470096
7255,883515
7256,803708
7257,1287819
7258,959088
7259,821358
7260,1195195
7261,1324712
7262,798599
7263,810743
7264,1335370
7265,827826
7266,1378108
7267,1455866
7268,904531
7269,1196008
7270,815207
7271,806843
7272,1291594
7273,819227
7274,1286604
7275,821300
7276,820428
7277,1450860
7278,791375
7279,813977
7280,1271143
7281,820040
7282,1364742
7283,822556
7284,814237
7285,1440220
7286,802262
7287,808826
7288,832536
7289,1439121
7290,1265807
7291,876431
7292,1455304
7293,805770
7294,814344
7295,818566
7296,1282250
7297,895824
7298,3292451
7299,1497188
7300,822065
7301,807140
7302,816327
7303,809098
7304,816311
7305,1602228
7306,1558094
7307,1566990
7308,984557
7309,864373
7310,863767
7311,1402421
7312,886910
7313,1505586
7314,1285765
7315,932301
7316,1495479
7317,868261
7318,871668
7319,874159
7320,1602035
7321,1420062
7322,983970
7323,1416015
7324,873242
7325,869442
7326,865770
7327,870339
7328,1494103
7329,1331156
7330,924605
7331,1677813
7332,962793
7333,934887
7334,937699
7335,1568986
7336,14125250
7337,2437663
7338,1217888
7339,1611382
7340,1630990
7341,1023748
7342,953598
7343,936337
7344,1843705
7345,1610481
7346,1705604
7347,1484933
7348,933065
7349,931731
7350,940194
7351,1741519
7352,1111332
7353,1753027
7354,3364327
7355,3512923
7356,2160268
7357,7660313
7358,3196898
7359,2184501
7360,2967152
7361,2867134
7362,1919539
7363,1302915
7364,2084402
7365,3536369
7366,11807071
7367,1603369
7368,1004928
7369,5401805
7370,1894516
7371,1200229
7372,956300
7373,1873102
7374,951566
7375,944615
7376,1621886
7377,1676558
7378,1031398
7379,1035602
7380,1746253
7381,959554
7382,924164
7383,2021811
7384,20805013
7385,2127706
7386,1874920
7387,1143803
7388,2209752
7389,998688
7390,1890810
7391,965258
7392,954329
7393,1042095
7394,1756819
7395,965903
7396,1734089
7397,948815
7398,928298
7399,1526849
7400,1063141
7401,1235372
7402,1029840
7403,1721577
7404,1765737
7405,1029596
7406,1765415
7407,1021811
7408,1483591
7409,1253369
7410,1007704
7411,1882025
7412,1789983
7413,1016878
7414,1024602
7415,1012413
7416,1811553
7417,1717120
7418,1008150
7419,1704402
7420,986775
7421,1002685
7422,1509807
7423,1026709
7424,1677958
7425,1462674
7426,911896
7427,934147
7428,931743
7429,1428489
7430,1498568
7431,1057350
7432,1711697
7433,1033925
7434,951438
7435,945961
7436,1715092
7437,1487163
7438,996370
7439,934317
7440,1618845
7441,913375
7442,952190
7443,1547759
7444,1498605
7445,1078007
7446,947109
7447,1544855
7448,883275
7449,962999
7450,881474
7451,1415916
7452,877071
7453,1538965
7454,987377
7455,904251
7456,887171
7457,884857
7458,1410319
7459,878472
7460,2060225
7461,985849
7462,893833
7463,13236460
7464,984899
7465,996052
7466,1665050
7467,1746414
7468,883135
7469,870971
7470,859334
7471,855365
7472,1522748
7473,882833
7474,1466089
7475,1636198
7476,868641
7477,874267
7478,861706
7479,871673
7480,1427080
7481,867521
7482,1385391
7483,1114640
7484,1459150
7485,869335
7486,872242
7487,879360
7488,1582476
7489,1580684
7490,1474933
7491,1024206
7492,872089
7493,807455
7494,813295
7495,813212
7496,1561460
7497,1587292
7498,1882285
7499,1465969
7500,1371388
7501,2156256
7502,8524881
7503,1284262
7504,951119
7505,893115
7506,878806
7507,1517040
7508,887910
7509,1612753
7510,1645658
7511,894721
7512,876307
7513,857212
7514,871417
7515,1457795
7516,897984
7517,2042233
7518,974623
7519,878074
7520,867757
7521,1553575
7522,905828
7523,889128
7524,1590291
7525,1522822
7526,975721
7527,888430
7528,949451
7529,961719
7530,1712378
7531,1627834
7532,1686885
7533,1292395
7534,1640882
7535,1949824
7536,2013596
7537,1088209
7538,1436011
7539,15336959
7540,1318335
7541,1752589
7542,1658140
7543,1020484
7544,1672588
7545,998907
7546,883808
7547,1504615
7548,880417
7549,966511
7550,890657
7551,1393428
7552,960958
7553,885270
7554,1044412
7555,1454351
7556,1354556
7557,923168
7558,890768
7559,1576652
7560,876641
7561,866220
7562,867497
7563,1564107
7564,1627346
7565,867253
7566,1583559
7567,1602010
7568,869310
7569,865543
7570,1911095
7571,1402851
7572,788879
7573,808338
7574,1360289
7575,1340421
7576,814898
7577,1365287
7578,894102
7579,1285538
7580,864878
7581,810912
7582,1816257
7583,872445
7584,815972
7585,1437712
7586,1334547
7587,874225
7588,805654
7589,878471
7590,1347481
7591,1442809
7592,822676
7593,1328731
7594,906832
7595,864721
7596,817335
7597,816600
7598,1574458
7599,831015
7600,1421132
7601,952648
7602,1467808
7603,878496
7604,876769
7605,881214
7606,1416411
7607,1572361
7608,1037536
7609,915985
7610,895597
7611,1110386
7612,2215910
7613,910942
7614,3340257
7615,1141605
7616,894295
7617,888203
7618,881218
7619,3218827
7620,4210769
7621,19257688
7622,3591511
7623,1173898
7624,985866
7625,2050539
7626,1898262
7627,958026
7628,1642518
7629,928352
7630,6741305
7631,2305374
7632,1260425
7633,2006239
7634,1063913
7635,1043442
7636,1823804
7637,1931021
7638,1054173
7639,1741136
7640,1759946
7641,1027936
7642,1590750
7643,1228677
7644,1022798
7645,1764890
7646,1786150
7647,1113178
7648,1004883
7649,1011025
7650,1765460
7651,1616669
7652,1743047
7653,924953
7654,934998
7655,1667805
7656,947068
7657,1858488
7658,1143868
7659,1519022
7660,934350
7661,931995
7662,1525900
7663,1260165
7664,1804263
7665,1533979
7666,1019485
7667,949141
7668,1511753
7669,948910
7670,931021
7671,1631225
7672,1631878
7673,938278
7674,1023012
7675,933974
7676,1530960
7677,940426
7678,1568684
7679,1715010
7680,930396
7681,925002
7682,927733
7683,1609907
7684,931446
7685,2050288
7686,1012545
7687,940889
7688,952573
7689,12152159
7690,2082625
7691,1111877
7692,1736422
7693,914473
7694,874357
7695,1398398
7696,879649
7697,2255679
7698,1414395
7699,939996
7700,1498283
7701,878413
7702,875208
7703,866439
7704,1459241
7705,852160
7706,854324
7707,1527944
7708,891863
7709,807549
7710,1316633
7711,899331
7712,1331660
7713,824378
7714,823366
7715,1326088
7716,1585293
7717,1214831
7718,2495921
7719,1362780
7720,1354358
7721,2318365
7722,1112212
7723,1517697
7724,7371876
7725,1382706
7726,918055
7727,1728817
7728,2177368
7729,1271932
7730,933652
7731,876559
7732,875435
7733,1753981
7734,1533595
7735,1407228
7736,947369
7737,1369483
7738,872961
7739,873093
7740,867431
7741,1552509
7742,889169
7743,1540749
7744,997819
7745,1710668
7746,942160
7747,1505784
7748,961425
7749,1606925
7750,1009695
7751,932057
7752,1618755
7753,1020063
7754,1433371
7755,1030947
7756,1287157
7757,1099328
7758,1749702
7759,951686
7760,1627111
7761,1535413
7762,1538535
7763,933763
7764,925051
7765,866096
7766,14401526
7767,1280966
7768,1709916
7769,1582348
7770,889764
7771,867228
7772,974503
7773,1402574
7774,955812
7775,2633969
7776,967877
7777,873481
7778,874102
7779,871363
7780,971268
7781,812090
7782,1271589
7783,1396828
7784,802808
7785,815299
7786,808805
7787,812577
7788,1307748
7789,812945
7790,1230206
7791,904639
7792,1400772
7793,835910
7794,814915
7795,807472
7796,1334621
7797,819801
7798,810387
7799,1378307
7800,1282259
7801,894750
7802,814828
7803,808624
7804,807753
7805,1310777
7806,1298376
7807,863738
7808,838971
7809,1144801
7810,919835
7811,765381
7812,1185360
7813,866365
7814,1147821
7815,807137
7816,760519
7817,755914
7818,1198548
7819,758173
7820,1402892
7821,763258
7822,1351561
7823,764860
7824,766797
7825,766335
7826,756236
7827,773547
7828,787740
7829,781027
7830,1470451
7831,843820
7832,790239
7833,779173
7834,778979
7835,772208
7836,1366431
7837,774844
7838,776587
7839,1539964
7840,762662
7841,812540
7842,994280
7843,829156
7844,1423148
7845,817297
7846,822675
7847,1394131
7848,2242073
7849,2086087
7850,1687145
7851,870252
7852,1871396
7853,844184
7854,952392
7855,2941670
7856,2785230
7857,1674931
7858,17084905
7859,1518634
7860,2309984
7861,1039745
7862,1036250
7863,1023999
7864,6478832
7865,1275447
7866,1841678
7867,1620494
7868,1029613
7869,1827662
7870,1602435
7871,1029898
7872,1020369
7873,1781850
7874,994656
7875,1017745
7876,1732758
7877,1955784
7878,1026433
7879,1690189
7880,1723473
7881,1106900
7882,1657921
7883,1115008
7884,1532207
7885,2010192
7886,1013967
7887,945342
7888,1525899
7889,943322
7890,1016759
7891,1929175
7892,1725691
7893,1043388
7894,945953
7895,940409
7896,1793378
7897,936795
7898,1612547
7899,1604773
7900,1065842
7901,938327
7902,1591605
7903,1675657
7904,948708
7905,1558523
7906,986647
7907,1011406
7908,935783
7909,1995661
7910,1060001
7911,947489
7912,1708178
7913,924081
7914,929170
7915,1412743
7916,892329
7917,880008
7918,4929665
7919,1845134
7920,913718
7921,976250
7922,1493607
7923,876390
7924,1602836
7925,1368208
7926,972540
7927,11848385
7928,1578346
7929,3267163
7930,1748946
7931,1448720
7932,885110
7933,871549
7934,871131
7935,1542471
7936,1441504
7937,835724
7938,1421938
7939,911350
7940,1503933
7941,837368
7942,821569
7943,827801
7944,1646459
7945,1839141
7946,1428030
7947,821243
7948,832903
7949,824716
7950,1351342
7951,1143013
7952,4556870
7953,2743721
7954,5867091
7955,1807352
7956,2113291
7957,1194715
7958,967357
7959,2434177
7960,981413
7961,1709788
7962,943276
7963,946006
7964,1795939
7965,953949
7966,2602767
7967,1027688
7968,935738
7969,939678
7970,929624
7971,1580295
7972,1018873
7973,1573868
7974,930591
7975,928881
7976,948596
7977,943461
7978,1606446
7979,936626
7980,2398080
7981,1099233
7982,1023967
7983,1017109
7984,1016300
7985,1057424
7986,1668450
7987,1075454
7988,967209
7989,1663671
7990,934845
7991,4763963
7992,997965
7993,1746328
7994,14852473
7995,1352048
7996,986957
7997,1829881
7998,908844
7999,1658164
8000,945576
8001,871045
8002,1553029
8003,878723
8004,876030
8005,1467647
8006,998939
8007,1407266
8008,1481645
8009,937910
8010,1590155
8011,866331
8012,876245
8013,1827674
8014,852933
8015,865551
8016,1740346
8017,1757075
8018,871768
8019,856237
8020,6820462
8021,1946032
8022,887121
8023,1557424
8024,957196
8025,855555
8026,1421289
8027,808231
8028,1002413
8029,831040
8030,1304105
8031,821301
8032,1524682
8033,1333499
8034,793753
8035,818029
8036,815835
8037,823795
8038,878628
8039,1330594
8040,5130542
8041,1942079
8042,915643
8043,1153955
8044,1040328
8045,1957787
8046,950571
8047,1545892
8048,13714705
8049,1312614
8050,2134249
8051,1178895
8052,980579
8053,1847530
8054,964396
8055,962524
8056,1908778
8057,25330321
8058,1562662
8059,1143885
8060,1938951
8061,1393920
8062,2062674
8063,1084206
8064,1054062
8065,1682832
8066,1038187
8067,2233680
8068,1875378
8069,1702895
8070,1051467
8071,2378122
8072,1005230
8073,1947015
8074,1791519
8075,962871
8076,1641924
8077,1630478
8078,906427
8079,931711
8080,2451617
8081,1073533
8082,952231
8083,1578003
8084,886166
8085,934771
8086,1692316
8087,1557808
8088,1016098
8089,1631469
8090,893015
8091,950343
8092,941347
8093,1532327
8094,973887
8095,945560
8096,1988973
8097,1059700
8098,967448
8099,926989
8100,942433
8101,1660923
8102,957877
8103,2059292
8104,1004490
8105,941363
8106,1089502
8107,1619903
8108,942495
8109,1576400
8110,1017105
8111,942102
8112,936456
8113,871354
8114,1687009
8115,994565
8116,1408245
8117,1580490
8118,878822
8119,864812
8120,870049
8121,863737
8122,1474805
8123,931454
8124,1890269
8125,923114
8126,863292
8127,872044
8128,859426
8129,1505705
8130,871325
8131,1292259
8132,1012194
8133,874568
8134,883482
8135,14831180
8136,1098300
8137,1857551
8138,1168875
8139,1844846
8140,852680
8141,868285
8142,1630713
8143,826728
8144,814778
8145,1640651
8146,825596
8147,1190358
8148,883019
8149,1435817
8150,888884
8151,867658
8152,1763614
8153,905130
8154,874903
8155,878645
8156,1524768
8157,880115
8158,5910343
8159,1882479
8160,1093855
8161,921046
8162,1482240
8163,879443
8164,1522435
8165,863445
8166,1476912
8167,958679
8168,1528226
8169,1000728
8170,1452380
8171,927010
8172,885510
8173,872222
8174,1307922
8175,872565
8176,1506152
8177,1298107
8178,1417691
8179,790751
8180,818078
8181,823894
8182,1306211
8183,805054
8184,802412
8185,1469753
8186,1370235
8187,864332
8188,829272
8189,809280
8190,817091
8191,1448047
8192,1253287
8193,877885
8194,1394936
8195,794022
8196,816744
8197,858570
8198,1280933
8199,820680
8200,816224
8201,1236810
8202,864870
8203,1366960
8204,792295
8205,816823
8206,816807
8207,771502
8208,1442359
8209,1036602
8210,1788220
8211,851916
8212,769594
8213,765340
8214,759883
8215,760776
8216,759280
8217,779764
8218,1262271
8219,942632
8220,1783420
8221,786558
8222,790750
8223,770378
8224,1280639
8225,1724514
8226,1011657
8227,768268
8228,1360983
8229,863176
8230,759338
8231,1401843
8232,835035
8233,757173
8234,758000
8235,762692
8236,911871
8237,760605
8238,1134207
8239,1415077
8240,761762
8241,761882
8242,767207
8243,757660
8244,1230684
8245,760899
8246,760036
8247,1369723
8248,1213931
8249,763972
8250,766707
8251,764819
8252,762291
8253,1132584
8254,752861
8255,1238194
8256,1289541
8257,1462834
8258,775430
8259,756806
8260,753811
8261,756955
8262,1297211
8263,771762
8264,763683
8265,1289582
8266,814097
8267,1413643
8268,779541
8269,762568
8270,754063
8271,1243720
8272,765348
8273,1141125
8274,803179
8275,767418
8276,1202282
8277,823279
8278,759693
8279,841891
8280,1187760
8281,786897
8282,769833
8283,716016
8284,707768
8285,1245848
8286,720795
8287,1254320
8288,771094
8289,764699
8290,1414288
8291,761721
8292,759132
8293,1175818
8294,811536
8295,1216819
8296,844337
8297,916472
8298,2034752
8299,827893
8300,878294
8301,727202
8302,1290615
8303,1221638
8304,714443
8305,1362152
8306,777351
8307,742320
8308,793109
8309,782126
8310,868967
8311,803464
8312,1629325
8313,1500096
8314,867716
8315,772853
8316,745740
8317,749540
8318,776975
8319,1522211
8320,1293696
8321,1788608
8322,1289359
8323,812845
8324,794695
8325,820928
8326,770763
8327,1920059
8328,27069717
8329,1345076
8330,985019
8331,961231
8332,1791693
8333,1620927
8334,1061930
8335,1765853
8336,1801487
8337,961929
8338,941772
8339,1736872
8340,1057366
8341,1634942
8342,937588
8343,1629981
8344,1606467
8345,938208
8346,1539939
8347,1091861
8348,951484
8349,938914
8350,1660635
8351,958840
8352,1867056
8353,1602613
8354,929199
8355,1590749
8356,964217
8357,945073
8358,1661853
8359,922152
8360,1432809
8361,988014
8362,926167
8363,929029
8364,2150399
8365,1034586
8366,955122
8367,1621691
8368,925473
8369,947885
8370,945944
8371,898475
8372,7542650
8373,1001615
8374,1895726
8375,1078688
8376,889178
8377,1436002
8378,932830
8379,1510840
8380,1424114
8381,869661
8382,874585
8383,871156
8384,941314
8385,1463999
8386,885001
8387,1455701
8388,1336097
8389,861355
8390,883457
8391,872387
8392,883185
8393,1647516
8394,1529853
8395,1390194
8396,870433
8397,884688
8398,879797
8399,873965
8400,885266
8401,15085647
8402,913660
8403,1785386
8404,857170
8405,839408
8406,1545863
8407,932086
8408,1613253
8409,836092
8410,1285344
8411,856221
8412,1421838
8413,817166
8414,1366613
8415,811539
8416,825935
8417,890979
8418,1289247
8419,1360306
8420,893139
8421,1343106
8422,803539
8423,806749
8424,803539
8425,799847
8426,806976
8427,1424321
8428,1366378
8429,983677
8430,1349462
8431,825262
8432,814104
8433,809128
8434,1304457
8435,816377
8436,804489
8437,1572046
8438,928852
8439,829372
8440,819372
8441,810102
8442,810387
8443,1279760
8444,1236591
8445,893239
8446,1509977
8447,801217
8448,813010
8449,813353
8450,1207715
8451,804353
8452,817884
8453,1349826
8454,1378245
8455,794241
8456,869301
8457,815394
8458,821544
8459,1288264
8460,820202
8461,803733
8462,1299013
8463,1397555
8464,790651
8465,815489
8466,804782
8467,883498
8468,1338637
8469,824443
8470,1852297
8471,1369752
8472,792279
8473,812275
8474,805753
8475,1359843
8476,883093
8477,818330
8478,1860996
8479,930590
8480,819145
8481,812544
8482,814422
8483,4693356
8484,1575834
8485,1441582
8486,1026936
8487,1328360
8488,816592
8489,809218
8490,806067
8491,10001669
8492,2021948
8493,811602
8494,1519836
8495,839549
8496,770264
8497,758376
8498,1241688
8499,817145
8500,1390467
8501,772469
8502,940103
8503,1307116
8504,805877
8505,813431
8506,826026
8507,834101
8508,832593
8509,903499
8510,1553542
8511,815704
8512,809818
8513,934941
8514,846514
8515,825930
8516,1438340
8517,1346258
8518,1020951
8519,1518324
8520,817054
8521,838727
8522,880326
8523,1604595
8524,1510695
8525,1598685
8526,969691
8527,879042
8528,897340
8529,882292
8530,1474904
8531,1814700
8532,1037122
8533,936179
8534,1673997
8535,942891
8536,936072
8537,1661333
8538,1714728
8539,1010624
8540,941190
8541,1663130
8542,941805
8543,937947
8544,1665983
8545,1564926
8546,1001773
8547,1067155
8548,1632712
8549,1700325
8550,934585
8551,1524339
8552,979575
8553,928567
8554,925597
8555,2195039
8556,1055169
8557,939117
8558,2445140
8559,929322
8560,943239
8561,923688
8562,1721626
8563,1030782
8564,1473108
8565,919786
8566,938646
8567,938175
8568,1608453
8569,939628
8570,1868708
8571,1983938
8572,1156780
8573,939624
8574,939815
8575,2375267
8576,2087222
8577,1244679
8578,16434503
8579,1143063
8580,1617949
8581,2300092
8582,1257714
8583,1033893
8584,1026945
8585,1685356
8586,1024664
8587,1578028
8588,1185830
8589,1977705
8590,1045354
8591,1537875
8592,1023615
8593,1762036
8594,933275
8595,1808281
8596,1119667
8597,962206
8598,2139693
8599,948580
8600,1636744
8601,1326137
8602,998332
8603,1029596
8604,946365
8605,1528527
8606,949426
8607,1561836
8608,993668
8609,1702113
8610,1573104
8611,950042
8612,932355
8613,1067139
8614,952640
8615,937765
8616,1504582
8617,1476944
8618,994937
8619,3596679
8620,1546483
8621,948092
8622,935234
8623,927506
8624,1500443
8625,6066217
8626,2142791
8627,999145
8628,1692589
8629,1728206
8630,1778360
8631,924432
8632,931363
8633,1069333
8634,1296584
8635,1781837
8636,2069573
8637,938914
8638,1051579
8639,1149618
8640,925093
8641,1645042
8642,1833982
8643,1492091
8644,996196
8645,950711
8646,947344
8647,13327956
8648,1069154
8649,1105768
8650,1788017
8651,902090
8652,887868
8653,876398
8654,1512695
8655,873168
8656,1378079
8657,953333
8658,876179
8659,934180
8660,865195
8661,1377410
8662,885225
8663,1441475
8664,1428625
8665,940967
8666,882710
8667,888479
8668,1578523
8669,876072
8670,865869
8671,1421075
8672,857563
8673,943702
8674,867047
8675,868285
8676,867537
8677,910826
8678,2278897
8679,3887978
8680,1853655
8681,834885
8682,816232
8683,1638614
8684,825923
8685,904093
8686,1329244
8687,1250602
8688,866104
8689,1444338
8690,803427
8691,801664
8692,1384738
8693,895159
8694,1299351
8695,1296600
8696,882702
8697,1358435
8698,815286
8699,810201
8700,1455238
8701,943560
8702,1544962
8703,808747
8704,1324580
8705,873804
8706,811440
8707,1809694
8708,906506
8709,1441682
8710,838533
8711,1440261
8712,938740
8713,1065557
8714,2155141
8715,801287
8716,819599
8717,812986
8718,804770
8719,1517354
8720,827141
8721,1692606
8722,1468221
8723,801226
8724,819487
8725,819136
8726,1333453
8727,821528
8728,894395
8729,1251312
8730,1892831
8731,796525
8732,801229
8733,799231
8734,799640
8735,1309173
8736,828892
8737,11702444
8738,2065198
8739,1008282
8740,851850
8741,827248
8742,824976
8743,1368307
8744,815848
8745,902871
8746,891292
8747,1290371
8748,881198
8749,814882
8750,1267558
8751,811676
8752,1412120
8753,810024
8754,822737
8755,1843275
8756,879847
8757,812056
8758,1299367
8759,1231783
8760,1365783
8761,805021
8762,818624
8763,1413606
8764,1177210
8765,938997
8766,1446548
8767,890925
8768,1354498
8769,820710
8770,819293
8771,1443296
8772,1334155
8773,811403
8774,1418926
8775,796170
8776,815138
8777,4848673
8778,878765
8779,1250461
8780,887319
8781,1461909
8782,851127
8783,1247760
8784,779536
8785,777157
8786,765749
8787,1333824
8788,791635
8789,1950773
8790,878434
8791,773489
8792,780221
8793,780717
8794,758082
8795,1370037
8796,768859
8797,753658
8798,1850757
8799,822725
8800,822039
8801,771581
8802,768884
8803,1307996
8804,762567
8805,791399
8806,1253881
8807,879243
8808,1288860
8809,769623
8810,794947
8811,896754
8812,1393594
8813,1330384
8814,898649
8815,833035
8816,1297525
8817,895770
8818,1001554
8819,2492670
8820,965737
8821,1550389
8822,817909
8823,1188251
8824,888261
8825,811812
8826,1340231
8827,1377068
8828,881078
8829,811367
8830,13219691
8831,1537491
8832,964556
8833,1407894
8834,1396035
8835,830470
8836,896100
8837,814117
8838,827591
8839,1464552
8840,1283733
8841,1396122
8842,807508
8843,823171
8844,824002
8845,826517
8846,1358608
8847,806819
8848,813188
8849,1331549
8850,860255
8851,810251
8852,809755
8853,801668
8854,801122
8855,1278628
8856,884618
8857,1448432
8858,889764
8859,1365448
8860,797103
8861,800226
8862,797500
8863,1289883
8864,810000
8865,1186198
8866,887923
8867,1280722
8868,839995
8869,766219
8870,765195
8871,761073
8872,1325518
8873,1323932
8874,811838
8875,759693
8876,1284105
8877,834188
8878,773051
8879,767660
8880,1776724
8881,806290
8882,766397
8883,757904
8884,766583
8885,1791185
8886,931276
8887,768586
8888,1412367
8889,805641
8890,765236
8891,756067
8892,764364
8893,1519902
8894,767954
8895,766359
8896,1453102
8897,750820
8898,762440
8899,762155
8900,768276
8901,1231490
8902,762270
8903,759808
8904,1528453
8905,823775
8906,1341610
8907,840537
8908,768747
8909,816232
8910,1395742
8911,1418675
8912,901404
8913,808144
8914,1197450
8915,875505
8916,810735
8917,1379579
8918,818388
8919,1377051
8920,790651
8921,809251
8922,1362424
8923,1440430
8924,836236
8925,826496
8926,1328356
8927,791003
8928,803832
8929,1401347
8930,826600
8931,11576081
8932,1091510
8933,1668594
8934,797690
8935,857774
8936,785373
8937,1307195
8938,774232
8939,1467106
8940,1292858
8941,791540
8942,765311
8943,765162
8944,768409
8945,765649
8946,1285282
8947,777661
8948,1176434
8949,5098208
8950,822754
8951,779238
8952,764406
8953,1354375
8954,761981
8955,1332107
8956,771630
8957,764802
8958,1472942
8959,768181
8960,773249
8961,757644
8962,1368802
8963,988208
8964,1312759
8965,764984
8966,1185013
8967,1375221
8968,765302
8969,758376
8970,763642
8971,1210490
8972,840425
8973,1105677
8974,779870
8975,1713610
8976,822515
8977,764876
8978,766992
8979,1253749
8980,841016
8981,1367844
8982,764472
8983,1656033
8984,829127
8985,825216
8986,1696505
8987,1377543
8988,869240
8989,809672
8990,808834
8991,1207578
8992,885410
8993,1278917
8994,900599
8995,1370855
8996,825530
8997,814225
8998,809909
8999,1278132
9000,821441
9001,815997
9002,1989275
9003,886055
9004,825344
9005,817339
9006,813142
9007,1228313
9008,811586
9009,809528
9010,1355952
9011,742547
9012,824196
9013,756872
9014,753902
9015,755984
9016,1219313
9017,763398
9018,1342969
9019,751973
9020,1672266
9021,835774
9022,819714
9023,761444
9024,766872
9025,1255290
9026,765389
9027,1273993
9028,747801
9029,1202275
9030,771602
9031,11338496
9032,839013
9033,1881673
9034,899789
9035,1371380
9036,776397
9037,761502
9038,1413520
9039,1369835
9040,773691
9041,1273088
9042,769921
9043,724509
9044,717569
9045,712774
9046,1106239
9047,709428
9048,1374221
9049,735079
9050,714579
9051,1210841
9052,755658
9053,1121336
9054,715104
9055,1161775
9056,778049
9057,1380389
9058,711453
9059,1179990
9060,747632
9061,817055
9062,709292
9063,703575
9064,1234315
9065,724402
9066,1290722
9067,723386
9068,722051
9069,1314452
9070,796442
9071,721490
9072,718569
9073,725075
9074,1245138
9075,855440
9076,1829562
9077,1403420
9078,872871
9079,791858
9080,774852
9081,1504962
9082,836699
9083,1846803
9084,1516813
9085,787954
9086,815720
9087,811391
9088,1449902
9089,848686
9090,1329124
9091,1424817
9092,881681
9093,812548
9094,816191
9095,876410
9096,867509
9097,888885
9098,1294105
9099,1930580
9100,924353
9101,941454
9102,867092
9103,865122
9104,1419001
9105,867839
9106,868670
9107,1817976
9108,929352
9109,886088
9110,865819
9111,1611886
9112,893506
9113,872131
9114,1530795
9115,1386196
9116,924866
9117,887228
9118,884803
9119,1418237
9120,947332
9121,1479506
9122,840095
9123,1404081
9124,932334
9125,1375936
9126,869699
9127,871375
9128,1298685
9129,921942
9130,867480
9131,15288549
9132,1003186
9133,1737835
9134,901781
9135,967250
9136,892895
9137,882784
9138,1474099
9139,1284960
9140,1515548
9141,873218
9142,879736
9143,884812
9144,953420
9145,1462405
9146,1395176
9147,886406
9148,1480393
9149,856522
9150,879016
9151,878091
9152,1447428
9153,878608
9154,804687
9155,1673113
9156,5007348
9157,1615314
9158,940591
9159,837356
9160,820362
9161,1430830
9162,1411612
9163,2005041
9164,893738
9165,834976
9166,820858
9167,882808
9168,1300305
9169,834465
9170,1470769
9171,793956
9172,1297848
9173,818095
9174,817004
9175,805947
9176,1279330
9177,885729
9178,1345344
9179,1156227
9180,865659
9181,1277426
9182,7116454
9183,1689829
9184,875258
9185,1498568
9186,913065
9187,825142
9188,1367571
9189,765876
9190,842635
9191,785488
9192,1192167
9193,773402
9194,1162890
9195,816191
9196,1228821
9197,837786
9198,776067
9199,767066
9200,757735
9201,1314494
9202,1374635
9203,859678
9204,767996
9205,1255361
9206,807967
9207,1378323
9208,768483
9209,761044
9210,1114017
9211,883102
9212,764901
9213,767475
9214,9418499
9215,1682555
9216,1331875
9217,761771
9218,1313647
9219,730688
9220,735600
9221,1101249
9222,812523
9223,1147722
9224,787616
9225,716983
9226,710709
9227,1221564
9228,694228
9229,720692
9230,719639
9231,1267785
9232,776216
9233,1187653
9234,782741
9235,1258467
9236,717866
9237,705809
9238,713662
9239,707437
9240,708342
9241,711614
9242,1236740
9243,1184604
9244,1096458
9245,1271779
9246,722766
9247,727735
9248,719057
9249,730325
9250,1211511
9251,718470
9252,725426
9253,1229384
9254,882383
9255,1084227
9256,775658
9257,730188
9258,725752
9259,714885
9260,1113716
9261,710758
9262,1208189
9263,1850479
9264,712807
9265,720139
9266,721725
9267,779140
9268,742853
9269,1296848
9270,789706
9271,1376923
9272,853643
9273,1523384
9274,1146413
9275,760506
9276,1269958
9277,829842
9278,1247558
9279,1729272
9280,812064
9281,766112
9282,762919
9283,765327
9284,1347356
9285,771271
9286,773431
9287,1217546
9288,847009
9289,1218425
9290,756637
9291,756988
9292,756571
9293,752629
9294,756719
9295,1250297
9296,767318
9297,852052
9298,1200494
9299,754600
9300,751043
9301,747842
9302,750689
9303,753555
9304,1288380
9305,763435
9306,752006
9307,4679849
9308,885300
9309,788830
9310,1520976
9311,773559
9312,766880
9313,758681
9314,1208669
9315,9727188
9316,1805774
9317,1555000
9318,799656
9319,1380810
9320,1256343
9321,757653
9322,770247
9323,1365563
9324,822812
9325,1209416
9326,769139
9327,961091
9328,1204212
9329,703864
9330,716904
9331,715467
9332,1244910
9333,1262018
9334,804378
9335,720577
9336,724402
9337,1264414
9338,702344
9339,721205
9340,715294
9341,710618
9342,1369401
9343,736541
9344,725368
9345,1315770
9346,720849
9347,722051
9348,715182
9349,710324
9350,854089
9351,1310491
9352,779475
9353,1159568
9354,1476072
9355,844205
9356,777074
9357,778594
9358,772093
9359,772811
9360,1399620
9361,1443636
9362,1003400
9363,792101
9364,1503297
9365,812750
9366,803118
9367,803791
9368,1397927
9369,817554
9370,1449931
9371,1354366
9372,943883
9373,888756
9374,881702
9375,1479055
9376,869190
9377,1530612
9378,942520
9379,2045591
9380,968642
9381,884019
9382,1350864
9383,865770
9384,1473855
9385,862110
9386,882433
9387,1428274
9388,1625356
9389,880049
9390,872994
9391,1446094
9392,858946
9393,1378228
9394,938988
9395,1719950
9396,889814
9397,1317406
9398,1518357
9399,870603
9400,872557
9401,1385973
9402,1393821
9403,947180
9404,957869
9405,1571423
9406,800866
9407,813919
9408,811383
9409,1386370
9410,822416
9411,808008
9412,1332676
9413,1281817
9414,925456
9415,11500947
9416,2029270
9417,976175
9418,1648801
9419,883556
9420,1409042
9421,906811
9422,916915
9423,813783
9424,1438981
9425,820738
9426,899041
9427,816385
9428,1311330
9429,930207
9430,820020
9431,1313077
9432,3741327
9433,846406
9434,808784
9435,809875
9436,804484
9437,1329756
9438,1365676
9439,971710
9440,1353804
9441,809756
9442,821920
9443,1346258
9444,823853
9445,1437308
9446,815183
9447,816062
9448,1654823
9449,789755
9450,778449
9451,765104
9452,786095
9453,769271
9454,772502
9455,1765381
9456,779115
9457,763374
9458,766269
9459,830235
9460,1237504
9461,755236
9462,756682
9463,1331020
9464,739569
9465,763600
9466,751762
9467,752973
9468,762795
9469,1357109
9470,837141
9471,808244
9472,1861244
9473,816509
9474,811268
9475,804522
9476,821585
9477,1383891
9478,1229515
9479,903937
9480,5198250
9481,1025544
9482,1416064
9483,827971
9484,813588
9485,816806
9486,1529432
9487,781965
9488,1245460
9489,902474
9490,809793
9491,814093
9492,812775
9493,1285080
9494,1197360
9495,856529
9496,1098478
9497,1497312
9498,771077
9499,763039
9500,764918
9501,1179717
9502,766798
9503,1216872
9504,814955
9505,1135033
9506,1067358
9507,10094730
9508,875340
9509,792651
9510,2730640
9511,1469663
9512,858926
9513,1346283
9514,788623
9515,764959
9516,828224
9517,1140605
9518,776430
9519,1173348
9520,831313
9521,1202237
9522,835782
9523,760180
9524,757710
9525,750184
9526,1289467
9527,765356
9528,840008
9529,1205211
9530,768024
9531,821911
9532,1310524
9533,762667
9534,764844
9535,1186008
9536,849809
9537,1603216
9538,721812
9539,717916
9540,1165323
9541,854601
9542,712671
9543,1238624
9544,785265
9545,1191089
9546,758718
9547,721340
9548,804699
9549,716690
9550,1226016
9551,723662
9552,719577
9553,1263588
9554,753927
9555,710733
9556,715727
9557,708693
9558,1024276
9559,748314
9560,1336959
9561,785257
9562,1325807
9563,1294828
9564,823416
9565,771729
9566,761015
9567,1174488
9568,770825
9569,1193857
9570,814472
9571,1260545
9572,735166
9573,754034
9574,748524
9575,759354
9576,1291300
9577,765360
9578,1155677
9579,1391050
9580,808371
9581,766306
9582,767454
9583,760597
9584,770106
9585,764154
9586,758107
9587,1257211
9588,742878
9589,809681
9590,1296740
9591,822147
9592,781932
9593,1289978
9594,763592
9595,1312883
9596,751394
9597,1104268
9598,772828
9599,761688
9600,749346
9601,711068
9602,4575465
9603,1442855
9604,781924
9605,734517
9606,9188588
9607,933185
9608,756872
9609,1312747
9610,721382
9611,1633666
9612,722303
9613,1266889
9614,1163567
9615,726566
9616,712092
9617,712626
9618,1247785
9619,736562
9620,1170787
9621,702538
9622,1242093
9623,808632
9624,723563
9625,726330
9626,722539
9627,1181283
9628,719626
9629,715819
9630,1316993
9631,733542
9632,1281098
9633,783088
9634,725649
9635,724278
9636,719350
9637,1225633
9638,735310
9639,1226867
9640,692133
9641,1326224
9642,798367
9643,1192448
9644,852078
9645,724492
9646,1191072
9647,787905
9648,1195814
9649,707040
9650,706363
9651,1173125
9652,785282
9653,732431
9654,726718
9655,1902949
9656,707028
9657,713158
9658,1164013
9659,769165
9660,1137317
9661,710416
9662,763869
9663,1212696
9664,729899
9665,795576
9666,781816
9667,773117
9668,1083244
9669,758718
9670,3714528
9671,1497659
9672,859582
9673,1902839
9674,1150415
9675,752634
9676,1402086
9677,770305
9678,1453673
9679,1279433
9680,771816
9681,760370
9682,811970
9683,766397
9684,756191
9685,1258422
9686,768636
9687,1313387
9688,841404
9689,785975
9690,761580
9691,761077
9692,723207
9693,783555
9694,1038617
9695,728867
9696,715934
9697,1257038
9698,703671
9699,712580
9700,721146
9701,717900
9702,725038
9703,1341417
9704,724327
9705,819847
9706,736838
9707,1751181
9708,753918
9709,750788
9710,10900685
9711,956081
9712,763282
9713,747917
9714,1359859
9715,1854370
9716,840834
9717,766186
9718,762795
9719,756111
9720,1286075
9721,787562
9722,764336
9723,1432611
9724,1298157
9725,761762
9726,837451
9727,763485
9728,1154393
9729,764414
9730,752960
9731,1279532
9732,808950
9733,1187223
9734,840883
9735,775860
9736,769904
9737,826839
9738,1281903
9739,1520171
9740,842639
9741,767302
9742,1196223
9743,808871
9744,1360103
9745,771271
9746,759330
9747,1320525
9748,797512
9749,760623
9750,755823
9751,754559
9752,1426386
9753,1431434
9754,776798
9755,1309161
9756,746277
9757,835464
9758,1291933
9759,770222
9760,1285745
9761,759792
9762,755087
9763,1275720
9764,833113
9765,1237541
9766,764456
9767,2004033
9768,828525
9769,767735
9770,753341
9771,755946
9772,1296282
9773,1250358
9774,808211
9775,768879
9776,761320
9777,1435866
9778,781465
9779,781093
9780,1904289
9781,751176
9782,761160
9783,1215327
9784,824663
9785,1181097
9786,787561
9787,826401
9788,1306373
9789,834361
9790,760605
9791,759189
9792,759036
9793,1372627
9794,750915
9795,823733
9796,750548
9797,1416022
9798,1366914
9799,819128
9800,766653
9801,765042
9802,1231114
9803,803497
9804,1307236
9805,1346997
9806,786942
9807,777764
9808,871784
9809,817629
9810,805232
9811,1282945
9812,827323
9813,1988713
9814,794890
9815,1116661
9816,11241027
9817,915873
9818,943813
9819,1508064
9820,1495503
9821,796373
9822,808587
9823,802775
9824,1325353
9825,831173
9826,824084
9827,1995338
9828,935114
9829,828149
9830,815530
9831,824196
9832,815703
9833,1346142
9834,824589
9835,1313973
9836,895613
9837,1453417
9838,832944
9839,826133
9840,828777
9841,1447808
9842,1266075
9843,790747
9844,809218
9845,1757612
9846,950199
9847,836682
9848,1162179
9849,815947
9850,4852002
9851,981145
9852,863940
9853,1689334
9854,846671
9855,1718021
9856,826265
9857,1428063
9858,866261
9859,805844
9860,807030
9861,1341726
9862,984433
9863,1743821
9864,1476560
9865,893639
9866,881515
9867,867555
9868,860127
9869,1404486
9870,912118
9871,1762986
9872,1514727
9873,938394
9874,932829
9875,924482
9876,927497
9877,1489720
9878,2103844
9879,1107271
9880,929719
9881,939612
9882,1644732
9883,941549
9884,1615566
9885,1586788
9886,1042785
9887,1013326
9888,943387
9889,1546400
9890,944845
9891,1652175
9892,1028774
9893,1744481
9894,953338
9895,1811863
9896,1028572
9897,1635450
9898,1697508
9899,1680660
9900,1112814
9901,1030443
9902,15391795
9903,1944594
9904,1176289
9905,1782676
9906,1145975
9907,1043624
9908,1033495
9909,2445834
9910,1500773
9911,1977486
9912,1033508
9913,1130729
9914,1920282
9915,1178289
9916,1022413
9917,1795084
9918,1676182
9919,1020567
9920,1876399
9921,1117702
9922,1801643
9923,1741020
9924,1204666
9925,1880538
9926,1867373
9927,1666616
9928,1094227
9929,1752185
9930,1031636
9931,1652175
9932,995214
9933,1021644
9934,1720115
9935,1125888
9936,1791007
9937,1009357
9938,1674013
9939,1084467
9940,1018295
9941,1554182
9942,1189809
9943,1744960
9944,1523814
9945,998948
9946,1027680
9947,1675658
9948,1016320
9949,1487090
9950,1630560
9951,923375
9952,958389
9953,956585
9954,955213
9955,966299
9956,1338054
9957,1038597
9958,1976272
9959,929815
9960,929092
9961,934221
9962,1585884
9963,1690519
9964,1599465
9965,1043892
9966,945291
9967,946303
9968,951533
9969,1504313
9970,1377178
9971,1106305
9972,1528226
9973,986572
9974,1440505
9975,1713683
9976,2135826
9977,1193298
9978,16183092
9979,5716933
9980,2444066
9981,1169536
9982,1785283
9983,1949332
9984,1064144
9985,1028035
9986,1643708
9987,5303051
9988,2119449
9989,1104806
9990,1043157
9991,997807
9992,1774585
9993,1693034
9994,2062100
9995,1045991
9996,943788
9997,931565
9998,1613158
9999,1661771
